name,a,b,stable_dev,score,disc_veto,cal_veto,disc_bad_removed,cal_bad_removed,disc_clean_preserved,cal_clean_preserved,disc_delayed_preserved,cal_delayed_preserved,disc_net24_imp,cal_net24_imp,disc_net72_imp,cal_net72_imp
m15_kdj_spread GE Q70(1.90944) OR btc1_di_spread_acc GE Q50(-2.44243),m15_kdj_spread GE Q70(1.90944),btc1_di_spread_acc GE Q50(-2.44243),True,1.5983238673333942,62.35194585448392,62.106918238993714,65.9872611464968,66.3157894736842,39.72746331236897,39.850746268656714,38.340486409155936,41.43356643356643,0.5191097378943629,0.6051504759340918,1.0065078235987737,1.211464429751051
m15_er10_d1 GE Q70(0.055889) OR btc1_di_spread_acc GE Q50(-2.44243),m15_er10_d1 GE Q70(0.055889),btc1_di_spread_acc GE Q50(-2.44243),True,1.5942017838779876,64.21319796954315,63.52201257861635,68.02547770700636,66.84210526315789,37.526205450733755,37.3134328358209,37.05293276108726,39.16083916083916,0.43556761323246507,0.4627758995451165,1.2073461403774894,1.0922323169546917
btc1_di_spread_acc GE Q50(-2.44243) OR pre_dd_from_high_2h GE Q60(-0.585504),btc1_di_spread_acc GE Q50(-2.44243),pre_dd_from_high_2h GE Q60(-0.585504),True,1.5385692760413572,66.96277495769881,64.83228511530397,72.48407643312102,69.86842105263158,36.268343815513624,37.46268656716418,37.48211731044349,41.25874125874126,0.33105774044451125,0.6922836135119284,1.106788816850294,1.2554867999145207
btc1_di_spread_acc GE Q50(-2.44243) OR pre_dd_from_high_4h GE Q70(-0.582829),btc1_di_spread_acc GE Q50(-2.44243),pre_dd_from_high_4h GE Q70(-0.582829),True,1.4755669129228268,63.74788494077834,61.268343815513624,69.42675159235668,65.26315789473685,39.62264150943396,39.850746268656714,39.77110157367668,44.230769230769226,0.3583681350980026,0.4847006495367516,1.0599527205952493,1.0373024962403596
btc1_rsi_d3 GE Q70(2.76449) OR pre_dd_from_high_24h GE Q50(-2.00467),btc1_rsi_d3 GE Q70(2.76449),pre_dd_from_high_24h GE Q50(-2.00467),True,1.4469457579461562,63.95939086294417,60.74423480083857,68.40764331210191,66.1842105263158,35.63941299790356,43.582089552238806,44.77825464949928,41.08391608391608,0.3541286589565465,0.3445387567690974,1.013441952193904,1.1431700570091676
m15_ppo_hist_d3 GE Q50(-0.0211379) OR btc1_bb_pctb_d3 GE Q80(0.157098),m15_ppo_hist_d3 GE Q50(-0.0211379),btc1_bb_pctb_d3 GE Q80(0.157098),True,1.4149429299076297,60.40609137055838,60.84905660377359,63.43949044585987,63.026315789473685,41.090146750524106,39.55223880597015,42.77539341917024,39.68531468531469,0.2764132785239793,0.31713528584122275,1.1733491574248323,1.0949844676696485
m15_adx_acc GE Q70(0.476858) OR pre_range_4h LE Q50(2.42148),m15_adx_acc GE Q70(0.476858),pre_range_4h LE Q50(2.42148),True,1.3927361428268892,64.93231810490694,63.102725366876314,69.80891719745223,67.76315789473685,35.9538784067086,38.2089552238806,44.92131616595136,43.18181818181818,0.23631666353402875,0.2458505681967253,1.5181260553579135,1.0632108287356496
m15_er10_d1 GE Q70(0.055889) OR pre_range_4h LE Q50(2.42148),m15_er10_d1 GE Q70(0.055889),pre_range_4h LE Q50(2.42148),True,1.3459847474609234,64.21319796954315,61.111111111111114,68.15286624203821,65.0,36.79245283018868,41.492537313432834,43.63376251788269,44.05594405594406,0.3315579477025595,0.40509313724237866,1.2075289431576923,0.9366490219805862
m15_ppo_hist_d3 GE Q50(-0.0211379) OR btc1_stoch_k_d1 GE Q70(1.25682),m15_ppo_hist_d3 GE Q50(-0.0211379),btc1_stoch_k_d1 GE Q70(1.25682),True,1.2865844389053374,64.08629441624365,62.893081761006286,66.36942675159236,65.26315789473685,36.16352201257861,37.61194029850746,39.19885550786839,39.51048951048951,0.10839684767847185,0.33408001505041274,1.1325249445198913,1.1887033077163867
m15_kdj_spread GE Q80(3.88) OR btc1_di_spread_acc GE Q50(-2.44243),m15_kdj_spread GE Q80(3.88),btc1_di_spread_acc GE Q50(-2.44243),True,1.2741586766402853,57.65651438240271,57.38993710691824,60.25477707006369,61.71052631578947,43.920335429769395,44.32835820895523,43.204577968526465,46.67832167832168,0.43261367793028804,0.47372196853982285,0.7895797449567777,0.9511883521025896
m15_chop14 GE Q60(55.1317) OR btc1_stoch_k_d1 GE Q70(1.25682),m15_chop14 GE Q60(55.1317),btc1_stoch_k_d1 GE Q70(1.25682),True,1.2491501148057371,58.333333333333336,58.123689727463315,60.12738853503185,62.23684210526316,40.670859538784065,42.53731343283582,45.92274678111588,46.32867132867133,0.2843260247733844,0.2784848349688444,0.9688516794083152,0.9347841758029225
m15_kdj_spread GE Q70(1.90944) OR pre_range_4h LE Q50(2.42148),m15_kdj_spread GE Q70(1.90944),pre_range_4h LE Q50(2.42148),True,1.248125560842006,65.27072758037224,62.21174004192872,70.70063694267516,65.65789473684211,36.16352201257861,40.14925373134328,44.63519313304721,44.05594405594406,0.33630314787629906,0.18174003115735893,1.3924257855863758,0.9974624357863796
m15_ppo_hist_d3 GE Q50(-0.0211379) OR btc1_stoch_spread_d1 GE Q70(-1.83159),m15_ppo_hist_d3 GE Q50(-0.0211379),btc1_stoch_spread_d1 GE Q70(-1.83159),True,1.2470782603408175,63.3248730964467,61.897274633123686,65.73248407643312,63.81578947368421,38.36477987421384,39.25373134328358,38.197424892703864,39.33566433566433,0.3160587448596047,0.37031087554133085,0.8926492186700022,1.1173484123433763
m15_chop14 GE Q60(55.1317) OR btc1_stoch_spread_d1 GE Q70(-1.83159),m15_chop14 GE Q60(55.1317),btc1_stoch_spread_d1 GE Q70(-1.83159),True,1.245380195956696,57.868020304568525,57.96645702306079,59.23566878980891,62.10526315789474,42.0335429769392,43.73134328358209,43.490701001430615,44.93006993006993,0.43432864460528814,0.43336829530014204,0.7846589309517461,0.9261857211758132
m15_er10_d1 GE Q80(0.107262) OR pre_range_4h LE Q50(2.42148),m15_er10_d1 GE Q80(0.107262),pre_range_4h LE Q50(2.42148),True,1.2396528778659823,59.56006768189509,57.023060796645694,64.5859872611465,60.78947368421053,41.719077568134175,46.11940298507463,50.07153075822603,47.9020979020979,0.4634236736952388,0.32451654854351564,1.1839880866955195,0.8398080715711701
m15_adx_d3 LE Q30(-2.25983) OR m15_er10_d1 GE Q60(0.00984256),m15_adx_d3 LE Q30(-2.25983),m15_er10_d1 GE Q60(0.00984256),True,1.227578486708054,59.60236886632826,58.01886792452831,60.63694267515923,60.39473684210527,41.19496855345912,42.38805970149254,39.05579399141631,45.10489510489511,0.31078630092801224,0.39822727610077197,0.9169057192015649,0.8961007096034223
btc1_stoch_spread_d1 GE Q70(-1.83159) OR pre_range_4h LE Q50(2.42148),btc1_stoch_spread_d1 GE Q70(-1.83159),pre_range_4h LE Q50(2.42148),True,1.223304358093734,65.65143824027074,61.058700209643604,69.55414012738854,64.86842105263158,35.22012578616352,41.7910447761194,42.91845493562232,44.93006993006993,0.5089099084474046,0.2556637761936463,1.369825778241514,0.8914461650403281
h4_chop14 GE Q80(58.1804) OR btc1_di_spread_acc GE Q50(-2.44243),h4_chop14 GE Q80(58.1804),btc1_di_spread_acc GE Q50(-2.44243),True,1.2173969150209656,58.967851099830796,58.123689727463315,62.67515923566879,60.78947368421053,42.662473794549264,41.04477611940299,43.204577968526465,48.42657342657343,0.3365967342457785,0.30053901299501173,0.8635422228910096,0.9500598657994985
m15_kdj_spread GE Q70(1.90944) OR m15_chop14 GE Q60(55.1317),m15_kdj_spread GE Q70(1.90944),m15_chop14 GE Q60(55.1317),True,1.1997921490098307,56.64128595600677,57.59958071278825,61.146496815286625,60.78947368421053,45.073375262054505,43.73134328358209,46.20886981402003,44.230769230769226,0.3282469716050923,0.5082601713506305,0.8304745313336278,0.807747317976293
m15_kdj_spread GE Q70(1.90944) OR pre_dd_from_high_24h GE Q50(-2.00467),m15_kdj_spread GE Q70(1.90944),pre_dd_from_high_24h GE Q50(-2.00467),True,1.1945561723487788,64.00169204737732,60.27253668763103,68.6624203821656,64.73684210526316,37.10691823899371,42.53731343283582,42.34620886981402,44.230769230769226,0.2670238706163969,0.3149285855458829,0.8855035226835265,0.8382461933797393
m15_ppo_hist_d3 GE Q80(0.0158154) OR pre_range_4h LE Q50(2.42148),m15_ppo_hist_d3 GE Q80(0.0158154),pre_range_4h LE Q50(2.42148),True,1.1824493779807959,62.30964467005076,58.17610062893082,67.89808917197452,61.578947368421055,39.83228511530398,44.62686567164179,46.638054363376256,48.42657342657343,0.3404293599923409,0.24929777941502823,1.3711096781766559,0.8650946637759628
m15_kdj_spread GE Q70(1.90944) OR btc1_stoch_k_d1 GE Q70(1.25682),m15_kdj_spread GE Q70(1.90944),btc1_stoch_k_d1 GE Q70(1.25682),True,1.1747112598535645,50.97292724196277,52.41090146750524,53.503184713375795,56.84210526315789,49.895178197064986,50.29850746268657,50.92989985693849,49.82517482517482,0.2778313947485597,0.27462282597609,0.8494832844492141,1.087921629238798
m15_kdj_spread GE Q70(1.90944) OR h4_donch_pos_d3 LE Q30(0.0363804),m15_kdj_spread GE Q70(1.90944),h4_donch_pos_d3 LE Q30(0.0363804),True,1.1725231366019482,50.676818950930624,50.786163522012586,54.394904458598724,56.71052631578948,51.257861635220124,55.970149253731336,49.35622317596567,47.72727272727273,0.26720692602272694,0.45295170681837477,0.8374166694445729,0.8309545004258593
m15_chop14 GE Q60(55.1317) OR m15_adx_acc GE Q60(0.326347),m15_chop14 GE Q60(55.1317),m15_adx_acc GE Q60(0.326347),True,1.1654721117231388,62.182741116751274,62.893081761006286,63.43949044585987,68.42105263157895,37.735849056603776,37.61194029850746,40.486409155937054,40.38461538461539,0.2734530423985368,0.3588030296081607,0.8668840827424301,1.1636188386888082
m15_adx_acc GE Q80(0.667864) OR btc1_di_spread_acc GE Q50(-2.44243),m15_adx_acc GE Q80(0.667864),btc1_di_spread_acc GE Q50(-2.44243),True,1.157972596540773,58.75634517766497,59.59119496855346,61.78343949044586,62.36842105263158,41.92872117400419,39.850746268656714,44.20600858369099,45.10489510489511,0.25666302215628284,0.31548966038171217,0.8457650527029278,1.2265958221003324
btc4_bb_width LE Q50(0.05643) OR pre_dd_from_high_4h GE Q70(-0.582829),btc4_bb_width LE Q50(0.05643),pre_dd_from_high_4h GE Q70(-0.582829),True,1.1561440444325624,62.098138747884946,64.67505241090147,67.26114649681529,69.47368421052632,40.88050314465409,40.298507462686565,43.776824034334766,37.23776223776224,0.2421198673844323,0.38272067571486607,0.8180515410556332,1.0163537678720043
m15_ppo_hist_d3 GE Q60(-0.00980363) OR btc1_bb_pctb_d3 GE Q80(0.157098),m15_ppo_hist_d3 GE Q60(-0.00980363),btc1_bb_pctb_d3 GE Q80(0.157098),True,1.1522379732501071,52.62267343485617,53.9832285115304,55.28662420382165,56.97368421052632,48.63731656184486,48.059701492537314,49.92846924177397,44.230769230769226,0.24076059372291414,0.21337459654320845,0.9431918739988913,0.8855843613275891
m15_tsi_d3 GE Q90(1.98347) OR btc1_di_spread_acc GE Q50(-2.44243),m15_tsi_d3 GE Q90(1.98347),btc1_di_spread_acc GE Q50(-2.44243),True,1.148596122196937,55.287648054145514,54.45492662473794,57.961783439490446,58.684210526315795,46.12159329140461,46.71641791044776,45.493562231759654,50.0,0.3680822212715829,0.3727416474923766,0.7270311932184553,0.9997997734988369
m15_kdj_spread GE Q80(3.88) OR btc4_bb_width LE Q50(0.05643),m15_kdj_spread GE Q80(3.88),btc4_bb_width LE Q50(0.05643),True,1.1449971824509955,59.64467005076142,63.52201257861635,63.566878980891715,68.42105263157895,42.34800838574424,40.59701492537313,45.20743919885551,39.16083916083916,0.31796669391539467,0.2313471425450242,0.8352058613033652,0.9332874544310784
m15_er10_d1 GE Q80(0.107262) OR btc1_di_spread_acc GE Q50(-2.44243),m15_er10_d1 GE Q80(0.107262),btc1_di_spread_acc GE Q50(-2.44243),True,1.1419830582649564,59.01015228426396,59.486373165618446,62.802547770700635,63.026315789473685,42.45283018867924,42.08955223880597,42.91845493562232,42.65734265734265,0.3209612541756052,0.46427993762791714,0.7502229516122464,0.9741245306923941
m15_chop14 GE Q60(55.1317) OR btc1_bb_pctb_d3 GE Q80(0.157098),m15_chop14 GE Q60(55.1317),btc1_bb_pctb_d3 GE Q80(0.157098),True,1.1409127357712372,52.07275803722504,55.55555555555556,54.267515923566876,58.81578947368421,47.693920335429766,44.776119402985074,51.931330472103,47.37762237762238,0.34401893124910754,0.29854867016079767,0.7984689078836028,0.9553156846706636
h4_donch_pos_d3 LE Q30(0.0363804) OR btc1_di_spread_acc GE Q50(-2.44243),h4_donch_pos_d3 LE Q30(0.0363804),btc1_di_spread_acc GE Q50(-2.44243),True,1.1403843378116845,65.52453468697124,64.8846960167715,68.02547770700636,70.26315789473684,35.0104821802935,39.850746268656714,36.05150214592275,37.06293706293706,0.21324433954526517,0.8432418193216714,0.877121137865717,1.2357101749172676
m15_adx_acc GE Q60(0.326347) OR btc1_stoch_k_d1 GE Q70(1.25682),m15_adx_acc GE Q60(0.326347),btc1_stoch_k_d1 GE Q70(1.25682),True,1.1328362836239771,57.40270727580372,57.38993710691824,58.089171974522294,62.36842105263158,41.40461215932914,42.38805970149254,45.779685264663804,46.85314685314685,0.14660763041990088,0.27661291928978926,0.9724993592297048,1.0020416167853705
h4_chop14 GE Q50(50.0109) OR btc4_donch_pos LE Q10(0.241459),h4_chop14 GE Q50(50.0109),btc4_donch_pos LE Q10(0.241459),True,1.1271162130447783,56.38747884940778,60.691823899371066,59.23566878980891,63.026315789473685,42.662473794549264,36.11940298507463,47.4964234620887,47.9020979020979,0.23548174280649659,0.1499311498029936,0.995968650629658,0.9304952254397324
m15_ema20_50_spread_d1 GE Q90(0.0565935) OR btc4_bb_width LE Q50(0.05643),m15_ema20_50_spread_d1 GE Q90(0.0565935),btc4_bb_width LE Q50(0.05643),True,1.1207193320996292,55.922165820642974,61.94968553459119,60.25477707006369,66.71052631578948,46.22641509433962,42.38805970149254,48.783977110157366,40.03496503496503,0.3099404817110818,0.2866544053879793,0.8036440090210594,0.7474127017232355
m15_ppo_hist_d3 GE Q80(0.0158154) OR h4_chop14 GE Q50(50.0109),m15_ppo_hist_d3 GE Q80(0.0158154),h4_chop14 GE Q50(50.0109),True,1.118010895479559,60.70219966159053,59.696016771488466,62.802547770700635,62.76315789473684,39.20335429769392,40.298507462686565,40.915593705293276,44.40559440559441,0.19207152452064677,0.2778351209184759,0.8839324087767101,1.0015056100921031
m15_er10_d1 GE Q80(0.107262) OR btc4_bb_width LE Q50(0.05643),m15_er10_d1 GE Q80(0.107262),btc4_bb_width LE Q50(0.05643),True,1.1062111093923586,59.263959390862944,62.57861635220125,63.94904458598726,67.23684210526316,42.76729559748428,42.68656716417911,46.065808297567955,36.53846153846153,0.31799659764713967,0.4755938669168133,0.6950499966839806,0.785729291378194
m15_adx_acc GE Q80(0.667864) OR pre_range_4h LE Q50(2.42148),m15_adx_acc GE Q80(0.667864),pre_range_4h LE Q50(2.42148),True,1.103211924003259,59.729272419627755,57.59958071278825,64.45859872611464,61.31578947368421,40.56603773584906,43.134328358208954,51.359084406294706,49.65034965034965,0.21948140619056378,0.14822479356028562,1.3253099129949346,0.8806629552250542
h4_chop14 GE Q50(50.0109) OR btc1_bb_pctb_d3 GE Q80(0.157098),h4_chop14 GE Q50(50.0109),btc1_bb_pctb_d3 GE Q80(0.157098),True,1.100923212558275,60.06768189509306,59.64360587002096,61.52866242038216,63.55263157894737,38.78406708595388,41.64179104477612,44.06294706723891,44.230769230769226,0.23795632048298326,0.16983046352054232,0.9018731385319508,1.3027713291107068
m15_chop14_acc LE Q10(-4.08654) OR btc4_bb_width LE Q50(0.05643),m15_chop14_acc LE Q10(-4.08654),btc4_bb_width LE Q50(0.05643),True,1.0948507725620276,54.483925549915405,59.0146750524109,59.49044585987261,64.07894736842105,48.0083857442348,45.67164179104478,51.21602288984263,42.13286713286713,0.28994486020870874,0.35526276371626153,0.7047755061541746,1.0172893000666887
btc1_bb_pctb_d3 GE Q90(0.254743) OR pre_range_4h LE Q50(2.42148),btc1_bb_pctb_d3 GE Q90(0.254743),pre_range_4h LE Q50(2.42148),True,1.0926505791825185,55.922165820642974,53.77358490566038,60.12738853503185,57.763157894736835,44.44444444444444,49.25373134328358,56.36623748211731,52.972027972027966,0.29536085179492655,0.13544429293812887,1.1489381304245132,0.8774148264628603
m15_chop14 GE Q60(55.1317) OR m15_ppo_hist_d3 GE Q60(-0.00980363),m15_chop14 GE Q60(55.1317),m15_ppo_hist_d3 GE Q60(-0.00980363),True,1.0878487766039966,60.575296108291035,60.0104821802935,64.5859872611465,61.8421052631579,41.299790356394126,40.298507462686565,41.77396280400572,41.43356643356643,0.21710821903225397,0.38543591044164377,1.1063539715302002,0.8341080959144547
m15_chop14 GE Q60(55.1317) OR btc1_rsi_d3 GE Q70(2.76449),m15_chop14 GE Q60(55.1317),btc1_rsi_d3 GE Q70(2.76449),True,1.0870705344003704,58.84094754653131,62.94549266247379,59.23566878980891,67.23684210526316,39.72746331236897,37.014925373134325,44.77825464949928,40.73426573426573,0.2512903816088348,0.2314254003901497,0.8477507091446689,0.9320163524456655
m15_er10_d1 GE Q80(0.107262) OR h4_chop14 GE Q50(50.0109),m15_er10_d1 GE Q80(0.107262),h4_chop14 GE Q50(50.0109),True,1.0829320587529732,60.06768189509306,57.96645702306079,62.1656050955414,60.65789473684211,39.308176100628934,42.38805970149254,42.34620886981402,45.629370629370634,0.25515446506993167,0.2623814161596379,0.7858191296740747,0.9529790785199583
btc1_bb_pctb_d3 GE Q80(0.157098) OR pre_dd_from_high_2h GE Q60(-0.585504),btc1_bb_pctb_d3 GE Q80(0.157098),pre_dd_from_high_2h GE Q60(-0.585504),True,1.0794147392828366,51.776649746192895,50.10482180293501,55.4140127388535,53.68421052631579,50.314465408805034,53.58208955223881,54.64949928469242,52.7972027972028,0.29659414917372584,0.28359825676614175,0.7374328896664609,0.7242287080490792
h4_macd_hist GE Q80(0.00320368) OR btc4_bb_width LE Q50(0.05643),h4_macd_hist GE Q80(0.00320368),btc4_bb_width LE Q50(0.05643),True,1.0763692293075042,61.12521150592216,61.058700209643604,65.60509554140127,66.71052631578948,40.88050314465409,44.32835820895523,45.493562231759654,39.51048951048951,0.16982451753094624,0.33890540719577583,0.8169470310669759,0.9262808061205853
btc1_bb_pctb_d3 GE Q80(0.157098) OR pre_range_4h LE Q50(2.42148),btc1_bb_pctb_d3 GE Q80(0.157098),pre_range_4h LE Q50(2.42148),True,1.0720221240768952,60.913705583756354,60.79664570230609,64.84076433121018,64.21052631578948,39.62264150943396,41.7910447761194,50.35765379113018,43.35664335664335,0.5486001637987117,0.0868264897418618,1.3592495525923618,0.9169180220653655
h4_macd_hist GE Q80(0.00320368) OR btc1_di_spread_acc GE Q50(-2.44243),h4_macd_hist GE Q80(0.00320368),btc1_di_spread_acc GE Q50(-2.44243),True,1.071509410253369,59.729272419627755,56.91823899371069,62.92993630573248,60.526315789473685,41.61425576519916,44.02985074626866,42.91845493562232,46.67832167832168,0.2561756978052301,0.33544006327119075,0.7513204347260446,0.7878234913663117
btc1_bb_pctb_d3 GE Q80(0.157098) OR pre_dd_from_high_24h GE Q50(-2.00467),btc1_bb_pctb_d3 GE Q80(0.157098),pre_dd_from_high_24h GE Q50(-2.00467),True,1.0686080396301232,60.70219966159053,56.289308176100626,65.73248407643312,60.65789473684211,38.9937106918239,46.865671641791046,49.49928469241774,46.50349650349651,0.3788523112132015,0.13094207182905826,1.07477405622285,0.8502942365862353
m15_ppo_hist_d3 GE Q50(-0.0211379) OR h4_donch_pos_d3 LE Q30(0.0363804),m15_ppo_hist_d3 GE Q50(-0.0211379),h4_donch_pos_d3 LE Q30(0.0363804),True,1.0645115392812483,63.28257191201354,62.63102725366876,66.87898089171973,67.36842105263158,38.05031446540881,41.343283582089555,39.77110157367668,37.76223776223776,0.07394979088980708,0.5154318292079066,1.1722329987885969,0.9186335687973173
m15_adx_d3 LE Q30(-2.25983) OR h4_chop14 GE Q50(50.0109),m15_adx_d3 LE Q30(-2.25983),h4_chop14 GE Q50(50.0109),True,1.0557424449895936,64.84771573604061,62.735849056603776,66.62420382165605,65.0,35.63941299790356,35.373134328358205,36.48068669527897,43.35664335664335,0.18211268467585506,0.2673416976046633,1.0974525541534672,0.8380999986014298
m15_adx_acc GE Q60(0.326347) OR pre_dd_from_high_2h GE Q60(-0.585504),m15_adx_acc GE Q60(0.326347),pre_dd_from_high_2h GE Q60(-0.585504),True,1.0541949544916083,61.46362098138748,58.700209643605874,64.20382165605095,62.76315789473684,40.041928721174,41.7910447761194,43.34763948497854,44.93006993006993,0.2519030620731372,0.27172174474549377,0.9155240008228741,0.7474878789252017
m15_ppo_hist_d3 GE Q80(0.0158154) OR btc4_bb_width LE Q50(0.05643),m15_ppo_hist_d3 GE Q80(0.0158154),btc4_bb_width LE Q50(0.05643),True,1.0488849140632213,60.74450084602368,64.25576519916143,65.09554140127388,68.02631578947368,41.61425576519916,39.1044776119403,43.204577968526465,37.41258741258741,0.22227587633543489,0.245991723868006,0.7511980259215413,0.9163576266807193
m15_adx_acc GE Q60(0.326347) OR h4_donch_pos_d3 LE Q30(0.0363804),m15_adx_acc GE Q60(0.326347),h4_donch_pos_d3 LE Q30(0.0363804),True,1.0410688223996003,60.15228426395939,63.731656184486376,61.146496815286625,69.73684210526315,38.36477987421384,39.850746268656714,42.63233190271817,37.23776223776224,0.1448826520447411,0.5431343196233133,0.8763019193283145,1.0485130125770068
m15_adx_acc GE Q60(0.326347) OR btc4_donch_pos LE Q10(0.241459),m15_adx_acc GE Q60(0.326347),btc4_donch_pos LE Q10(0.241459),True,1.0390810532256896,46.86971235194585,55.60796645702306,49.42675159235669,60.65789473684211,53.459119496855344,42.68656716417911,55.65092989985694,50.87412587412587,0.1994513278179263,0.17680466255623706,0.8919908426000415,0.8111356058612357
h4_macd_hist GE Q80(0.00320368) OR h4_chop14 GE Q50(50.0109),h4_macd_hist GE Q80(0.00320368),h4_chop14 GE Q50(50.0109),True,1.0336689792980633,60.32148900169205,55.55555555555556,63.05732484076433,59.86842105263158,39.41299790356394,44.62686567164179,43.06151645207439,48.77622377622377,0.08268328863029087,0.16158804148302275,0.8962689738863269,1.229201143863756
m15_adx_d3 LE Q30(-2.25983) OR m15_er10_d1 GE Q70(0.055889),m15_adx_d3 LE Q30(-2.25983),m15_er10_d1 GE Q70(0.055889),True,1.02844087762248,52.199661590524535,50.41928721174004,53.12101910828025,53.1578947368421,48.532494758909856,49.701492537313435,46.065808297567955,52.44755244755245,0.2715939951677351,0.4156742135082446,0.7384197320996305,0.7510824554624794
m15_roc4 GE Q50(0.234584) OR btc4_donch_pos LE Q10(0.241459),m15_roc4 GE Q50(0.234584),btc4_donch_pos LE Q10(0.241459),True,1.0280103263763116,55.203045685279186,59.958071278826,58.59872611464968,63.81578947368421,45.38784067085954,39.1044776119403,44.77825464949928,41.25874125874126,0.25747667356195936,0.3353932818541733,0.7026200442269425,0.8147239599869553
m15_close_ret4 GE Q50(0.234584) OR btc4_donch_pos LE Q10(0.241459),m15_close_ret4 GE Q50(0.234584),btc4_donch_pos LE Q10(0.241459),True,1.0280103263763116,55.203045685279186,59.958071278826,58.59872611464968,63.81578947368421,45.38784067085954,39.1044776119403,44.77825464949928,41.25874125874126,0.25747667356195936,0.3353932818541733,0.7026200442269425,0.8147239599869553
m15_kdj_spread GE Q70(1.90944) OR btc1_bb_pctb_d3 GE Q80(0.157098),m15_kdj_spread GE Q70(1.90944),btc1_bb_pctb_d3 GE Q80(0.157098),True,1.024123628927805,44.585448392554994,47.903563941299794,48.28025477707006,51.18421052631579,57.65199161425576,55.223880597014926,57.36766809728183,50.52447552447552,0.4213430069561624,0.19893609090307496,0.7595746063244103,0.8572590701931573
m15_kdj_spread GE Q70(1.90944) OR btc4_donch_pos LE Q10(0.241459),m15_kdj_spread GE Q70(1.90944),btc4_donch_pos LE Q10(0.241459),True,1.024058203172454,36.71742808798646,42.55765199161425,41.27388535031847,46.31578947368421,66.0377358490566,60.447761194029844,64.37768240343348,59.44055944055944,0.37250603507415114,0.31419040366997675,0.6478983250064309,0.6347050498610781
m15_chop14_acc LE Q10(-4.08654) OR btc1_di_spread_acc GE Q50(-2.44243),m15_chop14_acc LE Q10(-4.08654),btc1_di_spread_acc GE Q50(-2.44243),True,1.0202744732869538,53.8917089678511,53.35429769392034,56.81528662420382,56.97368421052632,47.79874213836478,47.3134328358209,47.92560801144492,50.6993006993007,0.26305936572053273,0.39863500570792737,0.6987435544393666,1.0096464677636745
m15_kdj_spread GE Q70(1.90944) OR m15_adx_acc GE Q60(0.326347),m15_kdj_spread GE Q70(1.90944),m15_adx_acc GE Q60(0.326347),True,1.0157427189622363,56.47208121827412,57.861635220125784,58.216560509554135,62.23684210526316,44.12997903563941,41.492537313432834,45.35050071530758,46.50349650349651,0.19530258640100204,0.23237395639560132,0.8362547396633045,0.7855505467356341
m15_adx_acc GE Q80(0.667864) OR btc4_bb_width LE Q50(0.05643),m15_adx_acc GE Q80(0.667864),btc4_bb_width LE Q50(0.05643),True,1.0138954932848565,59.64467005076142,63.259958071278824,62.54777070063694,67.89473684210526,40.88050314465409,39.25373134328358,47.21030042918455,40.03496503496503,0.15559064576411757,0.3894433728402664,0.8002428345232285,0.9377222852680814
m15_kdj_j GE Q90(76.5194) OR btc4_bb_width LE Q50(0.05643),m15_kdj_j GE Q90(76.5194),btc4_bb_width LE Q50(0.05643),True,1.011137592442171,54.441624365482234,60.0104821802935,59.10828025477707,65.52631578947368,48.0083857442348,45.67164179104478,50.92989985693849,41.60839160839161,0.24745049539460118,0.3954208296617849,0.6703539792616732,0.9348962757747863
m15_ema20_50_spread_d1 GE Q90(0.0565935) OR btc1_di_spread_acc GE Q50(-2.44243),m15_ema20_50_spread_d1 GE Q90(0.0565935),btc1_di_spread_acc GE Q50(-2.44243),True,1.0109186591716366,55.11844331641286,55.39832285115304,56.68789808917197,59.210526315789465,46.64570230607967,45.52238805970149,44.20600858369099,48.25174825174825,0.339504502457211,0.26590284550968224,0.713626718206772,1.001191254610866
m15_ppo_hist_d3 GE Q50(-0.0211379) OR btc4_donch_pos LE Q10(0.241459),m15_ppo_hist_d3 GE Q50(-0.0211379),btc4_donch_pos LE Q10(0.241459),True,1.0041170929339156,54.90693739424704,57.91404612159329,59.617834394904456,60.39473684210527,47.27463312368973,42.68656716417911,48.927038626609445,45.45454545454545,0.22841752405219395,0.41493485863370555,1.0596965521252995,0.726085754471482
m15_chop14 GE Q60(55.1317) OR pre_range_4h LE Q50(2.42148),m15_chop14 GE Q60(55.1317),pre_range_4h LE Q50(2.42148),True,1.0016499801301901,63.70558375634518,59.80083857442347,66.7515923566879,62.5,36.477987421383645,41.492537313432834,45.20743919885551,44.93006993006993,0.2412539819410477,0.26756946606386395,0.935723155185462,0.706412769677612
m15_adx_d3 LE Q30(-2.25983) OR m15_ppo_hist_d3 GE Q60(-0.00980363),m15_adx_d3 LE Q30(-2.25983),m15_ppo_hist_d3 GE Q60(-0.00980363),True,0.9972179585757827,61.33671742808799,57.33752620545073,62.29299363057324,59.473684210526315,40.041928721174,42.38805970149254,38.340486409155936,46.67832167832168,0.15988634630050286,0.34947193172377977,0.9717259474988539,0.8182060882255746
m15_er10_d3 GE Q90(0.216841) OR btc1_di_spread_acc GE Q50(-2.44243),m15_er10_d3 GE Q90(0.216841),btc1_di_spread_acc GE Q50(-2.44243),True,0.9959170498064703,54.483925549915405,54.55974842767296,57.324840764331206,58.15789473684211,47.16981132075472,46.26865671641791,47.21030042918455,49.47552447552447,0.3040141931909111,0.4044016592454019,0.6350845523272431,0.8025819798899536
btc1_donch_pos_d3 GE Q90(0.212789) OR pre_dd_from_high_24h GE Q50(-2.00467),btc1_donch_pos_d3 GE Q90(0.212789),pre_dd_from_high_24h GE Q50(-2.00467),True,0.9955072534338453,55.414551607445006,51.0482180293501,59.87261146496815,55.13157894736842,43.50104821802935,51.34328358208955,55.22174535050072,53.32167832167832,0.17056116168797059,0.1484760528017247,0.7653639822717543,0.7934649933125182
h4_chop14 GE Q80(58.1804) OR btc1_stoch_k_d1 GE Q70(1.25682),h4_chop14 GE Q80(58.1804),btc1_stoch_k_d1 GE Q70(1.25682),True,0.9954224761631298,43.65482233502538,43.9727463312369,47.261146496815286,47.89473684210526,55.9748427672956,57.3134328358209,61.37339055793991,61.36363636363637,0.10493722461204252,0.20052414354921677,0.8183587683152892,0.8973130749311102
m15_ppo_hist_d3 GE Q80(0.0158154) OR btc1_di_spread_acc GE Q50(-2.44243),m15_ppo_hist_d3 GE Q80(0.0158154),btc1_di_spread_acc GE Q50(-2.44243),True,0.9926612406197464,59.01015228426396,56.81341719077568,60.63694267515923,60.39473684210527,41.82389937106918,44.776119402985074,40.915593705293276,46.32867132867133,0.2384215491831193,0.4334535538417075,0.7217038836187216,0.9764514635945187
m15_ema20_50_spread_d1 GE Q90(0.0565935) OR pre_range_4h LE Q50(2.42148),m15_ema20_50_spread_d1 GE Q90(0.0565935),pre_range_4h LE Q50(2.42148),True,0.9880982095097847,59.179357021996616,57.33752620545073,63.82165605095541,61.18421052631579,42.45283018867924,46.11940298507463,50.07153075822603,48.77622377622377,0.3655920318630999,0.13900222388828087,1.2120514687531925,0.7721622992042027
m15_adx_acc GE Q60(0.326347) OR btc1_rsi_d3 GE Q70(2.76449),m15_adx_acc GE Q60(0.326347),btc1_rsi_d3 GE Q70(2.76449),True,0.9860004792659881,55.11844331641286,59.17190775681341,55.92356687898089,62.5,44.23480083857442,40.14925373134328,47.4964234620887,43.18181818181818,0.19909022125043663,0.2570438955900621,0.7708077867641908,0.7760789536450515
btc4_cmo_acc GE Q80(25.2725) OR pre_range_4h LE Q50(2.42148),btc4_cmo_acc GE Q80(25.2725),pre_range_4h LE Q50(2.42148),True,0.9850098204127411,60.70219966159053,54.664570230607964,65.9872611464968,59.3421052631579,41.92872117400419,47.16417910447761,48.497854077253216,54.54545454545454,0.26280642575853835,0.16689858898285348,1.1063255982655544,0.7245605307788889
m15_kdj_spread GE Q80(3.88) OR h4_chop14 GE Q50(50.0109),m15_kdj_spread GE Q80(3.88),h4_chop14 GE Q50(50.0109),True,0.9836589412378683,60.15228426395939,58.17610062893082,61.65605095541401,61.05263157894737,39.72746331236897,41.64179104477612,42.34620886981402,45.97902097902098,0.23337615859633376,0.1797116624484314,0.7738719449603445,0.9205388387464056
m15_tsi_d3 GE Q90(1.98347) OR btc4_bb_width LE Q50(0.05643),m15_tsi_d3 GE Q90(1.98347),btc4_bb_width LE Q50(0.05643),True,0.9813350228405254,54.73773265651438,59.486373165618446,58.72611464968153,65.26315789473685,46.9601677148847,46.417910447761194,50.64377682403433,42.30769230769231,0.20803724933290169,0.4223566045542161,0.6935301336442808,0.936554587526038
m15_ppo_hist_d3 GE Q60(-0.00980363) OR btc1_stoch_k_d1 GE Q70(1.25682),m15_ppo_hist_d3 GE Q60(-0.00980363),btc1_stoch_k_d1 GE Q70(1.25682),True,0.9807306312666958,57.360406091370564,56.656184486373164,59.49044585987261,60.26315789473684,42.34800838574424,45.223880597014926,45.92274678111588,44.75524475524475,0.04412232976657252,0.25658237792334077,0.8940075061300824,1.1114964630368187
btc1_stoch_k_d1 GE Q70(1.25682) OR pre_dd_from_high_2h GE Q60(-0.585504),btc1_stoch_k_d1 GE Q70(1.25682),pre_dd_from_high_2h GE Q60(-0.585504),True,0.9805826801980326,56.42978003384095,53.40670859538784,60.63694267515923,58.55263157894737,45.073375262054505,50.8955223880597,50.21459227467812,51.39860139860139,0.09958451501763191,0.22811432493380074,0.796854912354035,0.8737231081540904
h4_donch_pos_d3 LE Q30(0.0363804) OR btc1_stoch_spread_d1 GE Q70(-1.83159),h4_donch_pos_d3 LE Q30(0.0363804),btc1_stoch_spread_d1 GE Q70(-1.83159),True,0.976326960716521,51.18443316412859,52.30607966457023,51.71974522292994,57.763157894736835,48.32285115303983,53.28358208955224,49.35622317596567,48.25174825174825,0.2208555089992743,0.3837777391777016,0.7447652105412198,0.9532910788046808
btc1_stoch_spread_d1 GE Q70(-1.83159) OR pre_dd_from_high_2h GE Q60(-0.585504),btc1_stoch_spread_d1 GE Q70(-1.83159),pre_dd_from_high_2h GE Q60(-0.585504),True,0.9762865294680738,57.1912013536379,53.721174004192875,61.01910828025478,58.94736842105262,45.492662473794546,50.8955223880597,46.638054363376256,50.17482517482518,0.25933473439436644,0.320518597265342,0.6403936565413698,1.054668434789581
h4_donch_pos_d3 LE Q30(0.0363804) OR pre_range_4h LE Q50(2.42148),h4_donch_pos_d3 LE Q30(0.0363804),pre_range_4h LE Q50(2.42148),True,0.9690568125587277,63.62098138747885,59.64360587002096,67.89808917197452,63.28947368421053,36.79245283018868,44.32835820895523,46.20886981402003,44.75524475524475,0.2902242927581093,0.23396796099122497,1.4739221155708795,0.6621714952837114
m15_chop14_acc LE Q10(-4.08654) OR pre_range_4h LE Q50(2.42148),m15_chop14_acc LE Q10(-4.08654),pre_range_4h LE Q50(2.42148),True,0.9634418910155913,54.314720812182735,51.100628930817614,60.25477707006369,54.21052631578947,47.79874213836478,51.19402985074627,56.938483547925614,55.24475524475524,0.29402886559607094,0.15969247526392938,1.082563756818785,0.7415514680522247
h4_chop14 GE Q50(50.0109) OR btc4_cmo_acc GE Q90(32.0256),h4_chop14 GE Q50(50.0109),btc4_cmo_acc GE Q90(32.0256),True,0.9630429750927824,54.568527918781726,53.77358490566038,58.72611464968153,57.49999999999999,45.70230607966457,44.776119402985074,49.64234620886982,53.32167832167832,0.20959163858440327,0.1806226325531758,0.7078920406528143,0.9920277427067734
m15_ppo_hist_d3 GE Q50(-0.0211379) OR btc1_donch_pos_d3 GE Q90(0.212789),m15_ppo_hist_d3 GE Q50(-0.0211379),btc1_donch_pos_d3 GE Q90(0.212789),True,0.9619906556934773,54.90693739424704,55.503144654088054,57.324840764331206,58.15789473684211,45.38784067085954,44.92537313432835,49.49928469241774,45.8041958041958,0.0824307048607774,0.40877748277759973,0.8312018834310165,0.9930065340335532
m15_er10_d1 GE Q70(0.055889) OR btc1_stoch_spread_d1 GE Q70(-1.83159),m15_er10_d1 GE Q70(0.055889),btc1_stoch_spread_d1 GE Q70(-1.83159),True,0.9609383605069516,49.957698815566836,48.21802935010482,50.445859872611464,51.973684210526315,49.16142557651992,54.77611940298508,50.35765379113018,52.27272727272727,0.31280058012865697,0.32252016488260066,0.638374559237402,0.9640192963941061
btc1_rsi_d3 GE Q70(2.76449) OR pre_dd_from_high_2h GE Q60(-0.585504),btc1_rsi_d3 GE Q70(2.76449),pre_dd_from_high_2h GE Q60(-0.585504),True,0.9546219744250212,57.40270727580372,57.33752620545073,60.38216560509554,61.973684210526315,43.81551362683438,47.01492537313433,48.06866952789699,43.88111888111888,0.2153179759017887,0.3164361987378667,0.6797148319373961,0.9534902267862397
m15_kdj_spread GE Q80(3.88) OR btc1_stoch_k_d1 GE Q70(1.25682),m15_kdj_spread GE Q80(3.88),btc1_stoch_k_d1 GE Q70(1.25682),True,0.9545425193522649,44.585448392554994,44.863731656184484,47.00636942675159,49.473684210526315,55.9748427672956,57.611940298507456,58.0829756795422,58.04195804195804,0.25892400067014204,0.18042543814272316,0.7256986605256098,0.8229804235760325
m15_ppo_hist_d3 GE Q50(-0.0211379) OR btc1_bb_pctb_d3 GE Q90(0.254743),m15_ppo_hist_d3 GE Q50(-0.0211379),btc1_bb_pctb_d3 GE Q90(0.254743),True,0.951917358553565,54.90693739424704,55.76519916142557,57.70700636942675,58.15789473684211,46.22641509433962,45.223880597014926,48.783977110157366,45.97902097902098,0.09987969971097269,0.38156409984430195,0.8041837473342616,1.0178293149778541
m15_kdj_spread GE Q70(1.90944) OR m15_adx_d3 LE Q30(-2.25983),m15_kdj_spread GE Q70(1.90944),m15_adx_d3 LE Q30(-2.25983),True,0.9516747599481643,53.80710659898477,50.943396226415096,55.4140127388535,54.34210526315789,47.064989517819704,49.40298507462686,45.92274678111588,54.54545454545454,0.30353069393813464,0.376073092003581,0.6160059432126549,0.7837087465691988
m15_er10_d3 GE Q90(0.216841) OR btc4_bb_width LE Q50(0.05643),m15_er10_d3 GE Q90(0.216841),btc4_bb_width LE Q50(0.05643),True,0.950249685569517,54.483925549915405,59.329140461215935,58.853503184713375,65.13157894736842,47.48427672955975,46.11940298507463,51.359084406294706,41.25874125874126,0.2325121530070045,0.5617875128606679,0.630345979866553,0.9127569328108815
m15_ppo_hist_d3 GE Q50(-0.0211379) OR btc1_stoch_spread_d1 GE Q90(3.01605),m15_ppo_hist_d3 GE Q50(-0.0211379),btc1_stoch_spread_d1 GE Q90(3.01605),True,0.9484267507225651,53.93401015228426,53.19706498951782,56.94267515923567,54.473684210526315,47.79874213836478,45.67164179104478,49.35622317596567,50.349650349650354,0.16104699525924232,0.27322173431392177,0.8045678471674599,0.7618473710431528
m15_kdj_spread GE Q80(3.88) OR m15_chop14 GE Q60(55.1317),m15_kdj_spread GE Q80(3.88),m15_chop14 GE Q60(55.1317),True,0.9447884370407917,50.63451776649747,51.57232704402516,54.52229299363057,54.736842105263165,51.36268343815513,49.25373134328358,51.50214592274678,50.17482517482518,0.25392155296194824,0.38016992629919166,0.7377391166749555,0.6275765828540835
m15_tsi_d3 GE Q90(1.98347) OR pre_range_4h LE Q50(2.42148),m15_tsi_d3 GE Q90(1.98347),pre_range_4h LE Q50(2.42148),True,0.9440878074829196,56.09137055837563,52.987421383647806,60.89171974522293,57.36842105263158,44.9685534591195,51.04477611940299,54.7925608011445,53.4965034965035,0.24989722396775382,0.1709768214613191,1.0396153041225387,0.685490992641925
m15_adx_acc GE Q60(0.326347) OR btc4_cmo_acc GE Q80(25.2725),m15_adx_acc GE Q60(0.326347),btc4_cmo_acc GE Q80(25.2725),True,0.9406059233612964,52.49576988155668,51.20545073375262,54.64968152866242,55.26315789473685,49.056603773584904,47.16417910447761,48.783977110157366,53.671328671328666,0.20416316628205317,0.16444637517665095,0.7334924060280829,0.7330813152425307
m15_adx_d3 LE Q30(-2.25983) OR btc1_stoch_k_d1 GE Q70(1.25682),m15_adx_d3 LE Q30(-2.25983),btc1_stoch_k_d1 GE Q70(1.25682),True,0.9391178271836544,51.945854483925544,50.681341719077565,54.01273885350319,53.68421052631579,48.32285115303983,48.507462686567166,50.21459227467812,55.59440559440559,0.15442042980508733,0.2095224214166327,0.747524361969598,0.7433597099870143
h4_chop14 GE Q50(50.0109) OR pre_dd_from_high_4h GE Q70(-0.582829),h4_chop14 GE Q50(50.0109),pre_dd_from_high_4h GE Q70(-0.582829),True,0.9337864401994328,63.74788494077834,59.486373165618446,66.11464968152866,61.71052631578947,36.58280922431866,39.1044776119403,39.77110157367668,47.02797202797203,0.0849106446883756,0.13180462070355214,0.8043927325076367,0.9803489847033666
m15_adx_acc GE Q60(0.326347) OR btc1_stoch_spread_d1 GE Q70(-1.83159),m15_adx_acc GE Q60(0.326347),btc1_stoch_spread_d1 GE Q70(-1.83159),True,0.9292696685996594,56.810490693739425,57.861635220125784,57.324840764331206,61.44736842105263,41.82389937106918,41.940298507462686,45.779685264663804,45.27972027972028,0.20693982925319193,0.09373527982608298,0.8252473873617409,0.8801271055806643
m15_kdj_spread GE Q70(1.90944) OR btc1_rsi_d3 GE Q70(2.76449),m15_kdj_spread GE Q70(1.90944),btc1_rsi_d3 GE Q70(2.76449),True,0.9248283410273508,51.81895093062606,56.97064989517819,53.37579617834395,61.578947368421055,48.84696016771489,45.97014925373134,49.64234620886982,42.83216783216783,0.3157439091206326,0.3184513729358906,0.5779475269523605,1.1356780733816356
m15_adx_d3 LE Q30(-2.25983) OR pre_dd_from_high_2h GE Q60(-0.585504),m15_adx_d3 LE Q30(-2.25983),pre_dd_from_high_2h GE Q60(-0.585504),True,0.9238095364893902,60.0253807106599,52.93501048218029,61.52866242038216,56.184210526315795,42.34800838574424,48.059701492537314,41.9170243204578,53.671328671328666,0.2629229545216013,0.3151590746319167,0.7199390039912125,0.6308209477733437
m15_ppo_hist_d3 GE Q60(-0.00980363) OR btc1_rsi_d3 GE Q70(2.76449),m15_ppo_hist_d3 GE Q60(-0.00980363),btc1_rsi_d3 GE Q70(2.76449),True,0.9211111560262005,59.22165820642979,62.05450733752621,60.25477707006369,65.65789473684211,40.670859538784065,39.701492537313435,42.63233190271817,36.888111888111894,0.14780566904142894,0.27512728684080906,0.7526431097120935,1.1533354362986987
m15_adx_d3 LE Q30(-2.25983) OR h4_donch_pos_d3 LE Q30(0.0363804),m15_adx_d3 LE Q30(-2.25983),h4_donch_pos_d3 LE Q30(0.0363804),True,0.9207848274663591,52.834179357021995,49.84276729559748,54.14012738853503,54.07894736842105,46.540880503144656,52.98507462686567,48.497854077253216,52.7972027972028,0.22851318451383668,0.505514063126554,0.8123472639326245,0.6661526823222619
m15_er10_d1 GE Q70(0.055889) OR btc1_stoch_k_d1 GE Q70(1.25682),m15_er10_d1 GE Q70(0.055889),btc1_stoch_k_d1 GE Q70(1.25682),True,0.9205693902017009,49.23857868020304,49.37106918238994,49.681528662420384,53.1578947368421,49.16142557651992,54.02985074626866,53.0758226037196,50.87412587412587,0.1988753309052601,0.3446361334068415,0.7128350596520939,0.8752589169551638
m15_adx_d3 LE Q30(-2.25983) OR m15_er10_d1 GE Q80(0.107262),m15_adx_d3 LE Q30(-2.25983),m15_er10_d1 GE Q80(0.107262),True,0.917697327525957,45.0507614213198,43.55345911949686,46.496815286624205,46.18421052631579,55.45073375262054,57.46268656716418,54.077253218884124,58.39160839160839,0.3258689047182142,0.34502306239752867,0.5686030713705695,0.5629073455016547
btc1_donch_pos_d3 GE Q90(0.212789) OR pre_range_4h LE Q50(2.42148),btc1_donch_pos_d3 GE Q90(0.212789),pre_range_4h LE Q50(2.42148),True,0.9129503322022205,55.87986463620981,53.35429769392034,59.87261146496815,57.23684210526315,44.0251572327044,49.701492537313435,56.65236051502146,51.39860139860139,0.3308575529610104,0.1260072783225068,1.1520652399314444,0.7092921656528575
m15_adx_acc GE Q70(0.476858) OR btc1_stoch_k_d1 GE Q70(1.25682),m15_adx_acc GE Q70(0.476858),btc1_stoch_k_d1 GE Q70(1.25682),True,0.910648171179778,50.33840947546532,51.83438155136268,51.33757961783439,56.05263157894736,48.21802935010482,47.61194029850746,53.50500715307582,52.62237762237763,0.05851990360654235,0.30333376634665193,0.8321448647258541,0.9226421718599377
m15_chop14 GE Q60(55.1317) OR pre_dd_from_high_2h GE Q60(-0.585504),m15_chop14 GE Q60(55.1317),pre_dd_from_high_2h GE Q60(-0.585504),True,0.90956098276406,59.94077834179357,58.43815513626834,64.45859872611464,61.8421052631579,42.24318658280922,44.02985074626866,45.779685264663804,44.75524475524475,0.17996086527375238,0.3673564936076917,0.7372167696683317,0.6615211149525165
m15_kdj_j GE Q90(76.5194) OR btc1_di_spread_acc GE Q50(-2.44243),m15_kdj_j GE Q90(76.5194),btc1_di_spread_acc GE Q50(-2.44243),True,0.90257612594749,53.76480541455161,53.878406708595385,56.560509554140125,58.42105263157895,47.79874213836478,47.76119402985074,47.63948497854077,50.349650349650354,0.27800646381885313,0.45904310081389227,0.5686555793368665,0.9530806152601404
m15_kdj_spread GE Q70(1.90944) OR btc1_stoch_spread_d1 GE Q70(-1.83159),m15_kdj_spread GE Q70(1.90944),btc1_stoch_spread_d1 GE Q70(-1.83159),True,0.9002482153457251,49.45008460236887,50.73375262054507,51.847133757961785,54.21052631578947,52.41090146750524,52.08955223880597,49.64234620886982,50.17482517482518,0.3960327223591681,0.23501698485993672,0.61729024737393,1.0784047904184548
m15_er10_d1 GE Q60(0.00984256) OR btc1_stoch_k_d1 GE Q70(1.25682),m15_er10_d1 GE Q60(0.00984256),btc1_stoch_k_d1 GE Q70(1.25682),True,0.8959408021267011,55.83756345177665,55.503144654088054,56.30573248407643,59.210526315789465,42.55765199161425,47.76119402985074,46.20886981402003,45.10489510489511,0.12622265475764627,0.30895292401030516,0.7603547667230593,0.9218136773829859
m15_adx_acc GE Q80(0.667864) OR h4_chop14 GE Q50(50.0109),m15_adx_acc GE Q80(0.667864),h4_chop14 GE Q50(50.0109),True,0.894823812404956,59.43316412859561,58.490566037735846,60.12738853503185,61.31578947368421,38.469601677148844,39.25373134328358,44.34907010014306,48.07692307692308,0.051018651525185324,0.1246032531740443,0.8299206727510459,0.8698328047122941
m15_chop14 GE Q60(55.1317) OR btc1_donch_pos_d3 GE Q90(0.212789),m15_chop14 GE Q60(55.1317),btc1_donch_pos_d3 GE Q90(0.212789),True,0.8903560281867008,46.31979695431472,48.0083857442348,48.53503184713376,50.921052631578945,53.144654088050316,52.38805970149254,57.93991416309014,54.02097902097902,0.2401046646054097,0.34556347765772666,0.6059466657249103,0.6564237678739859
m15_ppo_hist_d3 GE Q50(-0.0211379) OR btc4_cmo_acc GE Q80(25.2725),m15_ppo_hist_d3 GE Q50(-0.0211379),btc4_cmo_acc GE Q80(25.2725),True,0.8895370574635171,60.87140439932318,57.44234800838575,64.07643312101911,59.60526315789474,41.92872117400419,42.83582089552239,41.05865522174535,45.629370629370634,0.17924579119513623,0.33432575358471545,0.7399660827690085,0.667032963278201
m15_er10_d1 GE Q60(0.00984256) OR btc1_stoch_spread_d1 GE Q70(-1.83159),m15_er10_d1 GE Q60(0.00984256),btc1_stoch_spread_d1 GE Q70(-1.83159),True,0.8887189192743972,56.97969543147208,54.45492662473794,57.452229299363054,57.49999999999999,41.92872117400419,47.76119402985074,43.63376251788269,46.32867132867133,0.2748052424271997,0.2141376396661625,0.6651306022504152,0.9337945952150445
m15_kdj_spread GE Q80(3.88) OR pre_dd_from_high_24h GE Q50(-2.00467),m15_kdj_spread GE Q80(3.88),pre_dd_from_high_24h GE Q50(-2.00467),True,0.8878613654115507,59.60236886632826,54.50733752620545,64.20382165605095,59.3421052631579,41.509433962264154,49.1044776119403,46.924177396280406,49.47552447552447,0.2788709977536882,0.2100775754478682,0.8122945031713883,0.5857547341692287
m15_ppo_hist_d3 GE Q50(-0.0211379) OR m15_er10_d1 GE Q80(0.107262),m15_ppo_hist_d3 GE Q50(-0.0211379),m15_er10_d1 GE Q80(0.107262),True,0.8877225277557853,56.93739424703892,57.285115303983225,60.89171974522293,59.60526315789474,45.38784067085954,44.776119402985074,45.493562231759654,42.48251748251749,0.1581315668489257,0.3501978143493309,0.7474834603186463,0.6831880038286293
m15_chop14 GE Q60(55.1317) OR m15_er10_d1 GE Q60(0.00984256),m15_chop14 GE Q60(55.1317),m15_er10_d1 GE Q60(0.00984256),True,0.8865773620702161,61.844331641285955,62.735849056603776,63.31210191082802,64.47368421052632,38.36477987421384,37.61194029850746,40.05722460658083,38.63636363636363,0.3207137834374623,0.2622255721789028,0.7577113289498244,0.594996384500472
h4_chop14 GE Q80(58.1804) OR btc4_bb_width LE Q50(0.05643),h4_chop14 GE Q80(58.1804),btc4_bb_width LE Q50(0.05643),True,0.8860800421451286,58.24873096446701,60.42976939203354,62.54777070063694,65.39473684210526,43.18658280922432,43.88059701492537,47.63948497854077,42.30769230769231,0.16433171776093736,0.36787465075854286,0.6357675296607926,0.9145958964467291
m15_adx_d3 LE Q30(-2.25983) OR btc1_stoch_spread_d1 GE Q70(-1.83159),m15_adx_d3 LE Q30(-2.25983),btc1_stoch_spread_d1 GE Q70(-1.83159),True,0.8821697789421262,51.52284263959391,49.37106918238994,52.48407643312102,51.71052631578947,48.63731656184486,50.74626865671642,48.640915593705294,54.72027972027972,0.31807269162101326,0.2186662282198426,0.6442788748517415,0.8584527238743677
m15_er10_d1 GE Q70(0.055889) OR pre_dd_from_high_24h GE Q50(-2.00467),m15_er10_d1 GE Q70(0.055889),pre_dd_from_high_24h GE Q50(-2.00467),True,0.8805986847891865,61.50592216582065,57.18029350104822,65.60509554140127,60.39473684210527,38.259958071278824,45.52238805970149,45.20743919885551,46.15384615384615,0.1882890884189164,0.33456951486966896,0.8330538308484124,0.6280207295491291
m15_adx_acc GE Q60(0.326347) OR m15_er10_d1 GE Q70(0.055889),m15_adx_acc GE Q60(0.326347),m15_er10_d1 GE Q70(0.055889),True,0.8794199855043049,52.199661590524535,54.29769392033543,52.99363057324841,57.89473684210527,47.37945492662474,46.11940298507463,48.640915593705294,47.37762237762238,0.17690520577536223,0.2991013346787018,0.9003170099704246,0.6866354000744652
m15_chop14 GE Q60(55.1317) OR m15_adx_acc GE Q70(0.476858),m15_chop14 GE Q60(55.1317),m15_adx_acc GE Q70(0.476858),True,0.8762911718960683,56.21827411167513,57.75681341719078,57.452229299363054,62.5,43.39622641509434,42.53731343283582,46.78111587982833,45.27972027972028,0.13864809964088715,0.3737114058118164,0.7129639685014227,0.8588159802485416
m15_kdj_spread GE Q70(1.90944) OR m15_er10_d1 GE Q60(0.00984256),m15_kdj_spread GE Q70(1.90944),m15_er10_d1 GE Q60(0.00984256),True,0.8752487496025575,56.42978003384095,56.97064989517819,59.87261146496815,59.86842105263158,45.28301886792453,47.3134328358209,44.34907010014306,41.78321678321678,0.24388426088791754,0.2668268650205829,0.7454332974045711,0.5734090655655721
m15_adx_acc GE Q60(0.326347) OR m15_er10_d1 GE Q60(0.00984256),m15_adx_acc GE Q60(0.326347),m15_er10_d1 GE Q60(0.00984256),True,0.8728014506015365,57.148900169204744,59.0146750524109,57.961783439490446,61.8421052631579,42.662473794549264,41.64179104477612,43.34763948497854,43.18181818181818,0.18141063844612598,0.2668908276916885,0.9728554150287428,0.6751331467496964
m15_adx_acc GE Q60(0.326347) OR btc4_cmo_acc GE Q90(32.0256),m15_adx_acc GE Q60(0.326347),btc4_cmo_acc GE Q90(32.0256),True,0.8704428399015637,46.23519458544839,48.0083857442348,49.29936305732484,52.10526315789473,54.19287211740041,50.44776119402985,57.79685264663805,56.993006993006986,0.20688257741028077,0.17430784655275622,0.7966864718748085,0.6348516239112785
m15_chop14 GE Q60(55.1317) OR btc1_stoch_spread_d1 GE Q90(3.01605),m15_chop14 GE Q60(55.1317),btc1_stoch_spread_d1 GE Q90(3.01605),True,0.862422466493704,46.277495769881554,45.911949685534594,49.42675159235669,48.421052631578945,54.61215932914046,52.537313432835816,56.79542203147353,58.39160839160839,0.31624612746902026,0.25188747194614125,0.5603529356266758,0.586126542045114
m15_chop14 GE Q60(55.1317) OR btc4_donch_pos LE Q10(0.241459),m15_chop14 GE Q60(55.1317),btc4_donch_pos LE Q10(0.241459),True,0.8624109111616354,46.7005076142132,50.9958071278826,49.681528662420384,52.368421052631575,53.66876310272537,47.16417910447761,56.79542203147353,52.44755244755245,0.2906028763641567,0.30379574587845487,0.7186878634513262,0.5443557563024991
m15_ppo_hist_d3 GE Q80(0.0158154) OR btc1_rsi_d3 GE Q70(2.76449),m15_ppo_hist_d3 GE Q80(0.0158154),btc1_rsi_d3 GE Q70(2.76449),True,0.8578426574954168,45.26226734348562,49.42348008385744,46.496815286624205,53.289473684210535,54.71698113207547,52.98507462686567,55.65092989985694,49.12587412587413,0.24242930131782936,0.22799519810165492,0.6051565005309901,0.961454290558292
btc4_donch_pos LE Q10(0.241459) OR pre_dd_from_high_24h GE Q50(-2.00467),btc4_donch_pos LE Q10(0.241459),pre_dd_from_high_24h GE Q50(-2.00467),True,0.8564560629755408,57.40270727580372,56.70859538784067,63.43949044585987,61.44736842105263,42.76729559748428,45.820895522388064,51.931330472103,50.17482517482518,0.2775090653666857,0.22037147306562066,0.931773258102314,0.5413091292456809
m15_adx_acc GE Q80(0.667864) OR btc1_stoch_k_d1 GE Q70(1.25682),m15_adx_acc GE Q80(0.667864),btc1_stoch_k_d1 GE Q70(1.25682),True,0.8531440280261526,43.73942470389171,44.0251572327044,44.968152866242036,47.5,54.40251572327044,55.52238805970149,60.80114449213162,61.18881118881119,0.08014426441634746,0.2511957036412909,0.7484252003627986,0.8776241121173559
h4_chop14 GE Q50(50.0109) OR btc1_stoch_spread_d1 GE Q90(3.01605),h4_chop14 GE Q50(50.0109),btc1_stoch_spread_d1 GE Q90(3.01605),True,0.8510615713525825,54.61082910321488,54.926624737945495,55.6687898089172,58.15789473684211,44.12997903563941,43.88059701492537,48.783977110157366,52.62237762237763,0.13283820036255017,0.1338066499233157,0.697064156875986,1.1605223220483534
m15_adx_d3 LE Q30(-2.25983) OR btc1_bb_pctb_d3 GE Q80(0.157098),m15_adx_d3 LE Q30(-2.25983),btc1_bb_pctb_d3 GE Q80(0.157098),True,0.8507562694045911,44.289340101522846,46.17400419287212,46.36942675159236,47.5,56.18448637316562,53.28358208955224,57.36766809728183,55.94405594405595,0.3249637166827623,0.2139451089613852,0.6484869394069886,0.6102912443006483
m15_chop14 GE Q60(55.1317) OR m15_ppo_hist_d3 GE Q80(0.0158154),m15_chop14 GE Q60(55.1317),m15_ppo_hist_d3 GE Q80(0.0158154),True,0.850320618767631,51.26903553299492,51.729559748427675,55.031847133757964,53.68421052631579,50.524109014675055,48.059701492537314,49.92846924177397,50.17482517482518,0.17200225416074877,0.3187113838723266,0.6873327592203847,0.63922534904912
m15_adx_acc GE Q60(0.326347) OR btc1_donch_pos_d3 GE Q90(0.212789),m15_adx_acc GE Q60(0.326347),btc1_donch_pos_d3 GE Q90(0.212789),True,0.8460054625260439,45.09306260575296,47.64150943396226,45.732484076433124,51.31578947368421,53.35429769392034,50.59701492537313,58.798283261802574,55.59440559440559,0.1823119822046364,0.1188668118660886,0.8403898252086998,0.7143502212463521
m15_ppo_hist_d3 GE Q50(-0.0211379) OR btc4_cmo_acc GE Q90(32.0256),m15_ppo_hist_d3 GE Q50(-0.0211379),btc4_cmo_acc GE Q90(32.0256),True,0.8451880568321544,55.24534686971235,54.29769392033543,60.25477707006369,56.71052631578948,46.9601677148847,45.97014925373134,49.64234620886982,49.3006993006993,0.1691303417497309,0.36540415462570913,0.8429212486047696,0.6278010671733425
btc4_donch_pos LE Q10(0.241459) OR pre_dd_from_high_2h GE Q60(-0.585504),btc4_donch_pos LE Q10(0.241459),pre_dd_from_high_2h GE Q60(-0.585504),True,0.8431134992477156,46.36209813874789,47.327044025157235,51.46496815286624,52.23684210526316,57.127882599580715,57.46268656716418,59.084406294706724,58.56643356643356,0.2199400937110283,0.2924124526693424,0.6630725564428636,0.5249774439345689
m15_adx_acc GE Q60(0.326347) OR h4_chop14 GE Q80(58.1804),m15_adx_acc GE Q60(0.326347),h4_chop14 GE Q80(58.1804),True,0.8413800709703013,51.09983079526227,52.620545073375254,54.52229299363057,55.26315789473685,49.266247379454924,45.52238805970149,52.36051502145923,51.57342657342657,0.11976913740227174,0.03849297065819679,0.8164918193433489,0.7500348438848726
m15_ppo_hist_d3 GE Q80(0.0158154) OR btc1_stoch_k_d1 GE Q70(1.25682),m15_ppo_hist_d3 GE Q80(0.0158154),btc1_stoch_k_d1 GE Q70(1.25682),True,0.8396401484590079,44.373942470389174,44.077568134171905,46.62420382165605,46.71052631578947,55.55555555555556,56.865671641791046,58.0829756795422,58.04195804195804,0.07412172076939146,0.15331036355851102,0.7205132006642788,0.9380706159104727
m15_adx_acc GE Q60(0.326347) OR m15_ppo_hist_d3 GE Q80(0.0158154),m15_adx_acc GE Q60(0.326347),m15_ppo_hist_d3 GE Q80(0.0158154),True,0.8394005865518711,50.888324873096444,52.51572327044025,52.99363057324841,55.92105263157895,50.0,46.26865671641791,48.783977110157366,50.17482517482518,0.20482205994242603,0.1457578793497205,0.8665046462024563,0.6515365931991113
m15_adx_acc GE Q60(0.326347) OR btc1_stoch_spread_d1 GE Q90(3.01605),m15_adx_acc GE Q60(0.326347),btc1_stoch_spread_d1 GE Q90(3.01605),True,0.838138094880536,44.923857868020306,48.63731656184486,46.36942675159236,52.10526315789473,55.24109014675053,48.80597014925373,57.224606580829764,57.692307692307686,0.14184220162817224,0.11409782197797103,0.695128895231124,0.774469282374929
h4_chop14 GE Q50(50.0109) OR btc1_bb_pctb_d3 GE Q90(0.254743),h4_chop14 GE Q50(50.0109),btc1_bb_pctb_d3 GE Q90(0.254743),True,0.8356862111291857,54.82233502538071,54.0356394129979,55.92356687898089,57.36842105263158,43.710691823899374,46.71641791044776,49.213161659513595,50.0,0.10500295947192348,0.18061630478614676,0.7086586145852586,1.1081060880872775
m15_chop14 GE Q60(55.1317) OR btc4_cmo_acc GE Q90(32.0256),m15_chop14 GE Q60(55.1317),btc4_cmo_acc GE Q90(32.0256),True,0.8344309020392178,46.954314720812185,46.90775681341719,51.71974522292994,50.26315789473684,54.71698113207547,52.83582089552239,57.36766809728183,57.16783216783217,0.2431572223506952,0.34782561527374223,0.5241656580621296,0.5356830783128832
m15_kdj_j GE Q90(76.5194) OR h4_chop14 GE Q50(50.0109),m15_kdj_j GE Q90(76.5194),h4_chop14 GE Q50(50.0109),True,0.8330170114984442,54.103214890016915,53.56394129979035,56.30573248407643,56.71052631578948,45.38784067085954,47.3134328358209,49.07010014306152,50.52447552447552,0.14482528259965852,0.23023257520026158,0.6441413770175953,0.879857420398473
m15_kdj_spread GE Q80(3.88) OR pre_range_4h LE Q50(2.42148),m15_kdj_spread GE Q80(3.88),pre_range_4h LE Q50(2.42148),True,0.8318810679086912,59.98307952622673,56.60377358490566,65.22292993630573,60.0,41.719077568134175,45.52238805970149,50.35765379113018,50.52447552447552,0.3332476087650821,0.10114339411347406,1.3162108818220837,0.6628131454933304
btc1_bb_pctb_d3 GE Q90(0.254743) OR pre_dd_from_high_24h GE Q50(-2.00467),btc1_bb_pctb_d3 GE Q90(0.254743),pre_dd_from_high_24h GE Q50(-2.00467),True,0.8299470655674044,54.82233502538071,50.786163522012586,59.36305732484076,55.26315789473685,44.75890985324947,52.23880597014925,55.22174535050072,53.4965034965035,0.10806844781751651,0.16210335133821063,0.6323387302954026,0.8765465189050492
m15_ppo_hist_d3 GE Q60(-0.00980363) OR btc4_donch_pos LE Q10(0.241459),m15_ppo_hist_d3 GE Q60(-0.00980363),btc4_donch_pos LE Q10(0.241459),True,0.827986880292537,45.81218274111675,49.266247379454924,50.06369426751592,52.5,56.60377358490566,52.38805970149254,56.65236051502146,52.972027972027966,0.2197224954222864,0.2949717809724532,0.8086624074885517,0.543589332459349
m15_adx_acc GE Q70(0.476858) OR pre_dd_from_high_2h GE Q60(-0.585504),m15_adx_acc GE Q70(0.476858),pre_dd_from_high_2h GE Q60(-0.585504),True,0.8250404680670151,55.964467005076145,53.19706498951782,59.23566878980891,57.631578947368425,45.59748427672956,48.656716417910445,49.49928469241774,51.048951048951054,0.09473983280797223,0.4097742206249081,0.7593382241737562,0.6648765995643875
m15_chop14 GE Q60(55.1317) OR h4_donch_pos_d3 LE Q30(0.0363804),m15_chop14 GE Q60(55.1317),h4_donch_pos_d3 LE Q30(0.0363804),True,0.824268706658445,57.021996615905245,58.01886792452831,59.10828025477707,63.1578947368421,43.08176100628931,46.26865671641791,44.63519313304721,42.83216783216783,0.11267437683108933,0.6252530416927902,0.6698686570499192,0.8281421437454752
h4_chop14 GE Q80(58.1804) OR btc1_stoch_spread_d1 GE Q70(-1.83159),h4_chop14 GE Q80(58.1804),btc1_stoch_spread_d1 GE Q70(-1.83159),True,0.8236022419610189,44.247038917089675,43.76310272536688,45.85987261146497,46.578947368421055,54.088050314465406,58.05970149253732,58.798283261802574,59.96503496503497,0.17973593608781663,0.15949090316072922,0.6318546649127837,0.8181197576449638
m15_ppo_hist_d3 GE Q80(0.0158154) OR pre_dd_from_high_24h GE Q50(-2.00467),m15_ppo_hist_d3 GE Q80(0.0158154),pre_dd_from_high_24h GE Q50(-2.00467),True,0.8225253671247508,59.94077834179357,55.503144654088054,63.94904458598726,60.0,40.670859538784065,47.91044776119403,46.065808297567955,48.07692307692308,0.0698534633516446,0.25171239652553473,0.6725065788892323,0.6905934038870867
btc1_rsi_d3 GE Q70(2.76449) OR pre_dd_from_high_4h GE Q70(-0.582829),btc1_rsi_d3 GE Q70(2.76449),pre_dd_from_high_4h GE Q70(-0.582829),True,0.8215991464456469,49.830795262267344,50.943396226415096,52.86624203821656,55.00000000000001,51.257861635220124,52.08955223880597,54.506437768240346,50.52447552447552,0.23580152811133737,0.16728525113990433,0.5936049597867582,0.680195874782016
m15_ema20_50_spread_d1 GE Q90(0.0565935) OR h4_chop14 GE Q50(50.0109),m15_ema20_50_spread_d1 GE Q90(0.0565935),h4_chop14 GE Q50(50.0109),True,0.8203054417637824,56.76818950930627,55.76519916142557,57.5796178343949,58.026315789473685,42.9769392033543,43.582089552238806,43.06151645207439,49.3006993006993,0.23271199428711353,0.15893262019499566,0.645144255067014,0.8031389116914671
m15_adx_acc GE Q60(0.326347) OR m15_er10_d1 GE Q80(0.107262),m15_adx_acc GE Q60(0.326347),m15_er10_d1 GE Q80(0.107262),True,0.818615257164905,47.33502538071066,49.895178197064986,48.66242038216561,53.55263157894738,52.20125786163522,50.59701492537313,54.077253218884124,51.39860139860139,0.20397081936923162,0.24159863377833385,0.6810961853639087,0.5880965377665746
m15_kdj_spread GE Q70(1.90944) OR h4_macd_hist GE Q80(0.00320368),m15_kdj_spread GE Q70(1.90944),h4_macd_hist GE Q80(0.00320368),True,0.815879395119486,44.077834179357026,40.77568134171908,49.29936305732484,45.0,59.11949685534591,62.38805970149254,57.5107296137339,59.44055944055944,0.2282487927556497,0.16832960812857134,0.5630634138252962,0.5969117785587303
m15_er10_d3 GE Q90(0.216841) OR h4_chop14 GE Q50(50.0109),m15_er10_d3 GE Q90(0.216841),h4_chop14 GE Q50(50.0109),True,0.8155160099683282,55.16074450084603,53.56394129979035,56.43312101910828,57.631578947368425,43.920335429769395,47.01492537313433,47.63948497854077,52.09790209790209,0.12440135317535789,0.32096475166237654,0.6656671264277253,0.9365421388219729
m15_kdj_spread GE Q80(3.88) OR btc1_rsi_d3 GE Q70(2.76449),m15_kdj_spread GE Q80(3.88),btc1_rsi_d3 GE Q70(2.76449),True,0.8155125362628765,44.96615905245347,49.9475890985325,46.7515923566879,55.13157894736842,55.55555555555556,53.28358208955224,57.08154506437768,50.0,0.2739425232570183,0.25249531079259535,0.5273085593855925,0.9065271206836485
m15_adx_acc GE Q60(0.326347) OR m15_ppo_hist_d3 GE Q60(-0.00980363),m15_adx_acc GE Q60(0.326347),m15_ppo_hist_d3 GE Q60(-0.00980363),True,0.8149300500544111,62.055837563451774,63.15513626834382,64.20382165605095,65.65789473684211,38.469601677148844,36.11940298507463,40.05722460658083,38.98601398601399,0.04097690446708775,0.22361733245019966,1.1403315075294347,0.7309934637353398
m15_adx_acc GE Q60(0.326347) OR pre_dd_from_high_24h GE Q50(-2.00467),m15_adx_acc GE Q60(0.326347),pre_dd_from_high_24h GE Q50(-2.00467),True,0.8149164836663485,64.29780033840947,60.534591194968556,67.64331210191082,63.55263157894737,35.84905660377358,37.91044776119403,41.77396280400572,45.10489510489511,0.18535452822149082,0.03517945067905237,1.0329889933561751,0.7193762253077198
m15_ppo_hist_d3 GE Q50(-0.0211379) OR pre_dd_from_high_2h GE Q60(-0.585504),m15_ppo_hist_d3 GE Q50(-0.0211379),pre_dd_from_high_2h GE Q60(-0.585504),True,0.813138712931974,63.113367174280874,61.0062893081761,66.7515923566879,63.94736842105263,40.35639412997904,40.8955223880597,39.48497854077253,42.30769230769231,0.05912754780261705,0.4024661052411455,0.7532937793360127,0.6951895828718263
h4_donch_pos_d3 LE Q30(0.0363804) OR btc4_cmo_acc GE Q80(25.2725),h4_donch_pos_d3 LE Q30(0.0363804),btc4_cmo_acc GE Q80(25.2725),True,0.8096580347762365,44.54314720812182,40.61844863731656,48.02547770700637,47.10526315789474,57.23270440251572,66.11940298507463,55.793991416309005,61.18881118881119,0.18208836181839594,0.4390813890144706,0.5668404382566504,0.5579230629801497
m15_er10_d1 GE Q60(0.00984256) OR btc4_cmo_acc GE Q80(25.2725),m15_er10_d1 GE Q60(0.00984256),btc4_cmo_acc GE Q80(25.2725),True,0.8009675140997133,53.21489001692047,49.318658280922435,55.92356687898089,53.815789473684205,49.58071278825996,54.328358208955216,45.779685264663804,52.7972027972028,0.18255469027046886,0.3573778731278419,0.5746400291468529,0.564239286588036
h4_chop14 GE Q80(58.1804) OR pre_dd_from_high_24h GE Q50(-2.00467),h4_chop14 GE Q80(58.1804),pre_dd_from_high_24h GE Q50(-2.00467),True,0.8006743684030192,58.333333333333336,50.943396226415096,63.82165605095541,54.736842105263165,42.34800838574424,51.7910447761194,49.35622317596567,54.1958041958042,0.11012773675156451,0.14434416099261171,0.6146777140744933,0.7172173937972436
m15_kdj_spread GE Q80(3.88) OR pre_dd_from_high_2h GE Q60(-0.585504),m15_kdj_spread GE Q80(3.88),pre_dd_from_high_2h GE Q60(-0.585504),True,0.7999349055068812,48.51945854483925,44.339622641509436,52.35668789808917,48.81578947368421,55.45073375262054,59.55223880597015,54.220314735336196,59.265734265734274,0.20909537611162043,0.2770216905077483,0.5374077731287615,0.5140949423302624
m15_adx_acc GE Q60(0.326347) OR m15_chop14_acc LE Q10(-4.08654),m15_adx_acc GE Q60(0.326347),m15_chop14_acc LE Q10(-4.08654),True,0.7998078983480278,44.03553299492386,45.44025157232704,45.732484076433124,48.55263157894737,56.289308176100626,53.28358208955224,57.65379113018598,56.81818181818182,0.16447695348293648,0.10528266563810673,0.6858121757380194,0.6605862110797358
m15_adx_acc GE Q80(0.667864) OR pre_dd_from_high_2h GE Q60(-0.585504),m15_adx_acc GE Q80(0.667864),pre_dd_from_high_2h GE Q60(-0.585504),True,0.7991385788084621,50.888324873096444,47.48427672955975,53.75796178343949,51.973684210526315,50.524109014675055,55.07462686567164,54.93562231759657,57.34265734265735,0.11141029239287537,0.351474933973487,0.6494799853420233,0.6303355482087257
h4_donch_pos_d3 LE Q30(0.0363804) OR btc1_rsi_d3 GE Q70(2.76449),h4_donch_pos_d3 LE Q30(0.0363804),btc1_rsi_d3 GE Q70(2.76449),True,0.7989687275985393,51.90355329949239,56.289308176100626,52.48407643312102,61.973684210526315,46.75052410901468,49.55223880597015,50.64377682403433,41.60839160839161,0.17692564991492885,0.4598362387505749,0.6104326150110378,0.7869288315338463
btc1_stoch_k_d1 GE Q70(1.25682) OR pre_dd_from_high_4h GE Q70(-0.582829),btc1_stoch_k_d1 GE Q70(1.25682),pre_dd_from_high_4h GE Q70(-0.582829),True,0.7980129860448988,49.407783417935704,46.80293501048218,53.63057324840764,50.78947368421053,52.09643605870021,55.37313432835821,56.22317596566524,58.56643356643356,0.12200849235120625,0.08416319522629367,0.7206511213184229,0.6341190173440382
m15_roc4 GE Q50(0.234584) OR btc1_donch_pos_d3 GE Q90(0.212789),m15_roc4 GE Q50(0.234584),btc1_donch_pos_d3 GE Q90(0.212789),True,0.7977606641747997,54.145516074450086,55.76519916142557,55.159235668789805,57.49999999999999,44.339622641509436,41.7910447761194,47.06723891273247,43.35664335664335,0.14241419622505486,0.17865010529594638,0.6350720760629506,0.6671207394445623
m15_close_ret4 GE Q50(0.234584) OR btc1_donch_pos_d3 GE Q90(0.212789),m15_close_ret4 GE Q50(0.234584),btc1_donch_pos_d3 GE Q90(0.212789),True,0.7977606641747997,54.145516074450086,55.76519916142557,55.159235668789805,57.49999999999999,44.339622641509436,41.7910447761194,47.06723891273247,43.35664335664335,0.14241419622505486,0.17865010529594638,0.6350720760629506,0.6671207394445623
m15_er10_d1 GE Q60(0.00984256) OR btc4_donch_pos LE Q10(0.241459),m15_er10_d1 GE Q60(0.00984256),btc4_donch_pos LE Q10(0.241459),True,0.7975683216798032,46.1082910321489,52.93501048218029,48.53503184713376,56.315789473684205,53.9832285115304,49.25373134328358,55.07868383404863,49.82517482517482,0.16664577596223717,0.3416195467711433,0.7131360818836793,0.5823877294178688
m15_ppo_hist_d3 GE Q80(0.0158154) OR btc1_bb_pctb_d3 GE Q80(0.157098),m15_ppo_hist_d3 GE Q80(0.0158154),btc1_bb_pctb_d3 GE Q80(0.157098),True,0.7961325783598949,36.632825719120135,39.41299790356394,39.10828025477707,41.18421052631579,64.57023060796647,61.940298507462686,64.66380543633763,58.39160839160839,0.29844859315574224,0.10918101541296621,0.7181045596220447,0.6515273104918918
h4_macd_hist GE Q80(0.00320368) OR btc1_stoch_k_d1 GE Q70(1.25682),h4_macd_hist GE Q80(0.00320368),btc1_stoch_k_d1 GE Q70(1.25682),True,0.7948726958990211,45.0507614213198,41.299790356394126,48.28025477707006,45.39473684210527,54.50733752620545,60.447761194029844,60.37195994277539,61.18881118881119,0.09853271199481956,0.08087995253295721,0.7938801009393485,0.6494028762510586
m15_adx_acc GE Q80(0.667864) OR btc1_stoch_spread_d1 GE Q70(-1.83159),m15_adx_acc GE Q80(0.667864),btc1_stoch_spread_d1 GE Q70(-1.83159),True,0.7944175858722278,43.401015228426395,44.077568134171905,44.07643312101911,46.71052631578947,54.821802935010474,55.67164179104478,59.227467811158796,60.13986013986013,0.17852773103387562,0.14074893082470352,0.64016029719567,0.8806348981759251
btc4_cmo_acc GE Q90(32.0256) OR pre_dd_from_high_24h GE Q50(-2.00467),btc4_cmo_acc GE Q90(32.0256),pre_dd_from_high_24h GE Q50(-2.00467),True,0.79346075555556,54.82233502538071,49.21383647798742,60.89171974522293,54.868421052631575,45.38784067085954,53.88059701492537,54.64949928469242,57.86713286713287,0.17332993016337225,0.2774001673731101,0.63716566246955,0.5070391338993046
m15_chop14 GE Q60(55.1317) OR m15_adx_acc GE Q80(0.667864),m15_chop14 GE Q60(55.1317),m15_adx_acc GE Q80(0.667864),True,0.7923769212777557,50.719120135363795,52.09643605870021,52.48407643312102,56.184210526315795,49.266247379454924,47.61194029850746,52.21745350500715,51.74825174825175,0.18615089579981747,0.3086338791535471,0.5709268995227937,0.8514710114173227
h4_chop14 GE Q50(50.0109) OR btc4_cmo_acc GE Q80(25.2725),h4_chop14 GE Q50(50.0109),btc4_cmo_acc GE Q80(25.2725),True,0.7917711211284744,60.10998307952623,56.132075471698116,62.54777070063694,60.131578947368425,41.299790356394126,42.68656716417911,41.201716738197426,51.39860139860139,0.1944459707888823,0.24102113951564108,0.5485693979173779,1.0880889661001596
h4_donch_pos_d3 LE Q30(0.0363804) OR pre_dd_from_high_2h GE Q60(-0.585504),h4_donch_pos_d3 LE Q30(0.0363804),pre_dd_from_high_2h GE Q60(-0.585504),True,0.7910107119103369,57.7834179357022,53.51153039832285,60.89171974522293,59.3421052631579,43.920335429769395,54.02985074626866,46.78111587982833,47.37762237762238,0.09056571685847235,0.4726328114200064,0.7278960560247175,0.6382789588614499
m15_ppo_hist_d3 GE Q50(-0.0211379) OR m15_er10_d1 GE Q70(0.055889),m15_ppo_hist_d3 GE Q50(-0.0211379),m15_er10_d1 GE Q70(0.055889),True,0.7906605093232463,61.8020304568528,61.32075471698113,64.71337579617834,63.421052631578945,39.937106918238996,40.59701492537313,40.486409155937054,38.63636363636363,0.008905993656373921,0.35459722988854636,0.7813183683895338,0.7397485573749161
btc4_cmo_acc GE Q80(25.2725) OR pre_dd_from_high_24h GE Q50(-2.00467),btc4_cmo_acc GE Q80(25.2725),pre_dd_from_high_24h GE Q50(-2.00467),True,0.7896101233957609,60.575296108291035,52.09643605870021,65.22292993630573,57.763157894736835,40.56603773584906,50.8955223880597,45.92274678111588,54.89510489510489,0.12762504613469466,0.3467263188826233,0.5690324007007722,0.6135194138275728
m15_ppo_hist_d3 GE Q60(-0.00980363) OR btc1_stoch_spread_d1 GE Q70(-1.83159),m15_ppo_hist_d3 GE Q60(-0.00980363),btc1_stoch_spread_d1 GE Q70(-1.83159),True,0.7884283175666162,56.09137055837563,54.71698113207547,57.19745222929936,57.10526315789474,44.9685534591195,47.16417910447761,44.06294706723891,45.45454545454545,0.1874895110437366,0.22141181303955015,0.5788171731044051,0.9351955064900895
m15_ppo_hist_d3 GE Q50(-0.0211379) OR h4_chop14 GE Q80(58.1804),m15_ppo_hist_d3 GE Q50(-0.0211379),h4_chop14 GE Q80(58.1804),True,0.7883427869441969,59.179357021996616,58.43815513626834,63.18471337579618,60.0,42.24318658280922,41.04477611940299,44.49213161659514,45.27972027972028,0.1438192025531309,0.2258866618795673,0.9942356626344032,0.6132866871164327
m15_kdj_spread GE Q80(3.88) OR m15_adx_acc GE Q60(0.326347),m15_kdj_spread GE Q80(3.88),m15_adx_acc GE Q60(0.326347),True,0.7875488030830937,50.84602368866328,52.358490566037744,52.22929936305732,56.57894736842105,49.895178197064986,47.01492537313433,50.500715307582254,51.39860139860139,0.23277669165170722,0.15788942388355853,0.8513081289764882,0.6019938657116544
h4_donch_pos_d3 LE Q30(0.0363804) OR btc1_bb_pctb_d3 GE Q80(0.157098),h4_donch_pos_d3 LE Q30(0.0363804),btc1_bb_pctb_d3 GE Q80(0.157098),True,0.7873424299547424,44.20473773265651,46.9601677148847,45.22292993630573,51.05263157894737,54.61215932914046,58.656716417910445,58.51216022889842,50.0,0.2072006665450558,0.34312324925109033,0.6117823470212412,0.5597779193367021
btc4_cmo_acc GE Q90(32.0256) OR pre_range_4h LE Q50(2.42148),btc4_cmo_acc GE Q90(32.0256),pre_range_4h LE Q50(2.42148),True,0.7873336161947225,55.499153976311334,51.677148846960165,62.42038216560509,56.184210526315795,46.331236897274636,50.0,57.5107296137339,57.692307692307686,0.3468464158760118,0.1300591873463407,1.2009234310282864,0.5671331952612693
m15_adx_acc GE Q70(0.476858) OR h4_donch_pos_d3 LE Q30(0.0363804),m15_adx_acc GE Q70(0.476858),h4_donch_pos_d3 LE Q30(0.0363804),True,0.7814687170135054,52.2419627749577,56.18448637316562,53.2484076433121,62.36842105263158,46.12159329140461,47.61194029850746,50.64377682403433,45.10489510489511,0.00984137179276151,0.5356024768141164,0.7514984478536558,0.7911809698592164
m15_adx_d3 LE Q30(-2.25983) OR pre_dd_from_high_4h GE Q70(-0.582829),m15_adx_d3 LE Q30(-2.25983),pre_dd_from_high_4h GE Q70(-0.582829),True,0.7804438910262804,52.91878172588832,45.70230607966457,55.796178343949045,48.68421052631579,50.41928721174004,54.328358208955216,47.78254649499284,61.36363636363637,0.2807082904184905,0.2296833076001487,0.7245766491938731,0.49321265106491724
m15_kdj_spread GE Q80(3.88) OR h4_donch_pos_d3 LE Q30(0.0363804),m15_kdj_spread GE Q80(3.88),h4_donch_pos_d3 LE Q30(0.0363804),True,0.7800921830016351,43.90862944162436,43.08176100628931,46.24203821656051,49.078947368421055,57.23270440251572,63.731343283582085,56.22317596566524,55.24475524475524,0.17648928874707928,0.35333809881712996,0.6407726618116606,0.5569347187558329
m15_kdj_spread GE Q80(3.88) OR m15_adx_d3 LE Q30(-2.25983),m15_kdj_spread GE Q80(3.88),m15_adx_d3 LE Q30(-2.25983),True,0.7784759129162406,45.93908629441624,42.662473794549264,46.496815286624205,45.6578947368421,54.71698113207547,57.3134328358209,53.36194563662375,62.41258741258741,0.2546794743762963,0.292372990231159,0.5327266632927866,0.512641858695785
m15_adx_d3 LE Q30(-2.25983) OR pre_dd_from_high_24h GE Q50(-2.00467),m15_adx_d3 LE Q30(-2.25983),pre_dd_from_high_24h GE Q50(-2.00467),True,0.7783701151893664,64.25549915397632,57.38993710691824,67.38853503184713,61.44736842105263,37.735849056603776,44.02985074626866,39.19885550786839,48.6013986013986,0.2170292498483401,0.26837399307224263,0.7430245523874986,0.49868014778361003
m15_er10_d1 GE Q70(0.055889) OR btc1_bb_pctb_d3 GE Q80(0.157098),m15_er10_d1 GE Q70(0.055889),btc1_bb_pctb_d3 GE Q80(0.157098),True,0.7771965263651347,42.72419627749577,44.91614255765199,43.439490445859875,48.28947368421053,56.91823899371069,59.1044776119403,58.51216022889842,53.671328671328666,0.22604240002254955,0.248115148219122,0.6080836995577296,0.536848242975303
btc4_cmo_acc GE Q90(32.0256) OR pre_dd_from_high_2h GE Q60(-0.585504),btc4_cmo_acc GE Q90(32.0256),pre_dd_from_high_2h GE Q60(-0.585504),True,0.7747432784701704,46.02368866328257,41.66666666666667,51.210191082802545,48.1578947368421,57.65199161425576,63.88059701492538,59.513590844062946,64.16083916083916,0.2091467077206955,0.38081516373529967,0.4618665223590753,0.5633397984333142
m15_kdj_j GE Q90(76.5194) OR pre_range_4h LE Q50(2.42148),m15_kdj_j GE Q90(76.5194),pre_range_4h LE Q50(2.42148),True,0.7741660826710962,55.922165820642974,51.78197064989518,61.52866242038216,55.52631578947368,45.59748427672956,51.64179104477612,54.93562231759657,54.37062937062937,0.3049800565842976,0.1441537457183143,1.1015193154664904,0.555125434161212
m15_er10_d1 GE Q70(0.055889) OR h4_chop14 GE Q80(58.1804),m15_er10_d1 GE Q70(0.055889),h4_chop14 GE Q80(58.1804),True,0.7722414223534786,43.65482233502538,42.924528301886795,47.898089171974526,44.86842105263158,57.861635220125784,59.253731343283576,57.224606580829764,56.81818181818182,0.20076706246575843,0.1922900010625187,0.6929071311575793,0.5410735662760642
m15_kdj_spread GE Q70(1.90944) OR m15_er10_d1 GE Q70(0.055889),m15_kdj_spread GE Q70(1.90944),m15_er10_d1 GE Q70(0.055889),True,0.7711701227329932,48.94247038917089,49.84276729559748,50.955414012738856,53.815789473684205,52.41090146750524,54.47761194029851,50.64377682403433,48.77622377622377,0.18480983278895285,0.3520415229566965,0.5461014174726811,0.6691584206651666
m15_ppo_hist_d3 GE Q60(-0.00980363) OR h4_donch_pos_d3 LE Q30(0.0363804),m15_ppo_hist_d3 GE Q60(-0.00980363),h4_donch_pos_d3 LE Q30(0.0363804),True,0.7706604127084774,56.93739424703892,55.660377358490564,60.0,60.921052631578945,44.339622641509436,50.0,45.06437768240343,42.65734265734265,0.06950888044011878,0.4086485446227673,0.8776088226853543,0.6398994172091369
m15_ppo_hist_d3 GE Q50(-0.0211379) OR m15_ema20_50_spread_d1 GE Q90(0.0565935),m15_ppo_hist_d3 GE Q50(-0.0211379),m15_ema20_50_spread_d1 GE Q90(0.0565935),True,0.7694010778746913,53.42639593908629,53.56394129979035,57.19745222929936,55.65789473684211,48.742138364779876,46.26865671641791,49.07010014306152,48.25174825174825,0.10842415056548523,0.31598408131672834,0.7628503690879479,0.6190978585681708
m15_chop14 GE Q60(55.1317) OR m15_er10_d1 GE Q80(0.107262),m15_chop14 GE Q60(55.1317),m15_er10_d1 GE Q80(0.107262),True,0.769026716557523,50.719120135363795,51.93920335429769,53.63057324840764,54.34210526315789,49.79035639412998,48.95522388059702,51.931330472103,48.95104895104895,0.26603449554790276,0.3026099447900415,0.6038503715931901,0.4549341828324162
m15_ppo_hist_d3 GE Q60(-0.00980363) OR btc1_donch_pos_d3 GE Q90(0.212789),m15_ppo_hist_d3 GE Q60(-0.00980363),btc1_donch_pos_d3 GE Q90(0.212789),True,0.7688340705802255,45.89678510998308,47.0125786163522,47.77070063694268,50.13157894736842,54.29769392033543,54.92537313432836,57.5107296137339,51.57342657342657,0.08746985795599332,0.27985448707415267,0.6438859020850402,0.7674205765666757
m15_ppo_hist_d3 GE Q60(-0.00980363) OR pre_dd_from_high_2h GE Q60(-0.585504),m15_ppo_hist_d3 GE Q60(-0.00980363),pre_dd_from_high_2h GE Q60(-0.585504),True,0.7686979138406631,58.67174280879864,55.71278825995807,62.42038216560509,59.60526315789474,44.65408805031446,47.76119402985074,44.06294706723891,46.50349650349651,0.04530790203719813,0.33814734263350904,0.648417224667336,0.6758230897233908
h4_chop14 GE Q50(50.0109) OR btc1_donch_pos_d3 GE Q90(0.212789),h4_chop14 GE Q50(50.0109),btc1_donch_pos_d3 GE Q90(0.212789),True,0.7682877918482214,54.9492385786802,54.088050314465406,55.6687898089172,56.71052631578948,43.291404612159326,45.97014925373134,48.927038626609445,49.82517482517482,0.1324255361059116,0.18543424453972213,0.62147123113757,0.9799097406307753
btc1_stoch_spread_d1 GE Q70(-1.83159) OR pre_dd_from_high_4h GE Q70(-0.582829),btc1_stoch_spread_d1 GE Q70(-1.83159),pre_dd_from_high_4h GE Q70(-0.582829),True,0.768185891445725,50.25380710659898,46.855345911949684,53.63057324840764,51.05263157894737,51.677148846960165,55.970149253731336,52.78969957081545,56.993006993006986,0.25494198097237514,0.13244066799337728,0.5682099006161744,0.728277178248175
m15_roc4 GE Q50(0.234584) OR h4_macd_hist GE Q80(0.00320368),m15_roc4 GE Q50(0.234584),h4_macd_hist GE Q80(0.00320368),True,0.7658753615127903,60.19458544839256,58.54297693920335,63.18471337579618,60.0,39.62264150943396,38.95522388059702,40.486409155937054,41.08391608391608,0.14053771313177954,0.09192830137515684,0.7964969127056082,0.6448065989217004
m15_close_ret4 GE Q50(0.234584) OR h4_macd_hist GE Q80(0.00320368),m15_close_ret4 GE Q50(0.234584),h4_macd_hist GE Q80(0.00320368),True,0.7658753615127903,60.19458544839256,58.54297693920335,63.18471337579618,60.0,39.62264150943396,38.95522388059702,40.486409155937054,41.08391608391608,0.14053771313177954,0.09192830137515684,0.7964969127056082,0.6448065989217004
m15_ppo_hist_d3 GE Q50(-0.0211379) OR m15_chop14_acc LE Q10(-4.08654),m15_ppo_hist_d3 GE Q50(-0.0211379),m15_chop14_acc LE Q10(-4.08654),True,0.7650093897687887,52.74957698815567,52.67295597484277,56.17834394904458,54.21052631578947,49.47589098532495,47.462686567164184,49.64234620886982,49.12587412587413,0.10263944330574704,0.36616513386482236,0.7407975775166477,0.6316185396441076
m15_er10_d1 GE Q80(0.107262) OR btc1_stoch_spread_d1 GE Q70(-1.83159),m15_er10_d1 GE Q80(0.107262),btc1_stoch_spread_d1 GE Q70(-1.83159),True,0.7638875344747446,43.06260575296108,43.34381551362683,44.07643312101911,46.973684210526315,55.45073375262054,59.85074626865672,57.93991416309014,56.46853146853147,0.29208606586304164,0.2575536880276043,0.48605729908597983,0.8274816792100126
m15_chop14 GE Q60(55.1317) OR m15_er10_d1 GE Q70(0.055889),m15_chop14 GE Q60(55.1317),m15_er10_d1 GE Q70(0.055889),True,0.7625102443015412,56.09137055837563,56.44654088050315,58.216560509554135,58.94736842105262,44.0251572327044,44.32835820895523,46.20886981402003,44.93006993006993,0.24678430660277456,0.3203229591119191,0.6760995445060384,0.47322213867519647
m15_er10_d1 GE Q80(0.107262) OR pre_dd_from_high_2h GE Q60(-0.585504),m15_er10_d1 GE Q80(0.107262),pre_dd_from_high_2h GE Q60(-0.585504),True,0.7605314511933472,50.50761421319797,45.9643605870021,54.64968152866242,49.73684210526316,51.886792452830186,59.55223880597015,53.79113018597997,54.37062937062937,0.20741979510908187,0.4076487581084641,0.47766202571904415,0.5053921205055253
m15_adx_d3 LE Q30(-2.25983) OR btc4_cmo_acc GE Q80(25.2725),m15_adx_d3 LE Q30(-2.25983),btc4_cmo_acc GE Q80(25.2725),True,0.760199997700512,44.247038917089675,38.83647798742139,47.898089171974526,41.44736842105263,57.127882599580715,60.0,57.79685264663805,69.4055944055944,0.21334292380632464,0.3255042959360307,0.5998071074316983,0.49463926522156265
m15_adx_acc GE Q60(0.326347) OR h4_macd_hist GE Q80(0.00320368),m15_adx_acc GE Q60(0.326347),h4_macd_hist GE Q80(0.00320368),True,0.7562841994481954,51.26903553299492,50.0524109014675,54.267515923566876,53.68421052631579,49.58071278825996,48.95522388059702,50.64377682403433,52.27272727272727,0.1869666379016606,0.06365783470227748,0.7064101268707991,0.6326567569344788
m15_kdj_spread GE Q80(3.88) OR btc1_bb_pctb_d3 GE Q80(0.157098),m15_kdj_spread GE Q80(3.88),btc1_bb_pctb_d3 GE Q80(0.157098),True,0.7550096531281556,36.59052453468697,39.72746331236897,39.74522292993631,42.89473684210526,65.09433962264151,63.43283582089553,66.09442060085837,58.56643356643356,0.3303637918169474,0.14148415720534901,0.6689916268462405,0.5504315280178198
h4_donch_pos_d3 LE Q30(0.0363804) OR btc1_stoch_k_d1 GE Q70(1.25682),h4_donch_pos_d3 LE Q30(0.0363804),btc1_stoch_k_d1 GE Q70(1.25682),True,0.7549225862023062,49.36548223350254,50.943396226415096,50.70063694267516,55.13157894736842,49.79035639412998,53.73134328358209,53.36194563662375,50.349650349650354,0.0848736771837355,0.26308641210048156,0.7119381578965548,0.6433458148351183
m15_kdj_spread GE Q70(1.90944) OR m15_er10_d1 GE Q80(0.107262),m15_kdj_spread GE Q70(1.90944),m15_er10_d1 GE Q80(0.107262),True,0.7545780443237317,42.00507614213198,43.44863731656184,45.095541401273884,46.8421052631579,59.538784067085956,60.895522388059696,58.6552217453505,54.02097902097902,0.2625363454744293,0.2799737294842027,0.4302323936664644,0.5287354564077327
m15_adx_acc GE Q60(0.326347) OR btc1_bb_pctb_d3 GE Q90(0.254743),m15_adx_acc GE Q60(0.326347),btc1_bb_pctb_d3 GE Q90(0.254743),True,0.7543224836036192,44.79695431472081,48.270440251572325,45.85987261146497,51.71052631578947,54.71698113207547,50.0,58.22603719599427,54.72027972027972,0.15955806876594797,0.0427365905093835,0.7310409687048832,0.6903275271593524
m15_adx_acc GE Q70(0.476858) OR btc4_donch_pos LE Q10(0.241459),m15_adx_acc GE Q70(0.476858),btc4_donch_pos LE Q10(0.241459),True,0.7539254969528935,37.64805414551608,47.16981132075472,40.63694267515924,51.84210526315789,62.78825995807128,51.19402985074627,64.8068669527897,59.61538461538461,0.1283471569511327,0.23563318451501314,0.7650969753884657,0.5658005694088974
m15_er10_d3 GE Q90(0.216841) OR pre_range_4h LE Q50(2.42148),m15_er10_d3 GE Q90(0.216841),pre_range_4h LE Q50(2.42148),True,0.7521216997153511,55.24534686971235,51.41509433962265,59.617834394904456,55.00000000000001,45.59748427672956,51.49253731343284,55.93705293276109,54.72027972027972,0.25941447103462323,0.18769203904352882,1.0340508742031624,0.49273154746427517
m15_adx_d3 LE Q30(-2.25983) OR m15_ppo_hist_d3 GE Q80(0.0158154),m15_adx_d3 LE Q30(-2.25983),m15_ppo_hist_d3 GE Q80(0.0158154),True,0.7507696321906372,45.769881556683586,42.505241090146754,45.98726114649681,44.60526315789474,55.13626834381551,56.26865671641791,52.07439198855508,62.23776223776224,0.1754296009743624,0.2551311884493431,0.5709924394200102,0.6305066397124952
m15_ema20_50_spread_d1 GE Q90(0.0565935) OR pre_dd_from_high_2h GE Q60(-0.585504),m15_ema20_50_spread_d1 GE Q90(0.0565935),pre_dd_from_high_2h GE Q60(-0.585504),True,0.7488436359171148,47.2927241962775,43.55345911949686,51.46496815286624,48.81578947368421,56.39412997903563,61.64179104477612,55.50786838340487,59.44055944055944,0.18873441161157373,0.28495370202984266,0.4766643451737661,0.49883037814722714
m15_chop14 GE Q60(55.1317) OR m15_ema20_50_spread_d1 GE Q90(0.0565935),m15_chop14 GE Q60(55.1317),m15_ema20_50_spread_d1 GE Q90(0.0565935),True,0.7486882662880043,47.08121827411168,49.58071278825996,49.044585987261144,52.5,53.35429769392034,51.64179104477612,54.220314735336196,51.22377622377622,0.15971061363269476,0.3475865450450288,0.5497102983923202,0.5957294486062035
m15_chop14 GE Q60(55.1317) OR pre_dd_from_high_4h GE Q70(-0.582829),m15_chop14 GE Q60(55.1317),pre_dd_from_high_4h GE Q70(-0.582829),True,0.7483368297186063,53.63790186125211,52.56813417190776,57.19745222929936,55.39473684210526,48.32285115303983,48.059701492537314,50.64377682403433,51.57342657342657,0.18154670126518813,0.2484486210570937,0.5613711110120102,0.5102580750494681
m15_adx_acc GE Q80(0.667864) OR h4_donch_pos_d3 LE Q30(0.0363804),m15_adx_acc GE Q80(0.667864),h4_donch_pos_d3 LE Q30(0.0363804),True,0.7478093655304546,44.62774957698816,47.22222222222222,45.35031847133758,52.76315789473684,53.77358490566038,56.71641791044776,57.93991416309014,55.069930069930074,0.07303116559600065,0.41479675930930615,0.6603268220474655,0.683381780213248
h4_donch_pos_d3 LE Q30(0.0363804) OR btc4_cmo_acc GE Q90(32.0256),h4_donch_pos_d3 LE Q30(0.0363804),btc4_cmo_acc GE Q90(32.0256),True,0.7451606285249485,37.35194585448392,36.530398322851156,41.783439490445865,43.15789473684211,63.20754716981132,70.1492537313433,65.80829756795423,64.6853146853147,0.14521406703680517,0.38220319208037046,0.6205025691001266,0.5113166887689045
m15_er10_d1 GE Q60(0.00984256) OR btc1_donch_pos_d3 GE Q90(0.212789),m15_er10_d1 GE Q60(0.00984256),btc1_donch_pos_d3 GE Q90(0.212789),True,0.74424154146499,45.769881556683586,46.540880503144656,46.11464968152866,50.0,52.83018867924528,57.16417910447761,56.36623748211731,53.14685314685315,0.14071449768282418,0.25412304964333154,0.6666400683593964,0.5966316812852643
m15_er10_d1 GE Q60(0.00984256) OR btc1_bb_pctb_d3 GE Q80(0.157098),m15_er10_d1 GE Q60(0.00984256),btc1_bb_pctb_d3 GE Q80(0.157098),True,0.743571496540075,49.91539763113367,51.886792452830186,50.57324840764331,55.13157894736842,49.79035639412998,52.08955223880597,50.64377682403433,46.50349650349651,0.22460801193418578,0.17925600249938756,0.7118852386524249,0.5511584785104947
m15_ppo_hist_d3 GE Q80(0.0158154) OR pre_dd_from_high_2h GE Q60(-0.585504),m15_ppo_hist_d3 GE Q80(0.0158154),pre_dd_from_high_2h GE Q60(-0.585504),True,0.7418090220002118,51.31133671742809,46.64570230607967,55.031847133757964,51.578947368421055,52.30607966457023,57.611940298507456,51.072961373390555,56.81818181818182,0.12755573058627068,0.36334568651150695,0.5398430830873436,0.7029229186362491
m15_ppo_hist_d3 GE Q60(-0.00980363) OR btc1_stoch_spread_d1 GE Q90(3.01605),m15_ppo_hist_d3 GE Q60(-0.00980363),btc1_stoch_spread_d1 GE Q90(3.01605),True,0.7407693547072502,44.79695431472081,44.39203354297694,47.388535031847134,45.921052631578945,57.023060796645694,55.37313432835821,56.938483547925614,57.692307692307686,0.12819204863524036,0.16923446919884932,0.5819969242999697,0.5875330195456698
m15_adx_acc GE Q70(0.476858) OR btc1_rsi_d3 GE Q70(2.76449),m15_adx_acc GE Q70(0.476858),btc1_rsi_d3 GE Q70(2.76449),True,0.7403992514833471,48.73096446700508,54.926624737945495,49.554140127388536,58.42105263157895,50.314465408805034,44.92537313432835,54.506437768240346,47.02797202797203,0.10335997307575745,0.3048052041342635,0.6205757651999205,0.7641290364692532
m15_adx_acc GE Q80(0.667864) OR btc1_bb_pctb_d3 GE Q80(0.157098),m15_adx_acc GE Q80(0.667864),btc1_bb_pctb_d3 GE Q80(0.157098),True,0.7400900744391897,34.98307952622673,39.675052410901465,36.43312101910828,42.23684210526316,64.15094339622641,60.149253731343286,68.95565092989986,61.88811188811189,0.22146527746492323,0.12490279855309183,0.6631820618588996,0.5861864460284669
m15_adx_acc GE Q70(0.476858) OR btc1_stoch_spread_d1 GE Q70(-1.83159),m15_adx_acc GE Q70(0.476858),btc1_stoch_spread_d1 GE Q70(-1.83159),True,0.7399632680825536,50.169204737732656,51.729559748427675,50.57324840764331,54.60526315789473,48.32285115303983,47.61194029850746,52.36051502145923,51.74825174825175,0.08471695672799721,0.1688460020197028,0.6471654379563433,0.7876226820297679
h4_macd_hist GE Q80(0.00320368) OR pre_dd_from_high_24h GE Q50(-2.00467),h4_macd_hist GE Q80(0.00320368),pre_dd_from_high_24h GE Q50(-2.00467),True,0.7399316349787901,57.61421319796954,48.06079664570231,63.31210191082802,53.1578947368421,42.9769392033543,55.970149253731336,50.07153075822603,54.37062937062937,0.020301137189490656,0.15177532583390496,0.7115821925845426,0.6176885359665036
m15_kdj_spread GE Q70(1.90944) OR btc1_donch_pos_d3 GE Q90(0.212789),m15_kdj_spread GE Q70(1.90944),btc1_donch_pos_d3 GE Q90(0.212789),True,0.7394216517286424,36.80203045685279,39.41299790356394,39.23566878980892,42.368421052631575,64.15094339622641,62.98507462686567,65.379113018598,59.44055944055944,0.2570139324535348,0.26111899297047303,0.43373495261598494,0.7215808564440799
m15_kdj_spread GE Q70(1.90944) OR btc4_cmo_acc GE Q90(32.0256),m15_kdj_spread GE Q70(1.90944),btc4_cmo_acc GE Q90(32.0256),True,0.7357518243245347,36.97123519458545,36.58280922431866,41.52866242038217,40.526315789473685,65.30398322851153,65.97014925373135,65.52217453505007,66.43356643356644,0.24394743218927972,0.2407108843924768,0.4161708086289574,0.5285268465219952
m15_tsi_d3 GE Q90(1.98347) OR btc1_stoch_k_d1 GE Q70(1.25682),m15_tsi_d3 GE Q90(1.98347),btc1_stoch_k_d1 GE Q70(1.25682),True,0.7348201022778403,35.06768189509306,35.744234800838576,36.94267515923567,39.60526315789474,64.15094339622641,66.86567164179105,68.24034334763948,67.13286713286713,0.10648357606687112,0.16847121546718447,0.5937042513189686,0.590836660928117
m15_adx_acc GE Q60(0.326347) OR m15_tsi_d3 GE Q90(1.98347),m15_adx_acc GE Q60(0.326347),m15_tsi_d3 GE Q90(1.98347),True,0.7347873809935264,44.077834179357026,46.59329140461216,44.71337579617835,50.78947368421053,55.34591194968554,53.28358208955224,57.36766809728183,56.993006993006986,0.1579028433574208,0.2031046420376066,0.6597636921744517,0.5641737052996791
m15_chop14 GE Q60(55.1317) OR btc1_bb_pctb_d3 GE Q90(0.254743),m15_chop14 GE Q60(55.1317),btc1_bb_pctb_d3 GE Q90(0.254743),True,0.7342278368090962,46.31979695431472,49.16142557651992,48.40764331210191,53.1578947368421,53.66876310272537,52.537313432835816,56.938483547925614,52.7972027972028,0.2036780858656394,0.39124885389267905,0.48879282378771294,0.8347532341958313
m15_adx_acc GE Q80(0.667864) OR btc4_donch_pos LE Q10(0.241459),m15_adx_acc GE Q80(0.667864),btc4_donch_pos LE Q10(0.241459),True,0.7339920094896072,28.722504230118446,37.526205450733755,31.46496815286624,40.39473684210526,70.96436058700209,59.70149253731343,74.39198855507868,70.45454545454545,0.13437047249408263,0.16660370761582233,0.6457319867038841,0.5447722585405687
m15_er10_d1 GE Q70(0.055889) OR pre_dd_from_high_2h GE Q60(-0.585504),m15_er10_d1 GE Q70(0.055889),pre_dd_from_high_2h GE Q60(-0.585504),True,0.7325482241162338,55.964467005076145,51.46750524109015,59.23566878980891,55.78947368421052,45.911949685534594,54.02985074626866,47.78254649499284,49.3006993006993,0.11256736404003567,0.5026491848012364,0.5545568243815427,0.6379555612585964
m15_kdj_j GE Q90(76.5194) OR m15_ppo_hist_d3 GE Q50(-0.0211379),m15_kdj_j GE Q90(76.5194),m15_ppo_hist_d3 GE Q50(-0.0211379),True,0.7303464958539325,51.31133671742809,50.681341719077565,54.64968152866242,52.76315789473684,50.314465408805034,49.701492537313435,51.931330472103,51.57342657342657,0.06049479214482284,0.31781004835510185,0.6569626147470679,0.6282153801959242
m15_er10_d1 GE Q80(0.107262) OR pre_dd_from_high_24h GE Q50(-2.00467),m15_er10_d1 GE Q80(0.107262),pre_dd_from_high_24h GE Q50(-2.00467),True,0.7281948779109679,57.69881556683587,52.620545073375254,62.54777070063694,55.52631578947368,42.138364779874216,50.74626865671642,49.64234620886982,49.65034965034965,0.20690514714857428,0.27399927058535806,0.6109261502214779,0.46317431644042517
btc1_stoch_spread_d1 GE Q90(3.01605) OR pre_dd_from_high_24h GE Q50(-2.00467),btc1_stoch_spread_d1 GE Q90(3.01605),pre_dd_from_high_24h GE Q50(-2.00467),True,0.7269403329235654,54.653130287648054,47.9559748427673,59.87261146496815,51.578947368421055,45.492662473794546,54.02985074626866,54.506437768240346,57.692307692307686,0.18691787770482843,0.1027850086500176,0.7032464159106054,0.5516958737604727
m15_ema20_50_spread_d1 GE Q90(0.0565935) OR pre_dd_from_high_24h GE Q50(-2.00467),m15_ema20_50_spread_d1 GE Q90(0.0565935),pre_dd_from_high_24h GE Q50(-2.00467),True,0.7252047442739586,56.34517766497462,51.257861635220124,60.12738853503185,55.52631578947368,43.920335429769395,52.08955223880597,50.07153075822603,53.84615384615385,0.154415059866697,0.21745425237085092,0.615649957908666,0.49514546700611706
m15_adx_acc GE Q70(0.476858) OR btc4_cmo_acc GE Q80(25.2725),m15_adx_acc GE Q70(0.476858),btc4_cmo_acc GE Q80(25.2725),True,0.7243422499017768,44.289340101522846,43.710691823899374,46.62420382165605,47.63157894736842,57.127882599580715,54.47761194029851,57.65379113018598,62.58741258741259,0.09439550704271481,0.21906404622281495,0.6175794565512932,0.5832494684563978
m15_kdj_spread GE Q70(1.90944) OR pre_dd_from_high_4h GE Q70(-0.582829),m15_kdj_spread GE Q70(1.90944),pre_dd_from_high_4h GE Q70(-0.582829),True,0.7243146464088415,48.43485617597293,45.54507337526205,52.738853503184714,49.868421052631575,55.34591194968554,57.76119402985075,53.21888412017167,57.51748251748252,0.19529294061821773,0.22013971191721993,0.4429417592463881,0.5857028889977298
m15_er10_d1 GE Q80(0.107262) OR btc1_stoch_k_d1 GE Q70(1.25682),m15_er10_d1 GE Q80(0.107262),btc1_stoch_k_d1 GE Q70(1.25682),True,0.7242734534372419,43.02030456852792,44.18238993710692,43.94904458598726,48.1578947368421,55.13626834381551,60.0,60.22889842632332,54.89510489510489,0.15367379909959122,0.29141085861631916,0.5520248539884639,0.7597982247994182
m15_kdj_j GE Q90(76.5194) OR btc1_stoch_k_d1 GE Q70(1.25682),m15_kdj_j GE Q90(76.5194),btc1_stoch_k_d1 GE Q70(1.25682),True,0.7240928339220853,36.12521150592217,37.10691823899371,38.34394904458599,41.18421052631579,63.941299790356396,65.22388059701493,67.38197424892704,66.25874125874127,0.13533716496853643,0.1779104728800891,0.5443809181802725,0.6527284912943534
m15_adx_acc GE Q70(0.476858) OR btc1_donch_pos_d3 GE Q90(0.212789),m15_adx_acc GE Q70(0.476858),btc1_donch_pos_d3 GE Q90(0.212789),True,0.7209777604953109,36.16751269035533,40.35639412997904,37.07006369426751,43.815789473684205,61.94968553459119,58.05970149253732,68.24034334763948,62.76223776223776,0.09016905915168362,0.2031027724834784,0.7157727576520562,0.6127576812653838
m15_adx_acc GE Q70(0.476858) OR btc1_bb_pctb_d3 GE Q90(0.254743),m15_adx_acc GE Q70(0.476858),btc1_bb_pctb_d3 GE Q90(0.254743),True,0.7205192542913419,35.786802030456855,41.19496855345912,37.19745222929936,44.60526315789474,63.41719077568134,57.76119402985075,67.81115879828327,61.713286713286706,0.07308274773483169,0.14627690713207386,0.6192235025796601,0.6554834410334682
btc1_bb_pctb_d3 GE Q90(0.254743) OR pre_dd_from_high_2h GE Q60(-0.585504),btc1_bb_pctb_d3 GE Q90(0.254743),pre_dd_from_high_2h GE Q60(-0.585504),True,0.7168452829001042,46.277495769881554,42.81970649895178,50.06369426751592,46.578947368421055,56.70859538784067,61.34328358208955,59.227467811158796,61.01398601398601,0.13715440946661533,0.28507911005443043,0.5045060560441034,0.6580723142097834
btc1_donch_pos_d3 GE Q90(0.212789) OR pre_dd_from_high_2h GE Q60(-0.585504),btc1_donch_pos_d3 GE Q90(0.212789),pre_dd_from_high_2h GE Q60(-0.585504),True,0.7167297846257941,46.192893401015226,42.71488469601677,49.29936305732484,46.71052631578947,55.87002096436059,60.895522388059696,59.7997138769671,60.48951048951049,0.15817834794075813,0.26331534800972745,0.4964220435588437,0.5862027399546548
m15_ppo_hist_d3 GE Q60(-0.00980363) OR btc1_bb_pctb_d3 GE Q90(0.254743),m15_ppo_hist_d3 GE Q60(-0.00980363),btc1_bb_pctb_d3 GE Q90(0.254743),True,0.716094686118216,46.02368866328257,47.48427672955975,48.152866242038215,50.78947368421053,54.926624737945495,55.07462686567164,56.50929899856938,52.09790209790209,0.07245906469662233,0.25470884652286924,0.6010520698464809,0.8488441789851868
m15_adx_d3 LE Q30(-2.25983) OR btc1_donch_pos_d3 GE Q90(0.212789),m15_adx_d3 LE Q30(-2.25983),btc1_donch_pos_d3 GE Q90(0.212789),True,0.7151000769121568,37.09813874788494,37.42138364779874,38.21656050955414,39.73684210526316,62.264150943396224,62.23880597014926,64.66380543633763,66.25874125874127,0.19595513869969683,0.26620359739985283,0.49677650297907594,0.6243836696178561
m15_kdj_spread GE Q70(1.90944) OR btc1_bb_pctb_d3 GE Q90(0.254743),m15_kdj_spread GE Q70(1.90944),btc1_bb_pctb_d3 GE Q90(0.254743),True,0.714250262985681,36.88663282571912,39.937106918238996,39.74522292993631,43.684210526315795,64.98951781970649,64.17910447761194,64.37768240343348,59.44055944055944,0.22118222540085897,0.2858472349124045,0.4358962355004782,0.8808463993223777
m15_chop14 GE Q60(55.1317) OR h4_macd_hist GE Q80(0.00320368),m15_chop14 GE Q60(55.1317),h4_macd_hist GE Q80(0.00320368),True,0.7135884870514773,52.2419627749577,49.266247379454924,54.01273885350319,51.71052631578947,48.9517819706499,50.0,49.35622317596567,52.44755244755245,0.16078735787511617,0.17688056407151498,0.5671575079499361,0.5173856076054513
m15_kdj_spread GE Q70(1.90944) OR m15_adx_acc GE Q70(0.476858),m15_kdj_spread GE Q70(1.90944),m15_adx_acc GE Q70(0.476858),True,0.7132917199679045,49.23857868020304,51.519916142557655,50.955414012738856,55.13157894736842,51.46750524109015,48.059701492537314,52.36051502145923,52.44755244755245,0.0721969212376406,0.27372752252232996,0.6196747449740313,0.6067580920795477
m15_adx_d3 LE Q30(-2.25983) OR btc1_rsi_d3 GE Q70(2.76449),m15_adx_d3 LE Q30(-2.25983),btc1_rsi_d3 GE Q70(2.76449),True,0.7115223628963673,51.35363790186125,55.24109014675053,51.97452229299363,58.684210526315795,49.056603773584904,45.07462686567164,49.213161659513595,47.55244755244755,0.22620272799601004,0.3332600573808875,0.4729019470777095,0.8689187234266047
m15_er10_d1 GE Q60(0.00984256) OR pre_dd_from_high_2h GE Q60(-0.585504),m15_er10_d1 GE Q60(0.00984256),pre_dd_from_high_2h GE Q60(-0.585504),True,0.7113250085294246,61.97123519458545,57.96645702306079,64.45859872611464,61.973684210526315,39.308176100628934,47.462686567164184,41.77396280400572,42.30769230769231,0.1104720632769878,0.45267436275882716,0.6213672403149614,0.5511056746218529
m15_kdj_spread GE Q80(3.88) OR m15_er10_d1 GE Q70(0.055889),m15_kdj_spread GE Q80(3.88),m15_er10_d1 GE Q70(0.055889),True,0.7108635295149534,42.47038917089678,42.662473794549264,44.45859872611465,47.10526315789474,59.0146750524109,61.19402985074627,57.224606580829764,56.46853146853147,0.19116963071836254,0.2470546823622472,0.5103965726718948,0.47992970769223336
m15_ppo_hist_d3 GE Q60(-0.00980363) OR m15_er10_d1 GE Q80(0.107262),m15_ppo_hist_d3 GE Q60(-0.00980363),m15_er10_d1 GE Q80(0.107262),True,0.705931618771487,49.111675126903556,50.10482180293501,52.86624203821656,52.5,53.03983228511531,52.83582089552239,52.78969957081545,47.55244755244755,0.17247204415908324,0.2341324446904896,0.616563735893609,0.4855560106711038
m15_kdj_spread GE Q70(1.90944) OR btc4_cmo_acc GE Q80(25.2725),m15_kdj_spread GE Q70(1.90944),btc4_cmo_acc GE Q80(25.2725),True,0.7057871332603369,43.8663282571912,40.88050314465409,47.13375796178344,44.86842105263158,59.11949685534591,61.940298507462686,56.080114449213156,61.713286713286706,0.24294377170596965,0.27236586631894044,0.39749476746252255,0.5934674938700131
m15_adx_acc GE Q80(0.667864) OR btc1_rsi_d3 GE Q70(2.76449),m15_adx_acc GE Q80(0.667864),btc1_rsi_d3 GE Q70(2.76449),True,0.70451297937232,42.72419627749577,48.9517819706499,43.31210191082803,52.89473684210526,56.079664570230605,51.64179104477612,60.65808297567954,52.62237762237763,0.15253809394189968,0.3082159815017058,0.5402167727637753,0.8472340143458262
m15_roc4 GE Q50(0.234584) OR btc1_bb_pctb_d3 GE Q90(0.254743),m15_roc4 GE Q50(0.234584),btc1_bb_pctb_d3 GE Q90(0.254743),True,0.7042942377224005,53.63790186125211,56.18448637316562,55.28662420382165,58.15789473684211,46.0167714884696,42.38805970149254,46.3519313304721,41.43356643356643,0.14708131294050414,0.13733371757079138,0.5339860733002183,0.6912794626441583
m15_close_ret4 GE Q50(0.234584) OR btc1_bb_pctb_d3 GE Q90(0.254743),m15_close_ret4 GE Q50(0.234584),btc1_bb_pctb_d3 GE Q90(0.254743),True,0.7042942377224005,53.63790186125211,56.18448637316562,55.28662420382165,58.15789473684211,46.0167714884696,42.38805970149254,46.3519313304721,41.43356643356643,0.14708131294050414,0.13733371757079138,0.5339860733002183,0.6912794626441583
m15_kdj_spread GE Q80(3.88) OR btc1_stoch_spread_d1 GE Q70(-1.83159),m15_kdj_spread GE Q80(3.88),btc1_stoch_spread_d1 GE Q70(-1.83159),True,0.703949877279427,43.02030456852792,43.134171907756816,44.45859872611465,46.71052631578947,57.23270440251572,59.253731343283576,57.65379113018598,58.39160839160839,0.34186872810821173,0.18094486923293007,0.4942391248947623,0.8171405006274253
m15_adx_d3 LE Q30(-2.25983) OR pre_range_4h LE Q50(2.42148),m15_adx_d3 LE Q30(-2.25983),pre_range_4h LE Q50(2.42148),True,0.7037677535426718,65.39763113367174,59.64360587002096,68.91719745222929,61.18421052631579,35.9538784067086,39.25373134328358,41.9170243204578,48.95104895104895,0.4353792898606013,0.09903649323825847,1.4591055088572666,0.5739191671785169
m15_ema20_50_spread_d1 GE Q90(0.0565935) OR btc1_stoch_k_d1 GE Q70(1.25682),m15_ema20_50_spread_d1 GE Q90(0.0565935),btc1_stoch_k_d1 GE Q70(1.25682),True,0.7036429710723363,35.82910321489002,38.41719077568134,37.19745222929936,41.578947368421055,64.15094339622641,62.68656716417911,65.379113018598,64.33566433566433,0.16367281195092037,0.07913081820054879,0.5971451725836007,0.6232302378877838
m15_ppo_hist_d3 GE Q50(-0.0211379) OR pre_dd_from_high_4h GE Q70(-0.582829),m15_ppo_hist_d3 GE Q50(-0.0211379),pre_dd_from_high_4h GE Q70(-0.582829),True,0.702118344772101,59.729272419627755,57.65199161425576,63.05732484076433,60.26315789473684,42.872117400419285,43.28358208955223,43.34763948497854,46.15384615384615,0.05555824975862588,0.28459675383625943,0.6841163221367522,0.5943367694038535
m15_kdj_spread GE Q80(3.88) OR m15_roc4 GE Q50(0.234584),m15_kdj_spread GE Q80(3.88),m15_roc4 GE Q50(0.234584),True,0.6999169604010612,54.653130287648054,55.29350104821803,55.6687898089172,58.42105263157895,44.9685534591195,42.83582089552239,45.35050071530758,44.230769230769226,0.09932911273791965,0.2343783815593028,0.5802746572377587,0.5921870860053302
m15_kdj_spread GE Q80(3.88) OR m15_close_ret4 GE Q50(0.234584),m15_kdj_spread GE Q80(3.88),m15_close_ret4 GE Q50(0.234584),True,0.6999169604010612,54.653130287648054,55.29350104821803,55.6687898089172,58.42105263157895,44.9685534591195,42.83582089552239,45.35050071530758,44.230769230769226,0.09932911273791965,0.2343783815593028,0.5802746572377587,0.5921870860053302
m15_chop14_acc LE Q10(-4.08654) OR pre_dd_from_high_2h GE Q60(-0.585504),m15_chop14_acc LE Q10(-4.08654),pre_dd_from_high_2h GE Q60(-0.585504),True,0.6985544100057811,45.47377326565144,40.723270440251575,50.19108280254777,45.131578947368425,58.17610062893082,64.32835820895522,59.65665236051502,61.88811188811189,0.12206187662781334,0.30028108662209735,0.48832636323563083,0.5693990214218505
m15_er10_d1 GE Q60(0.00984256) OR btc1_stoch_spread_d1 GE Q90(3.01605),m15_er10_d1 GE Q60(0.00984256),btc1_stoch_spread_d1 GE Q90(3.01605),True,0.6980822719697668,44.923857868020306,45.70230607966457,46.36942675159236,48.026315789473685,55.34591194968554,56.56716417910448,56.080114449213156,55.069930069930074,0.15516882488639405,0.22843869341034623,0.5140020694119317,0.6414336832610268
m15_chop14_acc LE Q10(-4.08654) OR pre_dd_from_high_24h GE Q50(-2.00467),m15_chop14_acc LE Q10(-4.08654),pre_dd_from_high_24h GE Q50(-2.00467),True,0.6969691944618328,53.76480541455161,47.27463312368973,58.089171974522294,50.921052631578945,46.22641509433962,55.52238805970149,54.36337625178827,56.11888111888111,0.09640916960745705,0.14684449604877603,0.5574093571733766,0.5276316346965915
m15_chop14_acc LE Q10(-4.08654) OR btc1_stoch_k_d1 GE Q70(1.25682),m15_chop14_acc LE Q10(-4.08654),btc1_stoch_k_d1 GE Q70(1.25682),True,0.6957267026996434,36.632825719120135,38.102725366876314,38.34394904458599,41.8421052631579,63.41719077568134,63.582089552238806,66.95278969957081,64.6853146853147,0.1020495392782296,0.16507580525102428,0.5594546969120967,0.7604796797145458
h4_chop14 GE Q80(58.1804) OR btc1_rsi_d3 GE Q70(2.76449),h4_chop14 GE Q80(58.1804),btc1_rsi_d3 GE Q70(2.76449),True,0.6946025993836241,43.78172588832487,48.63731656184486,45.732484076433124,53.815789473684205,55.76519916142557,54.92537313432836,59.084406294706724,52.44755244755245,0.11392393985663002,0.264605497698674,0.5416634957648291,1.1413594779921994
m15_adx_acc GE Q70(0.476858) OR btc4_cmo_acc GE Q90(32.0256),m15_adx_acc GE Q70(0.476858),btc4_cmo_acc GE Q90(32.0256),True,0.6940580424207512,37.35194585448392,39.937106918238996,41.01910828025478,43.94736842105263,63.20754716981132,58.507462686567166,66.95278969957081,66.25874125874127,0.12320040498823087,0.2186582813246125,0.6854681917630873,0.49751438891710326
m15_chop14 GE Q60(55.1317) OR btc4_cmo_acc GE Q80(25.2725),m15_chop14 GE Q60(55.1317),btc4_cmo_acc GE Q80(25.2725),True,0.6936029487136189,53.045685279187815,50.157232704402524,56.05095541401274,54.34210526315789,49.056603773584904,50.44776119402985,49.07010014306152,54.37062937062937,0.19057081624862315,0.37661138250419063,0.44292672976849723,0.644495358871312
m15_chop14_acc LE Q10(-4.08654) OR m15_close_ret4 GE Q50(0.234584),m15_chop14_acc LE Q10(-4.08654),m15_close_ret4 GE Q50(0.234584),True,0.6899261060950788,53.172588832487314,53.77358490566038,55.031847133757964,55.39473684210526,46.540880503144656,43.73134328358209,46.3519313304721,45.629370629370634,0.09891195799514385,0.13815110891128313,0.5585911093710373,0.5871827981958733
m15_roc4 GE Q50(0.234584) OR m15_chop14_acc LE Q10(-4.08654),m15_roc4 GE Q50(0.234584),m15_chop14_acc LE Q10(-4.08654),True,0.6899261060950788,53.172588832487314,53.77358490566038,55.031847133757964,55.39473684210526,46.540880503144656,43.73134328358209,46.3519313304721,45.629370629370634,0.09891195799514385,0.13815110891128313,0.5585911093710373,0.5871827981958733
m15_kdj_spread GE Q70(1.90944) OR btc1_stoch_spread_d1 GE Q90(3.01605),m15_kdj_spread GE Q70(1.90944),btc1_stoch_spread_d1 GE Q90(3.01605),True,0.6885941584251499,36.421319796954315,38.15513626834382,39.61783439490446,40.39473684210526,65.9329140461216,62.83582089552239,64.09155937052932,65.20979020979021,0.24903689170213944,0.19751571739468632,0.4462864295552348,0.7168076730970722
m15_ppo_hist_d3 GE Q50(-0.0211379) OR h4_macd_hist GE Q80(0.00320368),m15_ppo_hist_d3 GE Q50(-0.0211379),h4_macd_hist GE Q80(0.00320368),True,0.6881967906079509,59.390862944162436,56.656184486373164,63.82165605095541,58.026315789473685,42.662473794549264,43.43283582089552,44.06294706723891,44.40559440559441,0.12289619481834874,0.21271035538485228,1.016241951059488,0.5378979697275919
h4_chop14 GE Q80(58.1804) OR btc1_bb_pctb_d3 GE Q80(0.157098),h4_chop14 GE Q80(58.1804),btc1_bb_pctb_d3 GE Q80(0.157098),True,0.6881693817535608,35.19458544839256,38.469601677148844,37.961783439490446,41.05263157894737,64.98951781970649,63.731343283582085,68.24034334763948,62.41258741258741,0.1782121998897818,0.058110999125815854,0.5783977845917744,0.6381523571095274
m15_kdj_j GE Q90(76.5194) OR pre_dd_from_high_24h GE Q50(-2.00467),m15_kdj_j GE Q90(76.5194),pre_dd_from_high_24h GE Q50(-2.00467),True,0.6876166422383294,52.74957698815567,47.9559748427673,57.5796178343949,52.89473684210526,47.37945492662474,56.865671641791046,56.22317596566524,55.59440559440559,0.10848366634821777,0.2293956512253998,0.4870593583365045,0.482532158965327
m15_kdj_spread GE Q70(1.90944) OR pre_dd_from_high_2h GE Q60(-0.585504),m15_kdj_spread GE Q70(1.90944),pre_dd_from_high_2h GE Q60(-0.585504),True,0.6868033406592287,53.42639593908629,49.895178197064986,56.94267515923567,54.736842105263165,50.314465408805034,54.328358208955216,48.497854077253216,52.7972027972028,0.16593670514278797,0.36100934881389324,0.4505410511134532,0.737709577134708
m15_er10_d1 GE Q60(0.00984256) OR btc4_cmo_acc GE Q90(32.0256),m15_er10_d1 GE Q60(0.00984256),btc4_cmo_acc GE Q90(32.0256),True,0.686174269747799,46.7005076142132,46.540880503144656,50.70063694267516,50.26315789473684,55.13626834381551,56.4179104477612,54.93562231759657,55.069930069930074,0.1702847035184852,0.28600595042164867,0.6349105937334724,0.44144401839747005
m15_chop14 GE Q60(55.1317) OR m15_tsi_d3 GE Q90(1.98347),m15_chop14 GE Q60(55.1317),m15_tsi_d3 GE Q90(1.98347),True,0.684185297658111,46.5736040609137,47.903563941299794,49.29936305732484,51.44736842105263,54.088050314465406,53.73134328358209,55.93705293276109,54.02097902097902,0.14386997184575534,0.3679547516453233,0.4858001458841329,0.6343470614263569
m15_adx_d3 LE Q30(-2.25983) OR m15_chop14_acc LE Q10(-4.08654),m15_adx_d3 LE Q30(-2.25983),m15_chop14_acc LE Q10(-4.08654),True,0.6820621079176447,38.11336717428088,35.0104821802935,39.36305732484077,36.973684210526315,62.99790356394131,64.02985074626866,61.945636623748214,68.7062937062937,0.1912873364208048,0.22021564012647998,0.4703171063799708,0.46578096848564216
m15_ppo_hist_d3 GE Q60(-0.00980363) OR btc4_cmo_acc GE Q80(25.2725),m15_ppo_hist_d3 GE Q60(-0.00980363),btc4_cmo_acc GE Q80(25.2725),True,0.6813284062687512,53.13028764805414,49.10901467505241,55.796178343949045,52.10526315789473,49.266247379454924,52.23880597014925,48.354792560801144,53.32167832167832,0.13864955988533556,0.23164816377464958,0.5167152408942594,0.4893610324655176
m15_ppo_hist_d3 GE Q80(0.0158154) OR pre_dd_from_high_4h GE Q70(-0.582829),m15_ppo_hist_d3 GE Q80(0.0158154),pre_dd_from_high_4h GE Q70(-0.582829),True,0.6805047686512458,44.03553299492386,39.83228511530398,48.28025477707006,43.55263157894737,59.74842767295597,62.68656716417911,57.36766809728183,63.46153846153846,0.13269447831765507,0.1462655040158597,0.473403361060723,0.49267539194334703
h4_chop14 GE Q80(58.1804) OR h4_donch_pos_d3 LE Q30(0.0363804),h4_chop14 GE Q80(58.1804),h4_donch_pos_d3 LE Q30(0.0363804),True,0.6791338875101772,44.20473773265651,43.39622641509434,46.36942675159236,49.473684210526315,54.50733752620545,62.089552238805965,59.370529327610875,57.692307692307686,0.06606099283382658,0.31929520510320303,0.5697791142976337,0.663060988042439
m15_kdj_spread GE Q70(1.90944) OR h4_chop14 GE Q80(58.1804),m15_kdj_spread GE Q70(1.90944),h4_chop14 GE Q80(58.1804),True,0.6789645765492927,43.2741116751269,43.34381551362683,47.898089171974526,45.921052631578945,58.80503144654088,58.2089552238806,58.6552217453505,59.09090909090909,0.21217914886581707,0.11526890713509375,0.5121509270551566,0.543492146605006
m15_kdj_spread GE Q80(3.88) OR m15_er10_d1 GE Q60(0.00984256),m15_kdj_spread GE Q80(3.88),m15_er10_d1 GE Q60(0.00984256),True,0.6784508421069448,50.84602368866328,51.15303983228512,54.394904458598724,54.473684210526315,51.0482180293501,52.537313432835816,50.21459227467812,48.25174825174825,0.24583145795901412,0.18589847121687741,0.6881519839475102,0.4261394833252434
btc4_cmo_acc GE Q90(32.0256) OR pre_dd_from_high_4h GE Q70(-0.582829),btc4_cmo_acc GE Q90(32.0256),pre_dd_from_high_4h GE Q70(-0.582829),True,0.6783599195581592,36.92893401015229,33.33333333333333,43.05732484076433,39.078947368421055,67.19077568134172,70.44776119402985,67.38197424892704,72.72727272727273,0.19940186153883016,0.21311903071300786,0.43247202253273576,0.3640457773175746
m15_ppo_hist_d3 GE Q60(-0.00980363) OR m15_er10_d1 GE Q60(0.00984256),m15_ppo_hist_d3 GE Q60(-0.00980363),m15_er10_d1 GE Q60(0.00984256),True,0.6769773801537508,60.49069373942471,60.84905660377359,63.05732484076433,62.10526315789474,40.670859538784065,41.7910447761194,41.77396280400572,37.41258741258741,0.07433715016175885,0.15789020462630843,0.814802073096868,0.5775160989095689
h4_macd_hist GE Q80(0.00320368) OR btc1_rsi_d3 GE Q70(2.76449),h4_macd_hist GE Q80(0.00320368),btc1_rsi_d3 GE Q70(2.76449),True,0.6763264990477633,44.585448392554994,45.911949685534594,46.11464968152866,50.78947368421053,55.45073375262054,57.91044776119403,58.798283261802574,51.92307692307693,0.21752077630720046,0.14090930778142774,0.5048331654868622,0.7719659321614062
m15_chop14 GE Q60(55.1317) OR m15_adx_d3 LE Q30(-2.25983),m15_chop14 GE Q60(55.1317),m15_adx_d3 LE Q30(-2.25983),True,0.6759514558039972,57.1912013536379,54.926624737945495,58.216560509554135,57.10526315789474,42.9769392033543,43.28358208955223,43.776824034334766,49.82517482517482,0.16139866539693903,0.3987066937522775,0.4940456072887335,0.7449226374771153
m15_adx_d3 LE Q30(-2.25983) OR btc1_bb_pctb_d3 GE Q90(0.254743),m15_adx_d3 LE Q30(-2.25983),btc1_bb_pctb_d3 GE Q90(0.254743),True,0.6756886655236697,37.22504230118444,37.63102725366876,38.853503184713375,40.526315789473685,62.68343815513627,63.43283582089553,64.37768240343348,66.43356643356644,0.16944112696877453,0.2783569104047136,0.4736783208843164,0.747969868952687
m15_kdj_j GE Q90(76.5194) OR m15_adx_acc GE Q60(0.326347),m15_kdj_j GE Q90(76.5194),m15_adx_acc GE Q60(0.326347),True,0.6753121273045968,44.03553299492386,46.9601677148847,44.840764331210195,50.13157894736842,56.079664570230605,52.537313432835816,57.65379113018598,55.59440559440559,0.16352138143231687,0.14465857083411604,0.6214054663194833,0.5145489297447541
m15_adx_d3 LE Q30(-2.25983) OR btc4_cmo_acc GE Q90(32.0256),m15_adx_d3 LE Q30(-2.25983),btc4_cmo_acc GE Q90(32.0256),True,0.6747764695960783,37.22504230118444,34.38155136268344,40.76433121019109,37.23684210526316,63.941299790356396,64.92537313432835,64.94992846924177,73.42657342657343,0.19751467365844455,0.2736045418559954,0.513305352261156,0.4201559810860394
m15_adx_acc GE Q60(0.326347) OR pre_dd_from_high_4h GE Q70(-0.582829),m15_adx_acc GE Q60(0.326347),pre_dd_from_high_4h GE Q70(-0.582829),True,0.6747608627686998,55.03384094754653,52.725366876310275,58.853503184713375,56.44736842105264,47.27463312368973,46.56716417910447,48.497854077253216,51.39860139860139,0.27753007552872994,0.10355463494290418,0.9030119418873216,0.4967661969309484
m15_kdj_spread GE Q70(1.90944) OR m15_adx_acc GE Q80(0.667864),m15_kdj_spread GE Q70(1.90944),m15_adx_acc GE Q80(0.667864),True,0.6740704906936663,42.343485617597295,43.920335429769395,44.07643312101911,46.8421052631579,58.17610062893082,56.11940298507463,58.798283261802574,59.96503496503497,0.11271638036321305,0.20621374652638602,0.526695160262017,0.6212635484519274
m15_kdj_spread GE Q70(1.90944) OR m15_chop14_acc LE Q10(-4.08654),m15_kdj_spread GE Q70(1.90944),m15_chop14_acc LE Q10(-4.08654),True,0.6738619798584388,35.659898477157356,36.37316561844864,38.853503184713375,39.473684210526315,67.08595387840671,66.26865671641791,64.09155937052932,63.286713286713294,0.20894218000613363,0.2513786558756489,0.4029094280107516,0.5055782268751868
m15_adx_acc GE Q70(0.476858) OR h4_chop14 GE Q80(58.1804),m15_adx_acc GE Q70(0.476858),h4_chop14 GE Q80(58.1804),True,0.6702095844159136,43.401015228426395,45.38784067085954,46.62420382165605,48.026315789473685,56.49895178197065,52.68656716417911,60.22889842632332,59.96503496503497,0.027910627564343787,0.13543676693769746,0.6592184194331988,0.5895294544792868
m15_ppo_hist_d3 GE Q60(-0.00980363) OR m15_er10_d1 GE Q70(0.055889),m15_ppo_hist_d3 GE Q60(-0.00980363),m15_er10_d1 GE Q70(0.055889),True,0.669887115503303,55.11844331641286,55.0314465408805,57.70700636942675,57.36842105263158,46.43605870020964,47.76119402985074,46.3519313304721,43.53146853146853,0.056698569695971916,0.26716619394131924,0.671045241979055,0.5664490555723096
m15_roc4 GE Q50(0.234584) OR btc1_stoch_spread_d1 GE Q90(3.01605),m15_roc4 GE Q50(0.234584),btc1_stoch_spread_d1 GE Q90(3.01605),True,0.6689995939604093,54.441624365482234,56.39412997903563,56.30573248407643,57.631578947368425,45.492662473794546,38.95522388059702,45.20743919885551,46.15384615384615,0.10445467742030079,0.09437342148731165,0.5498771931064418,0.7459010527536908
m15_close_ret4 GE Q50(0.234584) OR btc1_stoch_spread_d1 GE Q90(3.01605),m15_close_ret4 GE Q50(0.234584),btc1_stoch_spread_d1 GE Q90(3.01605),True,0.6689995939604093,54.441624365482234,56.39412997903563,56.30573248407643,57.631578947368425,45.492662473794546,38.95522388059702,45.20743919885551,46.15384615384615,0.10445467742030079,0.09437342148731165,0.5498771931064418,0.7459010527536908
m15_adx_acc GE Q70(0.476858) OR btc1_bb_pctb_d3 GE Q80(0.157098),m15_adx_acc GE Q70(0.476858),btc1_bb_pctb_d3 GE Q80(0.157098),True,0.668756963020722,42.47038917089678,47.53668763102725,44.3312101910828,50.39473684210526,56.81341719077568,52.23880597014925,61.51645207439199,53.671328671328666,0.19654004291076732,0.1392500708975648,0.818101406490804,0.4922904717194367
m15_adx_acc GE Q70(0.476858) OR pre_dd_from_high_24h GE Q50(-2.00467),m15_adx_acc GE Q70(0.476858),pre_dd_from_high_24h GE Q50(-2.00467),True,0.6679928367869595,60.32148900169205,56.60377358490566,64.20382165605095,59.473684210526315,39.62264150943396,41.940298507462686,47.06723891273247,49.65034965034965,0.05562429121862869,0.11132037877507206,0.9582418861097183,0.5549703330559178
m15_er10_d1 GE Q80(0.107262) OR h4_donch_pos_d3 LE Q30(0.0363804),m15_er10_d1 GE Q80(0.107262),h4_donch_pos_d3 LE Q30(0.0363804),True,0.6665393556455352,43.90862944162436,45.020964360587,45.35031847133758,51.31578947368421,55.34591194968554,63.88059701492538,57.224606580829764,49.47552447552447,0.13171190237033792,0.4770431941877223,0.505993672680933,0.5738357795270028
m15_ppo_hist_d3 GE Q60(-0.00980363) OR pre_dd_from_high_4h GE Q70(-0.582829),m15_ppo_hist_d3 GE Q60(-0.00980363),pre_dd_from_high_4h GE Q70(-0.582829),True,0.6662977910771385,54.39932318104906,51.100628930817614,58.089171974522294,54.473684210526315,48.42767295597484,51.49253731343284,48.640915593705294,51.048951048951054,0.05984004967050995,0.18624042655002937,0.5776511365351437,0.5389966358124545
m15_er10_d1 GE Q70(0.055889) OR btc4_donch_pos LE Q10(0.241459),m15_er10_d1 GE Q70(0.055889),btc4_donch_pos LE Q10(0.241459),True,0.664470379421226,36.88663282571912,43.55345911949686,39.23566878980892,47.10526315789474,63.20754716981132,58.35820895522388,64.2346208869814,58.91608391608392,0.1650724437828663,0.3605097198219289,0.600887387162559,0.4524172163565637
h4_donch_pos_d3 LE Q30(0.0363804) OR pre_dd_from_high_4h GE Q70(-0.582829),h4_donch_pos_d3 LE Q30(0.0363804),pre_dd_from_high_4h GE Q70(-0.582829),True,0.6635999052212104,51.09983079526227,47.327044025157235,54.267515923566876,52.76315789473684,50.62893081761006,59.85074626865672,52.5035765379113,52.7972027972028,0.08676636860701367,0.39023803312724253,0.6302520965742616,0.5134798340481046
m15_roc4 GE Q50(0.234584) OR btc4_cmo_acc GE Q90(32.0256),m15_roc4 GE Q50(0.234584),btc4_cmo_acc GE Q90(32.0256),True,0.6627368265710278,54.99153976311336,56.39412997903563,56.94267515923567,59.210526315789465,44.65408805031446,41.19402985074627,45.92274678111588,44.75524475524475,0.12290256328303115,0.261769148912485,0.5008115553655504,0.6916093179085654
m15_close_ret4 GE Q50(0.234584) OR btc4_cmo_acc GE Q90(32.0256),m15_close_ret4 GE Q50(0.234584),btc4_cmo_acc GE Q90(32.0256),True,0.6627368265710278,54.99153976311336,56.39412997903563,56.94267515923567,59.210526315789465,44.65408805031446,41.19402985074627,45.92274678111588,44.75524475524475,0.12290256328303115,0.261769148912485,0.5008115553655504,0.6916093179085654
m15_ppo_hist_d3 GE Q80(0.0158154) OR btc1_stoch_spread_d1 GE Q70(-1.83159),m15_ppo_hist_d3 GE Q80(0.0158154),btc1_stoch_spread_d1 GE Q70(-1.83159),True,0.6620038656465321,42.89340101522843,42.138364779874216,43.69426751592357,44.73684210526316,57.54716981132076,59.70149253731343,56.080114449213156,58.74125874125874,0.18137215744225782,0.17342022492290832,0.472566310709721,0.9093476194165414
m15_kdj_j GE Q90(76.5194) OR m15_chop14 GE Q60(55.1317),m15_kdj_j GE Q90(76.5194),m15_chop14 GE Q60(55.1317),True,0.6609212701954812,46.31979695431472,47.064989517819704,49.17197452229299,49.60526315789473,54.61215932914046,54.179104477611936,55.93705293276109,53.84615384615385,0.17788376492730767,0.34778311124376304,0.43223203246667297,0.48965501979901344
m15_er10_d1 GE Q60(0.00984256) OR h4_donch_pos_d3 LE Q30(0.0363804),m15_er10_d1 GE Q60(0.00984256),h4_donch_pos_d3 LE Q30(0.0363804),True,0.6607820932545856,58.67174280879864,59.80083857442347,59.23566878980891,65.0,40.56603773584906,47.61194029850746,42.20314735336195,36.01398601398601,0.05172383819688682,0.47035396046225175,0.6590248947945924,0.5977797354374933
m15_adx_d3 LE Q30(-2.25983) OR h4_chop14 GE Q80(58.1804),m15_adx_d3 LE Q30(-2.25983),h4_chop14 GE Q80(58.1804),True,0.65909850736764,44.373942470389174,40.19916142557652,47.00636942675159,43.15789473684211,56.91823899371069,59.70149253731343,56.50929899856938,66.08391608391608,0.12128124845740607,0.2241217755099938,0.5650590761992765,0.48516871978298554
btc1_bb_pctb_d3 GE Q90(0.254743) OR pre_dd_from_high_4h GE Q70(-0.582829),btc1_bb_pctb_d3 GE Q90(0.254743),pre_dd_from_high_4h GE Q70(-0.582829),True,0.6582596723130618,37.01353637901861,34.538784067085956,41.01910828025478,37.89473684210527,65.82809224318659,68.50746268656717,67.38197424892704,68.88111888111888,0.14951698766953725,0.14684085312551176,0.44429976368716384,0.4728070972918778
m15_er10_d1 GE Q70(0.055889) OR btc4_cmo_acc GE Q80(25.2725),m15_er10_d1 GE Q70(0.055889),btc4_cmo_acc GE Q80(25.2725),True,0.652391310646726,45.17766497461929,40.88050314465409,47.388535031847134,46.578947368421055,56.81341719077568,63.582089552238806,54.077253218884124,61.36363636363637,0.136710367305684,0.42185114939065727,0.4714635421964851,0.6246166629304962
m15_er10_d1 GE Q70(0.055889) OR btc4_cmo_acc GE Q90(32.0256),m15_er10_d1 GE Q70(0.055889),btc4_cmo_acc GE Q90(32.0256),True,0.651362903896865,37.77495769881556,37.526205450733755,41.01910828025478,42.5,63.102725366876314,66.26865671641791,64.2346208869814,64.16083916083916,0.1049739086641836,0.3543554271453875,0.4815059836038972,0.49661423479106415
m15_adx_acc GE Q70(0.476858) OR m15_close_ret4 GE Q50(0.234584),m15_adx_acc GE Q70(0.476858),m15_close_ret4 GE Q50(0.234584),True,0.6506658471418227,58.967851099830796,60.324947589098535,60.0,62.63157894736842,40.041928721174,37.16417910447761,41.77396280400572,41.25874125874126,0.041645600803821306,0.22708074444925153,0.6023141594196054,0.5883772683346173
m15_roc4 GE Q50(0.234584) OR m15_adx_acc GE Q70(0.476858),m15_roc4 GE Q50(0.234584),m15_adx_acc GE Q70(0.476858),True,0.6506658471418227,58.967851099830796,60.324947589098535,60.0,62.63157894736842,40.041928721174,37.16417910447761,41.77396280400572,41.25874125874126,0.041645600803821306,0.22708074444925153,0.6023141594196054,0.5883772683346173
m15_adx_acc GE Q70(0.476858) OR pre_dd_from_high_4h GE Q70(-0.582829),m15_adx_acc GE Q70(0.476858),pre_dd_from_high_4h GE Q70(-0.582829),True,0.6488422619082661,48.3502538071066,46.69811320754717,52.611464968152866,50.78947368421053,53.9832285115304,53.88059701492537,55.36480686695279,58.04195804195804,0.13207740655342526,0.24656757360436904,0.7270781482737979,0.43493764582157374
m15_ppo_hist_d3 GE Q60(-0.00980363) OR btc4_cmo_acc GE Q90(32.0256),m15_ppo_hist_d3 GE Q60(-0.00980363),btc4_cmo_acc GE Q90(32.0256),True,0.6469379188926752,46.44670050761421,45.335429769392036,50.57324840764331,48.68421052631579,55.45073375262054,56.11940298507463,57.5107296137339,57.34265734265735,0.11506678679873039,0.24736877104404148,0.5853901003858225,0.46489551695546977
btc4_cmo_acc GE Q80(25.2725) OR pre_dd_from_high_4h GE Q70(-0.582829),btc4_cmo_acc GE Q80(25.2725),pre_dd_from_high_4h GE Q70(-0.582829),True,0.6443895562275823,44.289340101522846,37.316561844863735,48.9171974522293,43.42105263157895,61.21593291404612,66.71641791044776,56.080114449213156,69.05594405594405,0.19381084867841258,0.2559658920612101,0.35802156053504064,0.46669182772297
h4_macd_hist GE Q80(0.00320368) OR pre_dd_from_high_2h GE Q60(-0.585504),h4_macd_hist GE Q80(0.00320368),pre_dd_from_high_2h GE Q60(-0.585504),True,0.6415206434217575,52.70727580372251,44.23480083857442,56.68789808917197,49.21052631578947,51.0482180293501,61.04477611940299,50.92989985693849,57.692307692307686,0.029495656167409887,0.27903579891741925,0.5324125415453583,0.6257554463389339
m15_adx_acc GE Q60(0.326347) OR m15_er10_d3 GE Q90(0.216841),m15_adx_acc GE Q60(0.326347),m15_er10_d3 GE Q90(0.216841),True,0.6400452118412836,43.78172588832487,47.16981132075472,43.94904458598726,51.05263157894737,55.13626834381551,52.08955223880597,58.22603719599427,55.59440559440559,0.11866333314882038,0.1790939564337699,0.5180355047392154,0.6293343007643607
m15_adx_acc GE Q80(0.667864) OR btc4_cmo_acc GE Q80(25.2725),m15_adx_acc GE Q80(0.667864),btc4_cmo_acc GE Q80(25.2725),True,0.6372692490328704,36.082910321489,34.329140461215935,38.21656050955414,37.368421052631575,64.8846960167715,63.88059701492538,65.80829756795423,73.07692307692307,0.10272439023029925,0.21096652379583658,0.5053031005721084,0.49187185504126835
m15_adx_acc GE Q80(0.667864) OR btc1_bb_pctb_d3 GE Q90(0.254743),m15_adx_acc GE Q80(0.667864),btc1_bb_pctb_d3 GE Q90(0.254743),True,0.633209051713569,27.157360406091367,31.289308176100626,28.152866242038215,34.73684210526316,71.59329140461216,68.65671641791045,76.39484978540773,72.55244755244755,0.0903230977585207,0.1345793066423142,0.5229758372361114,0.663886150875217
btc1_bb_pctb_d3 GE Q80(0.157098) OR pre_dd_from_high_4h GE Q70(-0.582829),btc1_bb_pctb_d3 GE Q80(0.157098),pre_dd_from_high_4h GE Q70(-0.582829),True,0.6315705748981276,43.52791878172589,42.55765199161425,47.51592356687898,45.39473684210527,58.59538784067087,60.149253731343286,61.945636623748214,59.79020979020979,0.2969640759594361,0.12751327217743802,0.6420616687754083,0.4473156057108693
m15_er10_d3 GE Q90(0.216841) OR pre_dd_from_high_24h GE Q50(-2.00467),m15_er10_d3 GE Q90(0.216841),pre_dd_from_high_24h GE Q50(-2.00467),True,0.6284478116710535,53.93401015228426,48.480083857442345,58.72611464968153,52.63157894736842,45.911949685534594,55.223880597014926,54.36337625178827,55.41958041958041,0.09841885612683682,0.24407963488846374,0.5135192091747179,0.4469990537456952
m15_kdj_j GE Q90(76.5194) OR m15_adx_d3 LE Q30(-2.25983),m15_kdj_j GE Q90(76.5194),m15_adx_d3 LE Q30(-2.25983),True,0.6260945784616484,38.66328257191201,35.691823899371066,39.490445859872615,37.631578947368425,62.264150943396224,64.4776119402985,60.37195994277539,68.18181818181817,0.20378968316943336,0.23982893064922262,0.405761629533003,0.41382996412683043
m15_chop14 GE Q60(55.1317) OR m15_er10_d3 GE Q90(0.216841),m15_chop14 GE Q60(55.1317),m15_er10_d3 GE Q90(0.216841),True,0.6253387168746694,46.23519458544839,47.53668763102725,48.152866242038215,50.78947368421053,54.088050314465406,53.88059701492537,56.080114449213156,54.37062937062937,0.1601807038038031,0.37078391258380416,0.42680457993906973,0.4590722909558409
m15_er10_d1 GE Q80(0.107262) OR btc1_bb_pctb_d3 GE Q80(0.157098),m15_er10_d1 GE Q80(0.107262),btc1_bb_pctb_d3 GE Q80(0.157098),True,0.6245632637400952,35.23688663282572,38.36477987421384,36.81528662420382,41.71052631578947,64.36058700209644,66.26865671641791,66.95278969957081,58.39160839160839,0.2634599148666604,0.18695894209936947,0.528254114846085,0.40603632181316374
h4_macd_hist GE Q80(0.00320368) OR btc1_stoch_spread_d1 GE Q70(-1.83159),h4_macd_hist GE Q80(0.00320368),btc1_stoch_spread_d1 GE Q70(-1.83159),True,0.6241033711628372,44.41624365482234,40.61844863731656,46.11464968152866,43.15789473684211,55.13626834381551,61.19402985074627,58.36909871244635,61.18881118881119,0.13819021991313984,0.07318726610768411,0.5169479845210266,0.6076294932833922
btc4_cmo_acc GE Q80(25.2725) OR pre_dd_from_high_2h GE Q60(-0.585504),btc4_cmo_acc GE Q80(25.2725),pre_dd_from_high_2h GE Q60(-0.585504),True,0.6239523226556207,52.70727580372251,44.91614255765199,56.560509554140125,51.578947368421055,51.99161425576519,60.447761194029844,49.07010014306152,61.01398601398601,0.19582517139868477,0.4030471693075882,0.35106247624858355,0.6476278377515534
m15_adx_acc GE Q80(0.667864) OR btc1_donch_pos_d3 GE Q90(0.212789),m15_adx_acc GE Q80(0.667864),btc1_donch_pos_d3 GE Q90(0.212789),True,0.6226122934693413,27.284263959390863,30.92243186582809,27.515923566878982,34.078947368421055,70.23060796645703,67.91044776119402,77.1101573676681,72.2027972027972,0.08958232128867878,0.17132739502934113,0.5283967800309001,0.6063902764052042
m15_er10_d1 GE Q60(0.00984256) OR btc1_bb_pctb_d3 GE Q90(0.254743),m15_er10_d1 GE Q60(0.00984256),btc1_bb_pctb_d3 GE Q90(0.254743),True,0.6223387377430988,45.09306260575296,47.0125786163522,45.605095541401276,51.05263157894737,54.40251572327044,57.3134328358209,55.793991416309005,51.39860139860139,0.08333799254647273,0.2135215179048089,0.5287600864836598,0.624269424527058
m15_ppo_hist_d3 GE Q60(-0.00980363) OR m15_close_ret4 GE Q50(0.234584),m15_ppo_hist_d3 GE Q60(-0.00980363),m15_close_ret4 GE Q50(0.234584),True,0.6183890413020954,60.74450084602368,61.32075471698113,62.29299363057324,62.5,38.67924528301887,35.97014925373134,41.201716738197426,38.98601398601399,0.066535989791755,0.19678612152082098,0.6871974726577704,0.528268145849963
m15_roc4 GE Q50(0.234584) OR m15_ppo_hist_d3 GE Q60(-0.00980363),m15_roc4 GE Q50(0.234584),m15_ppo_hist_d3 GE Q60(-0.00980363),True,0.6183890413020954,60.74450084602368,61.32075471698113,62.29299363057324,62.5,38.67924528301887,35.97014925373134,41.201716738197426,38.98601398601399,0.066535989791755,0.19678612152082098,0.6871974726577704,0.528268145849963
m15_adx_acc GE Q80(0.667864) OR pre_dd_from_high_24h GE Q50(-2.00467),m15_adx_acc GE Q80(0.667864),pre_dd_from_high_24h GE Q50(-2.00467),True,0.6179460675566883,56.598984771573605,52.25366876310272,60.63694267515923,55.00000000000001,42.9769392033543,46.865671641791046,51.78826895565093,54.37062937062937,0.0947440221538358,0.08929949225715628,0.8103402872125606,0.47371995056158644
m15_kdj_spread GE Q80(3.88) OR btc1_donch_pos_d3 GE Q90(0.212789),m15_kdj_spread GE Q80(3.88),btc1_donch_pos_d3 GE Q90(0.212789),True,0.6173524115325769,28.045685279187815,30.031446540880502,29.808917197452228,32.89473684210527,72.32704402515722,72.08955223880596,74.67811158798283,68.7062937062937,0.2018795735482377,0.18548302476909717,0.3966047483981915,0.4405952663303087
m15_ppo_hist_d3 GE Q60(-0.00980363) OR h4_chop14 GE Q80(58.1804),m15_ppo_hist_d3 GE Q60(-0.00980363),h4_chop14 GE Q80(58.1804),True,0.6172953154106741,51.48054145516075,50.524109014675055,55.6687898089172,52.368421052631575,50.0,50.0,51.78826895565093,51.57342657342657,0.16343705045217416,0.12774717423819015,0.8215049690678883,0.4526619004133535
btc1_stoch_spread_d1 GE Q90(3.01605) OR pre_dd_from_high_2h GE Q60(-0.585504),btc1_stoch_spread_d1 GE Q90(3.01605),pre_dd_from_high_2h GE Q60(-0.585504),True,0.6164495079319974,45.81218274111675,41.0377358490566,49.80891719745223,45.131578947368425,57.44234800838575,62.537313432835816,58.941344778254646,64.86013986013987,0.09153407076770043,0.2615707479008989,0.44498074803758725,0.6046297400059237
m15_ppo_hist_d3 GE Q80(0.0158154) OR h4_donch_pos_d3 LE Q30(0.0363804),m15_ppo_hist_d3 GE Q80(0.0158154),h4_donch_pos_d3 LE Q30(0.0363804),True,0.6143417850039113,43.90862944162436,42.9769392033543,45.095541401273884,48.1578947368421,56.70859538784067,62.98507462686567,55.22174535050072,55.94405594405595,0.07088618486395888,0.362533253810265,0.519717360946962,0.6755589766654199
m15_adx_d3 LE Q30(-2.25983) OR m15_er10_d3 GE Q90(0.216841),m15_adx_d3 LE Q30(-2.25983),m15_er10_d3 GE Q90(0.216841),True,0.6134853170083976,37.521150592216586,35.63941299790356,38.089171974522294,38.81578947368421,62.57861635220125,65.07462686567163,62.231759656652365,68.18181818181817,0.20037388345849827,0.2962212569533697,0.4017510059037851,0.4321871889192583
btc1_stoch_spread_d1 GE Q90(3.01605) OR pre_dd_from_high_4h GE Q70(-0.582829),btc1_stoch_spread_d1 GE Q90(3.01605),pre_dd_from_high_4h GE Q70(-0.582829),True,0.6129360079879939,36.97123519458545,32.337526205450736,41.65605095541402,35.6578947368421,66.56184486373165,69.55223880597015,66.52360515021459,73.6013986013986,0.12502736818383592,0.12762307878317847,0.4417118827995078,0.4215012691763306
m15_adx_acc GE Q70(0.476858) OR m15_er10_d1 GE Q60(0.00984256),m15_adx_acc GE Q70(0.476858),m15_er10_d1 GE Q60(0.00984256),True,0.61157714244038,52.15736040609137,54.71698113207547,52.48407643312102,57.631578947368425,47.27463312368973,46.417910447761194,48.06866952789699,47.2027972027972,0.05964089405835668,0.3266663270888134,0.7477118828252903,0.5454019278414303
m15_kdj_spread GE Q70(1.90944) OR m15_ppo_hist_d3 GE Q60(-0.00980363),m15_kdj_spread GE Q70(1.90944),m15_ppo_hist_d3 GE Q60(-0.00980363),True,0.6100998361929287,45.431472081218274,45.44025157232704,48.66242038216561,48.28947368421053,57.023060796645694,56.4179104477612,54.93562231759657,55.41958041958041,0.12645323425446928,0.29079237843171474,0.4795821191139934,0.42666215970078974
btc4_donch_pos LE Q10(0.241459) OR pre_range_4h LE Q50(2.42148),btc4_donch_pos LE Q10(0.241459),pre_range_4h LE Q50(2.42148),True,0.6097893413808504,54.82233502538071,55.188679245283026,59.87261146496815,57.631578947368425,45.70230607966457,46.11940298507463,57.36766809728183,53.32167832167832,0.3089410195970769,0.13818930465228196,1.2217799169707648,0.4227420426868605
m15_kdj_spread GE Q70(1.90944) OR m15_ppo_hist_d3 GE Q50(-0.0211379),m15_kdj_spread GE Q70(1.90944),m15_ppo_hist_d3 GE Q50(-0.0211379),True,0.6097088011702954,53.42639593908629,53.144654088050316,57.19745222929936,55.00000000000001,48.84696016771489,46.865671641791046,48.497854077253216,49.47552447552447,0.07982053370470141,0.3317356244750185,0.6615542432951688,0.4927813492266001
m15_roc4 GE Q50(0.234584) OR btc1_bb_pctb_d3 GE Q80(0.157098),m15_roc4 GE Q50(0.234584),btc1_bb_pctb_d3 GE Q80(0.157098),True,0.6069231997900096,58.46023688663282,60.22012578616353,59.87261146496815,61.578947368421055,41.19496855345912,38.95522388059702,41.3447782546495,37.06293706293706,0.2167212849398536,0.0475551496468809,0.7482634528891184,0.5321916184979782
m15_close_ret4 GE Q50(0.234584) OR btc1_bb_pctb_d3 GE Q80(0.157098),m15_close_ret4 GE Q50(0.234584),btc1_bb_pctb_d3 GE Q80(0.157098),True,0.6069231997900096,58.46023688663282,60.22012578616353,59.87261146496815,61.578947368421055,41.19496855345912,38.95522388059702,41.3447782546495,37.06293706293706,0.2167212849398536,0.0475551496468809,0.7482634528891184,0.5321916184979782
m15_er10_d1 GE Q60(0.00984256) OR h4_chop14 GE Q80(58.1804),m15_er10_d1 GE Q60(0.00984256),h4_chop14 GE Q80(58.1804),True,0.6065910820981172,51.649746192893396,51.46750524109015,56.05095541401274,52.89473684210526,49.895178197064986,50.59701492537313,49.49928469241774,48.42657342657343,0.22593484363593602,0.11141561282359169,0.9158666056261274,0.4666308372542233
btc1_stoch_spread_d1 GE Q90(3.01605) OR pre_range_4h LE Q50(2.42148),btc1_stoch_spread_d1 GE Q90(3.01605),pre_range_4h LE Q50(2.42148),True,0.605641334276149,55.414551607445006,49.63312368972746,59.87261146496815,51.973684210526315,45.38784067085954,51.7910447761194,56.36623748211731,57.692307692307686,0.23864752691464391,0.04945582413625671,1.0591174558729235,0.5093742997239152
m15_tsi_d3 GE Q90(1.98347) OR h4_chop14 GE Q50(50.0109),m15_tsi_d3 GE Q90(1.98347),h4_chop14 GE Q50(50.0109),True,0.6054337530791676,55.45685279187818,54.29769392033543,56.05095541401274,58.28947368421053,42.662473794549264,46.71641791044776,47.63948497854077,50.52447552447552,0.03690035192305847,0.2789418844971488,0.5566513487134178,1.0148987440511594
h4_macd_hist GE Q80(0.00320368) OR btc1_donch_pos_d3 GE Q90(0.212789),h4_macd_hist GE Q80(0.00320368),btc1_donch_pos_d3 GE Q90(0.212789),True,0.605199664695642,28.553299492385786,26.834381551362686,30.955414012738853,29.605263157894733,71.27882599580713,75.22388059701493,75.53648068669528,71.67832167832168,0.14794891302273414,0.09913460613000014,0.47126006747371385,0.4580227681585805
m15_kdj_spread GE Q80(3.88) OR btc1_bb_pctb_d3 GE Q90(0.254743),m15_kdj_spread GE Q80(3.88),btc1_bb_pctb_d3 GE Q90(0.254743),True,0.6035440736705786,28.00338409475465,30.660377358490564,30.063694267515924,34.60526315789474,73.16561844863732,73.28358208955224,73.8197424892704,69.23076923076923,0.17342877163989465,0.21052753545385117,0.3889090985754585,0.6011839663391663
m15_chop14_acc LE Q10(-4.08654) OR pre_dd_from_high_4h GE Q70(-0.582829),m15_chop14_acc LE Q10(-4.08654),pre_dd_from_high_4h GE Q70(-0.582829),True,0.6031618477789369,35.998307952622675,32.0230607966457,40.76433121019109,35.39473684210526,67.81970649895179,71.19402985074626,67.23891273247496,70.45454545454545,0.1505968702504199,0.13554715029752806,0.40830964998065233,0.4001811765722176
m15_adx_acc GE Q80(0.667864) OR btc1_stoch_spread_d1 GE Q90(3.01605),m15_adx_acc GE Q80(0.667864),btc1_stoch_spread_d1 GE Q90(3.01605),True,0.6025131462724156,27.49576988155668,30.031446540880502,29.29936305732484,31.842105263157894,72.32704402515722,66.71641791044776,75.25035765379113,77.7972027972028,0.0736698262458973,0.10288891892260499,0.49277145651115506,0.5348075991564246
m15_roc4 GE Q50(0.234584) OR btc4_cmo_acc GE Q80(25.2725),m15_roc4 GE Q50(0.234584),btc4_cmo_acc GE Q80(25.2725),True,0.6022821055058714,60.10998307952623,59.22431865828093,60.89171974522293,62.5,40.461215932914044,39.55223880597015,38.340486409155936,41.43356643356643,0.12814785908120696,0.30995074706275794,0.45849951311073045,0.7172998766429644
m15_close_ret4 GE Q50(0.234584) OR btc4_cmo_acc GE Q80(25.2725),m15_close_ret4 GE Q50(0.234584),btc4_cmo_acc GE Q80(25.2725),True,0.6022821055058714,60.10998307952623,59.22431865828093,60.89171974522293,62.5,40.461215932914044,39.55223880597015,38.340486409155936,41.43356643356643,0.12814785908120696,0.30995074706275794,0.45849951311073045,0.7172998766429644
m15_ppo_hist_d3 GE Q80(0.0158154) OR m15_er10_d1 GE Q60(0.00984256),m15_ppo_hist_d3 GE Q80(0.0158154),m15_er10_d1 GE Q60(0.00984256),True,0.6022353222364105,49.57698815566836,50.157232704402524,52.35668789808917,52.10526315789473,51.78197064989518,52.537313432835816,50.21459227467812,48.6013986013986,0.14162855529780768,0.14729274809907822,0.641738099560211,0.4216461578687587
m15_er10_d1 GE Q60(0.00984256) OR h4_macd_hist GE Q80(0.00320368),m15_er10_d1 GE Q60(0.00984256),h4_macd_hist GE Q80(0.00320368),True,0.5991696372162305,52.36886632825719,49.10901467505241,55.4140127388535,52.10526315789473,48.84696016771489,54.77611940298508,48.21173104434907,49.3006993006993,0.09283531294651992,0.203921854001069,0.5449212619072504,0.446409354612864
m15_er10_d3 GE Q90(0.216841) OR btc1_stoch_k_d1 GE Q70(1.25682),m15_er10_d3 GE Q90(0.216841),btc1_stoch_k_d1 GE Q70(1.25682),True,0.598866171725256,36.54822335025381,38.15513626834382,37.452229299363054,42.23684210526316,62.05450733752621,64.92537313432835,66.66666666666666,63.81118881118881,0.0860767448380953,0.20128319706274456,0.4947093079049757,0.5380805239248914
m15_ppo_hist_d3 GE Q80(0.0158154) OR m15_er10_d1 GE Q70(0.055889),m15_ppo_hist_d3 GE Q80(0.0158154),m15_er10_d1 GE Q70(0.055889),True,0.5978735817581875,41.878172588832484,41.82389937106918,43.69426751592357,44.86842105263158,59.22431865828093,61.19402985074627,56.65236051502146,56.64335664335665,0.08178002571717854,0.2348216015505139,0.47977165749918715,0.5082547774397856
h4_chop14 GE Q80(58.1804) OR pre_dd_from_high_2h GE Q60(-0.585504),h4_chop14 GE Q80(58.1804),pre_dd_from_high_2h GE Q60(-0.585504),True,0.5974766506456434,50.465313028764804,45.75471698113208,55.28662420382165,48.68421052631579,52.20125786163522,57.16417910447761,54.93562231759657,58.74125874125874,0.030375332864242502,0.20056016087821138,0.5085114468777266,0.602716183937823
m15_kdj_j GE Q90(76.5194) OR m15_ppo_hist_d3 GE Q60(-0.00980363),m15_kdj_j GE Q90(76.5194),m15_ppo_hist_d3 GE Q60(-0.00980363),True,0.5971022540654396,41.878172588832484,41.40461215932914,44.5859872611465,44.07894736842105,59.64360587002096,60.447761194029844,60.22889842632332,58.56643356643356,0.0926369290470275,0.21451426933765327,0.4684647158884555,0.450978620836574
m15_kdj_spread GE Q70(1.90944) OR m15_er10_d3 GE Q90(0.216841),m15_kdj_spread GE Q70(1.90944),m15_er10_d3 GE Q90(0.216841),True,0.5963119545217143,36.082910321489,37.473794549266245,39.23566878980892,41.18421052631579,65.82809224318659,66.56716417910448,64.2346208869814,61.53846153846154,0.20183835901511382,0.2698081962191482,0.3314184261402021,0.4008488799152037
m15_adx_acc GE Q70(0.476858) OR btc1_stoch_spread_d1 GE Q90(3.01605),m15_adx_acc GE Q70(0.476858),btc1_stoch_spread_d1 GE Q90(3.01605),True,0.5955372676825976,36.082910321489,40.40880503144654,37.8343949044586,43.026315789473685,64.0461215932914,56.4179104477612,66.38054363376253,66.6083916083916,0.0226626736680947,0.15178004385324262,0.537844902355111,0.5716474881271572
m15_kdj_spread GE Q70(1.90944) OR m15_roc4 GE Q50(0.234584),m15_kdj_spread GE Q70(1.90944),m15_roc4 GE Q50(0.234584),True,0.5934903276137827,57.61421319796954,58.333333333333336,58.72611464968153,60.921052631578945,42.45283018867924,39.850746268656714,41.77396280400572,41.43356643356643,0.07478921460346953,0.3117140889937632,0.4964630839760734,0.5998104427896319
m15_kdj_spread GE Q70(1.90944) OR m15_close_ret4 GE Q50(0.234584),m15_kdj_spread GE Q70(1.90944),m15_close_ret4 GE Q50(0.234584),True,0.5934903276137827,57.61421319796954,58.333333333333336,58.72611464968153,60.921052631578945,42.45283018867924,39.850746268656714,41.77396280400572,41.43356643356643,0.07478921460346953,0.3117140889937632,0.4964630839760734,0.5998104427896319
m15_chop14_acc LE Q10(-4.08654) OR btc1_stoch_spread_d1 GE Q70(-1.83159),m15_chop14_acc LE Q10(-4.08654),btc1_stoch_spread_d1 GE Q70(-1.83159),True,0.5926011799486697,36.632825719120135,37.21174004192872,37.70700636942676,39.60526315789474,63.41719077568134,64.77611940298507,64.09155937052932,63.81118881118881,0.1903016921934588,0.15011161044930843,0.4210059564932288,0.7068730277709386
m15_ppo_hist_d3 GE Q60(-0.00980363) OR m15_ema20_50_spread_d1 GE Q90(0.0565935),m15_ppo_hist_d3 GE Q60(-0.00980363),m15_ema20_50_spread_d1 GE Q90(0.0565935),True,0.5922182389670252,43.73942470389171,43.9727463312369,46.62420382165605,46.578947368421055,58.17610062893082,57.01492537313433,57.65379113018598,55.94405594405595,0.10537560244816528,0.20304354506747468,0.5322479709520903,0.4347186157751768
m15_er10_d1 GE Q80(0.107262) OR btc4_cmo_acc GE Q80(25.2725),m15_er10_d1 GE Q80(0.107262),btc4_cmo_acc GE Q80(25.2725),True,0.5921496390582682,36.844331641285955,33.38574423480084,40.382165605095544,38.421052631578945,64.98951781970649,71.49253731343283,63.94849785407726,67.83216783216784,0.18972439753726292,0.34959241538913444,0.33166856224481356,0.42070709290793895
m15_ppo_hist_d3 GE Q80(0.0158154) OR m15_close_ret4 GE Q50(0.234584),m15_ppo_hist_d3 GE Q80(0.0158154),m15_close_ret4 GE Q50(0.234584),True,0.5903532895877036,52.70727580372251,54.0356394129979,54.267515923566876,55.92105263157895,46.64570230607967,43.582089552238806,47.21030042918455,45.10489510489511,0.05827621083035174,0.1688974571100771,0.5008722763604646,0.5315401048109029
m15_roc4 GE Q50(0.234584) OR m15_ppo_hist_d3 GE Q80(0.0158154),m15_roc4 GE Q50(0.234584),m15_ppo_hist_d3 GE Q80(0.0158154),True,0.5903532895877036,52.70727580372251,54.0356394129979,54.267515923566876,55.92105263157895,46.64570230607967,43.582089552238806,47.21030042918455,45.10489510489511,0.05827621083035174,0.1688974571100771,0.5008722763604646,0.5315401048109029
m15_adx_acc GE Q60(0.326347) OR btc1_bb_pctb_d3 GE Q80(0.157098),m15_adx_acc GE Q60(0.326347),btc1_bb_pctb_d3 GE Q80(0.157098),True,0.589429101039954,50.169204737732656,53.19706498951782,51.71974522292994,56.315789473684205,49.47589098532495,46.56716417910447,53.36194563662375,48.07692307692308,0.2687651139932183,0.05572685919701892,0.9225622104454357,0.5026914321389895
m15_roc4 GE Q50(0.234584) OR pre_dd_from_high_4h GE Q70(-0.582829),m15_roc4 GE Q50(0.234584),pre_dd_from_high_4h GE Q70(-0.582829),True,0.5893859578378237,61.92893401015228,59.0146750524109,65.09554140127388,60.65789473684211,38.469601677148844,39.701492537313435,40.343347639484975,42.48251748251749,0.06088570026037128,0.16784508524819974,0.6079612479197517,0.4956358638888282
m15_close_ret4 GE Q50(0.234584) OR pre_dd_from_high_4h GE Q70(-0.582829),m15_close_ret4 GE Q50(0.234584),pre_dd_from_high_4h GE Q70(-0.582829),True,0.5893859578378237,61.92893401015228,59.0146750524109,65.09554140127388,60.65789473684211,38.469601677148844,39.701492537313435,40.343347639484975,42.48251748251749,0.06088570026037128,0.16784508524819974,0.6079612479197517,0.4956358638888282
m15_adx_acc GE Q80(0.667864) OR h4_chop14 GE Q80(58.1804),m15_adx_acc GE Q80(0.667864),h4_chop14 GE Q80(58.1804),True,0.58887263181455,35.44839255499154,36.68763102725367,38.34394904458599,38.55263157894736,64.0461215932914,60.895522388059696,67.95422031473534,69.58041958041959,0.03257552927984444,0.09702679243022871,0.5557268155081524,0.5189970915008317
m15_ppo_hist_d3 GE Q80(0.0158154) OR btc1_donch_pos_d3 GE Q90(0.212789),m15_ppo_hist_d3 GE Q80(0.0158154),btc1_donch_pos_d3 GE Q90(0.212789),True,0.586071948046531,28.00338409475465,30.18867924528302,29.29936305732484,32.10526315789474,72.22222222222221,70.74626865671641,72.96137339055794,68.00699300699301,0.13610142723887275,0.1661320473789868,0.42405094155625445,0.5453717536868343
h4_macd_hist GE Q80(0.00320368) OR pre_dd_from_high_4h GE Q70(-0.582829),h4_macd_hist GE Q80(0.00320368),pre_dd_from_high_4h GE Q70(-0.582829),True,0.5858525869088591,44.373942470389174,36.32075471698113,48.789808917197455,40.6578947368421,59.11949685534591,67.16417910447761,58.6552217453505,66.08391608391608,0.07535610957529658,0.1274863060824093,0.5134099303149627,0.42375367693634297
h4_chop14 GE Q80(58.1804) OR btc1_stoch_spread_d1 GE Q90(3.01605),h4_chop14 GE Q80(58.1804),btc1_stoch_spread_d1 GE Q90(3.01605),True,0.5843548058994427,27.79187817258883,27.358490566037734,31.337579617834393,29.078947368421055,72.64150943396226,72.68656716417911,75.53648068669528,77.7972027972028,0.10519129481793615,0.08526035991468128,0.464685309937095,0.5052310013827847
m15_kdj_spread GE Q80(3.88) OR m15_ppo_hist_d3 GE Q50(-0.0211379),m15_kdj_spread GE Q80(3.88),m15_ppo_hist_d3 GE Q50(-0.0211379),True,0.5838121699497085,51.31133671742809,50.314465408805034,54.64968152866242,52.10526315789473,50.524109014675055,49.55223880597015,51.78826895565093,52.09790209790209,0.07642389044119115,0.2835875565577022,0.6958791230677902,0.47157232452672343
m15_kdj_j GE Q90(76.5194) OR pre_dd_from_high_2h GE Q60(-0.585504),m15_kdj_j GE Q90(76.5194),pre_dd_from_high_2h GE Q60(-0.585504),True,0.5835150368728819,43.65482233502538,38.9937106918239,48.152866242038215,43.94736842105263,60.062893081761004,66.4179104477612,60.08583690987125,63.46153846153846,0.10682681998839522,0.29487122664588494,0.38672733874422993,0.4169834477945962
m15_adx_acc GE Q80(0.667864) OR btc4_cmo_acc GE Q90(32.0256),m15_adx_acc GE Q80(0.667864),btc4_cmo_acc GE Q90(32.0256),True,0.5834192644718943,28.25719120135364,29.769392033542978,31.97452229299363,32.89473684210527,71.59329140461216,68.65671641791045,76.5379113018598,77.27272727272727,0.0992476843128513,0.1815082958517178,0.5515235306176648,0.4216646839877972
m15_er10_d1 GE Q80(0.107262) OR h4_chop14 GE Q80(58.1804),m15_er10_d1 GE Q80(0.107262),h4_chop14 GE Q80(58.1804),True,0.5830979311760599,35.82910321489002,35.53459119496855,41.27388535031847,37.5,65.30398322851153,67.61194029850746,66.80972818311875,63.11188811188811,0.20078419784137086,0.1830562587431156,0.5265380083756478,0.3607334963323154
m15_er10_d3 GE Q90(0.216841) OR pre_dd_from_high_2h GE Q60(-0.585504),m15_er10_d3 GE Q90(0.216841),pre_dd_from_high_2h GE Q60(-0.585504),True,0.582429188527847,45.558375634517766,40.82809224318658,49.681528662420384,45.39473684210527,57.54716981132076,64.62686567164178,59.513590844062946,62.06293706293706,0.11140505943137058,0.33230736256626836,0.3885610685384241,0.4028682836659899
m15_kdj_spread GE Q70(1.90944) OR m15_ema20_50_spread_d1 GE Q90(0.0565935),m15_kdj_spread GE Q70(1.90944),m15_ema20_50_spread_d1 GE Q90(0.0565935),True,0.5822436154397194,34.22165820642978,36.11111111111111,37.19745222929936,39.86842105263158,68.0293501048218,66.56716417910448,64.94992846924177,63.81118881118881,0.1907306400460166,0.24754526387185521,0.33199709493631124,0.5194351822107184
m15_er10_d1 GE Q70(0.055889) OR btc1_stoch_spread_d1 GE Q90(3.01605),m15_er10_d1 GE Q70(0.055889),btc1_stoch_spread_d1 GE Q90(3.01605),True,0.5807017597440647,36.082910321489,36.897274633123686,37.07006369426751,39.86842105263158,64.15094339622641,65.22388059701493,64.37768240343348,64.5104895104895,0.1480132714750535,0.2962812027824146,0.412945420813441,0.6751902841608463
h4_chop14 GE Q80(58.1804) OR pre_dd_from_high_4h GE Q70(-0.582829),h4_chop14 GE Q80(58.1804),pre_dd_from_high_4h GE Q70(-0.582829),True,0.5782819098777718,43.401015228426395,38.78406708595388,48.28025477707006,41.578947368421055,59.0146750524109,63.43283582089553,60.94420600858369,65.55944055944056,0.06501653461893594,0.07681963501780731,0.46398112689276505,0.4573677696094924
m15_er10_d1 GE Q70(0.055889) OR pre_dd_from_high_4h GE Q70(-0.582829),m15_er10_d1 GE Q70(0.055889),pre_dd_from_high_4h GE Q70(-0.582829),True,0.5759551916263119,48.13874788494078,43.920335429769395,51.59235668789809,47.63157894736842,53.9832285115304,60.0,53.934191702432045,56.993006993006986,0.11997348892926588,0.2795386446363972,0.5382230775055282,0.38690952663789974
m15_kdj_spread GE Q80(3.88) OR h4_macd_hist GE Q80(0.00320368),m15_kdj_spread GE Q80(3.88),h4_macd_hist GE Q80(0.00320368),True,0.5751917919625765,36.082910321489,31.813417190775684,40.50955414012739,35.6578947368421,66.66666666666666,71.04477611940298,65.80829756795423,67.83216783216784,0.16128566746896783,0.11177015100422438,0.44056190592806643,0.38653209003702377
m15_er10_d1 GE Q80(0.107262) OR h4_macd_hist GE Q80(0.00320368),m15_er10_d1 GE Q80(0.107262),h4_macd_hist GE Q80(0.00320368),True,0.5728185250622991,35.998307952622675,33.22851153039832,39.490445859872615,37.10526315789473,64.67505241090147,71.34328358208955,65.80829756795423,64.33566433566433,0.15234051764814105,0.18706577461966434,0.35063524926915923,0.39331583443819623
m15_chop14_acc LE Q10(-4.08654) OR h4_donch_pos_d3 LE Q30(0.0363804),m15_chop14_acc LE Q10(-4.08654),h4_donch_pos_d3 LE Q30(0.0363804),True,0.5715020476542981,37.22504230118444,37.63102725366876,38.34394904458599,43.42105263157895,63.312368972746334,69.1044776119403,63.66237482117311,59.96503496503497,0.08116377694363497,0.36963611171549565,0.4679601358426321,0.60567608151092
m15_adx_d3 LE Q30(-2.25983) OR btc1_stoch_spread_d1 GE Q90(3.01605),m15_adx_d3 LE Q30(-2.25983),btc1_stoch_spread_d1 GE Q90(3.01605),True,0.571454965854099,36.88663282571912,33.700209643605874,38.98089171974522,34.21052631578947,64.36058700209644,63.731343283582085,63.519313304721024,73.25174825174825,0.1507101312929048,0.18483325837731257,0.4944096926701106,0.4105385011175223
m15_ppo_hist_d3 GE Q80(0.0158154) OR m15_er10_d1 GE Q80(0.107262),m15_ppo_hist_d3 GE Q80(0.0158154),m15_er10_d1 GE Q80(0.107262),True,0.5712105007801321,33.92554991539763,34.696016771488466,37.07006369426751,37.10526315789473,67.61006289308176,68.50746268656717,65.09298998569385,62.23776223776224,0.18476086189082153,0.17662742384538355,0.38411345795203655,0.34639814920662326
m15_adx_acc GE Q70(0.476858) OR h4_macd_hist GE Q80(0.00320368),m15_adx_acc GE Q70(0.476858),h4_macd_hist GE Q80(0.00320368),True,0.5710142348795268,43.52791878172589,42.40041928721174,46.7515923566879,45.526315789473685,57.023060796645694,56.56716417910448,58.941344778254646,60.13986013986013,0.053757337854777196,0.0910387194121054,0.6144537343553832,0.45473896697951083
m15_er10_d1 GE Q70(0.055889) OR h4_donch_pos_d3 LE Q30(0.0363804),m15_er10_d1 GE Q70(0.055889),h4_donch_pos_d3 LE Q30(0.0363804),True,0.5707765374921717,51.31133671742809,52.09643605870021,51.71974522292994,58.28947368421053,47.693920335429766,56.11940298507463,49.213161659513595,43.18181818181818,0.021853470751524787,0.5316945982954961,0.54075489663061,0.6735765082498217
btc4_donch_pos LE Q10(0.241459) OR pre_dd_from_high_4h GE Q70(-0.582829),btc4_donch_pos LE Q10(0.241459),pre_dd_from_high_4h GE Q70(-0.582829),True,0.5702746579625788,37.22504230118444,39.57023060796646,42.92993630573248,43.28947368421053,66.35220125786164,63.28358208955224,66.80972818311875,66.25874125874127,0.21985452756629326,0.17242648979435982,0.6238058986668021,0.32346330664333756
m15_kdj_spread GE Q80(3.88) OR pre_dd_from_high_4h GE Q70(-0.582829),m15_kdj_spread GE Q80(3.88),pre_dd_from_high_4h GE Q70(-0.582829),True,0.5699246106973249,42.47038917089678,38.62683438155136,46.87898089171975,42.76315789473684,61.63522012578616,64.17910447761194,59.370529327610875,65.20979020979021,0.2218073504439959,0.12152210838892852,0.487285780212363,0.36567603204468674
m15_chop14_acc LE Q10(-4.08654) OR btc4_donch_pos LE Q10(0.241459),m15_chop14_acc LE Q10(-4.08654),btc4_donch_pos LE Q10(0.241459),True,0.5687439974788112,19.204737732656515,26.467505241090144,23.05732484076433,28.947368421052634,82.80922431865828,74.17910447761194,82.97567954220315,76.04895104895105,0.18780666071374366,0.1482659083895268,0.4164281673272231,0.3708808254900346
m15_kdj_spread GE Q80(3.88) OR m15_er10_d1 GE Q80(0.107262),m15_kdj_spread GE Q80(3.88),m15_er10_d1 GE Q80(0.107262),True,0.5669822127481524,34.5600676818951,34.85324947589098,37.57961783439491,38.55263157894736,66.98113207547169,69.25373134328359,66.09442060085837,62.58741258741259,0.2404218009299054,0.1762735883587827,0.37119107345161695,0.3303176213393735
m15_adx_acc GE Q80(0.667864) OR pre_dd_from_high_4h GE Q70(-0.582829),m15_adx_acc GE Q80(0.667864),pre_dd_from_high_4h GE Q70(-0.582829),True,0.5658982641000565,41.96277495769882,39.884696016771485,45.47770700636943,43.42105263157895,59.74842767295597,60.895522388059696,62.374821173104436,65.38461538461539,0.12201783673896993,0.15687614953262663,0.5737914198147859,0.37358178638767436
h4_donch_pos_d3 LE Q30(0.0363804) OR btc1_stoch_spread_d1 GE Q90(3.01605),h4_donch_pos_d3 LE Q30(0.0363804),btc1_stoch_spread_d1 GE Q90(3.01605),True,0.5632895393487889,36.50592216582064,36.0062893081761,37.57961783439491,40.6578947368421,62.78825995807128,68.35820895522387,65.379113018598,66.08391608391608,0.06981420713920497,0.32467899844178044,0.47200141883809865,0.5807887755699352
m15_kdj_j GE Q90(76.5194) OR h4_donch_pos_d3 LE Q30(0.0363804),m15_kdj_j GE Q90(76.5194),h4_donch_pos_d3 LE Q30(0.0363804),True,0.563101547447322,37.39424703891709,37.84067085953878,38.726114649681534,43.42105263157895,62.78825995807128,69.55223880597015,62.94706723891274,59.79020979020979,0.12538059115824757,0.3904695628654447,0.4110836040737854,0.4635679388392231
h4_macd_hist GE Q80(0.00320368) OR h4_donch_pos_d3 LE Q30(0.0363804),h4_macd_hist GE Q80(0.00320368),h4_donch_pos_d3 LE Q30(0.0363804),True,0.5615467585111763,44.79695431472081,41.299790356394126,46.11464968152866,46.578947368421055,54.926624737945495,64.77611940298507,57.224606580829764,57.16783216783217,0.03409262140444851,0.34087770976562737,0.5011002297705708,0.5499753859984686
m15_ppo_hist_d3 GE Q50(-0.0211379) OR m15_er10_d3 GE Q90(0.216841),m15_ppo_hist_d3 GE Q50(-0.0211379),m15_er10_d3 GE Q90(0.216841),True,0.5602913442626631,53.80710659898477,53.301886792452834,57.07006369426752,55.13157894736842,47.903563941299794,47.61194029850746,48.927038626609445,47.55244755244755,0.03168376472575932,0.32178975814387206,0.6255797231400909,0.49201373643859214
m15_ppo_hist_d3 GE Q80(0.0158154) OR h4_chop14 GE Q80(58.1804),m15_ppo_hist_d3 GE Q80(0.0158154),h4_chop14 GE Q80(58.1804),True,0.559631567676685,36.04060913705584,35.37735849056604,40.382165605095544,37.23684210526316,65.82809224318659,65.5223880597015,64.94992846924177,66.6083916083916,0.11877830542265692,0.09592670157803174,0.5300784140448539,0.42651519380471087
m15_er10_d1 GE Q80(0.107262) OR btc4_cmo_acc GE Q90(32.0256),m15_er10_d1 GE Q80(0.107262),btc4_cmo_acc GE Q90(32.0256),True,0.558432874392,28.59560067681895,29.245283018867923,33.2484076433121,33.68421052631579,72.22222222222221,75.3731343283582,74.8211731044349,70.97902097902097,0.17470301326148258,0.2841796803568313,0.36220885832692995,0.29495131098156013
m15_tsi_d3 GE Q90(1.98347) OR btc1_bb_pctb_d3 GE Q80(0.157098),m15_tsi_d3 GE Q90(1.98347),btc1_bb_pctb_d3 GE Q80(0.157098),True,0.5580576994536411,26.692047377326567,29.874213836477985,28.02547770700637,32.76315789473684,72.95597484276729,73.43283582089552,75.67954220314735,67.83216783216784,0.18653406464342173,0.1297353546748664,0.45125387594328437,0.40165373818517874
m15_er10_d1 GE Q70(0.055889) OR h4_macd_hist GE Q80(0.00320368),m15_er10_d1 GE Q70(0.055889),h4_macd_hist GE Q80(0.00320368),True,0.5551968484404609,44.247038917089675,40.723270440251575,46.7515923566879,45.0,56.49895178197065,62.98507462686567,56.22317596566524,58.39160839160839,0.058905461588312794,0.2416084907962061,0.44620031806018357,0.5489915860469944
m15_chop14_acc LE Q10(-4.08654) OR btc1_bb_pctb_d3 GE Q80(0.157098),m15_chop14_acc LE Q10(-4.08654),btc1_bb_pctb_d3 GE Q80(0.157098),True,0.5541978517704595,27.834179357022,32.59958071278826,30.19108280254777,34.868421052631575,74.1090146750524,70.0,74.10586552217453,64.6853146853147,0.24943882660697614,0.06512170264139272,0.4751446753710863,0.4436993423322006
m15_er10_d1 GE Q60(0.00984256) OR m15_chop14_acc LE Q10(-4.08654),m15_er10_d1 GE Q60(0.00984256),m15_chop14_acc LE Q10(-4.08654),True,0.5502434971142238,43.90862944162436,44.91614255765199,45.35031847133758,46.578947368421055,56.70859538784067,57.76119402985075,55.50786838340487,53.84615384615385,0.08227910604383902,0.15975472044123162,0.43913061047612045,0.4463160743726823
m15_ppo_hist_d3 GE Q60(-0.00980363) OR m15_chop14_acc LE Q10(-4.08654),m15_ppo_hist_d3 GE Q60(-0.00980363),m15_chop14_acc LE Q10(-4.08654),True,0.5500301908816557,43.65482233502538,43.55345911949686,46.87898089171975,45.39473684210527,58.38574423480084,57.611940298507456,58.22603719599427,56.46853146853147,0.09944314590719971,0.22084152219701592,0.56290360553546,0.4137614905222878
h4_macd_hist GE Q80(0.00320368) OR btc4_cmo_acc GE Q80(25.2725),h4_macd_hist GE Q80(0.00320368),btc4_cmo_acc GE Q80(25.2725),True,0.5500298289471992,36.421319796954315,28.511530398322847,41.40127388535032,32.5,67.40041928721175,74.17910447761194,64.66380543633763,74.12587412587412,0.16272051056249487,0.16665356153257493,0.3733361691218292,0.30753992635116134
m15_kdj_j GE Q90(76.5194) OR m15_roc4 GE Q50(0.234584),m15_kdj_j GE Q90(76.5194),m15_roc4 GE Q50(0.234584),True,0.5492660643015488,51.14213197969543,52.14884696016772,52.48407643312102,53.68421052631579,48.42767295597484,45.37313432835821,48.640915593705294,46.67832167832168,0.0732375517129215,0.10887943193641714,0.4537535033477341,0.4491896235201155
m15_kdj_j GE Q90(76.5194) OR m15_close_ret4 GE Q50(0.234584),m15_kdj_j GE Q90(76.5194),m15_close_ret4 GE Q50(0.234584),True,0.5492660643015488,51.14213197969543,52.14884696016772,52.48407643312102,53.68421052631579,48.42767295597484,45.37313432835821,48.640915593705294,46.67832167832168,0.0732375517129215,0.10887943193641714,0.4537535033477341,0.4491896235201155
m15_kdj_spread GE Q80(3.88) OR btc4_donch_pos LE Q10(0.241459),m15_kdj_spread GE Q80(3.88),btc4_donch_pos LE Q10(0.241459),True,0.5492002652376715,27.66497461928934,33.542976939203356,31.84713375796178,36.578947368421055,74.84276729559748,68.2089552238806,74.10586552217453,69.23076923076923,0.31356322495310956,0.17806882940819646,0.5671106699856315,0.31041202724512107
m15_adx_acc GE Q70(0.476858) OR m15_chop14_acc LE Q10(-4.08654),m15_adx_acc GE Q70(0.476858),m15_chop14_acc LE Q10(-4.08654),True,0.5484919426526009,34.940778341793575,37.264150943396224,36.94267515923567,40.0,65.51362683438155,61.34328358208955,66.38054363376253,65.03496503496503,0.03511254760798693,0.14806006678917194,0.5416646685038152,0.47334145869577215
m15_adx_acc GE Q80(0.667864) OR m15_er10_d1 GE Q60(0.00984256),m15_adx_acc GE Q80(0.667864),m15_er10_d1 GE Q60(0.00984256),True,0.5480997070972645,47.41962774957699,50.157232704402524,47.898089171974526,52.5,51.257861635220124,51.7910447761194,54.220314735336196,50.349650349650354,0.016595620025492114,0.2818001180190035,0.5904978032836347,0.5219348586238217
h4_chop14 GE Q80(58.1804) OR btc4_cmo_acc GE Q80(25.2725),h4_chop14 GE Q80(58.1804),btc4_cmo_acc GE Q80(25.2725),True,0.5480701076442313,36.04060913705584,30.974842767295595,41.146496815286625,34.21052631578947,67.19077568134172,70.0,65.23605150214593,74.47552447552448,0.17048811819191756,0.09845092742193595,0.38490550925241773,0.3852503655795517
m15_adx_d3 LE Q30(-2.25983) OR m15_tsi_d3 GE Q90(1.98347),m15_adx_d3 LE Q30(-2.25983),m15_tsi_d3 GE Q90(1.98347),True,0.5471846925232036,38.74788494077834,35.482180293501045,39.61783439490446,38.28947368421053,61.530398322851156,64.32835820895522,61.08726752503576,69.75524475524476,0.1266891272931812,0.25074681598780163,0.40309657614749994,0.4710290654666622
m15_chop14_acc LE Q10(-4.08654) OR btc4_cmo_acc GE Q90(32.0256),m15_chop14_acc LE Q10(-4.08654),btc4_cmo_acc GE Q90(32.0256),True,0.5470011424715054,19.077834179357023,19.60167714884696,24.076433121019107,22.894736842105264,83.75262054507337,82.23880597014926,83.40486409155938,82.34265734265735,0.15062268935841394,0.16204090011936967,0.3305172592479254,0.34312888687949805
m15_ppo_hist_d3 GE Q80(0.0158154) OR btc4_donch_pos LE Q10(0.241459),m15_ppo_hist_d3 GE Q80(0.0158154),btc4_donch_pos LE Q10(0.241459),True,0.5469725387124937,28.045685279187815,33.80503144654088,31.59235668789809,35.78947368421053,74.42348008385744,66.11940298507463,71.38769670958513,69.23076923076923,0.18363313954093435,0.13983102448591367,0.5373140785934062,0.36745266947318705
m15_tsi_d3 GE Q90(1.98347) OR m15_close_ret4 GE Q50(0.234584),m15_tsi_d3 GE Q90(1.98347),m15_close_ret4 GE Q50(0.234584),True,0.5466496911327038,50.592216582064296,52.04402515723271,52.101910828025474,53.68421052631579,48.84696016771489,45.223880597014926,48.927038626609445,47.37762237762238,0.06612610418574508,0.1047251102580089,0.45032970202773515,0.478222255540877
m15_roc4 GE Q50(0.234584) OR m15_tsi_d3 GE Q90(1.98347),m15_roc4 GE Q50(0.234584),m15_tsi_d3 GE Q90(1.98347),True,0.5466496911327038,50.592216582064296,52.04402515723271,52.101910828025474,53.68421052631579,48.84696016771489,45.223880597014926,48.927038626609445,47.37762237762238,0.06612610418574508,0.1047251102580089,0.45032970202773515,0.478222255540877
h4_macd_hist GE Q80(0.00320368) OR h4_chop14 GE Q80(58.1804),h4_macd_hist GE Q80(0.00320368),h4_chop14 GE Q80(58.1804),True,0.5462701821017915,36.16751269035533,29.874213836477985,40.12738853503185,33.81578947368421,65.40880503144653,72.23880597014926,66.38054363376253,72.55244755244755,0.028804763810924047,0.06811339143444128,0.43863390554674286,0.5264897443773137
m15_ema20_50_spread_d1 GE Q90(0.0565935) OR m15_close_ret4 GE Q50(0.234584),m15_ema20_50_spread_d1 GE Q90(0.0565935),m15_close_ret4 GE Q50(0.234584),True,0.5461365843857219,50.54991539763113,52.09643605870021,52.48407643312102,53.815789473684205,49.37106918238994,45.37313432835821,48.21173104434907,46.85314685314685,0.09626914795282912,0.11251779941410656,0.4237301792118645,0.4154803681332129
m15_roc4 GE Q50(0.234584) OR m15_ema20_50_spread_d1 GE Q90(0.0565935),m15_roc4 GE Q50(0.234584),m15_ema20_50_spread_d1 GE Q90(0.0565935),True,0.5461365843857219,50.54991539763113,52.09643605870021,52.48407643312102,53.815789473684205,49.37106918238994,45.37313432835821,48.21173104434907,46.85314685314685,0.09626914795282912,0.11251779941410656,0.4237301792118645,0.4154803681332129
m15_ema20_50_spread_d1 GE Q90(0.0565935) OR btc4_cmo_acc GE Q80(25.2725),m15_ema20_50_spread_d1 GE Q90(0.0565935),btc4_cmo_acc GE Q80(25.2725),True,0.5460856836699494,27.876480541455162,25.733752620545076,30.700636942675157,29.210526315789476,75.57651991614256,76.86567164179104,69.241773962804,76.92307692307693,0.2234391368933647,0.22568729489194106,0.2990087848611763,0.26616341875218474
btc1_donch_pos_d3 GE Q90(0.212789) OR pre_dd_from_high_4h GE Q70(-0.582829),btc1_donch_pos_d3 GE Q90(0.212789),pre_dd_from_high_4h GE Q70(-0.582829),True,0.5459865439211979,36.97123519458545,34.276729559748425,40.50955414012739,37.23684210526316,64.98951781970649,67.46268656716417,68.0972818311874,68.88111888111888,0.1731121732034365,0.11294258238873756,0.4533780093190384,0.3738417106221657
m15_adx_d3 LE Q30(-2.25983) OR btc4_donch_pos LE Q10(0.241459),m15_adx_d3 LE Q30(-2.25983),btc4_donch_pos LE Q10(0.241459),True,0.5451141407242809,37.43654822335025,40.35639412997904,40.50955414012739,41.18421052631579,64.15094339622641,57.3134328358209,63.23319027181689,66.6083916083916,0.25032750291920175,0.16167843247865354,0.6177975401256376,0.3668793803188924
m15_roc4 GE Q50(0.234584) OR m15_close_ret4 GE Q50(0.234584),m15_roc4 GE Q50(0.234584),m15_close_ret4 GE Q50(0.234584),True,0.5446977401228514,50.0,51.41509433962265,51.847133757961785,53.1578947368421,49.37106918238994,45.97014925373134,49.64234620886982,47.55244755244755,0.06501403037862262,0.10599486679795533,0.44482770179983977,0.4680846280038091
h4_macd_hist GE Q80(0.00320368) OR btc1_bb_pctb_d3 GE Q80(0.157098),h4_macd_hist GE Q80(0.00320368),btc1_bb_pctb_d3 GE Q80(0.157098),True,0.5446675140822619,36.80203045685279,36.37316561844864,39.61783439490446,38.81578947368421,63.83647798742138,66.4179104477612,67.0958512160229,60.48951048951049,0.23847415044720177,0.014032712401541914,0.6325225382634175,0.48178232457600845
m15_er10_d1 GE Q80(0.107262) OR m15_close_ret4 GE Q50(0.234584),m15_er10_d1 GE Q80(0.107262),m15_close_ret4 GE Q50(0.234584),True,0.5438044742653287,56.04906937394247,56.55136268343816,58.089171974522294,58.81578947368421,42.9769392033543,42.38805970149254,44.49213161659514,42.13286713286713,0.05986167940603745,0.09597968615947317,0.48680459891783834,0.4431407428476948
m15_roc4 GE Q50(0.234584) OR m15_er10_d1 GE Q80(0.107262),m15_roc4 GE Q50(0.234584),m15_er10_d1 GE Q80(0.107262),True,0.5438044742653287,56.04906937394247,56.55136268343816,58.089171974522294,58.81578947368421,42.9769392033543,42.38805970149254,44.49213161659514,42.13286713286713,0.05986167940603745,0.09597968615947317,0.48680459891783834,0.4431407428476948
m15_ppo_hist_d3 GE Q80(0.0158154) OR btc1_bb_pctb_d3 GE Q90(0.254743),m15_ppo_hist_d3 GE Q80(0.0158154),btc1_bb_pctb_d3 GE Q90(0.254743),True,0.543110705618136,28.25719120135364,30.60796645702306,29.68152866242038,33.026315789473685,72.43186582809224,71.7910447761194,72.1030042918455,68.18181818181817,0.11366922927638085,0.16308767433220495,0.40095472712042024,0.6617271980280022
m15_chop14_acc LE Q10(-4.08654) OR btc4_cmo_acc GE Q80(25.2725),m15_chop14_acc LE Q10(-4.08654),btc4_cmo_acc GE Q80(25.2725),True,0.5428582655093492,28.130287648054146,24.58071278825996,32.101910828025474,27.500000000000004,75.9958071278826,77.16417910447761,71.5307582260372,77.7972027972028,0.16900943277273034,0.19489119004537625,0.31546308850181803,0.36055222254689323
m15_er10_d1 GE Q80(0.107262) OR btc1_donch_pos_d3 GE Q90(0.212789),m15_er10_d1 GE Q80(0.107262),btc1_donch_pos_d3 GE Q90(0.212789),True,0.5428409286617251,27.707275803722503,29.926624737945495,28.662420382165603,33.28947368421053,70.85953878406708,74.4776119402985,74.8211731044349,67.65734265734265,0.16833158794161754,0.24760400452773146,0.35540644915124553,0.40863242270604105
m15_adx_acc GE Q80(0.667864) OR m15_close_ret4 GE Q50(0.234584),m15_adx_acc GE Q80(0.667864),m15_close_ret4 GE Q50(0.234584),True,0.5405860691039777,54.90693739424704,56.60377358490566,55.92356687898089,58.026315789473685,44.0251572327044,40.74626865671642,45.493562231759654,43.70629370629371,0.03231736770538179,0.1383499086052642,0.4879361117039188,0.5258268114736586
m15_roc4 GE Q50(0.234584) OR m15_adx_acc GE Q80(0.667864),m15_roc4 GE Q50(0.234584),m15_adx_acc GE Q80(0.667864),True,0.5405860691039777,54.90693739424704,56.60377358490566,55.92356687898089,58.026315789473685,44.0251572327044,40.74626865671642,45.493562231759654,43.70629370629371,0.03231736770538179,0.1383499086052642,0.4879361117039188,0.5258268114736586
m15_adx_acc GE Q80(0.667864) OR m15_ppo_hist_d3 GE Q80(0.0158154),m15_adx_acc GE Q80(0.667864),m15_ppo_hist_d3 GE Q80(0.0158154),True,0.5402039324495407,34.390862944162436,35.63941299790356,35.6687898089172,36.973684210526315,65.9329140461216,62.83582089552239,64.94992846924177,67.83216783216784,0.060500780153855745,0.13191296915186912,0.5063677129837493,0.45414461500058967
h4_chop14 GE Q80(58.1804) OR btc1_bb_pctb_d3 GE Q90(0.254743),h4_chop14 GE Q80(58.1804),btc1_bb_pctb_d3 GE Q90(0.254743),True,0.5395817023880605,27.241962774957702,28.983228511530395,29.68152866242038,32.5,72.74633123689728,74.4776119402985,75.9656652360515,72.9020979020979,0.07592414615322583,0.10635551888863537,0.41486623848558113,0.6453075084137373
m15_er10_d1 GE Q80(0.107262) OR pre_dd_from_high_4h GE Q70(-0.582829),m15_er10_d1 GE Q80(0.107262),pre_dd_from_high_4h GE Q70(-0.582829),True,0.5393827946561118,41.96277495769882,37.63102725366876,46.36942675159236,40.78947368421053,60.37735849056604,66.56716417910448,60.94420600858369,62.41258741258741,0.20601271307651947,0.20794752631802849,0.4504392920270509,0.270201152968757
m15_er10_d3 GE Q90(0.216841) OR btc1_stoch_spread_d1 GE Q70(-1.83159),m15_er10_d3 GE Q90(0.216841),btc1_stoch_spread_d1 GE Q70(-1.83159),True,0.5393238611777089,36.37901861252115,37.526205450733755,36.81528662420382,40.26315789473684,62.78825995807128,64.32835820895522,64.09155937052932,63.98601398601399,0.18419878261112252,0.15988550537146906,0.3707129955725864,0.5832906780669302
h4_macd_hist GE Q80(0.00320368) OR btc1_bb_pctb_d3 GE Q90(0.254743),h4_macd_hist GE Q80(0.00320368),btc1_bb_pctb_d3 GE Q90(0.254743),True,0.538857616407162,28.045685279187815,26.67714884696017,30.445859872611464,30.263157894736842,72.32704402515722,77.01492537313432,75.3934191702432,72.2027972027972,0.0980819532795059,0.09831665735343975,0.39277217125918307,0.5622664056825075
m15_er10_d1 GE Q80(0.107262) OR btc4_donch_pos LE Q10(0.241459),m15_er10_d1 GE Q80(0.107262),btc4_donch_pos LE Q10(0.241459),True,0.538455424591927,28.08798646362098,35.58700209643606,31.46496815286624,38.81578947368421,71.9077568134172,67.01492537313433,74.53505007153076,65.55944055944056,0.19308255160632462,0.28999441117441216,0.47806919342329335,0.2807971254406393
m15_kdj_spread GE Q80(3.88) OR m15_adx_acc GE Q70(0.476858),m15_kdj_spread GE Q80(3.88),m15_adx_acc GE Q70(0.476858),True,0.5383328548977764,42.68189509306261,44.9685534591195,44.3312101910828,48.55263157894737,58.280922431865825,54.47761194029851,58.6552217453505,58.91608391608392,0.12402303370631043,0.19295977182304258,0.6794015502660832,0.38132351923106206
m15_tsi_d3 GE Q90(1.98347) OR pre_dd_from_high_2h GE Q60(-0.585504),m15_tsi_d3 GE Q90(1.98347),pre_dd_from_high_2h GE Q60(-0.585504),True,0.5377292628654536,44.79695431472081,40.461215932914044,48.66242038216561,46.44736842105263,58.07127882599581,65.67164179104478,59.65665236051502,62.76223776223776,0.08000290300989965,0.3064405061879718,0.380417038506658,0.5523947717583559
m15_adx_acc GE Q70(0.476858) OR m15_ppo_hist_d3 GE Q80(0.0158154),m15_adx_acc GE Q70(0.476858),m15_ppo_hist_d3 GE Q80(0.0158154),True,0.5362820400569094,42.63959390862944,44.54926624737946,44.45859872611465,47.10526315789474,58.38574423480084,54.02985074626866,56.65236051502146,58.39160839160839,0.06651262203724574,0.18524039448952379,0.6775459505783975,0.43338932166995947
m15_adx_acc GE Q70(0.476858) OR m15_er10_d1 GE Q70(0.055889),m15_adx_acc GE Q70(0.476858),m15_er10_d1 GE Q70(0.055889),True,0.5354517283795045,45.68527918781726,48.42767295597484,45.732484076433124,52.10526315789473,53.459119496855344,52.68656716417911,54.506437768240346,52.7972027972028,0.03953598755233072,0.33547044474619947,0.6771931144951616,0.4949716430548565
m15_kdj_spread GE Q80(3.88) OR m15_adx_acc GE Q80(0.667864),m15_kdj_spread GE Q80(3.88),m15_adx_acc GE Q80(0.667864),True,0.5333105272835538,34.77157360406091,36.058700209643604,35.6687898089172,38.68421052631579,65.61844863731656,63.731343283582085,66.09442060085837,67.48251748251748,0.11770304308070384,0.12498858527800971,0.5076066831245695,0.39766316010572433
h4_donch_pos_d3 LE Q30(0.0363804) OR btc1_donch_pos_d3 GE Q90(0.212789),h4_donch_pos_d3 LE Q30(0.0363804),btc1_donch_pos_d3 GE Q90(0.212789),True,0.5332942472445051,36.6751269035533,38.41719077568134,37.07006369426751,43.42105263157895,61.32075471698113,67.61194029850746,66.38054363376253,58.21678321678322,0.07105055364830606,0.3617641579674325,0.45434495778191486,0.5147782474636508
m15_ppo_hist_d3 GE Q60(-0.00980363) OR h4_macd_hist GE Q80(0.00320368),m15_ppo_hist_d3 GE Q60(-0.00980363),h4_macd_hist GE Q80(0.00320368),True,0.5321353291284454,51.48054145516075,48.32285115303983,55.54140127388535,50.39473684210526,50.73375262054507,53.28358208955224,50.92989985693849,50.6993006993007,0.09241402029308737,0.1371965741394925,0.7170684765034848,0.3982835950540494
m15_kdj_spread GE Q70(1.90944) OR m15_ppo_hist_d3 GE Q80(0.0158154),m15_kdj_spread GE Q70(1.90944),m15_ppo_hist_d3 GE Q80(0.0158154),True,0.5263337622441608,34.179357021996616,34.43396226415094,37.07006369426751,37.10526315789473,68.65828092243187,68.05970149253731,64.09155937052932,65.03496503496503,0.13265748423990545,0.237188628393196,0.34025026012937964,0.43387723420018
m15_er10_d3 GE Q90(0.216841) OR m15_close_ret4 GE Q50(0.234584),m15_er10_d3 GE Q90(0.216841),m15_close_ret4 GE Q50(0.234584),True,0.5253571903999338,53.51099830795262,55.13626834381551,55.031847133757964,56.84210526315789,45.28301886792453,43.28358208955223,46.49499284692418,43.18181818181818,0.05725232873469578,0.09637919598425226,0.5003953345737752,0.4376878851491311
m15_roc4 GE Q50(0.234584) OR m15_er10_d3 GE Q90(0.216841),m15_roc4 GE Q50(0.234584),m15_er10_d3 GE Q90(0.216841),True,0.5253571903999338,53.51099830795262,55.13626834381551,55.031847133757964,56.84210526315789,45.28301886792453,43.28358208955223,46.49499284692418,43.18181818181818,0.05725232873469578,0.09637919598425226,0.5003953345737752,0.4376878851491311
m15_tsi_d3 GE Q90(1.98347) OR m15_er10_d1 GE Q60(0.00984256),m15_tsi_d3 GE Q90(1.98347),m15_er10_d1 GE Q60(0.00984256),True,0.525179174059081,41.96277495769882,43.18658280922432,43.18471337579618,46.71052631578947,57.75681341719078,61.19402985074627,58.6552217453505,55.94405594405595,0.0757058068951902,0.2200803859352778,0.4250345988019436,0.4434050530428073
m15_kdj_spread GE Q80(3.88) OR btc4_cmo_acc GE Q90(32.0256),m15_kdj_spread GE Q80(3.88),btc4_cmo_acc GE Q90(32.0256),True,0.5243808806692958,27.834179357022,27.620545073375265,31.719745222929934,31.57894736842105,74.0041928721174,74.32835820895522,74.96423462088698,76.04895104895105,0.20104004733562092,0.16621681078882122,0.3542513649215716,0.28045275256231583
m15_kdj_spread GE Q80(3.88) OR btc1_stoch_spread_d1 GE Q90(3.01605),m15_kdj_spread GE Q80(3.88),btc1_stoch_spread_d1 GE Q90(3.01605),True,0.524190441384351,27.580372250423014,28.354297693920334,30.318471337579616,30.263157894736842,74.31865828092243,71.7910447761194,73.6766809728183,75.17482517482517,0.19476531869647232,0.10564901355995582,0.380364223808065,0.4519498892926902
h4_chop14 GE Q80(58.1804) OR btc1_donch_pos_d3 GE Q90(0.212789),h4_chop14 GE Q80(58.1804),btc1_donch_pos_d3 GE Q90(0.212789),True,0.5225298136009274,27.580372250423014,29.140461215932913,30.063694267515924,31.44736842105263,72.22222222222221,72.68656716417911,75.82260371959943,72.2027972027972,0.09880987557239349,0.1236203101297948,0.37758179392613955,0.5328864032155602
h4_donch_pos_d3 LE Q30(0.0363804) OR btc4_donch_pos LE Q10(0.241459),h4_donch_pos_d3 LE Q30(0.0363804),btc4_donch_pos LE Q10(0.241459),True,0.5197744113354265,35.82910321489002,40.40880503144654,37.07006369426751,43.15789473684211,63.62683438155137,61.791044776119406,65.80829756795423,61.01398601398601,0.10205686777787833,0.17839104469506428,0.5021730417907891,0.3928983339699983
h4_macd_hist GE Q80(0.00320368) OR btc4_cmo_acc GE Q90(32.0256),h4_macd_hist GE Q80(0.00320368),btc4_cmo_acc GE Q90(32.0256),True,0.5166350945385563,28.46869712351946,23.742138364779876,34.77707006369427,28.157894736842103,74.21383647798741,79.1044776119403,75.9656652360515,78.84615384615384,0.1666909090614075,0.14716975942016153,0.42434397852306904,0.28115020767715027
m15_adx_acc GE Q80(0.667864) OR h4_macd_hist GE Q80(0.00320368),m15_adx_acc GE Q80(0.667864),h4_macd_hist GE Q80(0.00320368),True,0.5162716019398124,35.27918781725889,33.80503144654088,37.8343949044586,36.71052631578947,64.15094339622641,65.5223880597015,67.95422031473534,69.4055944055944,0.04424503933220779,0.09505883654607872,0.511890970994551,0.4209224208636103
m15_kdj_spread GE Q80(3.88) OR btc4_cmo_acc GE Q80(25.2725),m15_kdj_spread GE Q80(3.88),btc4_cmo_acc GE Q80(25.2725),True,0.5149803322729342,36.082910321489,32.23270440251572,38.47133757961784,36.18421052631579,66.66666666666666,70.0,63.805436337625174,71.32867132867133,0.2051712431880115,0.1789382188884634,0.2882735682218941,0.3114243352855428
m15_ppo_hist_d3 GE Q80(0.0158154) OR h4_macd_hist GE Q80(0.00320368),m15_ppo_hist_d3 GE Q80(0.0158154),h4_macd_hist GE Q80(0.00320368),True,0.5113378902582999,35.74450084602369,32.127882599580715,38.598726114649686,35.0,66.77148846960168,70.0,63.66237482117311,66.78321678321679,0.0939183395887749,0.09039284569068518,0.36386053919509476,0.41282127717697203
m15_adx_acc GE Q80(0.667864) OR m15_er10_d1 GE Q80(0.107262),m15_adx_acc GE Q80(0.667864),m15_er10_d1 GE Q80(0.107262),True,0.5096042958247131,32.27580372250423,35.58700209643606,34.14012738853503,38.421052631578945,66.87631027253668,66.4179104477612,69.38483547925608,63.98601398601399,0.0943653996582402,0.2627893720800452,0.38421223452520603,0.37795242284585695
m15_adx_acc GE Q70(0.476858) OR m15_er10_d1 GE Q80(0.107262),m15_adx_acc GE Q70(0.476858),m15_er10_d1 GE Q80(0.107262),True,0.5084342633564205,39.847715736040605,42.9769392033543,41.01910828025478,46.44736842105263,59.43396226415094,58.2089552238806,61.23032904148784,57.692307692307686,0.07552358286641744,0.2864070534576955,0.5001244863548145,0.4094828296057196
h4_macd_hist GE Q80(0.00320368) OR btc1_stoch_spread_d1 GE Q90(3.01605),h4_macd_hist GE Q80(0.00320368),btc1_stoch_spread_d1 GE Q90(3.01605),True,0.5067754192998598,28.299492385786802,23.637316561844866,31.59235668789809,25.526315789473685,72.64150943396226,76.56716417910448,74.8211731044349,79.37062937062937,0.0772296591905968,0.07880263208238902,0.40707491882560987,0.3917657755566866
m15_chop14_acc LE Q10(-4.08654) OR btc1_rsi_d3 GE Q70(2.76449),m15_chop14_acc LE Q10(-4.08654),btc1_rsi_d3 GE Q70(2.76449),True,0.5060226527641044,36.29441624365482,43.39622641509434,37.19745222929936,47.76315789473684,64.57023060796647,59.70149253731343,65.23605150214593,54.89510489510489,0.19559008804556988,0.17743378199165127,0.31052815105956244,0.715660500550726
m15_kdj_j GE Q90(76.5194) OR btc1_bb_pctb_d3 GE Q80(0.157098),m15_kdj_j GE Q90(76.5194),btc1_bb_pctb_d3 GE Q80(0.157098),True,0.5012708846051152,27.49576988155668,30.92243186582809,29.68152866242038,32.5,73.37526205450735,72.08955223880596,74.67811158798283,66.25874125874127,0.23620548988451034,0.10286892633880518,0.433332954002125,0.3668505955828718
m15_kdj_j GE Q90(76.5194) OR m15_er10_d1 GE Q60(0.00984256),m15_kdj_j GE Q90(76.5194),m15_er10_d1 GE Q60(0.00984256),True,0.49991510789463806,42.68189509306261,43.18658280922432,44.3312101910828,45.78947368421053,57.861635220125784,61.19402985074627,58.0829756795422,54.89510489510489,0.10698554200658131,0.17770051926222397,0.35994326392765286,0.376747076047133
m15_ema20_50_spread_d1 GE Q90(0.0565935) OR pre_dd_from_high_4h GE Q70(-0.582829),m15_ema20_50_spread_d1 GE Q90(0.0565935),pre_dd_from_high_4h GE Q70(-0.582829),True,0.4998070718251486,37.43654822335025,34.59119496855346,41.65605095541402,38.81578947368421,66.24737945492663,68.95522388059702,63.805436337625174,68.00699300699301,0.17537601782782974,0.13066521319844304,0.40091327623374673,0.2847518039854302
m15_kdj_spread GE Q80(3.88) OR m15_chop14_acc LE Q10(-4.08654),m15_kdj_spread GE Q80(3.88),m15_chop14_acc LE Q10(-4.08654),True,0.49976639979553505,27.19966159052453,27.20125786163522,29.936305732484076,30.263157894736842,75.47169811320755,75.22388059701493,72.53218884120172,71.85314685314685,0.1851304078041085,0.16147885790869776,0.36115868594555456,0.28355465904764643
h4_donch_pos_d3 LE Q30(0.0363804) OR btc1_bb_pctb_d3 GE Q90(0.254743),h4_donch_pos_d3 LE Q30(0.0363804),btc1_bb_pctb_d3 GE Q90(0.254743),True,0.49503899789454586,36.54822335025381,37.9454926624738,36.81528662420382,43.94736842105263,62.05450733752621,69.1044776119403,65.52217453505007,61.01398601398601,0.06727797950743393,0.38810634744237404,0.4224197529081116,0.7055081631678792
m15_tsi_d3 GE Q90(1.98347) OR btc4_cmo_acc GE Q80(25.2725),m15_tsi_d3 GE Q90(1.98347),btc4_cmo_acc GE Q80(25.2725),True,0.49368774450468944,28.680203045685282,24.10901467505241,32.22929936305732,28.289473684210524,74.31865828092243,79.1044776119403,71.24463519313305,78.84615384615384,0.14524064725948296,0.23941922519355752,0.2774651708977657,0.3218844139864
h4_chop14 GE Q80(58.1804) OR btc4_cmo_acc GE Q90(32.0256),h4_chop14 GE Q80(58.1804),btc4_cmo_acc GE Q90(32.0256),True,0.49144129287538424,27.622673434856175,26.834381551362686,33.503184713375795,30.263157894736842,74.1090146750524,74.17910447761194,76.5379113018598,78.4965034965035,0.12254495583150482,0.07516694392901246,0.39705346069969505,0.34769882207888864
m15_kdj_j GE Q90(76.5194) OR btc1_rsi_d3 GE Q70(2.76449),m15_kdj_j GE Q90(76.5194),btc1_rsi_d3 GE Q70(2.76449),True,0.49134270512780165,35.6175972927242,42.085953878406706,36.17834394904458,46.05263157894737,64.46540880503144,61.19402985074627,65.66523605150213,57.16783216783217,0.19173828930705317,0.22716456256789652,0.28838948269434084,0.6900320928882783
m15_ppo_hist_d3 GE Q80(0.0158154) OR btc4_cmo_acc GE Q90(32.0256),m15_ppo_hist_d3 GE Q80(0.0158154),btc4_cmo_acc GE Q90(32.0256),True,0.48599540623926807,28.426395939086298,27.9874213836478,31.84713375796178,30.526315789473685,73.48008385744235,72.98507462686568,72.53218884120172,74.65034965034964,0.11720038750577166,0.1658967879420905,0.31801713061697867,0.34965073595804336
m15_ppo_hist_d3 GE Q80(0.0158154) OR btc1_stoch_spread_d1 GE Q90(3.01605),m15_ppo_hist_d3 GE Q80(0.0158154),btc1_stoch_spread_d1 GE Q90(3.01605),True,0.48483739962784034,27.241962774957702,28.197064989517816,29.68152866242038,28.947368421052634,74.94758909853249,70.8955223880597,72.24606580829757,75.0,0.10454620921994788,0.10663256603188465,0.3652851217771961,0.5291099083327333
m15_ema20_50_spread_d1 GE Q90(0.0565935) OR h4_chop14 GE Q80(58.1804),m15_ema20_50_spread_d1 GE Q90(0.0565935),h4_chop14 GE Q80(58.1804),True,0.482343315542961,28.8917089678511,29.612159329140464,32.22929936305732,31.973684210526315,72.95597484276729,71.94029850746269,69.95708154506438,72.72727272727273,0.16147404367450685,0.07272524236382782,0.39116138855659843,0.36238757555141615
m15_er10_d1 GE Q70(0.055889) OR btc1_bb_pctb_d3 GE Q90(0.254743),m15_er10_d1 GE Q70(0.055889),btc1_bb_pctb_d3 GE Q90(0.254743),True,0.48226491705703595,36.33671742808799,38.36477987421384,36.43312101910828,42.76315789473684,62.893081761006286,66.86567164179105,64.8068669527897,59.44055944055944,0.08535982987791577,0.28129650357769953,0.3949770153587143,0.5932169022023339
m15_adx_acc GE Q70(0.476858) OR m15_er10_d3 GE Q90(0.216841),m15_adx_acc GE Q70(0.476858),m15_er10_d3 GE Q90(0.216841),True,0.481652940241275,34.89847715736041,38.88888888888889,35.6687898089172,42.5,63.941299790356396,60.447761194029844,67.23891273247496,64.5104895104895,0.02432987542739385,0.23563955729987768,0.4756568476823263,0.4419168117827454
m15_er10_d3 GE Q90(0.216841) OR h4_chop14 GE Q80(58.1804),m15_er10_d3 GE Q90(0.216841),h4_chop14 GE Q80(58.1804),True,0.48018087139923493,28.17258883248731,27.463312368972748,32.101910828025474,30.657894736842106,72.74633123689728,75.3731343283582,74.53505007153076,74.82517482517483,0.10588149593475414,0.17270281267044685,0.4237416798884762,0.3104077281070936
m15_adx_acc GE Q60(0.326347) OR m15_ema20_50_spread_d1 GE Q90(0.0565935),m15_adx_acc GE Q60(0.326347),m15_ema20_50_spread_d1 GE Q90(0.0565935),True,0.48016454109980583,44.247038917089675,47.79874213836478,44.45859872611465,50.6578947368421,56.39412997903563,50.44776119402985,54.506437768240346,55.24475524475524,0.22626319678097123,0.04529690657090768,0.6160044838556519,0.43063643834839865
m15_kdj_j GE Q90(76.5194) OR btc1_stoch_spread_d1 GE Q70(-1.83159),m15_kdj_j GE Q90(76.5194),btc1_stoch_spread_d1 GE Q70(-1.83159),True,0.4758220020277341,36.04060913705584,35.63941299790356,36.81528662420382,38.026315789473685,64.0461215932914,66.26865671641791,63.94849785407726,65.73426573426573,0.2236278515563141,0.1276009240346867,0.3327275282500878,0.6350535872200003
m15_chop14_acc LE Q10(-4.08654) OR h4_macd_hist GE Q80(0.00320368),m15_chop14_acc LE Q10(-4.08654),h4_macd_hist GE Q80(0.00320368),True,0.4754380742683415,27.49576988155668,23.846960167714883,30.318471337579616,26.973684210526315,74.0041928721174,78.50746268656717,74.10586552217453,74.47552447552448,0.11260515792437993,0.09912176002117057,0.3198622851267122,0.3652955222182536
m15_ppo_hist_d3 GE Q80(0.0158154) OR m15_chop14_acc LE Q10(-4.08654),m15_ppo_hist_d3 GE Q80(0.0158154),m15_chop14_acc LE Q10(-4.08654),True,0.47509706774957594,26.184433164128595,26.257861635220124,28.40764331210191,27.89473684210526,76.31027253668763,74.92537313432835,72.1030042918455,72.2027972027972,0.10485008697957166,0.1160266296794501,0.3399337333891853,0.3375094766323016
m15_tsi_d3 GE Q90(1.98347) OR h4_donch_pos_d3 LE Q30(0.0363804),m15_tsi_d3 GE Q90(1.98347),h4_donch_pos_d3 LE Q30(0.0363804),True,0.472238031603853,36.209813874788495,36.37316561844864,36.94267515923567,43.026315789473685,63.312368972746334,71.49253731343283,64.2346208869814,62.41258741258741,0.037109248561641606,0.40528054596502433,0.4204715573532679,0.5088803444983957
m15_adx_acc GE Q80(0.667864) OR m15_chop14_acc LE Q10(-4.08654),m15_adx_acc GE Q80(0.667864),m15_chop14_acc LE Q10(-4.08654),True,0.47180535406992785,25.63451776649746,27.67295597484277,27.133757961783438,29.47368421052631,74.0041928721174,71.04477611940298,76.10872675250357,74.82517482517483,0.02267516569633319,0.127119974349716,0.4191453844678751,0.45293562485819955
m15_chop14_acc LE Q10(-4.08654) OR btc1_donch_pos_d3 GE Q90(0.212789),m15_chop14_acc LE Q10(-4.08654),btc1_donch_pos_d3 GE Q90(0.212789),True,0.4699884051993342,18.908629441624367,22.32704402515723,20.254777070063696,24.342105263157894,81.65618448637316,79.25373134328359,83.2618025751073,75.34965034965036,0.1323661918553845,0.12769119342407764,0.31537425920647,0.43913165566919327
m15_er10_d1 GE Q80(0.107262) OR btc1_stoch_spread_d1 GE Q90(3.01605),m15_er10_d1 GE Q80(0.107262),btc1_stoch_spread_d1 GE Q90(3.01605),True,0.46954619304292383,27.36886632825719,29.08805031446541,29.426751592356688,31.710526315789473,72.53668763102725,73.5820895522388,74.10586552217453,71.15384615384616,0.14590911002363133,0.2192997842060488,0.2824793777373026,0.4944858703081882
m15_adx_acc GE Q70(0.476858) OR m15_tsi_d3 GE Q90(1.98347),m15_adx_acc GE Q70(0.476858),m15_tsi_d3 GE Q90(1.98347),True,0.46921635387521277,35.025380710659896,38.15513626834382,35.92356687898089,42.10526315789473,64.15094339622641,61.791044776119406,66.66666666666666,66.08391608391608,0.036699111457901175,0.24108019123204477,0.5217715561553319,0.41455351905089166
m15_tsi_d3 GE Q90(1.98347) OR btc1_stoch_spread_d1 GE Q70(-1.83159),m15_tsi_d3 GE Q90(1.98347),btc1_stoch_spread_d1 GE Q70(-1.83159),True,0.468955906151662,36.12521150592217,35.324947589098535,36.81528662420382,37.89473684210527,63.20754716981132,65.82089552238806,64.37768240343348,66.95804195804196,0.15659918179879811,0.10295804865679725,0.35219635512923164,0.647486496199203
m15_er10_d3 GE Q90(0.216841) OR btc4_cmo_acc GE Q80(25.2725),m15_er10_d3 GE Q90(0.216841),btc4_cmo_acc GE Q80(25.2725),True,0.4649302898529086,28.553299492385786,25.104821802935014,31.337579617834393,30.0,73.58490566037736,78.65671641791045,71.81688125894135,77.97202797202797,0.1575384906548098,0.25801731533283345,0.25170619668912664,0.2706251108427483
m15_er10_d3 GE Q90(0.216841) OR h4_donch_pos_d3 LE Q30(0.0363804),m15_er10_d3 GE Q90(0.216841),h4_donch_pos_d3 LE Q30(0.0363804),True,0.4631498553112642,36.92893401015229,37.36897274633124,37.19745222929936,43.684210526315795,61.94968553459119,70.0,63.94849785407726,60.13986013986013,0.0570382417782027,0.4237412156370398,0.40807952264872227,0.4007412491501201
m15_tsi_d3 GE Q90(1.98347) OR pre_dd_from_high_4h GE Q70(-0.582829),m15_tsi_d3 GE Q90(1.98347),pre_dd_from_high_4h GE Q70(-0.582829),True,0.4588176771936361,35.06768189509306,31.551362683438157,38.853503184713375,36.44736842105264,67.71488469601678,72.98507462686568,67.81115879828327,71.15384615384616,0.07588407583469778,0.1604653168285416,0.30721717556653194,0.3461222216991977
h4_macd_hist GE Q80(0.00320368) OR btc4_donch_pos LE Q10(0.241459),h4_macd_hist GE Q80(0.00320368),btc4_donch_pos LE Q10(0.241459),True,0.45871324939233343,29.52622673434856,31.70859538784067,33.75796178343949,34.473684210526315,72.0125786163522,69.25373134328359,73.53361945636624,71.67832167832168,0.1630140891481186,0.10837791037200284,0.5340490770269452,0.2950335625666177
m15_tsi_d3 GE Q90(1.98347) OR h4_chop14 GE Q80(58.1804),m15_tsi_d3 GE Q90(1.98347),h4_chop14 GE Q80(58.1804),True,0.45771447405303567,28.214890016920474,27.568134171907754,31.337579617834393,30.657894736842106,72.22222222222221,75.22388059701493,74.10586552217453,74.82517482517483,0.039546648430096476,0.12166454381692138,0.35637261432425216,0.3981180239503892
m15_er10_d1 GE Q80(0.107262) OR btc1_bb_pctb_d3 GE Q90(0.254743),m15_er10_d1 GE Q80(0.107262),btc1_bb_pctb_d3 GE Q90(0.254743),True,0.45727373465877663,27.284263959390863,30.765199161425578,28.280254777070063,35.0,72.0125786163522,75.07462686567165,74.2489270386266,65.73426573426573,0.13345297158609093,0.22459677822557333,0.3039009467191017,0.46224771603573894
m15_er10_d3 GE Q90(0.216841) OR btc4_cmo_acc GE Q90(32.0256),m15_er10_d3 GE Q90(0.216841),btc4_cmo_acc GE Q90(32.0256),True,0.45412013248740146,19.500846023688663,20.230607966457022,23.821656050955415,25.13157894736842,81.55136268343816,83.43283582089552,83.69098712446352,82.51748251748252,0.1573527722390975,0.23940036659956032,0.28978774625813675,0.21035115970296892
m15_er10_d1 GE Q70(0.055889) OR m15_chop14_acc LE Q10(-4.08654),m15_er10_d1 GE Q70(0.055889),m15_chop14_acc LE Q10(-4.08654),True,0.4540105651186379,34.60236886632826,35.53459119496855,35.92356687898089,38.28947368421053,65.9329140461216,67.61194029850746,64.37768240343348,62.93706293706294,0.06255457238522744,0.2417049794427093,0.36503203248035787,0.4983495309062157
m15_tsi_d3 GE Q90(1.98347) OR btc4_donch_pos LE Q10(0.241459),m15_tsi_d3 GE Q90(1.98347),btc4_donch_pos LE Q10(0.241459),True,0.45356023076739904,18.739424703891707,25.419287211740045,21.91082802547771,28.68421052631579,82.38993710691824,76.26865671641792,82.689556509299,78.14685314685315,0.11954907071249546,0.17777227099733717,0.37340124483257664,0.27058309362318356
m15_adx_d3 LE Q30(-2.25983) OR h4_macd_hist GE Q80(0.00320368),m15_adx_d3 LE Q30(-2.25983),h4_macd_hist GE Q80(0.00320368),True,0.4511942272278834,43.44331641285956,36.897274633123686,44.203821656050955,39.3421052631579,56.289308176100626,63.28358208955224,58.0829756795422,66.78321678321679,0.058520030227836924,0.19876050260460376,0.462935877029902,0.37746409213621857
m15_adx_acc GE Q70(0.476858) OR m15_ema20_50_spread_d1 GE Q90(0.0565935),m15_adx_acc GE Q70(0.476858),m15_ema20_50_spread_d1 GE Q90(0.0565935),True,0.4510231507772093,35.10998307952622,39.46540880503145,35.54140127388535,42.23684210526316,65.51362683438155,58.805970149253724,63.23319027181689,63.98601398601399,0.12813159047686673,0.131264265224872,0.508465215943953,0.31426319641316003
m15_er10_d3 GE Q90(0.216841) OR btc1_bb_pctb_d3 GE Q80(0.157098),m15_er10_d3 GE Q90(0.216841),btc1_bb_pctb_d3 GE Q80(0.157098),True,0.45095345230207545,27.961082910321487,32.44234800838575,29.044585987261147,35.0,71.48846960167715,71.19402985074626,74.8211731044349,66.08391608391608,0.2157956871373885,0.14377545445510598,0.4242024341825904,0.2855079363081763
m15_er10_d1 GE Q60(0.00984256) OR pre_dd_from_high_4h GE Q70(-0.582829),m15_er10_d1 GE Q60(0.00984256),pre_dd_from_high_4h GE Q70(-0.582829),True,0.4492438241574629,54.61082910321488,50.89098532494759,57.19745222929936,53.94736842105263,46.855345911949684,52.83582089552239,47.4964234620887,49.47552447552447,0.11536747236459731,0.20377771184735405,0.5881728300082948,0.28214388927117606
m15_kdj_j GE Q90(76.5194) OR h4_macd_hist GE Q80(0.00320368),m15_kdj_j GE Q90(76.5194),h4_macd_hist GE Q80(0.00320368),True,0.4427819554262321,28.25719120135364,24.21383647798742,31.337579617834393,27.76315789473684,73.68972746331237,80.14925373134328,73.10443490701002,73.77622377622379,0.10528805871613303,0.12115596092636993,0.275886128380484,0.28159434806111505
m15_kdj_j GE Q90(76.5194) OR btc4_donch_pos LE Q10(0.241459),m15_kdj_j GE Q90(76.5194),btc4_donch_pos LE Q10(0.241459),True,0.4424615347080876,18.908629441624367,26.572327044025158,22.1656050955414,28.55263157894737,82.80922431865828,74.92537313432835,82.1173104434907,75.87412587412588,0.17287999378744973,0.17075522923218145,0.3458829556637416,0.2321002147774619
m15_ppo_hist_d3 GE Q60(-0.00980363) OR m15_er10_d3 GE Q90(0.216841),m15_ppo_hist_d3 GE Q60(-0.00980363),m15_er10_d3 GE Q90(0.216841),True,0.4423695102201208,44.62774957698816,44.339622641509436,47.64331210191083,46.71052631578947,57.023060796645694,57.76119402985075,57.224606580829764,54.1958041958042,0.06436633149774504,0.19963436642664278,0.47739628497228004,0.330585105236775
m15_tsi_d3 GE Q90(1.98347) OR btc4_cmo_acc GE Q90(32.0256),m15_tsi_d3 GE Q90(1.98347),btc4_cmo_acc GE Q90(32.0256),True,0.442017573210676,19.4585448392555,18.867924528301888,23.821656050955415,22.894736842105264,82.0754716981132,83.88059701492537,83.40486409155938,83.91608391608392,0.10855737894804009,0.19979555044144737,0.29230890478676497,0.25292394798656836
m15_kdj_j GE Q90(76.5194) OR btc4_cmo_acc GE Q80(25.2725),m15_kdj_j GE Q90(76.5194),btc4_cmo_acc GE Q80(25.2725),True,0.4419258126561657,28.214890016920474,24.58071278825996,31.46496815286624,28.421052631578945,75.47169811320755,79.1044776119403,70.9585121602289,77.44755244755245,0.18220368325930325,0.25492386910456766,0.19472056667794713,0.2792675060201537
m15_ema20_50_spread_d1 GE Q90(0.0565935) OR btc4_cmo_acc GE Q90(32.0256),m15_ema20_50_spread_d1 GE Q90(0.0565935),btc4_cmo_acc GE Q90(32.0256),True,0.4410720678042539,19.077834179357023,20.80712788259958,22.547770700636942,23.81578947368421,82.80922431865828,81.04477611940298,80.68669527896995,81.46853146853147,0.16054869164174534,0.160233146891251,0.2711125256243866,0.22066568909131035
m15_chop14_acc LE Q10(-4.08654) OR btc1_stoch_spread_d1 GE Q90(3.01605),m15_chop14_acc LE Q10(-4.08654),btc1_stoch_spread_d1 GE Q90(3.01605),True,0.437025730827032,18.908629441624367,20.020964360587,21.40127388535032,21.31578947368421,83.01886792452831,79.8507462686567,82.54649499284692,82.6923076923077,0.11705294818030758,0.10130403241919572,0.3098251961458921,0.4347735941950123
m15_chop14_acc LE Q10(-4.08654) OR btc1_bb_pctb_d3 GE Q90(0.254743),m15_chop14_acc LE Q10(-4.08654),btc1_bb_pctb_d3 GE Q90(0.254743),True,0.43558496092852916,18.781725888324875,22.32704402515723,20.382165605095544,25.657894736842106,82.28511530398322,81.19402985074626,82.97567954220315,76.3986013986014,0.11220065279220857,0.12189842190972755,0.2913755138009072,0.5537628277649251
m15_kdj_spread GE Q80(3.88) OR m15_ema20_50_spread_d1 GE Q90(0.0565935),m15_kdj_spread GE Q80(3.88),m15_ema20_50_spread_d1 GE Q90(0.0565935),True,0.43320205610617435,25.549915397631136,27.30607966457023,27.388535031847134,30.526315789473685,75.9958071278826,74.92537313432835,73.8197424892704,72.2027972027972,0.1534240047507121,0.13352930032675325,0.292123122351729,0.2629003630951011
m15_kdj_j GE Q90(76.5194) OR btc4_cmo_acc GE Q90(32.0256),m15_kdj_j GE Q90(76.5194),btc4_cmo_acc GE Q90(32.0256),True,0.4313100943960059,19.035532994923855,19.49685534591195,23.18471337579618,23.157894736842106,83.33333333333334,83.73134328358209,82.83261802575107,82.34265734265735,0.14990573939770724,0.2002340761578385,0.2156108697346687,0.20818356717969555
m15_er10_d3 GE Q90(0.216841) OR pre_dd_from_high_4h GE Q70(-0.582829),m15_er10_d3 GE Q90(0.216841),pre_dd_from_high_4h GE Q70(-0.582829),True,0.4312500090877676,36.54822335025381,32.494758909853246,40.89171974522293,36.31578947368421,66.45702306079664,71.7910447761194,67.23891273247496,69.93006993006993,0.14009404254397637,0.18357255831480257,0.36430350402010847,0.2147353552671719
m15_er10_d1 GE Q80(0.107262) OR m15_chop14_acc LE Q10(-4.08654),m15_er10_d1 GE Q80(0.107262),m15_chop14_acc LE Q10(-4.08654),True,0.42963387313315093,25.846023688663283,27.67295597484277,28.02547770700637,30.394736842105264,74.84276729559748,76.56716417910448,74.2489270386266,68.7062937062937,0.1315070836059553,0.2086243146868657,0.2545377091603339,0.33723795165406334
m15_kdj_spread GE Q80(3.88) OR m15_ppo_hist_d3 GE Q60(-0.00980363),m15_kdj_spread GE Q80(3.88),m15_ppo_hist_d3 GE Q60(-0.00980363),True,0.4252529845529526,42.30118443316413,41.299790356394126,44.840764331210195,43.684210526315795,59.43396226415094,60.149253731343286,59.513590844062946,59.09090909090909,0.09380128558818603,0.19876900051408486,0.49158393145335466,0.2837632955663332
m15_er10_d3 GE Q90(0.216841) OR btc1_donch_pos_d3 GE Q90(0.212789),m15_er10_d3 GE Q90(0.216841),btc1_donch_pos_d3 GE Q90(0.212789),True,0.4217894856997285,18.95093062605753,21.80293501048218,19.363057324840767,24.342105263157894,79.45492662473794,80.8955223880597,83.97711015736766,77.7972027972028,0.13441627269636564,0.20310301225738925,0.30465780054562297,0.27913067902769817
m15_er10_d1 GE Q60(0.00984256) OR m15_ema20_50_spread_d1 GE Q90(0.0565935),m15_er10_d1 GE Q60(0.00984256),m15_ema20_50_spread_d1 GE Q90(0.0565935),True,0.42097781149671587,43.14720812182741,44.60167714884696,43.69426751592357,47.10526315789474,57.023060796645694,58.805970149253724,55.93705293276109,54.89510489510489,0.07965083079166764,0.13582485975169478,0.4274927826650673,0.3303857928231251
m15_kdj_j GE Q90(76.5194) OR h4_chop14 GE Q80(58.1804),m15_kdj_j GE Q90(76.5194),h4_chop14 GE Q80(58.1804),True,0.4195629293898357,27.326565143824027,27.410901467505237,31.46496815286624,29.342105263157897,74.42348008385744,75.5223880597015,74.53505007153076,73.07692307692307,0.09956201058995867,0.0866011593120467,0.3239470339546705,0.29433769416473576
m15_ema20_50_spread_d1 GE Q90(0.0565935) OR h4_macd_hist GE Q80(0.00320368),m15_ema20_50_spread_d1 GE Q90(0.0565935),h4_macd_hist GE Q80(0.00320368),True,0.41932366897559836,28.680203045685282,26.88679245283019,30.955414012738853,30.13157894736842,73.16561844863732,76.4179104477612,70.24320457796853,71.5034965034965,0.11985085257156597,0.10257036417964649,0.27124908545488047,0.28395953099026217
m15_ppo_hist_d3 GE Q80(0.0158154) OR btc4_cmo_acc GE Q80(25.2725),m15_ppo_hist_d3 GE Q80(0.0158154),btc4_cmo_acc GE Q80(25.2725),True,0.4184114845290682,36.80203045685279,32.80922431865828,38.98089171974522,35.526315789473685,65.82809224318659,68.50746268656717,61.80257510729614,69.93006993006993,0.11777642575642608,0.18427202644147855,0.2570578335147934,0.41131701483803174
m15_kdj_spread GE Q70(1.90944) OR m15_tsi_d3 GE Q90(1.98347),m15_kdj_spread GE Q70(1.90944),m15_tsi_d3 GE Q90(1.98347),True,0.418172028725027,32.36040609137056,33.75262054507338,35.03184713375796,37.368421052631575,69.39203354297693,69.1044776119403,68.24034334763948,66.78321678321679,0.11018528102853228,0.20890097337150892,0.2545579268487467,0.47665687484512365
m15_ppo_hist_d3 GE Q80(0.0158154) OR m15_ema20_50_spread_d1 GE Q90(0.0565935),m15_ppo_hist_d3 GE Q80(0.0158154),m15_ema20_50_spread_d1 GE Q90(0.0565935),True,0.4181418702828626,24.746192893401016,26.62473794549266,26.369426751592357,28.289473684210524,77.04402515723271,74.17910447761194,72.96137339055794,71.85314685314685,0.09747657130442049,0.10050450685241252,0.28820062181461525,0.32097758231829965
h4_chop14 GE Q80(58.1804) OR btc4_donch_pos LE Q10(0.241459),h4_chop14 GE Q80(58.1804),btc4_donch_pos LE Q10(0.241459),True,0.4163490970058325,28.637901861252114,34.22431865828092,33.75796178343949,35.78947368421053,72.53668763102725,64.92537313432835,74.8211731044349,71.85314685314685,0.20262653633240618,0.09549519583615029,0.6314248572713871,0.28955080065109007
m15_kdj_j GE Q90(76.5194) OR pre_dd_from_high_4h GE Q70(-0.582829),m15_kdj_j GE Q90(76.5194),pre_dd_from_high_4h GE Q70(-0.582829),True,0.4147654274058333,34.09475465313029,30.50314465408805,38.598726114649686,34.078947368421055,69.60167714884696,73.28358208955224,68.24034334763948,71.15384615384616,0.11872157879454698,0.12183130333395198,0.32366834552674717,0.22452779432462622
m15_er10_d3 GE Q90(0.216841) OR btc4_donch_pos LE Q10(0.241459),m15_er10_d3 GE Q90(0.216841),btc4_donch_pos LE Q10(0.241459),True,0.41451000545086936,19.120135363790187,27.30607966457023,21.78343949044586,30.394736842105264,81.23689727463312,74.32835820895522,82.689556509299,76.22377622377621,0.17079516023184307,0.20948949026728758,0.36636169961013565,0.19044876268591282
m15_er10_d3 GE Q90(0.216841) OR h4_macd_hist GE Q80(0.00320368),m15_er10_d3 GE Q90(0.216841),h4_macd_hist GE Q80(0.00320368),True,0.41334793663723923,27.707275803722503,24.633123689727462,30.700636942675157,28.68421052631579,73.37526205450735,79.55223880597015,74.39198855507868,73.95104895104895,0.09821267748508003,0.15093689428716084,0.2712278506164648,0.25526803637310613
m15_ema20_50_spread_d1 GE Q90(0.0565935) OR btc1_donch_pos_d3 GE Q90(0.212789),m15_ema20_50_spread_d1 GE Q90(0.0565935),btc1_donch_pos_d3 GE Q90(0.212789),True,0.40741101940379254,19.077834179357023,22.27463312368973,19.10828025477707,23.94736842105263,80.50314465408806,79.25373134328359,80.82975679542204,76.04895104895105,0.17386996455822457,0.10149930637281934,0.3525058997080138,0.3053027915225722
m15_adx_acc GE Q80(0.667864) OR m15_tsi_d3 GE Q90(1.98347),m15_adx_acc GE Q80(0.667864),m15_tsi_d3 GE Q90(1.98347),True,0.40473406274571,26.353637901861255,28.40670859538784,26.751592356687897,31.05263157894737,71.80293501048219,71.49253731343283,75.9656652360515,75.87412587412588,0.007810852136222332,0.18607002771246173,0.3889641215129548,0.399407114212778
m15_kdj_spread GE Q80(3.88) OR h4_chop14 GE Q80(58.1804),m15_kdj_spread GE Q80(3.88),h4_chop14 GE Q80(58.1804),True,0.4044378747277483,35.36379018612521,34.74842767295597,39.61783439490446,36.973684210526315,66.56184486373165,66.56716417910448,66.80972818311875,67.3076923076923,0.1701264600208665,0.04871622251985008,0.465500894253844,0.31121652145649126
m15_er10_d3 GE Q90(0.216841) OR btc1_stoch_spread_d1 GE Q90(3.01605),m15_er10_d3 GE Q90(0.216841),btc1_stoch_spread_d1 GE Q90(3.01605),True,0.40072463102992856,18.654822335025383,20.80712788259958,20.50955414012739,22.894736842105264,81.65618448637316,80.59701492537313,82.83261802575107,82.16783216783216,0.0942195734155849,0.17748941850378575,0.26941042151230354,0.30924200559776416
m15_kdj_spread GE Q80(3.88) OR m15_er10_d3 GE Q90(0.216841),m15_kdj_spread GE Q80(3.88),m15_er10_d3 GE Q90(0.216841),True,0.40037743169532203,27.115059221658207,27.882599580712785,29.554140127388536,31.57894736842105,74.52830188679245,75.97014925373135,73.39055793991416,71.15384615384616,0.19154398609547313,0.1829232186584836,0.2952185203196943,0.16867259492223186
m15_kdj_j GE Q90(76.5194) OR m15_ppo_hist_d3 GE Q80(0.0158154),m15_kdj_j GE Q90(76.5194),m15_ppo_hist_d3 GE Q80(0.0158154),True,0.3990123694305556,24.153976311336717,24.58071278825996,25.85987261146497,26.31578947368421,77.67295597484278,77.01492537313432,74.10586552217453,74.47552447552448,0.11434846306463754,0.11000990715161285,0.25488453627637775,0.3284550586743288
m15_kdj_spread GE Q80(3.88) OR m15_tsi_d3 GE Q90(1.98347),m15_kdj_spread GE Q80(3.88),m15_tsi_d3 GE Q90(1.98347),True,0.39442449955941544,24.534686971235196,24.371069182389938,26.751592356687897,27.89473684210526,76.72955974842768,78.35820895522389,76.5379113018598,76.3986013986014,0.09188293677910175,0.13932383206986854,0.26508921773008975,0.25820345507125964
m15_kdj_j GE Q90(76.5194) OR m15_adx_acc GE Q70(0.476858),m15_kdj_j GE Q90(76.5194),m15_adx_acc GE Q70(0.476858),True,0.391739766529127,35.575296108291035,39.308176100628934,36.43312101910828,41.44736842105263,64.46540880503144,59.85074626865672,66.23748211731044,63.46153846153846,0.05992397443463134,0.1954753610158637,0.46658443675520556,0.31465929387815084
m15_kdj_j GE Q90(76.5194) OR btc1_bb_pctb_d3 GE Q90(0.254743),m15_kdj_j GE Q90(76.5194),btc1_bb_pctb_d3 GE Q90(0.254743),True,0.3832867995890886,18.527918781725887,21.48846960167715,19.61783439490446,24.47368421052632,81.86582809224319,82.83582089552239,82.97567954220315,76.92307692307693,0.12548088037490726,0.1672282044836927,0.23600760695060996,0.4290648396343078
m15_tsi_d3 GE Q90(1.98347) OR m15_er10_d1 GE Q70(0.055889),m15_tsi_d3 GE Q90(1.98347),m15_er10_d1 GE Q70(0.055889),True,0.3832667090147953,33.629441624365484,34.276729559748425,34.14012738853503,38.68421052631579,65.82809224318659,70.44776119402985,66.52360515021459,64.33566433566433,0.06790998583472133,0.2700316764517888,0.30514300789668314,0.4687691049113275
m15_tsi_d3 GE Q90(1.98347) OR h4_macd_hist GE Q80(0.00320368),m15_tsi_d3 GE Q90(1.98347),h4_macd_hist GE Q80(0.00320368),True,0.38138649328105595,28.25719120135364,24.423480083857445,31.210191082802545,28.289473684210524,72.85115303983228,79.25373134328359,73.53361945636624,75.0,0.03457951308830999,0.10754181281471242,0.28774698256376785,0.31659760590707964
m15_ppo_hist_d3 GE Q80(0.0158154) OR m15_er10_d3 GE Q90(0.216841),m15_ppo_hist_d3 GE Q80(0.0158154),m15_er10_d3 GE Q90(0.216841),True,0.38100498908968317,26.988155668358715,27.830188679245282,28.9171974522293,30.13157894736842,74.52830188679245,74.77611940298507,71.24463519313305,70.45454545454545,0.10025923720569872,0.16692990109305295,0.2731914901929454,0.24216491620657277
m15_kdj_spread GE Q80(3.88) OR m15_ppo_hist_d3 GE Q80(0.0158154),m15_kdj_spread GE Q80(3.88),m15_ppo_hist_d3 GE Q80(0.0158154),True,0.375817431450521,27.45346869712352,26.834381551362686,29.554140127388536,29.342105263157897,74.73794549266248,75.22388059701493,71.5307582260372,72.37762237762237,0.08576573956230522,0.15836238899400656,0.3020248073593369,0.24803826328291545
m15_tsi_d3 GE Q90(1.98347) OR btc1_stoch_spread_d1 GE Q90(3.01605),m15_tsi_d3 GE Q90(1.98347),btc1_stoch_spread_d1 GE Q90(3.01605),True,0.37373628843633355,18.274111675126903,19.18238993710692,20.382165605095544,21.710526315789476,82.80922431865828,81.7910447761194,82.54649499284692,84.79020979020979,0.07048328068100672,0.12770050736142857,0.26109192915595403,0.3777245644340038
m15_ema20_50_spread_d1 GE Q90(0.0565935) OR btc1_bb_pctb_d3 GE Q90(0.254743),m15_ema20_50_spread_d1 GE Q90(0.0565935),btc1_bb_pctb_d3 GE Q90(0.254743),True,0.37150886574887754,18.781725888324875,22.79874213836478,19.10828025477707,25.921052631578945,81.86582809224319,80.8955223880597,79.68526466380543,75.6993006993007,0.13605526351847752,0.10246991878088296,0.2625078596389506,0.40962008431277036
m15_kdj_j GE Q90(76.5194) OR m15_adx_acc GE Q80(0.667864),m15_kdj_j GE Q90(76.5194),m15_adx_acc GE Q80(0.667864),True,0.3701331208493804,26.86125211505922,29.71698113207547,27.006369426751593,31.18421052631579,72.22222222222221,70.29850746268657,74.96423462088698,72.72727272727273,0.054410565605333305,0.15787473169397048,0.36173944372213185,0.3128202090101996
m15_ema20_50_spread_d1 GE Q90(0.0565935) OR btc1_stoch_spread_d1 GE Q90(3.01605),m15_ema20_50_spread_d1 GE Q90(0.0565935),btc1_stoch_spread_d1 GE Q90(3.01605),True,0.3621565824312915,19.16243654822335,21.69811320754717,20.50955414012739,23.42105263157895,82.59958071278825,78.50746268656717,78.826895565093,81.2937062937063,0.11559296963196806,0.09246954435276167,0.2427446862404491,0.4126498336141132
m15_kdj_j GE Q90(76.5194) OR btc1_donch_pos_d3 GE Q90(0.212789),m15_kdj_j GE Q90(76.5194),btc1_donch_pos_d3 GE Q90(0.212789),True,0.3605079542893509,18.44331641285956,21.12159329140461,19.10828025477707,22.63157894736842,81.23689727463312,81.04477611940298,83.8340486409156,76.92307692307693,0.1345333550293561,0.1653371680994824,0.21267532242164455,0.28921692957055367
m15_ema20_50_spread_d1 GE Q90(0.0565935) OR btc4_donch_pos LE Q10(0.241459),m15_ema20_50_spread_d1 GE Q90(0.0565935),btc4_donch_pos LE Q10(0.241459),True,0.3559772090651524,18.8663282571912,27.253668763102723,21.40127388535032,29.078947368421055,82.91404612159329,73.13432835820896,79.68526466380543,75.17482517482517,0.21995327196660053,0.12211589247779131,0.3672160112286812,0.19735574448099447
m15_er10_d3 GE Q90(0.216841) OR btc1_bb_pctb_d3 GE Q90(0.254743),m15_er10_d3 GE Q90(0.216841),btc1_bb_pctb_d3 GE Q90(0.254743),True,0.3545859875524248,18.82402707275804,22.58909853249476,19.363057324840767,26.44736842105263,80.29350104821803,81.94029850746269,82.97567954220315,76.74825174825175,0.09174426967227728,0.20462449326545773,0.252061112838493,0.3961647831121083
m15_kdj_j GE Q90(76.5194) OR btc1_stoch_spread_d1 GE Q90(3.01605),m15_kdj_j GE Q90(76.5194),btc1_stoch_spread_d1 GE Q90(3.01605),True,0.35403642057799745,18.527918781725887,19.49685534591195,20.50955414012739,20.526315789473685,83.01886792452831,81.34328358208955,82.26037195994277,82.6923076923077,0.11476242659592503,0.12355105275194966,0.21868478511083767,0.3191051047587985
m15_kdj_j GE Q90(76.5194) OR m15_chop14_acc LE Q10(-4.08654),m15_kdj_j GE Q90(76.5194),m15_chop14_acc LE Q10(-4.08654),True,0.3515240123988274,17.258883248730964,18.134171907756812,18.726114649681527,20.526315789473685,84.59119496855347,85.37313432835822,82.26037195994277,80.06993006993007,0.12633784261909958,0.16287894346044485,0.19584154176071655,0.25336087574614474
m15_kdj_j GE Q90(76.5194) OR m15_er10_d1 GE Q80(0.107262),m15_kdj_j GE Q90(76.5194),m15_er10_d1 GE Q80(0.107262),True,0.34518403418227195,25.296108291032148,26.519916142557655,26.751592356687897,28.947368421052634,74.94758909853249,78.2089552238806,75.67954220314735,69.58041958041959,0.166000330914165,0.1945054899164037,0.15007402195499198,0.22996583516050328
m15_kdj_j GE Q90(76.5194) OR m15_er10_d1 GE Q70(0.055889),m15_kdj_j GE Q90(76.5194),m15_er10_d1 GE Q70(0.055889),True,0.33180029257458077,33.71404399323181,34.59119496855346,34.394904458598724,37.631578947368425,66.56184486373165,69.85074626865672,66.23748211731044,63.11188811188811,0.07372669731702883,0.25184358313773525,0.24445638595021368,0.40966192835469734
m15_tsi_d3 GE Q90(1.98347) OR btc1_donch_pos_d3 GE Q90(0.212789),m15_tsi_d3 GE Q90(1.98347),btc1_donch_pos_d3 GE Q90(0.212789),True,0.3172612122516525,18.062605752961083,20.59748427672956,18.21656050955414,23.94736842105263,80.39832285115304,82.23880597014926,84.83547925608012,77.97202797202797,0.06832418887216718,0.18964509825146092,0.2458579282476242,0.4144542834711593
m15_ema20_50_spread_d1 GE Q90(0.0565935) OR btc1_bb_pctb_d3 GE Q80(0.157098),m15_ema20_50_spread_d1 GE Q90(0.0565935),btc1_bb_pctb_d3 GE Q80(0.157098),True,0.3136736034065781,27.580372250423014,31.498951781970653,28.9171974522293,33.28947368421053,73.27044025157232,70.74626865671641,72.24606580829757,66.25874125874127,0.26119738644987434,0.02535429706211101,0.501403458547227,0.2615828023083414
m15_er10_d3 GE Q90(0.216841) OR m15_chop14_acc LE Q10(-4.08654),m15_er10_d3 GE Q90(0.216841),m15_chop14_acc LE Q10(-4.08654),True,0.30233209930987825,17.8087986463621,18.92033542976939,19.363057324840767,21.578947368421055,83.22851153039832,84.17910447761194,82.26037195994277,79.1958041958042,0.09003503964364208,0.1546856124999757,0.18121188609666283,0.23046325315430582
m15_tsi_d3 GE Q90(1.98347) OR btc1_bb_pctb_d3 GE Q90(0.254743),m15_tsi_d3 GE Q90(1.98347),btc1_bb_pctb_d3 GE Q90(0.254743),True,0.3002357290542635,18.062605752961083,21.22641509433962,18.59872611464968,25.394736842105264,81.13207547169812,82.98507462686567,83.97711015736766,78.32167832167832,0.04222367550911361,0.1845299152596308,0.24728964631137795,0.5251564134935904
m15_tsi_d3 GE Q90(1.98347) OR m15_er10_d1 GE Q80(0.107262),m15_tsi_d3 GE Q90(1.98347),m15_er10_d1 GE Q80(0.107262),True,0.286873274359035,25.549915397631136,26.257861635220124,26.878980891719745,30.657894736842106,74.1090146750524,79.1044776119403,75.10729613733905,70.8041958041958,0.11071767078296837,0.2209299199376875,0.14957429369429442,0.34202035461962765
m15_er10_d1 GE Q80(0.107262) OR m15_ema20_50_spread_d1 GE Q90(0.0565935),m15_er10_d1 GE Q80(0.107262),m15_ema20_50_spread_d1 GE Q90(0.0565935),True,0.27558926783395093,25.846023688663283,28.09224318658281,26.11464968152866,30.789473684210527,74.42348008385744,76.11940298507463,71.95994277539342,69.05594405594405,0.11827483953952272,0.163846830677292,0.17670886667494978,0.15194190843712063
m15_chop14_acc LE Q10(-4.08654) OR m15_ema20_50_spread_d1 GE Q90(0.0565935),m15_chop14_acc LE Q10(-4.08654),m15_ema20_50_spread_d1 GE Q90(0.0565935),True,0.2739870297864474,17.639593908629443,19.968553459119498,18.21656050955414,22.105263157894736,83.85744234800838,81.94029850746269,79.82832618025752,78.84615384615384,0.10966596696562989,0.07904627468176184,0.18340142308619167,0.2552337740672507
m15_kdj_j GE Q90(76.5194) OR m15_er10_d3 GE Q90(0.216841),m15_kdj_j GE Q90(76.5194),m15_er10_d3 GE Q90(0.216841),True,0.2664268579709801,17.512690355329948,18.92033542976939,18.726114649681527,21.578947368421055,83.22851153039832,85.5223880597015,82.40343347639485,79.37062937062937,0.11067215160671383,0.1884147052716425,0.13367651130124836,0.13148622047723468
m15_tsi_d3 GE Q90(1.98347) OR m15_chop14_acc LE Q10(-4.08654),m15_tsi_d3 GE Q90(1.98347),m15_chop14_acc LE Q10(-4.08654),True,0.25534763712567055,16.962774957698816,18.18658280922432,18.21656050955414,21.31578947368421,84.27672955974843,85.07462686567165,82.54649499284692,80.94405594405595,0.052180406105741886,0.1456570644356744,0.17809151998282224,0.3198831201571637
m15_ppo_hist_d3 GE Q80(0.0158154) OR m15_tsi_d3 GE Q90(1.98347),m15_ppo_hist_d3 GE Q80(0.0158154),m15_tsi_d3 GE Q90(1.98347),True,0.25325869220636216,23.434856175972925,23.532494758909852,25.222929936305732,25.526315789473685,78.30188679245283,77.31343283582089,75.53648068669528,76.74825174825175,0.001524598310984726,0.09745341896660986,0.2159726186887213,0.323288229424637
m15_er10_d3 GE Q90(0.216841) OR m15_ema20_50_spread_d1 GE Q90(0.0565935),m15_er10_d3 GE Q90(0.216841),m15_ema20_50_spread_d1 GE Q90(0.0565935),True,0.22079168792555928,17.93570219966159,21.12159329140461,18.08917197452229,23.94736842105263,82.70440251572327,82.68656716417911,79.25608011444922,77.7972027972028,0.09880131414670203,0.1471368156699735,0.11892097828164327,0.14937744388388352
m15_tsi_d3 GE Q90(1.98347) OR m15_ema20_50_spread_d1 GE Q90(0.0565935),m15_tsi_d3 GE Q90(1.98347),m15_ema20_50_spread_d1 GE Q90(0.0565935),True,0.21379031532673298,15.439932318104907,16.928721174004195,16.178343949044585,19.342105263157894,85.42976939203353,85.22388059701493,82.689556509299,82.6923076923077,0.060189498574556036,0.07493064212777201,0.1388325841333834,0.21425316336368383
m15_kdj_j GE Q90(76.5194) OR m15_ema20_50_spread_d1 GE Q90(0.0565935),m15_kdj_j GE Q90(76.5194),m15_ema20_50_spread_d1 GE Q90(0.0565935),True,0.1983735724287625,16.962774957698816,18.448637316561843,17.197452229299362,19.86842105263158,84.90566037735849,84.17910447761194,79.97138769670958,80.06993006993007,0.1248350562889692,0.09529840889767671,0.09838161809907486,0.1705012116310718
m15_tsi_d3 GE Q90(1.98347) OR m15_er10_d3 GE Q90(0.216841),m15_tsi_d3 GE Q90(1.98347),m15_er10_d3 GE Q90(0.216841),True,0.18171314936844993,16.920473773265652,18.39622641509434,17.8343949044586,22.236842105263158,83.22851153039832,86.11940298507463,82.689556509299,80.76923076923077,0.029642665504503535,0.1790935178267996,0.13379206124008747,0.1852741608022016
m15_kdj_j GE Q90(76.5194) OR m15_tsi_d3 GE Q90(1.98347),m15_kdj_j GE Q90(76.5194),m15_tsi_d3 GE Q90(1.98347),True,0.155139716293893,14.720812182741117,15.775681341719078,15.414012738853502,18.289473684210527,85.9538784067086,87.46268656716418,84.97854077253218,83.3916083916084,0.04812850954283758,0.1261092721982947,0.09314719562880769,0.19052699723333888
m15_roc4 GE Q50(0.234584) OR btc1_di_spread_acc GE Q50(-2.44243),m15_roc4 GE Q50(0.234584),btc1_di_spread_acc GE Q50(-2.44243),False,1.9701844751209294,74.5346869712352,73.58490566037736,76.30573248407644,77.10526315789473,25.57651991614256,26.56716417910448,25.894134477825464,27.27272727272727,0.5040733671257805,0.6884810596816597,1.4306901977383242,1.7045461805461506
m15_close_ret4 GE Q50(0.234584) OR btc1_di_spread_acc GE Q50(-2.44243),m15_close_ret4 GE Q50(0.234584),btc1_di_spread_acc GE Q50(-2.44243),False,1.9701844751209294,74.5346869712352,73.58490566037736,76.30573248407644,77.10526315789473,25.57651991614256,26.56716417910448,25.894134477825464,27.27272727272727,0.5040733671257805,0.6884810596816597,1.4306901977383242,1.7045461805461506
m15_ppo_hist_d3 GE Q50(-0.0211379) OR btc1_di_spread_acc GE Q50(-2.44243),m15_ppo_hist_d3 GE Q50(-0.0211379),btc1_di_spread_acc GE Q50(-2.44243),False,1.878795367236939,73.01184433164129,69.44444444444444,76.30573248407644,73.42105263157895,29.140461215932913,32.83582089552239,28.040057224606578,33.39160839160839,0.38479547195352476,0.8855221189099776,1.4281221322347113,1.5384680882582562
m15_adx_acc GE Q60(0.326347) OR btc1_di_spread_acc GE Q50(-2.44243),m15_adx_acc GE Q60(0.326347),btc1_di_spread_acc GE Q50(-2.44243),False,1.8265744267091568,67.85109983079526,69.75890985324948,71.0828025477707,73.42105263157895,33.0188679245283,29.55223880597015,35.336194563662374,33.91608391608392,0.36939154173064603,0.3984002669876499,1.3925488306390021,1.5938930658949189
h4_chop14 GE Q50(50.0109) OR btc1_di_spread_acc GE Q50(-2.44243),h4_chop14 GE Q50(50.0109),btc1_di_spread_acc GE Q50(-2.44243),False,1.7565993874633983,72.92724196277496,73.32285115303984,76.81528662420382,76.44736842105263,28.30188679245283,26.56716417910448,30.042918454935624,32.86713286713287,0.39604461013000414,0.47181467992981035,1.2980644319731383,1.3376875765058933
btc4_bb_width LE Q50(0.05643) OR pre_range_4h LE Q50(2.42148),btc4_bb_width LE Q50(0.05643),pre_range_4h LE Q50(2.42148),False,1.7486251104973314,70.5160744500846,70.96436058700209,76.81528662420382,75.92105263157895,31.865828092243188,31.044776119402982,39.19885550786839,36.18881118881119,0.40983581405481145,0.47210764136000244,1.2396554555509827,1.394825673321765
btc1_di_spread_acc GE Q50(-2.44243) OR pre_range_4h LE Q50(2.42148),btc1_di_spread_acc GE Q50(-2.44243),pre_range_4h LE Q50(2.42148),False,1.6496850093532869,73.30795262267344,69.44444444444444,77.57961783439491,72.10526315789474,28.197064989517816,31.044776119402982,33.90557939914164,37.58741258741259,0.32901654130831604,0.6008136510215045,1.6045790365278187,1.2674520937759648
h4_chop14 GE Q50(50.0109) OR pre_range_4h LE Q50(2.42148),h4_chop14 GE Q50(50.0109),pre_range_4h LE Q50(2.42148),False,1.6111079332938607,71.99661590524535,69.916142557652,74.26751592356688,72.5,27.77777777777778,28.955223880597014,36.194563662374826,37.58741258741259,0.16933006786735408,0.10343565117568598,1.611685645982159,1.462254281751744
m15_chop14 GE Q60(55.1317) OR btc4_bb_width LE Q50(0.05643),m15_chop14 GE Q60(55.1317),btc4_bb_width LE Q50(0.05643),False,1.581622894447054,70.43147208121827,73.27044025157232,76.17834394904459,76.57894736842105,32.59958071278826,27.761194029850746,34.620886981402,30.244755244755243,0.46126660005889386,0.8744744230268259,1.0541861520511855,1.1932665108314497
m15_ppo_hist_d3 GE Q50(-0.0211379) OR h4_chop14 GE Q50(50.0109),m15_ppo_hist_d3 GE Q50(-0.0211379),h4_chop14 GE Q50(50.0109),False,1.5440120918005353,74.15397631133672,73.16561844863732,75.92356687898089,75.26315789473685,25.262054507337528,26.268656716417908,30.185979971387695,31.11888111888112,0.16565562798949518,0.49463371570792525,1.4662102231728071,1.3429646524581567
m15_er10_d1 GE Q60(0.00984256) OR btc1_di_spread_acc GE Q50(-2.44243),m15_er10_d1 GE Q60(0.00984256),btc1_di_spread_acc GE Q50(-2.44243),False,1.5416774806559748,69.83925549915398,68.60587002096436,73.88535031847134,71.05263157894737,32.38993710691824,31.791044776119403,31.330472103004293,33.39160839160839,0.49095120598898295,0.31059277805834556,1.4100849490540925,1.182149471437969
m15_adx_acc GE Q70(0.476858) OR btc1_di_spread_acc GE Q50(-2.44243),m15_adx_acc GE Q70(0.476858),btc1_di_spread_acc GE Q50(-2.44243),False,1.4794207127817391,63.45177664974619,65.19916142557652,66.62420382165605,68.94736842105263,37.526205450733755,34.626865671641795,39.34191702432045,38.63636363636363,0.29912604114544317,0.43245429469524416,1.1168461281980986,1.385150034467892
m15_chop14 GE Q60(55.1317) OR btc1_di_spread_acc GE Q50(-2.44243),m15_chop14 GE Q60(55.1317),btc1_di_spread_acc GE Q50(-2.44243),False,1.4617671104961831,68.10490693739425,67.0335429769392,70.70063694267516,69.86842105263158,31.865828092243188,33.582089552238806,35.050071530758224,35.13986013986014,0.260196071727983,0.6149084587337598,1.2135812028648894,1.1496564386625818
m15_adx_acc GE Q60(0.326347) OR pre_range_4h LE Q50(2.42148),m15_adx_acc GE Q60(0.326347),pre_range_4h LE Q50(2.42148),False,1.4477209344125725,70.05076142131979,67.55765199161425,74.14012738853502,72.5,31.341719077568136,33.582089552238806,37.76824034334764,37.93706293706294,0.45374480520620214,0.1875702203120817,1.7285897083553907,1.1783633947561862
m15_er10_d1 GE Q60(0.00984256) OR pre_range_4h LE Q50(2.42148),m15_er10_d1 GE Q60(0.00984256),pre_range_4h LE Q50(2.42148),False,1.423481062354838,69.28934010152284,66.45702306079664,72.86624203821655,70.26315789473684,32.075471698113205,35.82089552238806,37.19599427753934,38.111888111888106,0.4235295554311178,0.38347368603919696,1.367383350300953,0.9684693375817668
m15_ppo_hist_d3 GE Q60(-0.00980363) OR btc1_di_spread_acc GE Q50(-2.44243),m15_ppo_hist_d3 GE Q60(-0.00980363),btc1_di_spread_acc GE Q50(-2.44243),False,1.3953445514979899,68.02030456852792,64.67505241090147,70.44585987261146,68.28947368421052,33.43815513626834,37.46268656716418,32.61802575107296,37.76223776223776,0.29531017977555796,0.6022456787154781,1.051523265640761,1.2171514015142106
m15_chop14 GE Q60(55.1317) OR m15_ppo_hist_d3 GE Q50(-0.0211379),m15_chop14 GE Q60(55.1317),m15_ppo_hist_d3 GE Q50(-0.0211379),False,1.3675932076908,65.1015228426396,65.30398322851153,69.29936305732484,67.63157894736842,36.897274633123686,34.92537313432836,37.76824034334764,37.23776223776224,0.29319512106962786,0.4820924003694924,1.2120676583323795,1.027846172244034
m15_er10_d1 GE Q60(0.00984256) OR h4_chop14 GE Q50(50.0109),m15_er10_d1 GE Q60(0.00984256),h4_chop14 GE Q50(50.0109),False,1.3418865697250535,69.20473773265653,67.66247379454927,71.71974522292993,70.52631578947368,30.92243186582809,34.02985074626866,32.61802575107296,34.79020979020979,0.3027533065311705,0.25669035181187194,1.263155182177806,1.0348960681077135
m15_er10_d1 GE Q70(0.055889) OR h4_chop14 GE Q50(50.0109),m15_er10_d1 GE Q70(0.055889),h4_chop14 GE Q50(50.0109),False,1.3349120270563264,64.80541455160744,62.526205450733755,66.87898089171973,65.52631578947368,34.80083857442348,38.50746268656716,37.05293276108726,40.73426573426573,0.23527363136763352,0.27239435985356814,1.0581670688864468,1.0832991080876775
h4_donch_pos_d3 LE Q30(0.0363804) OR btc4_bb_width LE Q50(0.05643),h4_donch_pos_d3 LE Q30(0.0363804),btc4_bb_width LE Q50(0.05643),False,1.3252119339179282,64.21319796954315,66.35220125786164,68.40764331210191,72.36842105263158,37.10691823899371,41.04477611940299,41.05865522174535,33.91608391608392,0.2859270841757235,0.5857502921450759,1.0956607532299465,0.9553959428910296
m15_ppo_hist_d3 GE Q60(-0.00980363) OR h4_chop14 GE Q50(50.0109),m15_ppo_hist_d3 GE Q60(-0.00980363),h4_chop14 GE Q50(50.0109),False,1.3185332262096237,69.7123519458545,68.65828092243187,71.46496815286623,71.05263157894737,29.559748427672954,31.19402985074627,34.47782546494993,35.31468531468531,0.21651052842023422,0.3384812041107137,1.146513537451857,1.0669703736491547
m15_ppo_hist_d3 GE Q50(-0.0211379) OR pre_range_4h LE Q50(2.42148),m15_ppo_hist_d3 GE Q50(-0.0211379),pre_range_4h LE Q50(2.42148),False,1.3008043490073322,70.60067681895093,67.13836477987421,75.6687898089172,69.73684210526315,30.92243186582809,35.373134328358205,37.76824034334764,36.53846153846153,0.20880826819898163,0.3764925707330374,1.6822579457839155,1.040026534300572
m15_er10_d1 GE Q60(0.00984256) OR btc4_bb_width LE Q50(0.05643),m15_er10_d1 GE Q60(0.00984256),btc4_bb_width LE Q50(0.05643),False,1.2992786309909792,68.69712351945854,71.80293501048219,72.61146496815286,75.52631578947368,33.22851153039832,31.791044776119403,35.622317596566525,27.797202797202797,0.39256237002598166,0.4419968073698283,1.0855234161710152,0.8322486453851677
m15_ppo_hist_d3 GE Q50(-0.0211379) OR btc1_rsi_d3 GE Q70(2.76449),m15_ppo_hist_d3 GE Q50(-0.0211379),btc1_rsi_d3 GE Q70(2.76449),False,1.2789699808772952,66.41285956006769,67.50524109014675,67.89808917197452,69.60526315789474,33.542976939203356,32.6865671641791,36.48068669527897,32.69230769230769,0.1814559735228296,0.3325694207975028,1.0678094151163289,1.2499176015277724
m15_er10_d1 GE Q70(0.055889) OR btc4_bb_width LE Q50(0.05643),m15_er10_d1 GE Q70(0.055889),btc4_bb_width LE Q50(0.05643),False,1.2625599388142874,64.29780033840947,67.29559748427673,68.02547770700636,71.3157894736842,37.526205450733755,36.86567164179104,40.05722460658083,31.993006993006993,0.2973796328021683,0.4575561594006752,0.8906267586401816,0.915658957154136
h4_chop14 GE Q50(50.0109) OR btc4_bb_width LE Q50(0.05643),h4_chop14 GE Q50(50.0109),btc4_bb_width LE Q50(0.05643),False,1.2536530424722607,71.40439932318104,71.54088050314465,74.64968152866241,77.63157894736842,28.61635220125786,31.19402985074627,34.33476394849785,32.34265734265735,0.17603953154603091,0.6297092342705977,1.0127078668166023,1.791560420854497
m15_adx_d3 LE Q30(-2.25983) OR btc4_bb_width LE Q50(0.05643),m15_adx_d3 LE Q30(-2.25983),btc4_bb_width LE Q50(0.05643),False,1.2437415676582628,66.11675126903553,66.45702306079664,68.91719745222929,69.07894736842105,36.79245283018868,33.43283582089553,36.48068669527897,38.111888111888106,0.3520944033250068,0.5678487311272404,0.8392086781807678,0.9677679076038976
h4_chop14 GE Q50(50.0109) OR btc1_stoch_k_d1 GE Q70(1.25682),h4_chop14 GE Q50(50.0109),btc1_stoch_k_d1 GE Q70(1.25682),False,1.2279980984710155,65.05922165820644,64.30817610062893,66.7515923566879,68.55263157894737,32.70440251572327,35.82089552238806,40.629470672389125,41.43356643356643,0.06737239540215062,0.2951958165171371,1.126778289099236,1.638445058537255
m15_adx_d3 LE Q30(-2.25983) OR m15_ppo_hist_d3 GE Q50(-0.0211379),m15_adx_d3 LE Q30(-2.25983),m15_ppo_hist_d3 GE Q50(-0.0211379),False,1.2234087898617694,68.65482233502537,65.041928721174,69.42675159235668,66.57894736842105,32.18029350104822,33.43283582089553,32.33190271816881,39.86013986013986,0.1408932313821645,0.5469621704412422,1.2452850784018663,1.0670769733329788
btc1_rsi_d3 GE Q70(2.76449) OR pre_range_4h LE Q50(2.42148),btc1_rsi_d3 GE Q70(2.76449),pre_range_4h LE Q50(2.42148),False,1.220965318159483,66.87817258883248,67.19077568134172,69.93630573248407,71.1842105263158,33.22851153039832,34.32835820895522,42.34620886981402,36.53846153846153,0.46134067583748084,0.11249816098033893,1.3762612414464188,1.0473044943061123
btc1_stoch_k_d1 GE Q70(1.25682) OR pre_range_4h LE Q50(2.42148),btc1_stoch_k_d1 GE Q70(1.25682),pre_range_4h LE Q50(2.42148),False,1.2172002345210335,64.93231810490694,60.901467505241094,68.6624203821656,66.05263157894737,34.90566037735849,42.38805970149254,45.493562231759654,45.97902097902098,0.3528861661328555,0.12327042568198177,1.4426129820810707,1.0193277632938784
m15_adx_acc GE Q60(0.326347) OR btc4_bb_width LE Q50(0.05643),m15_adx_acc GE Q60(0.326347),btc4_bb_width LE Q50(0.05643),False,1.2083860999577745,69.1201353637902,72.79874213836479,71.71974522292993,77.23684210526316,32.70440251572327,28.35820895522388,34.620886981402,30.419580419580424,0.31269817814020734,0.47158082371982846,0.8436957246347726,1.3956596949677222
m15_kdj_spread GE Q70(1.90944) OR btc4_bb_width LE Q50(0.05643),m15_kdj_spread GE Q70(1.90944),btc4_bb_width LE Q50(0.05643),False,1.2042313120643404,64.46700507614213,68.50104821802935,68.15286624203821,73.28947368421052,37.63102725366876,35.67164179104478,39.05579399141631,33.74125874125874,0.3487605243891515,0.3331792180116651,0.7973348707347535,1.2125951825809476
btc4_bb_width LE Q50(0.05643) OR pre_dd_from_high_24h GE Q50(-2.00467),btc4_bb_width LE Q50(0.05643),pre_dd_from_high_24h GE Q50(-2.00467),False,1.194180900195269,72.41962774957699,71.0167714884696,76.81528662420382,76.44736842105263,28.40670859538784,33.731343283582085,35.622317596566525,30.244755244755243,0.22926991602370933,0.43114283367039014,0.876997806679023,1.2279425888046993
m15_ppo_hist_d3 GE Q60(-0.00980363) OR btc4_bb_width LE Q50(0.05643),m15_ppo_hist_d3 GE Q60(-0.00980363),btc4_bb_width LE Q50(0.05643),False,1.1852241812873008,69.03553299492386,72.43186582809224,73.63057324840764,75.52631578947368,32.70440251572327,31.19402985074627,35.47925608011445,28.146853146853147,0.24073305027048436,0.21636568167216486,1.0046185382335415,0.9069695003875071
h4_chop14 GE Q50(50.0109) OR pre_dd_from_high_24h GE Q50(-2.00467),h4_chop14 GE Q50(50.0109),pre_dd_from_high_24h GE Q50(-2.00467),False,1.1760492703307373,70.55837563451777,65.56603773584906,73.88535031847134,68.42105263157895,29.140461215932913,34.179104477611936,35.336194563662374,40.909090909090914,0.09965648840983826,0.12711889547012267,1.0192924840063013,1.3541076294453105
btc1_stoch_k_d1 GE Q70(1.25682) OR pre_dd_from_high_24h GE Q50(-2.00467),btc1_stoch_k_d1 GE Q70(1.25682),pre_dd_from_high_24h GE Q50(-2.00467),False,1.1729667656025853,66.07445008460236,59.486373165618446,70.31847133757961,64.21052631578948,32.18029350104822,42.98507462686567,44.20600858369099,45.8041958041958,0.17890613711952477,0.20193762698879536,1.2495144046856974,0.9091802034235156
h4_donch_pos_d3 LE Q30(0.0363804) OR pre_dd_from_high_24h GE Q50(-2.00467),h4_donch_pos_d3 LE Q30(0.0363804),pre_dd_from_high_24h GE Q50(-2.00467),False,1.1662610608655233,69.24703891708968,64.20335429769392,72.9936305732484,71.05263157894737,28.61635220125786,42.83582089552239,39.91416309012876,36.71328671328671,0.04204285807608762,0.5644856955419644,1.0961640206067051,1.0492863696662613
m15_adx_d3 LE Q30(-2.25983) OR btc1_di_spread_acc GE Q50(-2.44243),m15_adx_d3 LE Q30(-2.25983),btc1_di_spread_acc GE Q50(-2.44243),False,1.1578669771587844,65.86294416243655,62.21174004192872,67.64331210191082,64.07894736842105,35.84905660377358,35.82089552238806,33.90557939914164,44.40559440559441,0.3927520774462892,0.3218243052640209,0.800435313105278,0.9976650641831442
h4_chop14 GE Q50(50.0109) OR h4_donch_pos_d3 LE Q30(0.0363804),h4_chop14 GE Q50(50.0109),h4_donch_pos_d3 LE Q30(0.0363804),False,1.1490412971581678,65.82064297800339,64.72746331236897,66.7515923566879,70.39473684210526,31.656184486373167,38.80597014925373,38.62660944206009,36.888111888111894,0.11268030103947116,0.4639846744954983,1.0177420085450066,1.3534132236755827
m15_chop14 GE Q60(55.1317) OR pre_dd_from_high_24h GE Q50(-2.00467),m15_chop14 GE Q60(55.1317),pre_dd_from_high_24h GE Q50(-2.00467),False,1.1475460251059098,67.76649746192894,64.30817610062893,71.21019108280254,67.5,32.70440251572327,36.268656716417915,38.483547925608015,40.20979020979021,0.3278832875117304,0.35645899648161466,0.8970973385021827,0.755826259606758
m15_adx_acc GE Q60(0.326347) OR h4_chop14 GE Q50(50.0109),m15_adx_acc GE Q60(0.326347),h4_chop14 GE Q50(50.0109),False,1.138775604896858,68.61252115059222,67.24318658280922,70.06369426751591,69.86842105263158,30.29350104821803,30.74626865671642,35.336194563662374,37.93706293706294,0.09811471751682352,0.0849051678247319,1.1263722924479365,1.0248469747336522
m15_ppo_hist_d3 GE Q60(-0.00980363) OR pre_range_4h LE Q50(2.42148),m15_ppo_hist_d3 GE Q60(-0.00980363),pre_range_4h LE Q50(2.42148),False,1.129117539398071,68.10490693739425,64.15094339622641,73.24840764331209,67.10526315789474,32.80922431865828,38.95522388059702,41.48783977110158,39.68531468531469,0.13849921691834532,0.26247794365508126,1.482169779765222,0.931531927246359
m15_roc4 GE Q50(0.234584) OR h4_donch_pos_d3 LE Q30(0.0363804),m15_roc4 GE Q50(0.234584),h4_donch_pos_d3 LE Q30(0.0363804),False,1.0825888993508173,65.14382402707277,66.87631027253668,67.38853503184713,71.84210526315789,35.0104821802935,34.47761194029851,34.763948497854074,32.86713286713287,0.12666395847814635,0.444412514294234,0.9110307207771838,0.9289764003821553
m15_close_ret4 GE Q50(0.234584) OR h4_donch_pos_d3 LE Q30(0.0363804),m15_close_ret4 GE Q50(0.234584),h4_donch_pos_d3 LE Q30(0.0363804),False,1.0825888993508173,65.14382402707277,66.87631027253668,67.38853503184713,71.84210526315789,35.0104821802935,34.47761194029851,34.763948497854074,32.86713286713287,0.12666395847814635,0.444412514294234,0.9110307207771838,0.9289764003821553
btc1_di_spread_acc GE Q50(-2.44243) OR pre_dd_from_high_24h GE Q50(-2.00467),btc1_di_spread_acc GE Q50(-2.44243),pre_dd_from_high_24h GE Q50(-2.00467),False,1.0814294105864217,74.61928934010153,68.50104821802935,79.87261146496816,70.92105263157895,26.834381551362686,32.23880597014925,31.47353361945637,35.48951048951049,0.5203808097779986,0.35715557850840757,1.6360964617320368,0.6758737438070224
h4_chop14 GE Q50(50.0109) OR btc1_stoch_spread_d1 GE Q70(-1.83159),h4_chop14 GE Q50(50.0109),btc1_stoch_spread_d1 GE Q70(-1.83159),False,1.0706014719667891,65.01692047377327,64.57023060796647,64.84076433121018,67.89473684210526,32.38993710691824,35.07462686567165,38.483547925608015,41.95804195804196,0.1601123887707398,0.2067556632651757,0.9140122060473111,1.4261768305781763
m15_chop14 GE Q60(55.1317) OR m15_close_ret4 GE Q50(0.234584),m15_chop14 GE Q60(55.1317),m15_close_ret4 GE Q50(0.234584),False,1.0607720809634906,67.34348561759728,67.34800838574424,69.80891719745223,70.52631578947368,33.22851153039832,31.791044776119403,33.47639484978541,33.74125874125874,0.22159269071652643,0.3657357518700201,0.7898707586498653,0.98701316154208
m15_roc4 GE Q50(0.234584) OR m15_chop14 GE Q60(55.1317),m15_roc4 GE Q50(0.234584),m15_chop14 GE Q60(55.1317),False,1.0607720809634906,67.34348561759728,67.34800838574424,69.80891719745223,70.52631578947368,33.22851153039832,31.791044776119403,33.47639484978541,33.74125874125874,0.22159269071652643,0.3657357518700201,0.7898707586498653,0.98701316154208
m15_adx_d3 LE Q30(-2.25983) OR m15_close_ret4 GE Q50(0.234584),m15_adx_d3 LE Q30(-2.25983),m15_close_ret4 GE Q50(0.234584),False,1.0566082745103442,67.97800338409475,66.71907756813418,69.17197452229298,68.6842105263158,32.075471698113205,30.597014925373134,30.472103004291846,35.66433566433567,0.21675328479250844,0.1632342718568175,0.9143162179669561,0.869494579889562
m15_roc4 GE Q50(0.234584) OR m15_adx_d3 LE Q30(-2.25983),m15_roc4 GE Q50(0.234584),m15_adx_d3 LE Q30(-2.25983),False,1.0566082745103442,67.97800338409475,66.71907756813418,69.17197452229298,68.6842105263158,32.075471698113205,30.597014925373134,30.472103004291846,35.66433566433567,0.21675328479250844,0.1632342718568175,0.9143162179669561,0.869494579889562
m15_adx_acc GE Q70(0.476858) OR btc4_bb_width LE Q50(0.05643),m15_adx_acc GE Q70(0.476858),btc4_bb_width LE Q50(0.05643),False,1.0217045301244099,64.63620981387479,68.65828092243187,67.64331210191082,73.15789473684211,36.68763102725367,33.134328358208954,40.629470672389125,34.090909090909086,0.13091968716380692,0.49811266795941256,0.8306427971998823,1.1577762346950795
h4_chop14 GE Q50(50.0109) OR btc1_rsi_d3 GE Q70(2.76449),h4_chop14 GE Q50(50.0109),btc1_rsi_d3 GE Q70(2.76449),False,1.0211192912002938,64.34010152284264,65.98532494758909,65.60509554140127,71.1842105263158,34.17190775681342,35.97014925373134,39.62804005722461,37.58741258741259,0.13455808857625423,0.3403464043380414,0.861261322252867,1.7617577991784872
btc4_bb_width LE Q50(0.05643) OR pre_dd_from_high_2h GE Q60(-0.585504),btc4_bb_width LE Q50(0.05643),pre_dd_from_high_2h GE Q60(-0.585504),False,1.0084079308862601,66.49746192893402,68.34381551362684,71.21019108280254,73.02631578947368,36.058700209643604,36.86567164179104,39.62804005722461,33.74125874125874,0.16791429711502293,0.5699744798548505,0.7468436282543002,1.2434489640957351
m15_roc4 GE Q50(0.234584) OR pre_dd_from_high_24h GE Q50(-2.00467),m15_roc4 GE Q50(0.234584),pre_dd_from_high_24h GE Q50(-2.00467),False,0.9991306343206299,72.84263959390863,69.70649895178197,76.05095541401275,71.71052631578947,25.57651991614256,28.65671641791045,34.620886981402,33.74125874125874,0.058691597675202115,0.21961157041107526,1.0149862357254595,0.9003584893652777
m15_close_ret4 GE Q50(0.234584) OR pre_dd_from_high_24h GE Q50(-2.00467),m15_close_ret4 GE Q50(0.234584),pre_dd_from_high_24h GE Q50(-2.00467),False,0.9991306343206299,72.84263959390863,69.70649895178197,76.05095541401275,71.71052631578947,25.57651991614256,28.65671641791045,34.620886981402,33.74125874125874,0.058691597675202115,0.21961157041107526,1.0149862357254595,0.9003584893652777
m15_kdj_spread GE Q70(1.90944) OR h4_chop14 GE Q50(50.0109),m15_kdj_spread GE Q70(1.90944),h4_chop14 GE Q50(50.0109),False,0.9855588635369974,64.84771573604061,63.731656184486376,66.87898089171973,66.44736842105263,34.90566037735849,36.268656716417915,37.911301859799714,40.38461538461539,0.23102364324726077,0.19271776972096122,0.7522157907024537,1.042562343388104
m15_adx_acc GE Q70(0.476858) OR h4_chop14 GE Q50(50.0109),m15_adx_acc GE Q70(0.476858),h4_chop14 GE Q50(50.0109),False,0.9624421170468072,64.25549915397632,63.259958071278824,65.60509554140127,66.44736842105263,34.067085953878404,35.07462686567165,39.91416309012876,43.00699300699301,-0.01275664674789763,0.20942621659738447,0.9482068360462058,1.0184710945300506
m15_roc4 GE Q50(0.234584) OR btc1_stoch_k_d1 GE Q70(1.25682),m15_roc4 GE Q50(0.234584),btc1_stoch_k_d1 GE Q70(1.25682),False,0.9488176588409726,63.3248730964467,64.98951781970649,64.07643312101911,67.36842105263158,36.268343815513624,33.134328358208954,36.33762517882689,36.01398601398601,0.12543942636033453,0.09675469025150041,0.837031768098024,1.0257008860759504
m15_close_ret4 GE Q50(0.234584) OR btc1_stoch_k_d1 GE Q70(1.25682),m15_close_ret4 GE Q50(0.234584),btc1_stoch_k_d1 GE Q70(1.25682),False,0.9488176588409726,63.3248730964467,64.98951781970649,64.07643312101911,67.36842105263158,36.268343815513624,33.134328358208954,36.33762517882689,36.01398601398601,0.12543942636033453,0.09675469025150041,0.837031768098024,1.0257008860759504
m15_ppo_hist_d3 GE Q50(-0.0211379) OR pre_dd_from_high_24h GE Q50(-2.00467),m15_ppo_hist_d3 GE Q50(-0.0211379),pre_dd_from_high_24h GE Q50(-2.00467),False,0.9451941263166904,72.0389170896785,69.54926624737946,75.79617834394905,71.97368421052632,27.9874213836478,31.64179104477612,34.620886981402,34.26573426573427,0.02922313716327351,0.4534113761245063,1.2152708319440366,0.8674826298904799
m15_adx_acc GE Q60(0.326347) OR m15_close_ret4 GE Q50(0.234584),m15_adx_acc GE Q60(0.326347),m15_close_ret4 GE Q50(0.234584),False,0.904226256818324,63.367174280879865,64.46540880503144,64.96815286624204,66.57894736842105,35.744234800838576,32.23880597014925,38.483547925608015,38.46153846153847,0.13454911101921735,0.18585781179795835,0.8376810998875265,0.7376575740918632
m15_roc4 GE Q50(0.234584) OR m15_adx_acc GE Q60(0.326347),m15_roc4 GE Q50(0.234584),m15_adx_acc GE Q60(0.326347),False,0.904226256818324,63.367174280879865,64.46540880503144,64.96815286624204,66.57894736842105,35.744234800838576,32.23880597014925,38.483547925608015,38.46153846153847,0.13454911101921735,0.18585781179795835,0.8376810998875265,0.7376575740918632
h4_chop14 GE Q50(50.0109) OR pre_dd_from_high_2h GE Q60(-0.585504),h4_chop14 GE Q50(50.0109),pre_dd_from_high_2h GE Q60(-0.585504),False,0.9025741508967103,67.85109983079526,63.52201257861635,69.80891719745223,66.05263157894737,33.0188679245283,36.11940298507463,35.622317596566525,42.48251748251749,0.05734146542428585,0.2882213801658537,0.8060763381392851,1.1464691224264885
btc1_stoch_spread_d1 GE Q70(-1.83159) OR pre_dd_from_high_24h GE Q50(-2.00467),btc1_stoch_spread_d1 GE Q70(-1.83159),pre_dd_from_high_24h GE Q50(-2.00467),False,0.8994778570392895,64.76311336717428,59.74842767295597,68.40764331210191,63.1578947368421,34.59119496855346,42.68656716417911,42.34620886981402,43.88111888111888,0.3709029717550289,0.031831424724410695,0.9289868946178862,0.7994570910371561
m15_adx_acc GE Q60(0.326347) OR m15_ppo_hist_d3 GE Q50(-0.0211379),m15_adx_acc GE Q60(0.326347),m15_ppo_hist_d3 GE Q50(-0.0211379),False,0.8926962176938321,68.10490693739425,68.86792452830188,70.06369426751591,70.65789473684211,32.80922431865828,29.701492537313435,34.0486409155937,34.44055944055944,0.04835546915500021,0.3711018046735338,1.3671298441128181,0.8085413443680274
m15_roc4 GE Q50(0.234584) OR btc1_stoch_spread_d1 GE Q70(-1.83159),m15_roc4 GE Q50(0.234584),btc1_stoch_spread_d1 GE Q70(-1.83159),False,0.8126060565916183,64.17089678510999,65.09433962264151,64.96815286624204,66.84210526315789,35.324947589098535,33.43283582089553,34.763948497854074,34.44055944055944,0.1665385238418977,0.14725329889331085,0.6494076360756665,0.9029520265635369
m15_close_ret4 GE Q50(0.234584) OR btc1_stoch_spread_d1 GE Q70(-1.83159),m15_close_ret4 GE Q50(0.234584),btc1_stoch_spread_d1 GE Q70(-1.83159),False,0.8126060565916183,64.17089678510999,65.09433962264151,64.96815286624204,66.84210526315789,35.324947589098535,33.43283582089553,34.763948497854074,34.44055944055944,0.1665385238418977,0.14725329889331085,0.6494076360756665,0.9029520265635369
h4_chop14 GE Q80(58.1804) OR pre_range_4h LE Q50(2.42148),h4_chop14 GE Q80(58.1804),pre_range_4h LE Q50(2.42148),False,0.7992566174352254,58.37563451776649,54.19287211740041,62.42038216560509,56.84210526315789,42.0335429769392,46.11940298507463,52.21745350500715,53.671328671328666,0.1368994593218834,-0.012563245835784165,1.1407042140936272,0.7588352003558599
m15_ppo_hist_d3 GE Q50(-0.0211379) OR m15_er10_d1 GE Q60(0.00984256),m15_ppo_hist_d3 GE Q50(-0.0211379),m15_er10_d1 GE Q60(0.00984256),False,0.7793639696636792,66.58206429780034,66.82389937106919,69.17197452229298,67.76315789473685,34.696016771488466,34.776119402985074,36.33762517882689,32.86713286713287,0.02366205847287358,0.2325377663379889,0.9175321224956233,0.7369167407174523
m15_adx_acc GE Q80(0.667864) OR m15_ppo_hist_d3 GE Q50(-0.0211379),m15_adx_acc GE Q80(0.667864),m15_ppo_hist_d3 GE Q50(-0.0211379),False,0.7485472026322046,58.079526226734345,57.91404612159329,60.0,58.684210526315795,42.34800838574424,40.44776119402985,44.77825464949928,45.8041958041958,-0.029580539466541003,0.3386424719051627,0.9721814198156772,0.7627244540042956
m15_ppo_hist_d3 GE Q60(-0.00980363) OR pre_dd_from_high_24h GE Q50(-2.00467),m15_ppo_hist_d3 GE Q60(-0.00980363),pre_dd_from_high_24h GE Q50(-2.00467),False,0.7269133678546925,68.06260575296108,64.46540880503144,72.10191082802547,66.97368421052632,32.38993710691824,37.76119402985075,38.483547925608015,38.28671328671329,0.03828627186195593,0.2640421984126229,1.0462450214801398,0.6384615878828392
m15_roc4 GE Q50(0.234584) OR btc1_rsi_d3 GE Q70(2.76449),m15_roc4 GE Q50(0.234584),btc1_rsi_d3 GE Q70(2.76449),False,0.7249362722234752,61.844331641285955,65.98532494758909,62.54777070063694,67.76315789473685,37.735849056603776,33.43283582089553,37.33905579399141,32.16783216783217,0.16730358104438064,0.048184831296953834,0.6889822208484083,0.6626826597395017
m15_close_ret4 GE Q50(0.234584) OR btc1_rsi_d3 GE Q70(2.76449),m15_close_ret4 GE Q50(0.234584),btc1_rsi_d3 GE Q70(2.76449),False,0.7249362722234752,61.844331641285955,65.98532494758909,62.54777070063694,67.76315789473685,37.735849056603776,33.43283582089553,37.33905579399141,32.16783216783217,0.16730358104438064,0.048184831296953834,0.6889822208484083,0.6626826597395017
m15_roc4 GE Q50(0.234584) OR h4_chop14 GE Q80(58.1804),m15_roc4 GE Q50(0.234584),h4_chop14 GE Q80(58.1804),False,0.7239771802885646,60.0253807106599,61.21593291404612,64.20382165605095,62.23684210526316,40.56603773584906,35.373134328358205,40.629470672389125,40.03496503496503,0.20420721450276808,-0.016210438508114433,0.8717721166862261,0.7197694349723384
m15_close_ret4 GE Q50(0.234584) OR h4_chop14 GE Q80(58.1804),m15_close_ret4 GE Q50(0.234584),h4_chop14 GE Q80(58.1804),False,0.7239771802885646,60.0253807106599,61.21593291404612,64.20382165605095,62.23684210526316,40.56603773584906,35.373134328358205,40.629470672389125,40.03496503496503,0.20420721450276808,-0.016210438508114433,0.8717721166862261,0.7197694349723384
m15_ppo_hist_d3 GE Q50(-0.0211379) OR m15_close_ret4 GE Q50(0.234584),m15_ppo_hist_d3 GE Q50(-0.0211379),m15_close_ret4 GE Q50(0.234584),False,0.7182133437960259,66.11675126903553,65.82809224318659,68.15286624203821,67.23684210526316,33.75262054507338,31.343283582089555,36.9098712446352,36.36363636363637,0.06501038148146723,0.23050047746746888,0.8493587253226823,0.6250279650730272
m15_roc4 GE Q50(0.234584) OR m15_ppo_hist_d3 GE Q50(-0.0211379),m15_roc4 GE Q50(0.234584),m15_ppo_hist_d3 GE Q50(-0.0211379),False,0.7182133437960259,66.11675126903553,65.82809224318659,68.15286624203821,67.23684210526316,33.75262054507338,31.343283582089555,36.9098712446352,36.36363636363637,0.06501038148146723,0.23050047746746888,0.8493587253226823,0.6250279650730272
m15_roc4 GE Q50(0.234584) OR pre_dd_from_high_2h GE Q60(-0.585504),m15_roc4 GE Q50(0.234584),pre_dd_from_high_2h GE Q60(-0.585504),False,0.6736510365947425,67.76649746192894,63.888888888888886,70.5732484076433,66.05263157894737,33.123689727463315,36.268656716417915,35.050071530758224,36.71328671328671,0.0798780906973248,0.2586641551556401,0.6987568862222499,0.550498092096248
m15_close_ret4 GE Q50(0.234584) OR pre_dd_from_high_2h GE Q60(-0.585504),m15_close_ret4 GE Q50(0.234584),pre_dd_from_high_2h GE Q60(-0.585504),False,0.6736510365947425,67.76649746192894,63.888888888888886,70.5732484076433,66.05263157894737,33.123689727463315,36.268656716417915,35.050071530758224,36.71328671328671,0.0798780906973248,0.2586641551556401,0.6987568862222499,0.550498092096248
m15_er10_d1 GE Q60(0.00984256) OR pre_dd_from_high_24h GE Q50(-2.00467),m15_er10_d1 GE Q60(0.00984256),pre_dd_from_high_24h GE Q50(-2.00467),False,0.6373331810705143,66.11675126903553,62.15932914046122,69.93630573248407,64.47368421052632,33.85744234800839,39.850746268656714,39.91416309012876,40.909090909090914,0.17827210374436286,0.23592929648286798,0.8613770891393772,0.4127739759248494
m15_er10_d1 GE Q70(0.055889) OR btc1_donch_pos_d3 GE Q90(0.212789),m15_er10_d1 GE Q70(0.055889),btc1_donch_pos_d3 GE Q90(0.212789),False,0.6115780743022876,36.80203045685279,37.683438155136265,36.68789808917197,41.44736842105263,61.42557651991615,66.26865671641791,65.52217453505007,61.53846153846154,0.11826602420234085,0.31232549110013547,0.4955946974535631,0.5387547967300954
m15_adx_d3 LE Q30(-2.25983) OR m15_ema20_50_spread_d1 GE Q90(0.0565935),m15_adx_d3 LE Q30(-2.25983),m15_ema20_50_spread_d1 GE Q90(0.0565935),False,0.6072248779825355,38.28257191201354,36.42557651991614,38.21656050955414,38.81578947368421,62.36897274633124,62.98507462686567,58.51216022889842,67.83216783216784,0.21012524954794093,0.20180038061342276,0.40674472541830065,0.4840401723134832
m15_adx_acc GE Q70(0.476858) OR m15_ppo_hist_d3 GE Q50(-0.0211379),m15_adx_acc GE Q70(0.476858),m15_ppo_hist_d3 GE Q50(-0.0211379),False,0.5902031204102103,63.113367174280874,63.78406708595388,65.47770700636943,65.13157894736842,37.9454926624738,34.776119402985074,39.19885550786839,39.51048951048951,-0.1016764411544319,0.40858383029324424,1.1129163811508271,0.6649293243363512
m15_ppo_hist_d3 GE Q50(-0.0211379) OR m15_tsi_d3 GE Q90(1.98347),m15_ppo_hist_d3 GE Q50(-0.0211379),m15_tsi_d3 GE Q90(1.98347),False,0.5741440336641247,50.719120135363795,50.26205450733753,54.14012738853503,52.23684210526316,50.943396226415096,49.850746268656714,52.78969957081545,51.74825174825175,-0.025316072498518374,0.28192399130362095,0.5641014924775153,0.5599643542041306
m15_adx_acc GE Q80(0.667864) OR m15_ppo_hist_d3 GE Q60(-0.00980363),m15_adx_acc GE Q80(0.667864),m15_ppo_hist_d3 GE Q60(-0.00980363),False,0.5736849741911312,49.87309644670051,50.20964360587003,51.71974522292994,51.31578947368421,50.314465408805034,48.95522388059702,52.5035765379113,52.44755244755245,-0.025965411001537347,0.19971672858862588,0.7564385376715544,0.5775274678363849
m15_er10_d1 GE Q60(0.00984256) OR btc1_rsi_d3 GE Q70(2.76449),m15_er10_d1 GE Q60(0.00984256),btc1_rsi_d3 GE Q70(2.76449),False,0.5245898835039146,55.03384094754653,57.80922431865828,54.904458598726116,61.44736842105263,44.23480083857442,45.820895522388064,45.20743919885551,40.909090909090914,0.09897740576574635,0.3091213082401892,0.42820012471457647,0.7414388413854072
m15_tsi_d3 GE Q90(1.98347) OR pre_dd_from_high_24h GE Q50(-2.00467),m15_tsi_d3 GE Q90(1.98347),pre_dd_from_high_24h GE Q50(-2.00467),False,0.5244141096405452,54.73773265651438,49.528301886792455,58.72611464968153,55.13157894736842,44.75890985324947,55.67164179104478,53.50500715307582,54.1958041958042,-0.007606570677369695,0.26775919867464654,0.45225304045457204,0.5595986622849882
m15_er10_d1 GE Q70(0.055889) OR m15_close_ret4 GE Q50(0.234584),m15_er10_d1 GE Q70(0.055889),m15_close_ret4 GE Q50(0.234584),False,0.517383039390878,59.60236886632826,60.27253668763103,60.509554140127385,63.026315789473685,39.098532494758906,39.25373134328358,40.915593705293276,39.33566433566433,-0.014605102845013263,0.14222586131888093,0.5661639287399912,0.5138444367599089
m15_roc4 GE Q50(0.234584) OR m15_er10_d1 GE Q70(0.055889),m15_roc4 GE Q50(0.234584),m15_er10_d1 GE Q70(0.055889),False,0.517383039390878,59.60236886632826,60.27253668763103,60.509554140127385,63.026315789473685,39.098532494758906,39.25373134328358,40.915593705293276,39.33566433566433,-0.014605102845013263,0.14222586131888093,0.5661639287399912,0.5138444367599089
m15_ema20_50_spread_d1 GE Q90(0.0565935) OR btc1_rsi_d3 GE Q70(2.76449),m15_ema20_50_spread_d1 GE Q90(0.0565935),btc1_rsi_d3 GE Q70(2.76449),False,0.5165705978152789,35.87140439932318,42.40041928721174,35.54140127388535,46.44736842105263,63.941299790356396,60.74626865671642,63.94849785407726,56.64335664335665,0.20609149496001056,0.17150766531172434,0.35166299501231124,0.5536585816404019
m15_er10_d1 GE Q80(0.107262) OR btc1_rsi_d3 GE Q70(2.76449),m15_er10_d1 GE Q80(0.107262),btc1_rsi_d3 GE Q70(2.76449),False,0.5061770502589511,43.10490693739425,47.37945492662474,42.92993630573248,51.973684210526315,55.34591194968554,57.611940298507456,58.6552217453505,49.82517482517482,0.16813198977965343,0.34475620470774715,0.3415444731125329,0.6584843348842089
h4_macd_hist GE Q80(0.00320368) OR pre_range_4h LE Q50(2.42148),h4_macd_hist GE Q80(0.00320368),pre_range_4h LE Q50(2.42148),False,0.49212405608296367,60.575296108291035,53.61635220125787,64.3312101910828,55.65789473684211,40.461215932914044,47.3134328358209,49.49928469241774,51.92307692307693,0.14917933000571332,-0.07294907073889978,1.063025723813797,0.5242422761101786
m15_tsi_d3 GE Q90(1.98347) OR btc1_rsi_d3 GE Q70(2.76449),m15_tsi_d3 GE Q90(1.98347),btc1_rsi_d3 GE Q70(2.76449),False,0.4684910692185346,35.32148900169204,41.090146750524106,35.28662420382165,45.78947368421053,63.62683438155137,62.83582089552239,66.23748211731044,57.692307692307686,0.13669750742198009,0.24030813798951278,0.33249085775396237,0.6658559702509459
m15_adx_acc GE Q70(0.476858) OR m15_ppo_hist_d3 GE Q60(-0.00980363),m15_adx_acc GE Q70(0.476858),m15_ppo_hist_d3 GE Q60(-0.00980363),False,0.4667741737346862,56.09137055837563,56.91823899371069,58.59872611464968,58.81578947368421,44.863731656184484,42.23880597014925,45.779685264663804,45.45454545454545,-0.08908438233681747,0.25259534908159603,0.8817429447504713,0.5179075464720332
m15_er10_d1 GE Q70(0.055889) OR btc1_rsi_d3 GE Q70(2.76449),m15_er10_d1 GE Q70(0.055889),btc1_rsi_d3 GE Q70(2.76449),False,0.46052838856705236,48.94247038917089,51.886792452830186,48.40764331210191,56.184210526315795,49.685534591194966,52.23880597014925,52.36051502145923,46.85314685314685,0.09183344919828021,0.3720688226825478,0.37939148091015185,0.767356445799575
m15_adx_acc GE Q80(0.667864) OR m15_er10_d1 GE Q70(0.055889),m15_adx_acc GE Q80(0.667864),m15_er10_d1 GE Q70(0.055889),False,0.44058968774510765,39.46700507614213,42.34800838574424,39.490445859872615,45.78947368421053,59.11949685534591,59.70149253731343,61.23032904148784,58.04195804195804,-0.012039798210757027,0.3368298062466793,0.45216067028125495,0.49301973307368246
m15_er10_d3 GE Q90(0.216841) OR btc1_rsi_d3 GE Q70(2.76449),m15_er10_d3 GE Q90(0.216841),btc1_rsi_d3 GE Q70(2.76449),False,0.4075846332849043,36.54822335025381,42.71488469601677,36.05095541401273,47.10526315789474,61.84486373165618,61.19402985074627,66.23748211731044,56.11888111888111,0.15273136227616668,0.25279136999943186,0.26479862973355905,0.590767323341489
m15_ema20_50_spread_d1 GE Q90(0.0565935) OR h4_donch_pos_d3 LE Q30(0.0363804),m15_ema20_50_spread_d1 GE Q90(0.0565935),h4_donch_pos_d3 LE Q30(0.0363804),False,0.40587675015957747,36.80203045685279,38.941299790356396,36.68789808917197,44.73684210526316,63.41719077568134,67.91044776119402,60.65808297567954,58.39160839160839,0.07328083591543381,0.34775082923687456,0.33487856159775997,0.4871885284332577
m15_ppo_hist_d3 GE Q60(-0.00980363) OR m15_tsi_d3 GE Q90(1.98347),m15_ppo_hist_d3 GE Q60(-0.00980363),m15_tsi_d3 GE Q90(1.98347),False,0.4043592656361977,41.07445008460237,40.88050314465409,43.69426751592357,43.55263157894737,60.37735849056604,60.447761194029844,61.37339055793991,59.61538461538461,-0.020918752427814755,0.18450970536835187,0.3728816694375884,0.4069794724645237
m15_er10_d1 GE Q70(0.055889) OR m15_ema20_50_spread_d1 GE Q90(0.0565935),m15_er10_d1 GE Q70(0.055889),m15_ema20_50_spread_d1 GE Q90(0.0565935),False,0.3949217305136748,34.263959390862944,35.84905660377358,33.63057324840764,39.078947368421055,65.51362683438155,67.76119402985074,63.805436337625174,63.11188811188811,0.06655000628327383,0.21283603653782912,0.34103944707950695,0.3423974668177081
m15_ema20_50_spread_d1 GE Q90(0.0565935) OR btc1_stoch_spread_d1 GE Q70(-1.83159),m15_ema20_50_spread_d1 GE Q90(0.0565935),btc1_stoch_spread_d1 GE Q70(-1.83159),False,0.3885954119002061,37.01353637901861,37.42138364779874,36.68789808917197,39.73684210526316,62.68343815513627,63.43283582089553,61.23032904148784,64.33566433566433,0.19375285247489626,0.0462507658294774,0.3488574118676614,0.684369679104272
m15_adx_acc GE Q80(0.667864) OR m15_er10_d3 GE Q90(0.216841),m15_adx_acc GE Q80(0.667864),m15_er10_d3 GE Q90(0.216841),False,0.38627275175468584,26.269035532994923,29.454926624737947,26.24203821656051,32.36842105263158,71.80293501048219,70.59701492537313,76.10872675250357,73.42657342657343,0.03897768390836096,0.21079287617971587,0.34783501417501317,0.3554991890692501
m15_er10_d1 GE Q60(0.00984256) OR m15_close_ret4 GE Q50(0.234584),m15_er10_d1 GE Q60(0.00984256),m15_close_ret4 GE Q50(0.234584),False,0.381344269822015,63.40947546531302,64.83228511530397,64.71337579617834,65.78947368421053,35.324947589098535,34.02985074626866,37.625178826895564,34.96503496503497,-0.01917745925271512,0.026442146250709175,0.6547337729693689,0.381377957696599
m15_roc4 GE Q50(0.234584) OR m15_er10_d1 GE Q60(0.00984256),m15_roc4 GE Q50(0.234584),m15_er10_d1 GE Q60(0.00984256),False,0.381344269822015,63.40947546531302,64.83228511530397,64.71337579617834,65.78947368421053,35.324947589098535,34.02985074626866,37.625178826895564,34.96503496503497,-0.01917745925271512,0.026442146250709175,0.6547337729693689,0.381377957696599
m15_adx_acc GE Q80(0.667864) OR m15_ema20_50_spread_d1 GE Q90(0.0565935),m15_adx_acc GE Q80(0.667864),m15_ema20_50_spread_d1 GE Q90(0.0565935),False,0.36678858390047675,26.057529610829107,29.612159329140464,25.73248407643312,31.44736842105263,73.48008385744235,69.1044776119403,72.81831187410587,73.95104895104895,0.07010364804355144,0.10498107795416911,0.30318584654484504,0.3159737721294278
