signal_id,decision_time,detected_at_utc,candidate_id,family,symbol,entry_price,raw_regime,persistent_regime,gate_json,family_json,v11_proxy_json,mfe_3h,mae_3h,close_ret_3h,mfe_6h,mae_6h,close_ret_6h,mfe_12h,mae_12h,close_ret_12h,mfe_24h,mae_24h,close_ret_24h,hours_to_up3,hours_to_dn2,hours_to_up5,hours_to_dn3,up3_before_dn2_24h,up5_before_dn3_24h,outcome_complete
11618c391546cd919d6d2e4e,2026-09-23T16:00:00+00:00,2026-09-23T16:49:54.225252+00:00,C12,CONTINUATION,0GUSDT,0.2495,BULL,BULL,"{""btc_d1_rsi"": 72.28280867200854, ""breadth_ret72_delta72"": -12.718204488778056, ""btc_d1_ema20_slope3"": 2.405310092438584, ""btc_ret_24h"": -2.7971562651597393}","{""last_pivot_low_age_h"": 14.0, ""pivot1_low"": 0.2262, ""pivot2_low"": 0.2392, ""pivot_hours"": 14.0, ""multi_bull_div"": 0.0, ""h1_rsi"": 49.78331419646211, ""h1_dist_ema20"": -1.092426929855872, ""dist_high_20h"": 8.541055718475066}","{""available"": true, ""label"": ""V11_DIAGNOSTIC_PROXY"", ""quality"": 88.0, ""quality_ge72"": true, ""pressure"": false, ""retrigger"": true, ""fast_confirm"": false, ""fast_break"": false, ""h1_price_above_ema20"": false, ""h1_rsi_ge50"": false, ""near_20h_high_le4_5"": false, ""m15_near_prev_high6_ge_m0_2"": false}",2.1643286573146403,-2.0440881763526986,-1.1623246492985961,2.1643286573146403,-2.9659318637274557,-1.002004008016033,2.1643286573146403,-3.3266533066132253,1.4428857715430787,4.368737474949902,-3.3266533066132253,1.3627254509018139,13.0,2.0,,10.0,0.0,0.0,1
014c5ab37661608dc82e3453,2026-09-23T16:00:00+00:00,2026-09-23T16:49:54.714794+00:00,C12,CONTINUATION,ACEUSDT,0.1877,BULL,BULL,"{""btc_d1_rsi"": 72.28280867200854, ""breadth_ret72_delta72"": -12.718204488778056, ""btc_d1_ema20_slope3"": 2.405310092438584, ""btc_ret_24h"": -2.7971562651597393}","{""last_pivot_low_age_h"": 13.0, ""pivot1_low"": 0.1664, ""pivot2_low"": 0.1726, ""pivot_hours"": 12.0, ""multi_bull_div"": 0.0, ""h1_rsi"": 57.70696610539754, ""h1_dist_ema20"": 2.65136395646981, ""dist_high_20h"": 12.940630797773656}","{""available"": true, ""label"": ""V11_DIAGNOSTIC_PROXY"", ""quality"": 0.0, ""quality_ge72"": false, ""pressure"": false, ""retrigger"": false, ""fast_confirm"": false, ""fast_break"": false, ""h1_price_above_ema20"": true, ""h1_rsi_ge50"": true, ""near_20h_high_le4_5"": false, ""m15_near_prev_high6_ge_m0_2"": false}",0.42621204049013706,-6.819392647842304,0.2663825253063301,0.42621204049013706,-6.819392647842304,-2.5572722429408667,0.42621204049013706,-6.819392647842304,-5.7005860415556775,1.7048481619605704,-8.364411294619078,-3.9424613745338344,,1.0,,1.0,0.0,0.0,1
940d032f6d7123f68a04fda5,2026-09-23T16:00:00+00:00,2026-09-23T16:49:55.198880+00:00,C12,CONTINUATION,ALLOUSDT,0.3074,BULL,BULL,"{""btc_d1_rsi"": 72.28280867200854, ""breadth_ret72_delta72"": -12.718204488778056, ""btc_d1_ema20_slope3"": 2.405310092438584, ""btc_ret_24h"": -2.7971562651597393}","{""last_pivot_low_age_h"": 11.0, ""pivot1_low"": 0.252, ""pivot2_low"": 0.3015, ""pivot_hours"": 16.0, ""multi_bull_div"": 0.0, ""h1_rsi"": 50.34271699208116, ""h1_dist_ema20"": -1.9521046628800276, ""dist_high_20h"": 14.277746793084212}","{""available"": true, ""label"": ""V11_DIAGNOSTIC_PROXY"", ""quality"": 72.0, ""quality_ge72"": true, ""pressure"": false, ""retrigger"": true, ""fast_confirm"": false, ""fast_break"": false, ""h1_price_above_ema20"": false, ""h1_rsi_ge50"": true, ""near_20h_high_le4_5"": false, ""m15_near_prev_high6_ge_m0_2"": false}",1.3662979830839195,-10.605074821080029,-6.148340923877694,1.3662979830839195,-10.605074821080029,-1.4964216005204922,1.3662979830839195,-10.605074821080029,-2.504879635653867,1.3662979830839195,-10.605074821080029,-5.595315549772284,,1.0,,1.0,0.0,0.0,1
aa54b8d7e68e896b759fc64d,2026-09-23T16:00:00+00:00,2026-09-23T16:49:55.690034+00:00,C12,CONTINUATION,ARBUSDT,0.22,BULL,BULL,"{""btc_d1_rsi"": 72.28280867200854, ""breadth_ret72_delta72"": -12.718204488778056, ""btc_d1_ema20_slope3"": 2.405310092438584, ""btc_ret_24h"": -2.7971562651597393}","{""last_pivot_low_age_h"": 25.0, ""pivot1_low"": 0.215, ""pivot2_low"": 0.2111, ""pivot_hours"": 4.0, ""multi_bull_div"": 2.0, ""h1_rsi"": 36.662615461779154, ""h1_dist_ema20"": -5.441752722367898, ""dist_high_20h"": 13.894324853228968}","{""available"": true, ""label"": ""V11_DIAGNOSTIC_PROXY"", ""quality"": 0.0, ""quality_ge72"": false, ""pressure"": false, ""retrigger"": false, ""fast_confirm"": false, ""fast_break"": false, ""h1_price_above_ema20"": false, ""h1_rsi_ge50"": false, ""near_20h_high_le4_5"": false, ""m15_near_prev_high6_ge_m0_2"": false}",3.590909090909089,-1.4545454545454528,-0.363636363636366,3.590909090909089,-1.4545454545454528,-0.31818181818181746,3.590909090909089,-2.409090909090905,-1.9999999999999907,3.590909090909089,-4.363636363636358,-1.5000000000000013,2.0,8.0,,17.0,1.0,0.0,1
6797130ad3d976a7a840e1ba,2026-09-23T16:00:00+00:00,2026-09-23T16:49:56.182563+00:00,C12,CONTINUATION,ARPAUSDT,0.01109,BULL,BULL,"{""btc_d1_rsi"": 72.28280867200854, ""breadth_ret72_delta72"": -12.718204488778056, ""btc_d1_ema20_slope3"": 2.405310092438584, ""btc_ret_24h"": -2.7971562651597393}","{""last_pivot_low_age_h"": 13.0, ""pivot1_low"": 0.01102, ""pivot2_low"": 0.01102, ""pivot_hours"": 1.0, ""multi_bull_div"": 0.0, ""h1_rsi"": 45.354780685321465, ""h1_dist_ema20"": -1.888477329932814, ""dist_high_20h"": 8.649093904448113}","{""available"": true, ""label"": ""V11_DIAGNOSTIC_PROXY"", ""quality"": 0.0, ""quality_ge72"": false, ""pressure"": false, ""retrigger"": false, ""fast_confirm"": false, ""fast_break"": false, ""h1_price_above_ema20"": false, ""h1_rsi_ge50"": false, ""near_20h_high_le4_5"": false, ""m15_near_prev_high6_ge_m0_2"": false}",1.352569882777277,-1.9837691614066677,-1.6230838593327301,1.352569882777277,-3.0658250676284915,-2.6149684400360584,1.352569882777277,-3.0658250676284915,-0.45085662759242195,4.508566275924264,-3.0658250676284915,2.1641118124436476,14.0,4.0,,4.0,0.0,0.0,1
966c2fbe6c35a5ba174ef898,2026-09-23T16:00:00+00:00,2026-09-23T16:49:56.668586+00:00,C12,CONTINUATION,BARDUSDT,0.1385,BULL,BULL,"{""btc_d1_rsi"": 72.28280867200854, ""breadth_ret72_delta72"": -12.718204488778056, ""btc_d1_ema20_slope3"": 2.405310092438584, ""btc_ret_24h"": -2.7971562651597393}","{""last_pivot_low_age_h"": 20.0, ""pivot1_low"": 0.1357, ""pivot2_low"": 0.1382, ""pivot_hours"": 5.0, ""multi_bull_div"": 0.0, ""h1_rsi"": 36.287424701155516, ""h1_dist_ema20"": -3.2102373311818644, ""dist_high_20h"": 7.666666666666655}","{""available"": true, ""label"": ""V11_DIAGNOSTIC_PROXY"", ""quality"": 0.0, ""quality_ge72"": false, ""pressure"": false, ""retrigger"": false, ""fast_confirm"": false, ""fast_break"": false, ""h1_price_above_ema20"": false, ""h1_rsi_ge50"": false, ""near_20h_high_le4_5"": false, ""m15_near_prev_high6_ge_m0_2"": false}",0.7220216606498298,-2.021660649819512,-1.7328519855595803,0.7220216606498298,-2.8158844765343027,-2.166064981949456,0.7220216606498298,-2.8158844765343027,-0.21660649819496003,1.6606498194945862,-3.7545126353790703,1.588447653429581,,3.0,,18.0,0.0,0.0,1
9564675e2ab84818f32f8283,2026-09-23T16:00:00+00:00,2026-09-23T16:49:57.156044+00:00,C12,CONTINUATION,BCHUSDT,342.9,BULL,BULL,"{""btc_d1_rsi"": 72.28280867200854, ""breadth_ret72_delta72"": -12.718204488778056, ""btc_d1_ema20_slope3"": 2.405310092438584, ""btc_ret_24h"": -2.7971562651597393}","{""last_pivot_low_age_h"": 11.0, ""pivot1_low"": 328.1, ""pivot2_low"": 335.7, ""pivot_hours"": 8.0, ""multi_bull_div"": 0.0, ""h1_rsi"": 55.27478965188194, ""h1_dist_ema20"": 0.3432536394560426, ""dist_high_20h"": 6.41375545851528}","{""available"": true, ""label"": ""V11_DIAGNOSTIC_PROXY"", ""quality"": 88.0, ""quality_ge72"": true, ""pressure"": false, ""retrigger"": true, ""fast_confirm"": false, ""fast_break"": false, ""h1_price_above_ema20"": true, ""h1_rsi_ge50"": true, ""near_20h_high_le4_5"": false, ""m15_near_prev_high6_ge_m0_2"": false}",3.412073490813672,-1.283172936716237,1.6039661708953101,3.412073490813672,-2.9454651501895524,-2.2747156605424146,3.412073490813672,-2.9454651501895524,-1.0207057451151913,3.412073490813672,-5.336832895888,-1.51647710702828,1.0,6.0,,17.0,1.0,0.0,1
ddfafffdc2275e253905b57a,2026-09-23T16:00:00+00:00,2026-09-23T16:49:57.652465+00:00,C12,CONTINUATION,CAKEUSDT,2.542,BULL,BULL,"{""btc_d1_rsi"": 72.28280867200854, ""breadth_ret72_delta72"": -12.718204488778056, ""btc_d1_ema20_slope3"": 2.405310092438584, ""btc_ret_24h"": -2.7971562651597393}","{""last_pivot_low_age_h"": 19.0, ""pivot1_low"": 2.494, ""pivot2_low"": 2.533, ""pivot_hours"": 6.0, ""multi_bull_div"": 0.0, ""h1_rsi"": 40.22654240598202, ""h1_dist_ema20"": -2.2121651969043477, ""dist_high_20h"": 6.749816581071178}","{""available"": true, ""label"": ""V11_DIAGNOSTIC_PROXY"", ""quality"": 0.0, ""quality_ge72"": false, ""pressure"": false, ""retrigger"": false, ""fast_confirm"": false, ""fast_break"": false, ""h1_price_above_ema20"": false, ""h1_rsi_ge50"": false, ""near_20h_high_le4_5"": false, ""m15_near_prev_high6_ge_m0_2"": false}",1.3768686073957648,-0.9834775767112447,0.2753737214791441,1.3768686073957648,-0.9834775767112447,0.6687647521636642,3.265145554681359,-0.9834775767112447,2.321007081038551,9.40204563335958,-0.9834775767112447,8.733280881195915,11.0,,16.0,,1.0,1.0,1
425a5e49b2b928636ae54bda,2026-09-23T16:00:00+00:00,2026-09-23T16:49:58.151107+00:00,C12,CONTINUATION,CELRUSDT,0.002952,BULL,BULL,"{""btc_d1_rsi"": 72.28280867200854, ""breadth_ret72_delta72"": -12.718204488778056, ""btc_d1_ema20_slope3"": 2.405310092438584, ""btc_ret_24h"": -2.7971562651597393}","{""last_pivot_low_age_h"": 11.0, ""pivot1_low"": 0.00289, ""pivot2_low"": 0.002905, ""pivot_hours"": 3.0, ""multi_bull_div"": 0.0, ""h1_rsi"": 39.99583940186886, ""h1_dist_ema20"": -2.081036690348148, ""dist_high_20h"": 4.435092262868245}","{""available"": true, ""label"": ""V11_DIAGNOSTIC_PROXY"", ""quality"": 0.0, ""quality_ge72"": false, ""pressure"": false, ""retrigger"": false, ""fast_confirm"": false, ""fast_break"": false, ""h1_price_above_ema20"": false, ""h1_rsi_ge50"": false, ""near_20h_high_le4_5"": true, ""m15_near_prev_high6_ge_m0_2"": false}",3.895663956639561,-0.9146341463414642,2.57452574525745,8.401084010840098,-0.9146341463414642,7.215447154471533,9.41734417344171,-0.9146341463414642,2.100271002710019,18.02168021680217,-0.9146341463414642,4.539295392953924,3.0,,4.0,,1.0,1.0,1
8adec227ca5d4f15deb7d15d,2026-09-23T16:00:00+00:00,2026-09-23T16:49:58.634650+00:00,C12,CONTINUATION,ENSOUSDT,1.023,BULL,BULL,"{""btc_d1_rsi"": 72.28280867200854, ""breadth_ret72_delta72"": -12.718204488778056, ""btc_d1_ema20_slope3"": 2.405310092438584, ""btc_ret_24h"": -2.7971562651597393}","{""last_pivot_low_age_h"": 9.0, ""pivot1_low"": 1.009, ""pivot2_low"": 1.018, ""pivot_hours"": 4.0, ""multi_bull_div"": 0.0, ""h1_rsi"": 50.95727313643832, ""h1_dist_ema20"": -0.11462454845470038, ""dist_high_20h"": 2.01149425287358}","{""available"": true, ""label"": ""V11_DIAGNOSTIC_PROXY"", ""quality"": 0.0, ""quality_ge72"": false, ""pressure"": false, ""retrigger"": false, ""fast_confirm"": false, ""fast_break"": false, ""h1_price_above_ema20"": false, ""h1_rsi_ge50"": true, ""near_20h_high_le4_5"": true, ""m15_near_prev_high6_ge_m0_2"": false}",1.0752688172043223,-2.9325513196480912,-2.346041055718462,1.0752688172043223,-3.910068426197455,-3.7145650048875822,1.0752688172043223,-5.278592375366564,-0.3910068426197455,1.1730205278592365,-5.278592375366564,0.4887585532747041,,3.0,,4.0,0.0,0.0,1
f364ddc73fcfb17ba4bffaf2,2026-09-23T16:00:00+00:00,2026-09-23T16:49:59.121259+00:00,C12,CONTINUATION,HOLOUSDT,0.0667,BULL,BULL,"{""btc_d1_rsi"": 72.28280867200854, ""breadth_ret72_delta72"": -12.718204488778056, ""btc_d1_ema20_slope3"": 2.405310092438584, ""btc_ret_24h"": -2.7971562651597393}","{""last_pivot_low_age_h"": 13.0, ""pivot1_low"": 0.0654, ""pivot2_low"": 0.0654, ""pivot_hours"": 1.0, ""multi_bull_div"": 0.0, ""h1_rsi"": 48.3155241693638, ""h1_dist_ema20"": -1.0103390743405272, ""dist_high_20h"": 4.577968526466392}","{""available"": true, ""label"": ""V11_DIAGNOSTIC_PROXY"", ""quality"": 0.0, ""quality_ge72"": false, ""pressure"": false, ""retrigger"": false, ""fast_confirm"": false, ""fast_break"": false, ""h1_price_above_ema20"": false, ""h1_rsi_ge50"": false, ""near_20h_high_le4_5"": false, ""m15_near_prev_high6_ge_m0_2"": false}",1.1994002998500841,-2.998500749625188,-2.5487256371814038,1.1994002998500841,-5.847076461769118,-4.197901049475261,1.1994002998500841,-5.847076461769118,-2.2488755622188883,1.1994002998500841,-5.847076461769118,0.7496251874062887,,3.0,,4.0,0.0,0.0,1
57a198e69619e8dea0132ee7,2026-09-23T16:00:00+00:00,2026-09-23T16:49:59.609755+00:00,C12,CONTINUATION,INITUSDT,0.08987,BULL,BULL,"{""btc_d1_rsi"": 72.28280867200854, ""breadth_ret72_delta72"": -12.718204488778056, ""btc_d1_ema20_slope3"": 2.405310092438584, ""btc_ret_24h"": -2.7971562651597393}","{""last_pivot_low_age_h"": 9.0, ""pivot1_low"": 0.08226, ""pivot2_low"": 0.08891, ""pivot_hours"": 27.0, ""multi_bull_div"": 0.0, ""h1_rsi"": 56.26946250455629, ""h1_dist_ema20"": 0.42411696305852953, ""dist_high_20h"": 1.9207683073229287}","{""available"": true, ""label"": ""V11_DIAGNOSTIC_PROXY"", ""quality"": 79.0, ""quality_ge72"": true, ""pressure"": false, ""retrigger"": true, ""fast_confirm"": false, ""fast_break"": false, ""h1_price_above_ema20"": true, ""h1_rsi_ge50"": true, ""near_20h_high_le4_5"": true, ""m15_near_prev_high6_ge_m0_2"": false}",0.5674863691999432,-2.225436741960607,-2.0696561700233707,0.5674863691999432,-2.3255813953488413,-1.3241348614665749,0.5674863691999432,-2.3255813953488413,-0.6231222877489784,10.392789584956041,-2.3255813953488413,7.544230555246467,15.0,2.0,20.0,,0.0,1.0,1
7cfc052b6b234ccde10d2968,2026-09-23T16:00:00+00:00,2026-09-23T16:50:00.097704+00:00,C12,CONTINUATION,IQUSDT,0.000912,BULL,BULL,"{""btc_d1_rsi"": 72.28280867200854, ""breadth_ret72_delta72"": -12.718204488778056, ""btc_d1_ema20_slope3"": 2.405310092438584, ""btc_ret_24h"": -2.7971562651597393}","{""last_pivot_low_age_h"": 18.0, ""pivot1_low"": 0.000888, ""pivot2_low"": 0.000896, ""pivot_hours"": 7.0, ""multi_bull_div"": 0.0, ""h1_rsi"": 41.10477644897627, ""h1_dist_ema20"": -2.281363618161847, ""dist_high_20h"": 8.157099697885183}","{""available"": true, ""label"": ""V11_DIAGNOSTIC_PROXY"", ""quality"": 0.0, ""quality_ge72"": false, ""pressure"": false, ""retrigger"": false, ""fast_confirm"": false, ""fast_break"": false, ""h1_price_above_ema20"": false, ""h1_rsi_ge50"": false, ""near_20h_high_le4_5"": false, ""m15_near_prev_high6_ge_m0_2"": false}",1.4254385964912242,-0.8771929824561542,0.8771929824561431,1.8640350877193068,-0.8771929824561542,1.5350877192982448,1.8640350877193068,-4.057017543859653,-0.10964912280702066,6.359649122807021,-4.057017543859653,4.385964912280693,14.0,9.0,24.0,11.0,0.0,0.0,1
9235f3ebc3640786f86431a5,2026-09-23T16:00:00+00:00,2026-09-23T16:50:00.634846+00:00,C12,CONTINUATION,METUSDT,0.3627,BULL,BULL,"{""btc_d1_rsi"": 72.28280867200854, ""breadth_ret72_delta72"": -12.718204488778056, ""btc_d1_ema20_slope3"": 2.405310092438584, ""btc_ret_24h"": -2.7971562651597393}","{""last_pivot_low_age_h"": 26.0, ""pivot1_low"": 0.2697, ""pivot2_low"": 0.2873, ""pivot_hours"": 8.0, ""multi_bull_div"": 0.0, ""h1_rsi"": 58.65607601823553, ""h1_dist_ema20"": 1.600751641888487, ""dist_high_20h"": 12.157907483652208}","{""available"": true, ""label"": ""V11_DIAGNOSTIC_PROXY"", ""quality"": 88.0, ""quality_ge72"": true, ""pressure"": false, ""retrigger"": true, ""fast_confirm"": false, ""fast_break"": false, ""h1_price_above_ema20"": true, ""h1_rsi_ge50"": true, ""near_20h_high_le4_5"": false, ""m15_near_prev_high6_ge_m0_2"": false}",0.3032809484422305,-5.266060104769787,-4.2735042735042805,0.3032809484422305,-6.0656189688447775,-5.238489109456856,0.3032809484422305,-7.830162668872354,-4.383788254756005,0.3032809484422305,-10.14612627515853,-4.328646264130143,,1.0,,1.0,0.0,0.0,1
926161b9b2d1c3847c709e6f,2026-09-23T16:00:00+00:00,2026-09-23T16:50:02.320532+00:00,C12,CONTINUATION,NILUSDT,0.09561,BULL,BULL,"{""btc_d1_rsi"": 72.28280867200854, ""breadth_ret72_delta72"": -12.718204488778056, ""btc_d1_ema20_slope3"": 2.405310092438584, ""btc_ret_24h"": -2.7971562651597393}","{""last_pivot_low_age_h"": 17.0, ""pivot1_low"": 0.07829, ""pivot2_low"": 0.07722, ""pivot_hours"": 6.0, ""multi_bull_div"": 0.0, ""h1_rsi"": 56.300991432672646, ""h1_dist_ema20"": 3.338953424591806, ""dist_high_20h"": 16.446735995805295}","{""available"": true, ""label"": ""V11_DIAGNOSTIC_PROXY"", ""quality"": 100.0, ""quality_ge72"": true, ""pressure"": false, ""retrigger"": true, ""fast_confirm"": true, ""fast_break"": false, ""h1_price_above_ema20"": true, ""h1_rsi_ge50"": true, ""near_20h_high_le4_5"": false, ""m15_near_prev_high6_ge_m0_2"": false}",5.982637799393364,-5.762995502562496,3.4828992783181745,6.3591674511034535,-5.762995502562496,3.9326430289718717,51.13481853362618,-5.762995502562496,40.43510093086498,56.36439702959941,-5.762995502562496,20.13387720949691,1.0,1.0,3.0,1.0,0.0,0.0,1
6928fdddba76c02437a5f3f4,2026-09-23T16:00:00+00:00,2026-09-23T16:50:03.630547+00:00,C12,CONTINUATION,NXPCUSDT,0.2465,BULL,BULL,"{""btc_d1_rsi"": 72.28280867200854, ""breadth_ret72_delta72"": -12.718204488778056, ""btc_d1_ema20_slope3"": 2.405310092438584, ""btc_ret_24h"": -2.7971562651597393}","{""last_pivot_low_age_h"": 14.0, ""pivot1_low"": 0.2424, ""pivot2_low"": 0.2443, ""pivot_hours"": 11.0, ""multi_bull_div"": 0.0, ""h1_rsi"": 45.21532083771239, ""h1_dist_ema20"": -0.9656229847494702, ""dist_high_20h"": 3.1814611154752592}","{""available"": true, ""label"": ""V11_DIAGNOSTIC_PROXY"", ""quality"": 72.0, ""quality_ge72"": true, ""pressure"": false, ""retrigger"": true, ""fast_confirm"": false, ""fast_break"": false, ""h1_price_above_ema20"": false, ""h1_rsi_ge50"": false, ""near_20h_high_le4_5"": true, ""m15_near_prev_high6_ge_m0_2"": false}",1.379310344827589,-0.8519269776876226,-0.28397565922920753,1.379310344827589,-0.8519269776876226,-0.5273833671399553,1.379310344827589,-1.744421906693716,0.040567951318459805,3.935091277890468,-1.744421906693716,3.2048681541582136,22.0,,,,1.0,,1
98780b76a673686450705772,2026-09-23T16:00:00+00:00,2026-09-23T16:50:04.120391+00:00,C12,CONTINUATION,PROMUSDT,5.153,BULL,BULL,"{""btc_d1_rsi"": 72.28280867200854, ""breadth_ret72_delta72"": -12.718204488778056, ""btc_d1_ema20_slope3"": 2.405310092438584, ""btc_ret_24h"": -2.7971562651597393}","{""last_pivot_low_age_h"": 13.0, ""pivot1_low"": 4.298, ""pivot2_low"": 4.846, ""pivot_hours"": 12.0, ""multi_bull_div"": 0.0, ""h1_rsi"": 58.64039227404239, ""h1_dist_ema20"": 2.100511074196798, ""dist_high_20h"": 2.2201138519924113}","{""available"": true, ""label"": ""V11_DIAGNOSTIC_PROXY"", ""quality"": 0.0, ""quality_ge72"": false, ""pressure"": false, ""retrigger"": false, ""fast_confirm"": true, ""fast_break"": false, ""h1_price_above_ema20"": true, ""h1_rsi_ge50"": true, ""near_20h_high_le4_5"": true, ""m15_near_prev_high6_ge_m0_2"": false}",0.9120900446341951,-2.018241800892673,0.13584319813702006,0.9120900446341951,-3.221424412963314,-2.4839899087909845,1.2419949543954978,-3.3960799534251906,-1.9018047739181032,14.923345623908402,-3.3960799534251906,2.7556763050650135,16.0,1.0,17.0,5.0,0.0,0.0,1
462392221596fa024c1ec8b1,2026-09-23T16:00:00+00:00,2026-09-23T16:50:04.610018+00:00,C12,CONTINUATION,QKCUSDT,0.00277,BULL,BULL,"{""btc_d1_rsi"": 72.28280867200854, ""breadth_ret72_delta72"": -12.718204488778056, ""btc_d1_ema20_slope3"": 2.405310092438584, ""btc_ret_24h"": -2.7971562651597393}","{""last_pivot_low_age_h"": 25.0, ""pivot1_low"": 0.002756, ""pivot2_low"": 0.002735, ""pivot_hours"": 13.0, ""multi_bull_div"": 1.0, ""h1_rsi"": 36.25877097169628, ""h1_dist_ema20"": -2.356634064467722, ""dist_high_20h"": 5.071967100753949}","{""available"": true, ""label"": ""V11_DIAGNOSTIC_PROXY"", ""quality"": 0.0, ""quality_ge72"": false, ""pressure"": false, ""retrigger"": false, ""fast_confirm"": false, ""fast_break"": false, ""h1_price_above_ema20"": false, ""h1_rsi_ge50"": false, ""near_20h_high_le4_5"": false, ""m15_near_prev_high6_ge_m0_2"": false}",0.3610108303249149,-0.8664259927797735,-0.2527075812274404,0.5415162454873723,-0.8664259927797735,-0.036101083032480386,2.527075812274382,-0.8664259927797735,0.39711191335740637,2.527075812274382,-2.707581227436817,1.4801444043321288,,22.0,,,0.0,,1
5984e35a0f791cb24f8853f5,2026-09-23T16:00:00+00:00,2026-09-23T16:50:05.102705+00:00,C12,CONTINUATION,RIFUSDT,0.0952,BULL,BULL,"{""btc_d1_rsi"": 72.28280867200854, ""breadth_ret72_delta72"": -12.718204488778056, ""btc_d1_ema20_slope3"": 2.405310092438584, ""btc_ret_24h"": -2.7971562651597393}","{""last_pivot_low_age_h"": 13.0, ""pivot1_low"": 0.0901, ""pivot2_low"": 0.0917, ""pivot_hours"": 7.0, ""multi_bull_div"": 0.0, ""h1_rsi"": 55.91280634017146, ""h1_dist_ema20"": 0.48710894484833567, ""dist_high_20h"": 3.153611393692768}","{""available"": true, ""label"": ""V11_DIAGNOSTIC_PROXY"", ""quality"": 88.0, ""quality_ge72"": true, ""pressure"": false, ""retrigger"": true, ""fast_confirm"": false, ""fast_break"": false, ""h1_price_above_ema20"": true, ""h1_rsi_ge50"": true, ""near_20h_high_le4_5"": true, ""m15_near_prev_high6_ge_m0_2"": false}",1.8907563025210017,-2.521008403361358,-2.1008403361344574,1.8907563025210017,-5.252100840336138,-3.3613445378151363,1.8907563025210017,-5.252100840336138,-3.1512605042016806,2.73109243697478,-5.252100840336138,-1.3655462184874012,,3.0,,4.0,0.0,0.0,1
3a19c4f645ab5d6014ecc315,2026-09-23T16:00:00+00:00,2026-09-23T16:50:05.592550+00:00,C12,CONTINUATION,SUPERUSDT,0.1739,BULL,BULL,"{""btc_d1_rsi"": 72.28280867200854, ""breadth_ret72_delta72"": -12.718204488778056, ""btc_d1_ema20_slope3"": 2.405310092438584, ""btc_ret_24h"": -2.7971562651597393}","{""last_pivot_low_age_h"": 21.0, ""pivot1_low"": 0.1485, ""pivot2_low"": 0.1521, ""pivot_hours"": 8.0, ""multi_bull_div"": 0.0, ""h1_rsi"": 49.723152759738625, ""h1_dist_ema20"": -2.055502928353903, ""dist_high_20h"": 15.459406903257166}","{""available"": true, ""label"": ""V11_DIAGNOSTIC_PROXY"", ""quality"": 72.0, ""quality_ge72"": true, ""pressure"": false, ""retrigger"": true, ""fast_confirm"": false, ""fast_break"": false, ""h1_price_above_ema20"": false, ""h1_rsi_ge50"": false, ""near_20h_high_le4_5"": false, ""m15_near_prev_high6_ge_m0_2"": false}",3.8527889591719378,-2.30017251293847,2.7602070155261726,4.772857964347321,-2.30017251293847,4.657849338700393,4.772857964347321,-2.30017251293847,-0.05750431282345314,4.772857964347321,-3.7952846463484735,2.5301897642323157,3.0,1.0,,17.0,0.0,0.0,1
b4923efbbc863309069248cb,2026-09-23T16:00:00+00:00,2026-09-23T16:50:06.082640+00:00,C12,CONTINUATION,ZROUSDT,1.431,BULL,BULL,"{""btc_d1_rsi"": 72.28280867200854, ""breadth_ret72_delta72"": -12.718204488778056, ""btc_d1_ema20_slope3"": 2.405310092438584, ""btc_ret_24h"": -2.7971562651597393}","{""last_pivot_low_age_h"": 10.0, ""pivot1_low"": 1.352, ""pivot2_low"": 1.397, ""pivot_hours"": 4.0, ""multi_bull_div"": 0.0, ""h1_rsi"": 53.80503296321511, ""h1_dist_ema20"": 0.3229440292444652, ""dist_high_20h"": 8.62068965517241}","{""available"": true, ""label"": ""V11_DIAGNOSTIC_PROXY"", ""quality"": 79.0, ""quality_ge72"": true, ""pressure"": false, ""retrigger"": true, ""fast_confirm"": false, ""fast_break"": false, ""h1_price_above_ema20"": true, ""h1_rsi_ge50"": true, ""near_20h_high_le4_5"": false, ""m15_near_prev_high6_ge_m0_2"": false}",7.617051013277432,-1.8169112508735208,5.870020964360578,8.455625436757508,-1.8169112508735208,5.450733752620529,13.766596785464703,-1.8169112508735208,7.058001397624047,13.766596785464703,-1.8169112508735208,1.8169112508735097,1.0,,1.0,,1.0,1.0,1
e943c871ade984e26526029b,2026-09-23T20:00:00+00:00,2026-09-23T20:15:38.239993+00:00,C12,CONTINUATION,PORTALUSDT,0.01801,BULL,BULL,"{""btc_d1_rsi"": 72.28280867200854, ""breadth_ret72_delta72"": -26.433915211970074, ""btc_d1_ema20_slope3"": 2.405310092438584, ""btc_ret_24h"": -1.9426761790245162}","{""last_pivot_low_age_h"": 11.0, ""pivot1_low"": 0.0189, ""pivot2_low"": 0.01767, ""pivot_hours"": 5.0, ""multi_bull_div"": 2.0, ""h1_rsi"": 34.84788218291813, ""h1_dist_ema20"": -3.2732349410196093, ""dist_high_20h"": 9.995002498750615}","{""available"": true, ""label"": ""V11_DIAGNOSTIC_PROXY"", ""quality"": 0.0, ""quality_ge72"": false, ""pressure"": false, ""retrigger"": false, ""fast_confirm"": true, ""fast_break"": false, ""h1_price_above_ema20"": false, ""h1_rsi_ge50"": false, ""near_20h_high_le4_5"": false, ""m15_near_prev_high6_ge_m0_2"": true}",0.943920044419766,-0.610771793448095,-0.1110494169905718,1.8323153803442294,-0.610771793448095,1.110494169905607,1.8323153803442294,-0.610771793448095,0.7218212104386446,1.9988895058300926,-3.498056635202673,0.5552470849528035,,14.0,,15.0,0.0,0.0,1
accefad6e4290fe4b73eb084,2026-09-24T04:00:00+00:00,2026-09-24T04:38:46.016422+00:00,C12,CONTINUATION,ALGOUSDT,0.1039,BULL,BULL,"{""btc_d1_rsi"": 65.49104980261338, ""breadth_ret72_delta72"": -29.925187032418954, ""btc_d1_ema20_slope3"": 2.560070295413097, ""btc_ret_24h"": -3.1950675554964114}","{""last_pivot_low_age_h"": 11.0, ""pivot1_low"": 0.1101, ""pivot2_low"": 0.1033, ""pivot_hours"": 8.0, ""multi_bull_div"": 0.0, ""h1_rsi"": 33.90775241841402, ""h1_dist_ema20"": -2.0953108220841066, ""dist_high_20h"": 7.232142857142854}","{""available"": true, ""label"": ""V11_DIAGNOSTIC_PROXY"", ""quality"": 0.0, ""quality_ge72"": false, ""pressure"": false, ""retrigger"": false, ""fast_confirm"": false, ""fast_break"": false, ""h1_price_above_ema20"": false, ""h1_rsi_ge50"": false, ""near_20h_high_le4_5"": false, ""m15_near_prev_high6_ge_m0_2"": false}",2.887391722810384,-0.19249278152070337,1.9249278152069227,2.887391722810384,-0.19249278152070337,1.1549566891241536,8.854667949951867,-0.19249278152070337,7.699711260827713,10.972088546679482,-0.19249278152070337,7.892204042348405,8.0,,10.0,,1.0,1.0,1
e257ed77195d014a7eceb4ae,2026-09-24T04:00:00+00:00,2026-09-24T04:38:46.470863+00:00,C12,CONTINUATION,ALTUSDT,0.00743,BULL,BULL,"{""btc_d1_rsi"": 65.49104980261338, ""breadth_ret72_delta72"": -29.925187032418954, ""btc_d1_ema20_slope3"": 2.560070295413097, ""btc_ret_24h"": -3.1950675554964114}","{""last_pivot_low_age_h"": 11.0, ""pivot1_low"": 0.00793, ""pivot2_low"": 0.00737, ""pivot_hours"": 8.0, ""multi_bull_div"": 0.0, ""h1_rsi"": 37.552148948813006, ""h1_dist_ema20"": -1.5484976373450254, ""dist_high_20h"": 9.279609279609268}","{""available"": true, ""label"": ""V11_DIAGNOSTIC_PROXY"", ""quality"": 0.0, ""quality_ge72"": false, ""pressure"": false, ""retrigger"": false, ""fast_confirm"": false, ""fast_break"": false, ""h1_price_above_ema20"": false, ""h1_rsi_ge50"": false, ""near_20h_high_le4_5"": false, ""m15_near_prev_high6_ge_m0_2"": false}",2.826379542395685,-0.40376850605652326,1.076716016150736,2.826379542395685,-2.288021534320328,-1.6150740242261152,3.9030955585464433,-2.288021534320328,3.6339165545087537,5.65275908479137,-2.288021534320328,4.576043068640656,11.0,6.0,14.0,,0.0,1.0,1
d72a204af9e111c6bc3e25a7,2026-09-24T04:00:00+00:00,2026-09-24T04:38:46.915622+00:00,C12,CONTINUATION,ATUSDT,0.1563,BULL,BULL,"{""btc_d1_rsi"": 65.49104980261338, ""breadth_ret72_delta72"": -29.925187032418954, ""btc_d1_ema20_slope3"": 2.560070295413097, ""btc_ret_24h"": -3.1950675554964114}","{""last_pivot_low_age_h"": 13.0, ""pivot1_low"": 0.1612, ""pivot2_low"": 0.153, ""pivot_hours"": 10.0, ""multi_bull_div"": 0.0, ""h1_rsi"": 38.23686400537253, ""h1_dist_ema20"": -1.4455211415276947, ""dist_high_20h"": 6.519138755980858}","{""available"": true, ""label"": ""V11_DIAGNOSTIC_PROXY"", ""quality"": 0.0, ""quality_ge72"": false, ""pressure"": false, ""retrigger"": false, ""fast_confirm"": true, ""fast_break"": false, ""h1_price_above_ema20"": false, ""h1_rsi_ge50"": false, ""near_20h_high_le4_5"": false, ""m15_near_prev_high6_ge_m0_2"": false}",0.6397952655150307,-0.703774792066536,-0.44785668586052596,0.6397952655150307,-3.007037747920649,-2.111324376199619,0.6397952655150307,-3.007037747920649,-1.0236724248240514,0.6397952655150307,-3.007037747920649,-1.7914267434420927,,6.0,,6.0,0.0,0.0,1
9ee4b404894b296690e7ef7d,2026-09-24T04:00:00+00:00,2026-09-24T04:38:47.367401+00:00,C12,CONTINUATION,AVAXUSDT,10.232,BULL,BULL,"{""btc_d1_rsi"": 65.49104980261338, ""breadth_ret72_delta72"": -29.925187032418954, ""btc_d1_ema20_slope3"": 2.560070295413097, ""btc_ret_24h"": -3.1950675554964114}","{""last_pivot_low_age_h"": 11.0, ""pivot1_low"": 10.989, ""pivot2_low"": 10.073, ""pivot_hours"": 8.0, ""multi_bull_div"": 0.0, ""h1_rsi"": 34.15677956558872, ""h1_dist_ema20"": -2.2506380244381674, ""dist_high_20h"": 9.427281579180324}","{""available"": true, ""label"": ""V11_DIAGNOSTIC_PROXY"", ""quality"": 0.0, ""quality_ge72"": false, ""pressure"": false, ""retrigger"": false, ""fast_confirm"": false, ""fast_break"": false, ""h1_price_above_ema20"": false, ""h1_rsi_ge50"": false, ""near_20h_high_le4_5"": false, ""m15_near_prev_high6_ge_m0_2"": false}",1.7396403440187669,-0.42025019546519937,0.22478498827209759,1.7396403440187669,-2.111024237685688,-1.5539483971852897,2.6778733385457443,-2.5996872556684925,1.5539483971853008,5.062548866301797,-2.5996872556684925,-0.47888975762313546,13.0,6.0,18.0,,0.0,1.0,1
813a7aa0ed4415dc26ceb74b,2026-09-24T04:00:00+00:00,2026-09-24T04:38:47.820196+00:00,C12,CONTINUATION,BEAMXUSDT,0.001919,BULL,BULL,"{""btc_d1_rsi"": 65.49104980261338, ""breadth_ret72_delta72"": -29.925187032418954, ""btc_d1_ema20_slope3"": 2.560070295413097, ""btc_ret_24h"": -3.1950675554964114}","{""last_pivot_low_age_h"": 13.0, ""pivot1_low"": 0.001902, ""pivot2_low"": 0.001844, ""pivot_hours"": 12.0, ""multi_bull_div"": 0.0, ""h1_rsi"": 48.11980809471559, ""h1_dist_ema20"": -0.3422637309791643, ""dist_high_20h"": 5.187747035573132}","{""available"": true, ""label"": ""V11_DIAGNOSTIC_PROXY"", ""quality"": 0.0, ""quality_ge72"": false, ""pressure"": false, ""retrigger"": false, ""fast_confirm"": false, ""fast_break"": false, ""h1_price_above_ema20"": false, ""h1_rsi_ge50"": false, ""near_20h_high_le4_5"": false, ""m15_near_prev_high6_ge_m0_2"": false}",1.6675351745701006,-0.5732152162584603,1.5112037519541488,3.9082855653986615,-0.5732152162584603,2.240750390828561,15.164147993746745,-0.5732152162584603,4.742053152683701,15.164147993746745,-0.5732152162584603,4.220948410630543,5.0,,7.0,,1.0,1.0,1
f0ab98f26b107bef577a3f08,2026-09-24T04:00:00+00:00,2026-09-24T04:38:48.272801+00:00,C12,CONTINUATION,BELUSDT,0.1272,BULL,BULL,"{""btc_d1_rsi"": 65.49104980261338, ""breadth_ret72_delta72"": -29.925187032418954, ""btc_d1_ema20_slope3"": 2.560070295413097, ""btc_ret_24h"": -3.1950675554964114}","{""last_pivot_low_age_h"": 9.0, ""pivot1_low"": 0.1331, ""pivot2_low"": 0.1223, ""pivot_hours"": 10.0, ""multi_bull_div"": 0.0, ""h1_rsi"": 49.112896015493774, ""h1_dist_ema20"": 0.13007032835081755, ""dist_high_20h"": 7.153284671532845}","{""available"": true, ""label"": ""V11_DIAGNOSTIC_PROXY"", ""quality"": 0.0, ""quality_ge72"": false, ""pressure"": false, ""retrigger"": false, ""fast_confirm"": false, ""fast_break"": false, ""h1_price_above_ema20"": true, ""h1_rsi_ge50"": false, ""near_20h_high_le4_5"": false, ""m15_near_prev_high6_ge_m0_2"": false}",1.1792452830188704,-0.3144654088050425,0.2358490566037652,1.572327044025168,-2.515723270440262,-2.2012578616352307,2.9088050314465264,-2.594339622641517,1.8081761006289332,3.1446540880503138,-2.594339622641517,0.07861635220125507,13.0,6.0,,,0.0,,1
605abdcb10a68afc2e57e937,2026-09-24T04:00:00+00:00,2026-09-24T04:38:48.724361+00:00,C12,CONTINUATION,CHRUSDT,0.0217,BULL,BULL,"{""btc_d1_rsi"": 65.49104980261338, ""breadth_ret72_delta72"": -29.925187032418954, ""btc_d1_ema20_slope3"": 2.560070295413097, ""btc_ret_24h"": -3.1950675554964114}","{""last_pivot_low_age_h"": 13.0, ""pivot1_low"": 0.02167, ""pivot2_low"": 0.01908, ""pivot_hours"": 6.0, ""multi_bull_div"": 0.0, ""h1_rsi"": 57.34232974077494, ""h1_dist_ema20"": 3.391093541276957, ""dist_high_20h"": 6.060606060606055}","{""available"": true, ""label"": ""V11_DIAGNOSTIC_PROXY"", ""quality"": 95.0, ""quality_ge72"": true, ""pressure"": false, ""retrigger"": true, ""fast_confirm"": true, ""fast_break"": false, ""h1_price_above_ema20"": true, ""h1_rsi_ge50"": true, ""near_20h_high_le4_5"": false, ""m15_near_prev_high6_ge_m0_2"": false}",7.557603686635939,-1.6129032258064502,2.1198156682027625,7.557603686635939,-2.3963133640553025,-0.7373271889400956,7.557603686635939,-5.483870967741932,-1.9354838709677469,7.557603686635939,-5.483870967741932,-3.8709677419354827,2.0,5.0,2.0,7.0,1.0,1.0,1
ca2fd150876c97bcd20d2e5a,2026-09-24T04:00:00+00:00,2026-09-24T04:38:49.179876+00:00,C12,CONTINUATION,CUSDT,0.0805,BULL,BULL,"{""btc_d1_rsi"": 65.49104980261338, ""breadth_ret72_delta72"": -29.925187032418954, ""btc_d1_ema20_slope3"": 2.560070295413097, ""btc_ret_24h"": -3.1950675554964114}","{""last_pivot_low_age_h"": 12.0, ""pivot1_low"": 0.0797, ""pivot2_low"": 0.0733, ""pivot_hours"": 11.0, ""multi_bull_div"": 0.0, ""h1_rsi"": 56.25067643000699, ""h1_dist_ema20"": 1.9308509914222505, ""dist_high_20h"": 2.5423728813559365}","{""available"": true, ""label"": ""V11_DIAGNOSTIC_PROXY"", ""quality"": 0.0, ""quality_ge72"": false, ""pressure"": false, ""retrigger"": false, ""fast_confirm"": true, ""fast_break"": true, ""h1_price_above_ema20"": true, ""h1_rsi_ge50"": true, ""near_20h_high_le4_5"": true, ""m15_near_prev_high6_ge_m0_2"": true}",2.857142857142847,-0.8695652173913104,1.8633540372670732,2.857142857142847,-2.7329192546583947,-2.60869565217392,2.857142857142847,-3.602484472049694,-0.3726708074534235,2.857142857142847,-3.602484472049694,2.2360248447204967,,6.0,,7.0,0.0,0.0,1
37eb1fbc18c77cae66c8a586,2026-09-24T04:00:00+00:00,2026-09-24T04:38:49.630468+00:00,C12,CONTINUATION,ENSUSDT,6.76,BULL,BULL,"{""btc_d1_rsi"": 65.49104980261338, ""breadth_ret72_delta72"": -29.925187032418954, ""btc_d1_ema20_slope3"": 2.560070295413097, ""btc_ret_24h"": -3.1950675554964114}","{""last_pivot_low_age_h"": 11.0, ""pivot1_low"": 7.05, ""pivot2_low"": 6.5, ""pivot_hours"": 8.0, ""multi_bull_div"": 0.0, ""h1_rsi"": 46.89771699222813, ""h1_dist_ema20"": -0.4893785341745671, ""dist_high_20h"": 6.111111111111112}","{""available"": true, ""label"": ""V11_DIAGNOSTIC_PROXY"", ""quality"": 0.0, ""quality_ge72"": false, ""pressure"": false, ""retrigger"": false, ""fast_confirm"": false, ""fast_break"": false, ""h1_price_above_ema20"": false, ""h1_rsi_ge50"": false, ""near_20h_high_le4_5"": false, ""m15_near_prev_high6_ge_m0_2"": false}",2.51479289940828,-0.8875739644970349,0.887573964497057,3.106508875739644,-2.9585798816568087,-2.071005917159763,7.100591715976345,-2.9585798816568087,6.213017751479288,7.100591715976345,-2.9585798816568087,3.4023668639053373,5.0,6.0,11.0,,1.0,1.0,1
f6df17021fa45bd48cd191cb,2026-09-24T04:00:00+00:00,2026-09-24T04:38:50.084057+00:00,C12,CONTINUATION,ETHUSDT,2676.76,BULL,BULL,"{""btc_d1_rsi"": 65.49104980261338, ""breadth_ret72_delta72"": -29.925187032418954, ""btc_d1_ema20_slope3"": 2.560070295413097, ""btc_ret_24h"": -3.1950675554964114}","{""last_pivot_low_age_h"": 11.0, ""pivot1_low"": 2745.99, ""pivot2_low"": 2635.39, ""pivot_hours"": 15.0, ""multi_bull_div"": 0.0, ""h1_rsi"": 39.37085850504372, ""h1_dist_ema20"": -0.6162037435008427, ""dist_high_20h"": 2.688396813913496}","{""available"": true, ""label"": ""V11_DIAGNOSTIC_PROXY"", ""quality"": 0.0, ""quality_ge72"": false, ""pressure"": false, ""retrigger"": false, ""fast_confirm"": false, ""fast_break"": false, ""h1_price_above_ema20"": false, ""h1_rsi_ge50"": false, ""near_20h_high_le4_5"": true, ""m15_near_prev_high6_ge_m0_2"": false}",1.020636889373705,-0.2667403876328245,0.34892930258969557,1.020636889373705,-2.862042170385093,-1.2836414172357702,1.020636889373705,-2.862042170385093,0.2547856363663392,1.0923653969724612,-2.862042170385093,0.08704553265888038,,6.0,,,0.0,,1
a08ac975991f193bb08fdfbf,2026-09-24T04:00:00+00:00,2026-09-24T04:38:50.537166+00:00,C12,CONTINUATION,FETUSDT,0.1955,BULL,BULL,"{""btc_d1_rsi"": 65.49104980261338, ""breadth_ret72_delta72"": -29.925187032418954, ""btc_d1_ema20_slope3"": 2.560070295413097, ""btc_ret_24h"": -3.1950675554964114}","{""last_pivot_low_age_h"": 11.0, ""pivot1_low"": 0.206, ""pivot2_low"": 0.1905, ""pivot_hours"": 15.0, ""multi_bull_div"": 0.0, ""h1_rsi"": 41.29706034375329, ""h1_dist_ema20"": -1.252935424054602, ""dist_high_20h"": 7.0817490494296536}","{""available"": true, ""label"": ""V11_DIAGNOSTIC_PROXY"", ""quality"": 0.0, ""quality_ge72"": false, ""pressure"": false, ""retrigger"": false, ""fast_confirm"": false, ""fast_break"": false, ""h1_price_above_ema20"": false, ""h1_rsi_ge50"": false, ""near_20h_high_le4_5"": false, ""m15_near_prev_high6_ge_m0_2"": false}",3.069053708439906,-0.2557544757033292,1.9437340153452665,3.887468030690533,-1.1253196930946285,-0.1534526854219953,16.11253196930946,-1.1253196930946285,14.526854219948838,19.181585677749368,-1.1253196930946285,15.242966751918164,2.0,,10.0,,1.0,1.0,1
4ba00abe2d61c4a54afea86b,2026-09-24T04:00:00+00:00,2026-09-24T04:38:50.985511+00:00,C12,CONTINUATION,FFUSDT,0.1311,BULL,BULL,"{""btc_d1_rsi"": 65.49104980261338, ""breadth_ret72_delta72"": -29.925187032418954, ""btc_d1_ema20_slope3"": 2.560070295413097, ""btc_ret_24h"": -3.1950675554964114}","{""last_pivot_low_age_h"": 12.0, ""pivot1_low"": 0.12035, ""pivot2_low"": 0.12104, ""pivot_hours"": 4.0, ""multi_bull_div"": 0.0, ""h1_rsi"": 58.51260768245292, ""h1_dist_ema20"": 1.567629874581411, ""dist_high_20h"": 1.0341964218313682}","{""available"": true, ""label"": ""V11_DIAGNOSTIC_PROXY"", ""quality"": 0.0, ""quality_ge72"": false, ""pressure"": false, ""retrigger"": false, ""fast_confirm"": false, ""fast_break"": false, ""h1_price_above_ema20"": true, ""h1_rsi_ge50"": true, ""near_20h_high_le4_5"": true, ""m15_near_prev_high6_ge_m0_2"": false}",5.339435545385207,-0.03813882532417434,4.576659038901609,5.339435545385207,-1.5331807780320283,-0.5110602593440206,5.339435545385207,-1.5789473684210464,0.7322654462242673,5.339435545385207,-1.5789473684210464,4.446987032799399,2.0,,3.0,,1.0,1.0,1
d9d63d6fbde632601ce3b72c,2026-09-24T04:00:00+00:00,2026-09-24T04:38:51.439391+00:00,C12,CONTINUATION,FTTUSDT,0.2584,BULL,BULL,"{""btc_d1_rsi"": 65.49104980261338, ""breadth_ret72_delta72"": -29.925187032418954, ""btc_d1_ema20_slope3"": 2.560070295413097, ""btc_ret_24h"": -3.1950675554964114}","{""last_pivot_low_age_h"": 11.0, ""pivot1_low"": 0.2577, ""pivot2_low"": 0.2475, ""pivot_hours"": 9.0, ""multi_bull_div"": 0.0, ""h1_rsi"": 48.30999015839347, ""h1_dist_ema20"": -0.3314091068513547, ""dist_high_20h"": 6.9164265129682985}","{""available"": true, ""label"": ""V11_DIAGNOSTIC_PROXY"", ""quality"": 0.0, ""quality_ge72"": false, ""pressure"": false, ""retrigger"": false, ""fast_confirm"": false, ""fast_break"": false, ""h1_price_above_ema20"": false, ""h1_rsi_ge50"": false, ""near_20h_high_le4_5"": false, ""m15_near_prev_high6_ge_m0_2"": false}",5.224458204334348,-3.2507739938080538,0.23219814241486336,5.224458204334348,-3.2507739938080538,-0.4643962848297378,5.224458204334348,-3.4055727554179627,1.1222910216718063,5.224458204334348,-3.4055727554179627,1.0061919504643857,3.0,2.0,3.0,2.0,0.0,0.0,1
617070122e98262e9dd87737,2026-09-24T04:00:00+00:00,2026-09-24T04:38:51.880394+00:00,C12,CONTINUATION,GENIUSUSDT,0.3468,BULL,BULL,"{""btc_d1_rsi"": 65.49104980261338, ""breadth_ret72_delta72"": -29.925187032418954, ""btc_d1_ema20_slope3"": 2.560070295413097, ""btc_ret_24h"": -3.1950675554964114}","{""last_pivot_low_age_h"": 13.0, ""pivot1_low"": 0.3477, ""pivot2_low"": 0.3201, ""pivot_hours"": 3.0, ""multi_bull_div"": 0.0, ""h1_rsi"": 52.99914231541593, ""h1_dist_ema20"": 0.9490981505231089, ""dist_high_20h"": 7.0739549839228255}","{""available"": true, ""label"": ""V11_DIAGNOSTIC_PROXY"", ""quality"": 0.0, ""quality_ge72"": false, ""pressure"": false, ""retrigger"": false, ""fast_confirm"": false, ""fast_break"": true, ""h1_price_above_ema20"": true, ""h1_rsi_ge50"": true, ""near_20h_high_le4_5"": false, ""m15_near_prev_high6_ge_m0_2"": true}",2.7393310265282578,-0.14417531718570187,2.104959630911196,2.7393310265282578,-0.6632064590542219,0.34602076124565784,3.2583621683967667,-0.6632064590542219,2.277970011534025,4.584775086505188,-0.6632064590542219,0.4325259515570945,11.0,,,,1.0,,1
c3d5149de178851ae2bd132b,2026-09-24T04:00:00+00:00,2026-09-24T04:38:52.328630+00:00,C12,CONTINUATION,GIGGLEUSDT,39.08,BULL,BULL,"{""btc_d1_rsi"": 65.49104980261338, ""breadth_ret72_delta72"": -29.925187032418954, ""btc_d1_ema20_slope3"": 2.560070295413097, ""btc_ret_24h"": -3.1950675554964114}","{""last_pivot_low_age_h"": 13.0, ""pivot1_low"": 40.23, ""pivot2_low"": 37.02, ""pivot_hours"": 3.0, ""multi_bull_div"": 1.0, ""h1_rsi"": 45.29829709783495, ""h1_dist_ema20"": -0.6352829441975683, ""dist_high_20h"": 7.437233538607302}","{""available"": true, ""label"": ""V11_DIAGNOSTIC_PROXY"", ""quality"": 0.0, ""quality_ge72"": false, ""pressure"": false, ""retrigger"": false, ""fast_confirm"": false, ""fast_break"": false, ""h1_price_above_ema20"": false, ""h1_rsi_ge50"": false, ""near_20h_high_le4_5"": false, ""m15_near_prev_high6_ge_m0_2"": false}",3.454452405322428,-0.87001023541452,2.763561924257929,3.7871033776867957,-0.87001023541452,2.098259979529171,7.471852610030716,-0.87001023541452,6.9344933469805525,9.007164790174006,-0.87001023541452,3.377686796315249,3.0,,7.0,,1.0,1.0,1
d44a82abbca1c5c57764c33f,2026-09-24T04:00:00+00:00,2026-09-24T04:38:52.780477+00:00,C12,CONTINUATION,HEIUSDT,0.149,BULL,BULL,"{""btc_d1_rsi"": 65.49104980261338, ""breadth_ret72_delta72"": -29.925187032418954, ""btc_d1_ema20_slope3"": 2.560070295413097, ""btc_ret_24h"": -3.1950675554964114}","{""last_pivot_low_age_h"": 13.0, ""pivot1_low"": 0.1489, ""pivot2_low"": 0.1154, ""pivot_hours"": 4.0, ""multi_bull_div"": 1.0, ""h1_rsi"": 51.0162981952959, ""h1_dist_ema20"": 0.6643913632558007, ""dist_high_20h"": 3.932946486137967}","{""available"": true, ""label"": ""V11_DIAGNOSTIC_PROXY"", ""quality"": 0.0, ""quality_ge72"": false, ""pressure"": false, ""retrigger"": false, ""fast_confirm"": true, ""fast_break"": true, ""h1_price_above_ema20"": true, ""h1_rsi_ge50"": true, ""near_20h_high_le4_5"": true, ""m15_near_prev_high6_ge_m0_2"": true}",0.8053691275167862,-0.8724832214765055,0.46979865771812346,0.8053691275167862,-4.496644295302,-3.9597315436241565,0.8053691275167862,-5.369127516778526,-3.2214765100671117,0.8053691275167862,-5.369127516778526,-4.36241610738255,,5.0,,5.0,0.0,0.0,1
9eaa260e63fd3c06bce23ede,2026-09-24T04:00:00+00:00,2026-09-24T04:38:53.215728+00:00,C12,CONTINUATION,KORUBUSDT,21.02,BULL,BULL,"{""btc_d1_rsi"": 65.49104980261338, ""breadth_ret72_delta72"": -29.925187032418954, ""btc_d1_ema20_slope3"": 2.560070295413097, ""btc_ret_24h"": -3.1950675554964114}","{""last_pivot_low_age_h"": 10.0, ""pivot1_low"": 21.1, ""pivot2_low"": 21.01, ""pivot_hours"": 3.0, ""multi_bull_div"": 2.0, ""h1_rsi"": 33.642635022979135, ""h1_dist_ema20"": -2.542106623178386, ""dist_high_20h"": 6.660746003552398}","{""available"": true, ""label"": ""V11_DIAGNOSTIC_PROXY"", ""quality"": 0.0, ""quality_ge72"": false, ""pressure"": false, ""retrigger"": false, ""fast_confirm"": false, ""fast_break"": false, ""h1_price_above_ema20"": false, ""h1_rsi_ge50"": false, ""near_20h_high_le4_5"": false, ""m15_near_prev_high6_ge_m0_2"": false}",0.6184586108468171,-0.8563273073263544,-0.8087535680304403,0.7611798287345373,-3.568030447193149,-2.331113225499515,0.7611798287345373,-4.614652711703138,-3.4253092293054177,0.7611798287345373,-5.280685061845858,-2.0932445290199886,,5.0,,6.0,0.0,0.0,1
bac03dbe48524ea8d6e9aec3,2026-09-24T04:00:00+00:00,2026-09-24T04:38:53.669814+00:00,C12,CONTINUATION,LSKUSDT,0.3652,BULL,BULL,"{""btc_d1_rsi"": 65.49104980261338, ""breadth_ret72_delta72"": -29.925187032418954, ""btc_d1_ema20_slope3"": 2.560070295413097, ""btc_ret_24h"": -3.1950675554964114}","{""last_pivot_low_age_h"": 10.0, ""pivot1_low"": 0.292, ""pivot2_low"": 0.2966, ""pivot_hours"": 3.0, ""multi_bull_div"": 0.0, ""h1_rsi"": 66.10364518578905, ""h1_dist_ema20"": 8.891196551876446, ""dist_high_20h"": 2.9239766081871177}","{""available"": true, ""label"": ""V11_DIAGNOSTIC_PROXY"", ""quality"": 0.0, ""quality_ge72"": false, ""pressure"": false, ""retrigger"": false, ""fast_confirm"": true, ""fast_break"": false, ""h1_price_above_ema20"": true, ""h1_rsi_ge50"": true, ""near_20h_high_le4_5"": true, ""m15_near_prev_high6_ge_m0_2"": false}",11.664841182913467,-4.654983570646221,6.380065717415118,23.302300109529007,-4.654983570646221,10.405257393209189,23.302300109529007,-4.654983570646221,6.790799561883887,32.33844468784226,-4.654983570646221,-2.573932092004383,2.0,1.0,2.0,1.0,0.0,0.0,1
ce760d26c6dd66cc20703e2f,2026-09-24T04:00:00+00:00,2026-09-24T04:38:54.121668+00:00,C12,CONTINUATION,LTCUSDT,66.57,BULL,BULL,"{""btc_d1_rsi"": 65.49104980261338, ""breadth_ret72_delta72"": -29.925187032418954, ""btc_d1_ema20_slope3"": 2.560070295413097, ""btc_ret_24h"": -3.1950675554964114}","{""last_pivot_low_age_h"": 13.0, ""pivot1_low"": 61.99, ""pivot2_low"": 58.8, ""pivot_hours"": 6.0, ""multi_bull_div"": 0.0, ""h1_rsi"": 73.76057442354646, ""h1_dist_ema20"": 6.3809737418698775, ""dist_high_20h"": 1.3631649133204915}","{""available"": true, ""label"": ""V11_DIAGNOSTIC_PROXY"", ""quality"": 89.0, ""quality_ge72"": true, ""pressure"": true, ""retrigger"": false, ""fast_confirm"": false, ""fast_break"": false, ""h1_price_above_ema20"": true, ""h1_rsi_ge50"": true, ""near_20h_high_le4_5"": true, ""m15_near_prev_high6_ge_m0_2"": false}",4.326273095989208,-0.28541385008261644,2.163136547994604,4.47649091182214,-1.1867207450803496,0.555805918581953,12.317860898302534,-1.577287066246058,10.86074808472286,12.453056932552208,-1.577287066246058,6.249061138651069,1.0,,10.0,,1.0,1.0,1
fd946773a8cf2e593113dab2,2026-09-24T04:00:00+00:00,2026-09-24T04:38:54.574485+00:00,C12,CONTINUATION,MINAUSDT,0.1435,BULL,BULL,"{""btc_d1_rsi"": 65.49104980261338, ""breadth_ret72_delta72"": -29.925187032418954, ""btc_d1_ema20_slope3"": 2.560070295413097, ""btc_ret_24h"": -3.1950675554964114}","{""last_pivot_low_age_h"": 9.0, ""pivot1_low"": 0.1448, ""pivot2_low"": 0.1371, ""pivot_hours"": 13.0, ""multi_bull_div"": 0.0, ""h1_rsi"": 46.7416739671153, ""h1_dist_ema20"": -1.1242667348436597, ""dist_high_20h"": 7.598197037990984}","{""available"": true, ""label"": ""V11_DIAGNOSTIC_PROXY"", ""quality"": 72.0, ""quality_ge72"": true, ""pressure"": false, ""retrigger"": true, ""fast_confirm"": false, ""fast_break"": false, ""h1_price_above_ema20"": false, ""h1_rsi_ge50"": false, ""near_20h_high_le4_5"": false, ""m15_near_prev_high6_ge_m0_2"": false}",3.2055749128919953,-0.6968641114982632,2.2299651567944334,3.2055749128919953,-0.6968641114982632,1.184668989547033,6.4111498257839905,-0.6968641114982632,5.156794425087119,6.968641114982588,-2.4390243902438824,0.4878048780487809,2.0,16.0,8.0,,1.0,1.0,1
77bd0ac65ba17dccabc6b46d,2026-09-24T04:00:00+00:00,2026-09-24T04:38:55.020962+00:00,C12,CONTINUATION,MMTUSDT,0.1686,BULL,BULL,"{""btc_d1_rsi"": 65.49104980261338, ""breadth_ret72_delta72"": -29.925187032418954, ""btc_d1_ema20_slope3"": 2.560070295413097, ""btc_ret_24h"": -3.1950675554964114}","{""last_pivot_low_age_h"": 9.0, ""pivot1_low"": 0.1623, ""pivot2_low"": 0.1613, ""pivot_hours"": 4.0, ""multi_bull_div"": 0.0, ""h1_rsi"": 52.10176684417727, ""h1_dist_ema20"": 0.5996950100780385, ""dist_high_20h"": 4.853273137697512}","{""available"": true, ""label"": ""V11_DIAGNOSTIC_PROXY"", ""quality"": 0.0, ""quality_ge72"": false, ""pressure"": false, ""retrigger"": false, ""fast_confirm"": false, ""fast_break"": false, ""h1_price_above_ema20"": true, ""h1_rsi_ge50"": true, ""near_20h_high_le4_5"": false, ""m15_near_prev_high6_ge_m0_2"": false}",1.6014234875444844,-0.11862396204033177,1.0083036773428367,1.6014234875444844,-2.8469750889679735,-2.4317912218268067,2.787663107947802,-2.8469750889679735,1.8979833926453082,2.787663107947802,-2.8469750889679735,0.11862396204034287,,6.0,,,0.0,,1
2d9a8cacbe85968fb53b3cb7,2026-09-24T04:00:00+00:00,2026-09-24T04:38:55.473382+00:00,C12,CONTINUATION,MTLUSDT,0.3159,BULL,BULL,"{""btc_d1_rsi"": 65.49104980261338, ""breadth_ret72_delta72"": -29.925187032418954, ""btc_d1_ema20_slope3"": 2.560070295413097, ""btc_ret_24h"": -3.1950675554964114}","{""last_pivot_low_age_h"": 13.0, ""pivot1_low"": 0.318, ""pivot2_low"": 0.3016, ""pivot_hours"": 6.0, ""multi_bull_div"": 0.0, ""h1_rsi"": 51.979488875135324, ""h1_dist_ema20"": 0.34391528984827335, ""dist_high_20h"": 2.3794808405438794}","{""available"": true, ""label"": ""V11_DIAGNOSTIC_PROXY"", ""quality"": 0.0, ""quality_ge72"": false, ""pressure"": false, ""retrigger"": false, ""fast_confirm"": false, ""fast_break"": false, ""h1_price_above_ema20"": true, ""h1_rsi_ge50"": true, ""near_20h_high_le4_5"": true, ""m15_near_prev_high6_ge_m0_2"": false}",2.690724912947129,-0.18993352326684976,1.8676796454574207,3.482114593225716,-0.7597340930674323,0.47483380816715215,6.299461855017396,-0.7597340930674323,5.8246280468502665,7.818930041152261,-0.7597340930674323,4.811649256093697,4.0,,11.0,,1.0,1.0,1
3049fe78b95b6cbf2578950a,2026-09-24T04:00:00+00:00,2026-09-24T04:38:55.925345+00:00,C12,CONTINUATION,MUBARAKUSDT,0.05038,BULL,BULL,"{""btc_d1_rsi"": 65.49104980261338, ""breadth_ret72_delta72"": -29.925187032418954, ""btc_d1_ema20_slope3"": 2.560070295413097, ""btc_ret_24h"": -3.1950675554964114}","{""last_pivot_low_age_h"": 13.0, ""pivot1_low"": 0.05263, ""pivot2_low"": 0.05027, ""pivot_hours"": 4.0, ""multi_bull_div"": 1.0, ""h1_rsi"": 33.943631864155506, ""h1_dist_ema20"": -10.155017858888693, ""dist_high_20h"": 27.64612954186414}","{""available"": true, ""label"": ""V11_DIAGNOSTIC_PROXY"", ""quality"": 0.0, ""quality_ge72"": false, ""pressure"": false, ""retrigger"": false, ""fast_confirm"": false, ""fast_break"": false, ""h1_price_above_ema20"": false, ""h1_rsi_ge50"": false, ""near_20h_high_le4_5"": false, ""m15_near_prev_high6_ge_m0_2"": false}",11.730845573640325,-1.8658197697499102,0.05954743946010588,11.730845573640325,-3.9102818578801046,-3.4537514886859855,11.730845573640325,-7.70146883684002,-7.2647876141325956,11.730845573640325,-16.534339023421996,-16.23660182612148,1.0,4.0,1.0,6.0,1.0,1.0,1
3a79c1f02a682f638e938426,2026-09-24T04:00:00+00:00,2026-09-24T04:38:56.373644+00:00,C12,CONTINUATION,NOMUSDT,0.002418,BULL,BULL,"{""btc_d1_rsi"": 65.49104980261338, ""breadth_ret72_delta72"": -29.925187032418954, ""btc_d1_ema20_slope3"": 2.560070295413097, ""btc_ret_24h"": -3.1950675554964114}","{""last_pivot_low_age_h"": 13.0, ""pivot1_low"": 0.001726, ""pivot2_low"": 0.00164, ""pivot_hours"": 6.0, ""multi_bull_div"": 0.0, ""h1_rsi"": 74.27342635717098, ""h1_dist_ema20"": 18.45641789865582, ""dist_high_20h"": 9.23423423423424}","{""available"": true, ""label"": ""V11_DIAGNOSTIC_PROXY"", ""quality"": 0.0, ""quality_ge72"": false, ""pressure"": false, ""retrigger"": false, ""fast_confirm"": true, ""fast_break"": false, ""h1_price_above_ema20"": true, ""h1_rsi_ge50"": true, ""near_20h_high_le4_5"": false, ""m15_near_prev_high6_ge_m0_2"": false}",16.50124069478909,-4.466501240694787,9.677419354838701,16.50124069478909,-4.466501240694787,6.989247311827951,16.50124069478909,-7.402812241521916,-2.894954507857739,16.50124069478909,-17.245657568238205,-16.666666666666675,2.0,1.0,2.0,1.0,0.0,0.0,1
7e9213295d64c7b011fd622e,2026-09-24T04:00:00+00:00,2026-09-24T04:38:56.828474+00:00,C12,CONTINUATION,OSMOUSDT,0.0354,BULL,BULL,"{""btc_d1_rsi"": 65.49104980261338, ""breadth_ret72_delta72"": -29.925187032418954, ""btc_d1_ema20_slope3"": 2.560070295413097, ""btc_ret_24h"": -3.1950675554964114}","{""last_pivot_low_age_h"": 9.0, ""pivot1_low"": 0.037, ""pivot2_low"": 0.0345, ""pivot_hours"": 10.0, ""multi_bull_div"": 0.0, ""h1_rsi"": 39.63859931284058, ""h1_dist_ema20"": -1.1703784788493654, ""dist_high_20h"": 6.100795755968158}","{""available"": true, ""label"": ""V11_DIAGNOSTIC_PROXY"", ""quality"": 0.0, ""quality_ge72"": false, ""pressure"": false, ""retrigger"": false, ""fast_confirm"": false, ""fast_break"": false, ""h1_price_above_ema20"": false, ""h1_rsi_ge50"": false, ""near_20h_high_le4_5"": false, ""m15_near_prev_high6_ge_m0_2"": false}",1.9774011299434902,-0.28248587570621764,1.1299435028248483,1.9774011299434902,-0.8474576271186529,-0.5649717514124242,5.932203389830493,-0.8474576271186529,4.237288135593231,7.34463276836157,-0.8474576271186529,5.649717514124308,11.0,,12.0,,1.0,1.0,1
048bb5eae2ee7ab3794dce3d,2026-09-24T04:00:00+00:00,2026-09-24T04:38:57.283130+00:00,C12,CONTINUATION,PENGUUSDT,0.00968,BULL,BULL,"{""btc_d1_rsi"": 65.49104980261338, ""breadth_ret72_delta72"": -29.925187032418954, ""btc_d1_ema20_slope3"": 2.560070295413097, ""btc_ret_24h"": -3.1950675554964114}","{""last_pivot_low_age_h"": 11.0, ""pivot1_low"": 0.009855, ""pivot2_low"": 0.009396, ""pivot_hours"": 14.0, ""multi_bull_div"": 0.0, ""h1_rsi"": 45.663792143647605, ""h1_dist_ema20"": -1.5034349229934518, ""dist_high_20h"": 13.284959240347582}","{""available"": true, ""label"": ""V11_DIAGNOSTIC_PROXY"", ""quality"": 87.0, ""quality_ge72"": true, ""pressure"": false, ""retrigger"": true, ""fast_confirm"": false, ""fast_break"": false, ""h1_price_above_ema20"": false, ""h1_rsi_ge50"": false, ""near_20h_high_le4_5"": false, ""m15_near_prev_high6_ge_m0_2"": false}",5.495867768595053,-0.6921487603305687,2.7169421487603485,5.495867768595053,-1.8491735537189968,0.21694214876033513,6.229338842975229,-1.8491735537189968,2.2210743801652777,6.229338842975229,-2.2417355371900816,-0.7747933884297398,2.0,23.0,2.0,,1.0,1.0,1
1096a0de8a93c99250f58812,2026-09-24T04:00:00+00:00,2026-09-24T04:38:57.735033+00:00,C12,CONTINUATION,POWRUSDT,0.0671,BULL,BULL,"{""btc_d1_rsi"": 65.49104980261338, ""breadth_ret72_delta72"": -29.925187032418954, ""btc_d1_ema20_slope3"": 2.560070295413097, ""btc_ret_24h"": -3.1950675554964114}","{""last_pivot_low_age_h"": 13.0, ""pivot1_low"": 0.0687, ""pivot2_low"": 0.066, ""pivot_hours"": 3.0, ""multi_bull_div"": 0.0, ""h1_rsi"": 46.361089938045026, ""h1_dist_ema20"": -1.1819194043245829, ""dist_high_20h"": 8.583106267029972}","{""available"": true, ""label"": ""V11_DIAGNOSTIC_PROXY"", ""quality"": 0.0, ""quality_ge72"": false, ""pressure"": false, ""retrigger"": false, ""fast_confirm"": false, ""fast_break"": false, ""h1_price_above_ema20"": false, ""h1_rsi_ge50"": false, ""near_20h_high_le4_5"": false, ""m15_near_prev_high6_ge_m0_2"": false}",2.8315946348733245,-0.14903129657228842,1.0432190760059523,2.8315946348733245,-1.7883755588673722,-1.0432190760059745,2.8315946348733245,-1.7883755588673722,2.086438152011927,3.874813710879277,-1.7883755588673722,1.4903129657227732,14.0,,,,1.0,,1
40f3c883709bde85792c8d06,2026-09-24T04:00:00+00:00,2026-09-24T04:38:58.184196+00:00,C12,CONTINUATION,PUMPUSDT,0.003965,BULL,BULL,"{""btc_d1_rsi"": 65.49104980261338, ""breadth_ret72_delta72"": -29.925187032418954, ""btc_d1_ema20_slope3"": 2.560070295413097, ""btc_ret_24h"": -3.1950675554964114}","{""last_pivot_low_age_h"": 9.0, ""pivot1_low"": 0.00396, ""pivot2_low"": 0.003939, ""pivot_hours"": 4.0, ""multi_bull_div"": 0.0, ""h1_rsi"": 32.27596038693585, ""h1_dist_ema20"": -2.8864672620386833, ""dist_high_20h"": 9.681093394077445}","{""available"": true, ""label"": ""V11_DIAGNOSTIC_PROXY"", ""quality"": 0.0, ""quality_ge72"": false, ""pressure"": false, ""retrigger"": false, ""fast_confirm"": false, ""fast_break"": false, ""h1_price_above_ema20"": false, ""h1_rsi_ge50"": false, ""near_20h_high_le4_5"": false, ""m15_near_prev_high6_ge_m0_2"": false}",1.2862547288776671,-0.7313997477931822,0.7061790668348111,2.219419924337962,-3.631778058007551,-3.0264817150063017,2.219419924337962,-5.422446406052961,-2.345523329129884,2.219419924337962,-5.422446406052961,-1.4123581336696,,6.0,,6.0,0.0,0.0,1
ffb570941bbfb034e3984fd7,2026-09-24T04:00:00+00:00,2026-09-24T04:38:58.639162+00:00,C12,CONTINUATION,SAGAUSDT,0.04594,BULL,BULL,"{""btc_d1_rsi"": 65.49104980261338, ""breadth_ret72_delta72"": -29.925187032418954, ""btc_d1_ema20_slope3"": 2.560070295413097, ""btc_ret_24h"": -3.1950675554964114}","{""last_pivot_low_age_h"": 13.0, ""pivot1_low"": 0.04318, ""pivot2_low"": 0.04433, ""pivot_hours"": 6.0, ""multi_bull_div"": 0.0, ""h1_rsi"": 48.249453820966245, ""h1_dist_ema20"": -2.5110691417207343, ""dist_high_20h"": 12.478567346161174}","{""available"": true, ""label"": ""V11_DIAGNOSTIC_PROXY"", ""quality"": 72.0, ""quality_ge72"": true, ""pressure"": false, ""retrigger"": true, ""fast_confirm"": false, ""fast_break"": false, ""h1_price_above_ema20"": false, ""h1_rsi_ge50"": false, ""near_20h_high_le4_5"": false, ""m15_near_prev_high6_ge_m0_2"": false}",3.0909882455376625,-5.659555942533756,-0.7183282542446712,3.0909882455376625,-5.659555942533756,-0.3265128428384889,3.0909882455376625,-6.639094471049201,-6.138441445363529,97.71441010013058,-40.07400957771006,-33.78319547235525,3.0,2.0,18.0,2.0,0.0,0.0,1
0c84f736e9767341855240d7,2026-09-24T04:00:00+00:00,2026-09-24T04:38:59.095072+00:00,C12,CONTINUATION,SUIUSDT,0.9612,BULL,BULL,"{""btc_d1_rsi"": 65.49104980261338, ""breadth_ret72_delta72"": -29.925187032418954, ""btc_d1_ema20_slope3"": 2.560070295413097, ""btc_ret_24h"": -3.1950675554964114}","{""last_pivot_low_age_h"": 11.0, ""pivot1_low"": 1.0057, ""pivot2_low"": 0.9324, ""pivot_hours"": 8.0, ""multi_bull_div"": 0.0, ""h1_rsi"": 38.95615972521859, ""h1_dist_ema20"": -1.4207307214005316, ""dist_high_20h"": 6.833381797034022}","{""available"": true, ""label"": ""V11_DIAGNOSTIC_PROXY"", ""quality"": 0.0, ""quality_ge72"": false, ""pressure"": false, ""retrigger"": false, ""fast_confirm"": false, ""fast_break"": false, ""h1_price_above_ema20"": false, ""h1_rsi_ge50"": false, ""near_20h_high_le4_5"": false, ""m15_near_prev_high6_ge_m0_2"": false}",1.8102372034956238,-0.4577611319184438,0.26009155222637137,1.8102372034956238,-2.6529338327091256,-2.059925093632964,6.4918851435705305,-2.6529338327091256,4.296712442779849,10.258010819808572,-2.6529338327091256,5.274656679151057,10.0,6.0,11.0,,0.0,1.0,1
f2b0a38b13ce41967d0d7bb2,2026-09-24T04:00:00+00:00,2026-09-24T04:38:59.549436+00:00,C12,CONTINUATION,SYNUSDT,0.21784,BULL,BULL,"{""btc_d1_rsi"": 65.49104980261338, ""breadth_ret72_delta72"": -29.925187032418954, ""btc_d1_ema20_slope3"": 2.560070295413097, ""btc_ret_24h"": -3.1950675554964114}","{""last_pivot_low_age_h"": 13.0, ""pivot1_low"": 0.20596, ""pivot2_low"": 0.185, ""pivot_hours"": 5.0, ""multi_bull_div"": 3.0, ""h1_rsi"": 48.81425045521314, ""h1_dist_ema20"": 0.28496525447119225, ""dist_high_20h"": 2.676138140553097}","{""available"": true, ""label"": ""V11_DIAGNOSTIC_PROXY"", ""quality"": 0.0, ""quality_ge72"": false, ""pressure"": false, ""retrigger"": false, ""fast_confirm"": true, ""fast_break"": false, ""h1_price_above_ema20"": true, ""h1_rsi_ge50"": false, ""near_20h_high_le4_5"": true, ""m15_near_prev_high6_ge_m0_2"": false}",0.35806096217407823,-4.347227322805736,-3.6219243481454333,0.35806096217407823,-8.05178112376056,-6.725119353654052,0.35806096217407823,-11.907822254865962,-11.701248622842463,6.789386705839151,-13.151854572163057,-1.9326110907087912,23.0,1.0,23.0,1.0,0.0,0.0,1
b61e6e48f097d1ad3b5b30b4,2026-09-24T04:00:00+00:00,2026-09-24T04:39:00.000597+00:00,C12,CONTINUATION,TAOUSDT,286.0,BULL,BULL,"{""btc_d1_rsi"": 65.49104980261338, ""breadth_ret72_delta72"": -29.925187032418954, ""btc_d1_ema20_slope3"": 2.560070295413097, ""btc_ret_24h"": -3.1950675554964114}","{""last_pivot_low_age_h"": 11.0, ""pivot1_low"": 300.3, ""pivot2_low"": 284.4, ""pivot_hours"": 5.0, ""multi_bull_div"": 1.0, ""h1_rsi"": 35.73134511422322, ""h1_dist_ema20"": -2.6519991519038166, ""dist_high_20h"": 9.378960709759198}","{""available"": true, ""label"": ""V11_DIAGNOSTIC_PROXY"", ""quality"": 0.0, ""quality_ge72"": false, ""pressure"": false, ""retrigger"": false, ""fast_confirm"": false, ""fast_break"": false, ""h1_price_above_ema20"": false, ""h1_rsi_ge50"": false, ""near_20h_high_le4_5"": false, ""m15_near_prev_high6_ge_m0_2"": false}",2.3076923076923217,-0.5944055944055893,1.293706293706287,2.7272727272727337,-2.587412587412574,-1.8531468531468587,3.356643356643363,-2.7622377622377514,1.7132867132866991,6.468531468531458,-2.7622377622377514,2.9020979020979,11.0,6.0,16.0,,0.0,1.0,1
dba32a174a0efe79d01ae060,2026-09-24T04:00:00+00:00,2026-09-24T04:39:00.454529+00:00,C12,CONTINUATION,TRXUSDT,0.3439,BULL,BULL,"{""btc_d1_rsi"": 65.49104980261338, ""breadth_ret72_delta72"": -29.925187032418954, ""btc_d1_ema20_slope3"": 2.560070295413097, ""btc_ret_24h"": -3.1950675554964114}","{""last_pivot_low_age_h"": 10.0, ""pivot1_low"": 0.3421, ""pivot2_low"": 0.3386, ""pivot_hours"": 8.0, ""multi_bull_div"": 0.0, ""h1_rsi"": 61.4353008542496, ""h1_dist_ema20"": 0.5153808393305148, ""dist_high_20h"": 0.029069767441858296}","{""available"": true, ""label"": ""V11_DIAGNOSTIC_PROXY"", ""quality"": 0.0, ""quality_ge72"": false, ""pressure"": false, ""retrigger"": false, ""fast_confirm"": true, ""fast_break"": true, ""h1_price_above_ema20"": true, ""h1_rsi_ge50"": true, ""near_20h_high_le4_5"": true, ""m15_near_prev_high6_ge_m0_2"": true}",0.029078220412914746,-0.29078220412910305,-0.17446932247746627,0.029078220412914746,-1.5120674614713558,-1.4248328002326116,0.029078220412914746,-1.5411456818842595,-1.395754579819708,0.029078220412914746,-1.6574585635359074,-1.5702239022971631,,,,,,,1
79e33982548f16206b918163,2026-09-24T04:00:00+00:00,2026-09-24T04:39:00.904011+00:00,C12,CONTINUATION,TUSDT,0.00542,BULL,BULL,"{""btc_d1_rsi"": 65.49104980261338, ""breadth_ret72_delta72"": -29.925187032418954, ""btc_d1_ema20_slope3"": 2.560070295413097, ""btc_ret_24h"": -3.1950675554964114}","{""last_pivot_low_age_h"": 13.0, ""pivot1_low"": 0.00544, ""pivot2_low"": 0.00531, ""pivot_hours"": 3.0, ""multi_bull_div"": 0.0, ""h1_rsi"": 48.87664313807764, ""h1_dist_ema20"": -0.29851384626939925, ""dist_high_20h"": 3.558718861209953}","{""available"": true, ""label"": ""V11_DIAGNOSTIC_PROXY"", ""quality"": 0.0, ""quality_ge72"": false, ""pressure"": false, ""retrigger"": false, ""fast_confirm"": false, ""fast_break"": false, ""h1_price_above_ema20"": false, ""h1_rsi_ge50"": false, ""near_20h_high_le4_5"": true, ""m15_near_prev_high6_ge_m0_2"": false}",2.398523985239853,-0.9225092250922606,2.2140221402213944,6.6420664206642055,-0.9225092250922606,0.36900369003689537,6.6420664206642055,-0.9225092250922606,1.845018450184499,6.6420664206642055,-0.9225092250922606,1.291512915129145,4.0,,4.0,,1.0,1.0,1
17bb405862f86e444811a43b,2026-09-24T04:00:00+00:00,2026-09-24T04:39:01.359891+00:00,C12,CONTINUATION,VELODROMEUSDT,0.02891,BULL,BULL,"{""btc_d1_rsi"": 65.49104980261338, ""breadth_ret72_delta72"": -29.925187032418954, ""btc_d1_ema20_slope3"": 2.560070295413097, ""btc_ret_24h"": -3.1950675554964114}","{""last_pivot_low_age_h"": 11.0, ""pivot1_low"": 0.02905, ""pivot2_low"": 0.0277, ""pivot_hours"": 19.0, ""multi_bull_div"": 1.0, ""h1_rsi"": 42.74480033441879, ""h1_dist_ema20"": -1.297208190753707, ""dist_high_20h"": 7.428754402817805}","{""available"": true, ""label"": ""V11_DIAGNOSTIC_PROXY"", ""quality"": 0.0, ""quality_ge72"": false, ""pressure"": false, ""retrigger"": false, ""fast_confirm"": false, ""fast_break"": false, ""h1_price_above_ema20"": false, ""h1_rsi_ge50"": false, ""near_20h_high_le4_5"": false, ""m15_near_prev_high6_ge_m0_2"": false}",1.867865790383938,-0.3804911795226684,0.6918021445866396,1.867865790383938,-3.3206502940159255,-3.009339328951932,5.534417156693183,-3.3206502940159255,5.188516084399852,6.572120373573154,-3.3206502940159255,4.254583189207883,11.0,5.0,11.0,5.0,0.0,0.0,1
79da1a048be1d2cf134939ee,2026-09-24T04:00:00+00:00,2026-09-24T04:39:01.816199+00:00,C12,CONTINUATION,XNOUSDT,0.379,BULL,BULL,"{""btc_d1_rsi"": 65.49104980261338, ""breadth_ret72_delta72"": -29.925187032418954, ""btc_d1_ema20_slope3"": 2.560070295413097, ""btc_ret_24h"": -3.1950675554964114}","{""last_pivot_low_age_h"": 13.0, ""pivot1_low"": 0.37, ""pivot2_low"": 0.364, ""pivot_hours"": 4.0, ""multi_bull_div"": 0.0, ""h1_rsi"": 49.5392831106657, ""h1_dist_ema20"": -0.1932479208622606, ""dist_high_20h"": 7.334963325183363}","{""available"": true, ""label"": ""V11_DIAGNOSTIC_PROXY"", ""quality"": 0.0, ""quality_ge72"": false, ""pressure"": false, ""retrigger"": false, ""fast_confirm"": false, ""fast_break"": false, ""h1_price_above_ema20"": false, ""h1_rsi_ge50"": false, ""near_20h_high_le4_5"": false, ""m15_near_prev_high6_ge_m0_2"": false}",0.0,-3.693931398416894,-3.16622691292876,0.0,-3.693931398416894,-3.16622691292876,0.0,-8.970976253298158,-2.638522427440637,1.055408970976246,-8.970976253298158,-2.110817941952503,,1.0,,3.0,0.0,0.0,1
dc6078769cbeb4d5234db584,2026-09-24T04:00:00+00:00,2026-09-24T04:39:02.262277+00:00,C12,CONTINUATION,XPLUSDT,0.08955,BULL,BULL,"{""btc_d1_rsi"": 65.49104980261338, ""breadth_ret72_delta72"": -29.925187032418954, ""btc_d1_ema20_slope3"": 2.560070295413097, ""btc_ret_24h"": -3.1950675554964114}","{""last_pivot_low_age_h"": 13.0, ""pivot1_low"": 0.09604, ""pivot2_low"": 0.083, ""pivot_hours"": 9.0, ""multi_bull_div"": 0.0, ""h1_rsi"": 40.9494497630196, ""h1_dist_ema20"": -1.4741093984141473, ""dist_high_20h"": 8.369998976772731}","{""available"": true, ""label"": ""V11_DIAGNOSTIC_PROXY"", ""quality"": 0.0, ""quality_ge72"": false, ""pressure"": false, ""retrigger"": false, ""fast_confirm"": false, ""fast_break"": false, ""h1_price_above_ema20"": false, ""h1_rsi_ge50"": false, ""near_20h_high_le4_5"": false, ""m15_near_prev_high6_ge_m0_2"": false}",1.4963707426018935,-0.3015075376884502,0.7928531546621986,2.043551088777207,-3.059743160245676,-1.686208821887225,14.796203238414286,-3.059743160245676,14.706867671691803,31.82579564489112,-3.059743160245676,29.101060859854822,11.0,6.0,11.0,6.0,0.0,0.0,1
41ba79693910c2fe6ae826e3,2026-09-24T04:00:00+00:00,2026-09-24T04:39:02.706319+00:00,C12,CONTINUATION,ZAMAUSDT,0.09481,BULL,BULL,"{""btc_d1_rsi"": 65.49104980261338, ""breadth_ret72_delta72"": -29.925187032418954, ""btc_d1_ema20_slope3"": 2.560070295413097, ""btc_ret_24h"": -3.1950675554964114}","{""last_pivot_low_age_h"": 10.0, ""pivot1_low"": 0.09603, ""pivot2_low"": 0.08947, ""pivot_hours"": 9.0, ""multi_bull_div"": 0.0, ""h1_rsi"": 51.670630314947815, ""h1_dist_ema20"": 0.8155861866108838, ""dist_high_20h"": 6.138006138006135}","{""available"": true, ""label"": ""V11_DIAGNOSTIC_PROXY"", ""quality"": 0.0, ""quality_ge72"": false, ""pressure"": false, ""retrigger"": false, ""fast_confirm"": false, ""fast_break"": false, ""h1_price_above_ema20"": true, ""h1_rsi_ge50"": true, ""near_20h_high_le4_5"": false, ""m15_near_prev_high6_ge_m0_2"": false}",1.5504693597721664,-2.362619976795699,-0.17930598038181644,1.5504693597721664,-5.305347537179628,-5.073304503744335,1.5504693597721664,-5.305347537179628,-0.6961291003058867,1.5504693597721664,-8.448475899166763,-4.545933973209582,,3.0,,5.0,0.0,0.0,1
2abe6b6b01c792c4e856d8ab,2026-09-24T04:00:00+00:00,2026-09-24T04:39:03.151885+00:00,C12,CONTINUATION,ZBTUSDT,0.0872,BULL,BULL,"{""btc_d1_rsi"": 65.49104980261338, ""breadth_ret72_delta72"": -29.925187032418954, ""btc_d1_ema20_slope3"": 2.560070295413097, ""btc_ret_24h"": -3.1950675554964114}","{""last_pivot_low_age_h"": 9.0, ""pivot1_low"": 0.0893, ""pivot2_low"": 0.0844, ""pivot_hours"": 7.0, ""multi_bull_div"": 0.0, ""h1_rsi"": 47.69508266520338, ""h1_dist_ema20"": -0.28420028809260645, ""dist_high_20h"": 7.1352502662406785}","{""available"": true, ""label"": ""V11_DIAGNOSTIC_PROXY"", ""quality"": 0.0, ""quality_ge72"": false, ""pressure"": false, ""retrigger"": false, ""fast_confirm"": false, ""fast_break"": false, ""h1_price_above_ema20"": false, ""h1_rsi_ge50"": false, ""near_20h_high_le4_5"": false, ""m15_near_prev_high6_ge_m0_2"": false}",1.7201834862385246,-0.4587155963302725,1.1467889908256979,3.2110091743119185,-0.8027522935779907,-0.8027522935779907,3.669724770642202,-1.834862385321101,2.2935779816513735,3.669724770642202,-1.834862385321101,0.34403669724769603,5.0,,,,1.0,,1
9bb6b3793670b16c0a0b1727,2026-09-24T09:00:00+00:00,2026-09-24T09:55:42.678686+00:00,C12,CONTINUATION,1000CATUSDT,0.002186,BULL,BULL,"{""btc_d1_rsi"": 65.49104980261338, ""breadth_ret72_delta72"": -50.12468827930175, ""btc_d1_ema20_slope3"": 2.560070295413097, ""btc_ret_24h"": -2.607672014862872}","{""last_pivot_low_age_h"": 11.0, ""pivot1_low"": 0.002088, ""pivot2_low"": 0.002088, ""pivot_hours"": 1.0, ""multi_bull_div"": 0.0, ""h1_rsi"": 50.945338514416136, ""h1_dist_ema20"": 0.5851689800384863, ""dist_high_20h"": 2.8012449977767973}","{""available"": true, ""label"": ""V11_DIAGNOSTIC_PROXY"", ""quality"": 0.0, ""quality_ge72"": false, ""pressure"": false, ""retrigger"": false, ""fast_confirm"": false, ""fast_break"": false, ""h1_price_above_ema20"": true, ""h1_rsi_ge50"": true, ""near_20h_high_le4_5"": true, ""m15_near_prev_high6_ge_m0_2"": false}",5.67246111619395,-2.150045745654172,2.7904849039341206,8.554437328453801,-2.150045745654172,7.502287282708142,9.377859103385177,-2.150045745654172,5.855443732845389,9.377859103385177,-2.150045745654172,5.809698078682524,2.0,1.0,2.0,,0.0,1.0,1
5d2fd5d3cf8740b288515876,2026-09-24T09:00:00+00:00,2026-09-24T09:55:43.155656+00:00,C12,CONTINUATION,ADXUSDT,0.0607,BULL,BULL,"{""btc_d1_rsi"": 65.49104980261338, ""breadth_ret72_delta72"": -50.12468827930175, ""btc_d1_ema20_slope3"": 2.560070295413097, ""btc_ret_24h"": -2.607672014862872}","{""last_pivot_low_age_h"": 13.0, ""pivot1_low"": 0.0591, ""pivot2_low"": 0.0597, ""pivot_hours"": 3.0, ""multi_bull_div"": 0.0, ""h1_rsi"": 44.05958220323291, ""h1_dist_ema20"": -0.5968923988287078, ""dist_high_20h"": 3.803486529318556}","{""available"": true, ""label"": ""V11_DIAGNOSTIC_PROXY"", ""quality"": 0.0, ""quality_ge72"": false, ""pressure"": false, ""retrigger"": false, ""fast_confirm"": false, ""fast_break"": false, ""h1_price_above_ema20"": false, ""h1_rsi_ge50"": false, ""near_20h_high_le4_5"": true, ""m15_near_prev_high6_ge_m0_2"": false}",0.49423393739704835,-0.49423393739702615,-0.16474464579900872,1.976935749588149,-0.9884678747940634,0.16474464579900872,2.635914332784184,-0.9884678747940634,1.6474464579901094,2.635914332784184,-0.9884678747940634,1.976935749588149,,,,,,,1
2844b5cf4f0fce59676b9369,2026-09-24T09:00:00+00:00,2026-09-24T09:55:43.621640+00:00,C12,CONTINUATION,AEROUSDT,0.6679,BULL,BULL,"{""btc_d1_rsi"": 65.49104980261338, ""breadth_ret72_delta72"": -50.12468827930175, ""btc_d1_ema20_slope3"": 2.560070295413097, ""btc_ret_24h"": -2.607672014862872}","{""last_pivot_low_age_h"": 9.0, ""pivot1_low"": 0.6463, ""pivot2_low"": 0.6618, ""pivot_hours"": 7.0, ""multi_bull_div"": 0.0, ""h1_rsi"": 42.31996937654248, ""h1_dist_ema20"": -1.8089810771717452, ""dist_high_20h"": 7.132925472747487}","{""available"": true, ""label"": ""V11_DIAGNOSTIC_PROXY"", ""quality"": 0.0, ""quality_ge72"": false, ""pressure"": false, ""retrigger"": false, ""fast_confirm"": false, ""fast_break"": false, ""h1_price_above_ema20"": false, ""h1_rsi_ge50"": false, ""near_20h_high_le4_5"": false, ""m15_near_prev_high6_ge_m0_2"": false}",2.5602635125018702,-2.455457403802974,1.362479413085782,8.683934720766562,-2.455457403802974,5.973948195837697,8.683934720766562,-2.455457403802974,4.851025602635128,12.292259320257525,-2.455457403802974,12.187453211558609,5.0,1.0,5.0,,0.0,1.0,1
fc692ed9100614c8718319b3,2026-09-24T09:00:00+00:00,2026-09-24T09:55:44.100763+00:00,C12,CONTINUATION,ATMUSDT,1.06,BULL,BULL,"{""btc_d1_rsi"": 65.49104980261338, ""breadth_ret72_delta72"": -50.12468827930175, ""btc_d1_ema20_slope3"": 2.560070295413097, ""btc_ret_24h"": -2.607672014862872}","{""last_pivot_low_age_h"": 9.0, ""pivot1_low"": 1.076, ""pivot2_low"": 1.028, ""pivot_hours"": 9.0, ""multi_bull_div"": 0.0, ""h1_rsi"": 34.45701797005199, ""h1_dist_ema20"": -1.7467949275515093, ""dist_high_20h"": 6.9359086918349355}","{""available"": true, ""label"": ""V11_DIAGNOSTIC_PROXY"", ""quality"": 0.0, ""quality_ge72"": false, ""pressure"": false, ""retrigger"": false, ""fast_confirm"": false, ""fast_break"": false, ""h1_price_above_ema20"": false, ""h1_rsi_ge50"": false, ""near_20h_high_le4_5"": false, ""m15_near_prev_high6_ge_m0_2"": false}",2.3584905660377187,-1.0377358490566202,1.132075471698113,2.3584905660377187,-1.0377358490566202,1.2264150943396057,2.3584905660377187,-1.0377358490566202,1.6037735849056434,2.9245283018867863,-1.0377358490566202,2.8301886792452935,,,,,,,1
b7e49ea9acc3e6ded1cccdd6,2026-09-24T09:00:00+00:00,2026-09-24T09:55:44.576266+00:00,C12,CONTINUATION,AUCTIONUSDT,3.721,BULL,BULL,"{""btc_d1_rsi"": 65.49104980261338, ""breadth_ret72_delta72"": -50.12468827930175, ""btc_d1_ema20_slope3"": 2.560070295413097, ""btc_ret_24h"": -2.607672014862872}","{""last_pivot_low_age_h"": 11.0, ""pivot1_low"": 3.668, ""pivot2_low"": 3.66, ""pivot_hours"": 7.0, ""multi_bull_div"": 1.0, ""h1_rsi"": 41.851680697939, ""h1_dist_ema20"": -1.281151895181909, ""dist_high_20h"": 6.974999999999998}","{""available"": true, ""label"": ""V11_DIAGNOSTIC_PROXY"", ""quality"": 0.0, ""quality_ge72"": false, ""pressure"": false, ""retrigger"": false, ""fast_confirm"": false, ""fast_break"": false, ""h1_price_above_ema20"": false, ""h1_rsi_ge50"": false, ""near_20h_high_le4_5"": false, ""m15_near_prev_high6_ge_m0_2"": false}",0.1881214727223801,-2.526202633700625,-0.4837409298575679,3.816178446654117,-2.526202633700625,1.800591238914273,4.38054286482128,-2.526202633700625,2.902445579145385,4.38054286482128,-2.526202633700625,3.144316044074169,6.0,1.0,,,0.0,,1
3c0a08602afe5f58bf976ddc,2026-09-24T09:00:00+00:00,2026-09-24T09:55:45.056705+00:00,C12,CONTINUATION,BABYUSDT,0.01271,BULL,BULL,"{""btc_d1_rsi"": 65.49104980261338, ""breadth_ret72_delta72"": -50.12468827930175, ""btc_d1_ema20_slope3"": 2.560070295413097, ""btc_ret_24h"": -2.607672014862872}","{""last_pivot_low_age_h"": 10.0, ""pivot1_low"": 0.01257, ""pivot2_low"": 0.01217, ""pivot_hours"": 8.0, ""multi_bull_div"": 1.0, ""h1_rsi"": 51.50356441596604, ""h1_dist_ema20"": 0.4083359041886281, ""dist_high_20h"": 3.0511060259343914}","{""available"": true, ""label"": ""V11_DIAGNOSTIC_PROXY"", ""quality"": 0.0, ""quality_ge72"": false, ""pressure"": false, ""retrigger"": false, ""fast_confirm"": true, ""fast_break"": false, ""h1_price_above_ema20"": true, ""h1_rsi_ge50"": true, ""near_20h_high_le4_5"": true, ""m15_near_prev_high6_ge_m0_2"": false}",0.7867820613689958,-2.9110936270653087,-1.6522423288748977,1.4948859166010964,-2.9110936270653087,-0.07867820613690624,2.124311565696302,-2.9110936270653087,1.1801730920534936,2.124311565696302,-2.9110936270653087,0.8654602675058909,,1.0,,,0.0,,1
8e38eb6176fb568869320cb8,2026-09-24T09:00:00+00:00,2026-09-24T09:55:45.542131+00:00,C12,CONTINUATION,BOMEUSDT,0.001128,BULL,BULL,"{""btc_d1_rsi"": 65.49104980261338, ""breadth_ret72_delta72"": -50.12468827930175, ""btc_d1_ema20_slope3"": 2.560070295413097, ""btc_ret_24h"": -2.607672014862872}","{""last_pivot_low_age_h"": 13.0, ""pivot1_low"": 0.0009919, ""pivot2_low"": 0.0010057, ""pivot_hours"": 3.0, ""multi_bull_div"": 0.0, ""h1_rsi"": 54.823098898112576, ""h1_dist_ema20"": 2.29982681314429, ""dist_high_20h"": 9.759999999999991}","{""available"": true, ""label"": ""V11_DIAGNOSTIC_PROXY"", ""quality"": 0.0, ""quality_ge72"": false, ""pressure"": false, ""retrigger"": false, ""fast_confirm"": false, ""fast_break"": false, ""h1_price_above_ema20"": true, ""h1_rsi_ge50"": true, ""near_20h_high_le4_5"": false, ""m15_near_prev_high6_ge_m0_2"": false}",1.2765957446808418,-6.985815602836897,-6.560283687943269,1.2765957446808418,-9.308510638297873,-9.095744680851059,1.2765957446808418,-9.388297872340434,-7.0124113475177445,1.2765957446808418,-10.434397163120579,-8.06737588652483,,1.0,,1.0,0.0,0.0,1
a620b8ec6aa12621740bc1e3,2026-09-24T09:00:00+00:00,2026-09-24T09:55:46.021380+00:00,C12,CONTINUATION,BREVUSDT,0.0866,BULL,BULL,"{""btc_d1_rsi"": 65.49104980261338, ""breadth_ret72_delta72"": -50.12468827930175, ""btc_d1_ema20_slope3"": 2.560070295413097, ""btc_ret_24h"": -2.607672014862872}","{""last_pivot_low_age_h"": 10.0, ""pivot1_low"": 0.0839, ""pivot2_low"": 0.0839, ""pivot_hours"": 2.0, ""multi_bull_div"": 0.0, ""h1_rsi"": 48.82643309169434, ""h1_dist_ema20"": 0.04304727837349809, ""dist_high_20h"": 3.563474387527854}","{""available"": true, ""label"": ""V11_DIAGNOSTIC_PROXY"", ""quality"": 0.0, ""quality_ge72"": false, ""pressure"": false, ""retrigger"": false, ""fast_confirm"": false, ""fast_break"": false, ""h1_price_above_ema20"": true, ""h1_rsi_ge50"": false, ""near_20h_high_le4_5"": true, ""m15_near_prev_high6_ge_m0_2"": false}",0.34642032332563577,-2.3094688221709014,-2.0785219399538035,2.1939953810623525,-2.3094688221709014,0.23094688221709792,2.5404157043880105,-2.3094688221709014,1.9630484988452768,3.23325635103926,-2.3094688221709014,3.117782909930722,24.0,1.0,,,0.0,,1
ec89f988ee6df77ab5cff26b,2026-09-24T09:00:00+00:00,2026-09-24T09:55:46.502151+00:00,C12,CONTINUATION,BROCCOLI714USDT,0.0247,BULL,BULL,"{""btc_d1_rsi"": 65.49104980261338, ""breadth_ret72_delta72"": -50.12468827930175, ""btc_d1_ema20_slope3"": 2.560070295413097, ""btc_ret_24h"": -2.607672014862872}","{""last_pivot_low_age_h"": 12.0, ""pivot1_low"": 0.02179, ""pivot2_low"": 0.02254, ""pivot_hours"": 6.0, ""multi_bull_div"": 0.0, ""h1_rsi"": 59.41194048346471, ""h1_dist_ema20"": 2.9092760107140903, ""dist_high_20h"": 3.4024247164646026}","{""available"": true, ""label"": ""V11_DIAGNOSTIC_PROXY"", ""quality"": 0.0, ""quality_ge72"": false, ""pressure"": false, ""retrigger"": false, ""fast_confirm"": false, ""fast_break"": false, ""h1_price_above_ema20"": true, ""h1_rsi_ge50"": true, ""near_20h_high_le4_5"": true, ""m15_near_prev_high6_ge_m0_2"": false}",21.052631578947366,-1.7004048582995979,15.708502024291505,33.198380566801625,-1.7004048582995979,28.744939271255078,41.376518218623495,-1.7004048582995979,20.121457489878548,41.376518218623495,-1.7004048582995979,28.34008097165992,2.0,,2.0,,1.0,1.0,1
e3d36d992ee3e14c7465bdfc,2026-09-24T09:00:00+00:00,2026-09-24T09:55:46.984228+00:00,C12,CONTINUATION,CKBUSDT,0.001336,BULL,BULL,"{""btc_d1_rsi"": 65.49104980261338, ""breadth_ret72_delta72"": -50.12468827930175, ""btc_d1_ema20_slope3"": 2.560070295413097, ""btc_ret_24h"": -2.607672014862872}","{""last_pivot_low_age_h"": 9.0, ""pivot1_low"": 0.001263, ""pivot2_low"": 0.001261, ""pivot_hours"": 3.0, ""multi_bull_div"": 3.0, ""h1_rsi"": 58.69772634889059, ""h1_dist_ema20"": 1.7194801314902142, ""dist_high_20h"": 1.4022140221402357}","{""available"": true, ""label"": ""V11_DIAGNOSTIC_PROXY"", ""quality"": 0.0, ""quality_ge72"": false, ""pressure"": false, ""retrigger"": false, ""fast_confirm"": false, ""fast_break"": false, ""h1_price_above_ema20"": true, ""h1_rsi_ge50"": true, ""near_20h_high_le4_5"": true, ""m15_near_prev_high6_ge_m0_2"": false}",0.5239520958083776,-2.9940119760478945,-0.6736526946107713,3.293413173652704,-2.9940119760478945,0.8982035928143839,4.79041916167664,-2.9940119760478945,4.56586826347305,8.083832335329344,-2.9940119760478945,6.062874251497008,6.0,1.0,13.0,,0.0,1.0,1
1f8e7f10eede1e67b4ff93c7,2026-09-24T09:00:00+00:00,2026-09-24T09:55:47.467221+00:00,C12,CONTINUATION,COMPUSDT,23.37,BULL,BULL,"{""btc_d1_rsi"": 65.49104980261338, ""breadth_ret72_delta72"": -50.12468827930175, ""btc_d1_ema20_slope3"": 2.560070295413097, ""btc_ret_24h"": -2.607672014862872}","{""last_pivot_low_age_h"": 11.0, ""pivot1_low"": 21.63, ""pivot2_low"": 21.6, ""pivot_hours"": 5.0, ""multi_bull_div"": 3.0, ""h1_rsi"": 65.67170447523029, ""h1_dist_ema20"": 3.431539904943226, ""dist_high_20h"": 1.8479630407391756}","{""available"": true, ""label"": ""V11_DIAGNOSTIC_PROXY"", ""quality"": 0.0, ""quality_ge72"": false, ""pressure"": false, ""retrigger"": false, ""fast_confirm"": true, ""fast_break"": false, ""h1_price_above_ema20"": true, ""h1_rsi_ge50"": true, ""near_20h_high_le4_5"": true, ""m15_near_prev_high6_ge_m0_2"": false}",1.5404364569961526,-2.8669234060761717,-0.7702182284980763,4.535729567821978,-2.8669234060761717,1.7115960633290461,4.7496790757381335,-2.8669234060761717,4.065040650406493,4.7496790757381335,-2.8669234060761717,1.9255455712451797,6.0,1.0,,,0.0,,1
8de58da4f3cf550147cff48d,2026-09-24T09:00:00+00:00,2026-09-24T09:55:47.951335+00:00,C12,CONTINUATION,COOKIEUSDT,0.01144,BULL,BULL,"{""btc_d1_rsi"": 65.49104980261338, ""breadth_ret72_delta72"": -50.12468827930175, ""btc_d1_ema20_slope3"": 2.560070295413097, ""btc_ret_24h"": -2.607672014862872}","{""last_pivot_low_age_h"": 11.0, ""pivot1_low"": 0.01116, ""pivot2_low"": 0.01124, ""pivot_hours"": 5.0, ""multi_bull_div"": 0.0, ""h1_rsi"": 39.591880769402955, ""h1_dist_ema20"": -2.098898359258039, ""dist_high_20h"": 7.368421052631568}","{""available"": true, ""label"": ""V11_DIAGNOSTIC_PROXY"", ""quality"": 0.0, ""quality_ge72"": false, ""pressure"": false, ""retrigger"": false, ""fast_confirm"": false, ""fast_break"": false, ""h1_price_above_ema20"": false, ""h1_rsi_ge50"": false, ""near_20h_high_le4_5"": false, ""m15_near_prev_high6_ge_m0_2"": false}",0.17482517482516613,-1.9230769230769162,-0.08741258741259417,5.069930069930062,-1.9230769230769162,2.534965034965042,6.643356643356646,-1.9230769230769162,5.157342657342667,6.643356643356646,-1.9230769230769162,6.2937062937062915,6.0,,6.0,,1.0,1.0,1
75af324e75a53d034614ccb6,2026-09-24T09:00:00+00:00,2026-09-24T09:55:48.438457+00:00,C12,CONTINUATION,CRVUSDT,0.3338,BULL,BULL,"{""btc_d1_rsi"": 65.49104980261338, ""breadth_ret72_delta72"": -50.12468827930175, ""btc_d1_ema20_slope3"": 2.560070295413097, ""btc_ret_24h"": -2.607672014862872}","{""last_pivot_low_age_h"": 12.0, ""pivot1_low"": 0.3216, ""pivot2_low"": 0.3209, ""pivot_hours"": 4.0, ""multi_bull_div"": 1.0, ""h1_rsi"": 44.852350820939364, ""h1_dist_ema20"": -0.5991670374213331, ""dist_high_20h"": 5.626236923946859}","{""available"": true, ""label"": ""V11_DIAGNOSTIC_PROXY"", ""quality"": 0.0, ""quality_ge72"": false, ""pressure"": false, ""retrigger"": false, ""fast_confirm"": false, ""fast_break"": false, ""h1_price_above_ema20"": false, ""h1_rsi_ge50"": false, ""near_20h_high_le4_5"": false, ""m15_near_prev_high6_ge_m0_2"": false}",0.5392450569203122,-2.4565608148591878,-0.9586578789694378,4.433792690233673,-2.4565608148591878,2.127022168963455,6.560814859197128,-2.4565608148591878,5.272618334331947,6.560814859197128,-2.4565608148591878,3.624925104853216,6.0,1.0,7.0,,0.0,1.0,1
ea57def3c7148ef36c14e7c8,2026-09-24T09:00:00+00:00,2026-09-24T09:55:48.922564+00:00,C12,CONTINUATION,CVXUSDT,1.962,BULL,BULL,"{""btc_d1_rsi"": 65.49104980261338, ""breadth_ret72_delta72"": -50.12468827930175, ""btc_d1_ema20_slope3"": 2.560070295413097, ""btc_ret_24h"": -2.607672014862872}","{""last_pivot_low_age_h"": 9.0, ""pivot1_low"": 1.92, ""pivot2_low"": 1.92, ""pivot_hours"": 1.0, ""multi_bull_div"": 0.0, ""h1_rsi"": 45.23389104628446, ""h1_dist_ema20"": -0.22895887290204087, ""dist_high_20h"": 4.941860465116288}","{""available"": true, ""label"": ""V11_DIAGNOSTIC_PROXY"", ""quality"": 0.0, ""quality_ge72"": false, ""pressure"": false, ""retrigger"": false, ""fast_confirm"": false, ""fast_break"": false, ""h1_price_above_ema20"": false, ""h1_rsi_ge50"": false, ""near_20h_high_le4_5"": false, ""m15_near_prev_high6_ge_m0_2"": false}",0.20387359836901986,-1.8858307849133449,-0.9174311926605561,3.465851172273182,-1.8858307849133449,1.3761467889908285,6.472986748216103,-1.8858307849133449,5.300713557594294,7.441386340468914,-1.8858307849133449,6.014271151885842,6.0,,10.0,,1.0,1.0,1
a79f218db14e8cf1b0528e2a,2026-09-24T09:00:00+00:00,2026-09-24T09:55:49.406069+00:00,C12,CONTINUATION,DIAUSDT,0.1441,BULL,BULL,"{""btc_d1_rsi"": 65.49104980261338, ""breadth_ret72_delta72"": -50.12468827930175, ""btc_d1_ema20_slope3"": 2.560070295413097, ""btc_ret_24h"": -2.607672014862872}","{""last_pivot_low_age_h"": 10.0, ""pivot1_low"": 0.1521, ""pivot2_low"": 0.1423, ""pivot_hours"": 17.0, ""multi_bull_div"": 0.0, ""h1_rsi"": 42.47625444347326, ""h1_dist_ema20"": -1.3003722333894685, ""dist_high_20h"": 5.816993464052278}","{""available"": true, ""label"": ""V11_DIAGNOSTIC_PROXY"", ""quality"": 0.0, ""quality_ge72"": false, ""pressure"": false, ""retrigger"": false, ""fast_confirm"": false, ""fast_break"": false, ""h1_price_above_ema20"": false, ""h1_rsi_ge50"": false, ""near_20h_high_le4_5"": false, ""m15_near_prev_high6_ge_m0_2"": false}",0.346981263011803,-2.220680083275506,-1.3879250520471897,3.8167938931297662,-2.220680083275506,1.4573213046495503,4.094378903539209,-2.220680083275506,2.7758501040943795,10.270645385149212,-2.220680083275506,9.92366412213741,6.0,1.0,20.0,,0.0,1.0,1
1201f76a1c9f813f5fcdd1d2,2026-09-24T09:00:00+00:00,2026-09-24T09:55:49.887642+00:00,C12,CONTINUATION,DODOUSDT,0.01831,BULL,BULL,"{""btc_d1_rsi"": 65.49104980261338, ""breadth_ret72_delta72"": -50.12468827930175, ""btc_d1_ema20_slope3"": 2.560070295413097, ""btc_ret_24h"": -2.607672014862872}","{""last_pivot_low_age_h"": 12.0, ""pivot1_low"": 0.01755, ""pivot2_low"": 0.01785, ""pivot_hours"": 6.0, ""multi_bull_div"": 0.0, ""h1_rsi"": 52.2802481678041, ""h1_dist_ema20"": 0.24289727916819714, ""dist_high_20h"": 1.1339092872570067}","{""available"": true, ""label"": ""V11_DIAGNOSTIC_PROXY"", ""quality"": 0.0, ""quality_ge72"": false, ""pressure"": false, ""retrigger"": false, ""fast_confirm"": false, ""fast_break"": false, ""h1_price_above_ema20"": true, ""h1_rsi_ge50"": true, ""near_20h_high_le4_5"": true, ""m15_near_prev_high6_ge_m0_2"": false}",0.16384489350080855,-1.8022938285090162,-0.2730748225013735,1.3653741125068342,-1.8022938285090162,-0.21845985800108547,1.3653741125068342,-1.8022938285090162,0.6553795740032786,1.3653741125068342,-1.8022938285090162,0.7646095030038325,,,,,,,1
1e273b98b037774681b44ee2,2026-09-24T09:00:00+00:00,2026-09-24T09:55:50.372587+00:00,C12,CONTINUATION,FORMUSDT,0.2927,BULL,BULL,"{""btc_d1_rsi"": 65.49104980261338, ""breadth_ret72_delta72"": -50.12468827930175, ""btc_d1_ema20_slope3"": 2.560070295413097, ""btc_ret_24h"": -2.607672014862872}","{""last_pivot_low_age_h"": 12.0, ""pivot1_low"": 0.2751, ""pivot2_low"": 0.2816, ""pivot_hours"": 4.0, ""multi_bull_div"": 0.0, ""h1_rsi"": 45.678675491887574, ""h1_dist_ema20"": -0.7695556056907527, ""dist_high_20h"": 5.1215559157212205}","{""available"": true, ""label"": ""V11_DIAGNOSTIC_PROXY"", ""quality"": 0.0, ""quality_ge72"": false, ""pressure"": false, ""retrigger"": false, ""fast_confirm"": false, ""fast_break"": false, ""h1_price_above_ema20"": false, ""h1_rsi_ge50"": false, ""near_20h_high_le4_5"": false, ""m15_near_prev_high6_ge_m0_2"": false}",2.1182097710966907,-2.3573624871882526,1.2640929279125412,5.227195080286973,-2.3573624871882526,2.2207037922787887,5.227195080286973,-2.3573624871882526,4.783054321831215,5.227195080286973,-2.3573624871882526,4.031431499829163,5.0,1.0,5.0,,0.0,1.0,1
7f2895acc0047b4961bb62eb,2026-09-24T09:00:00+00:00,2026-09-24T09:55:50.856931+00:00,C12,CONTINUATION,GLMUSDT,0.1235,BULL,BULL,"{""btc_d1_rsi"": 65.49104980261338, ""breadth_ret72_delta72"": -50.12468827930175, ""btc_d1_ema20_slope3"": 2.560070295413097, ""btc_ret_24h"": -2.607672014862872}","{""last_pivot_low_age_h"": 12.0, ""pivot1_low"": 0.1207, ""pivot2_low"": 0.1203, ""pivot_hours"": 4.0, ""multi_bull_div"": 0.0, ""h1_rsi"": 48.63542087352491, ""h1_dist_ema20"": -0.009045229753312789, ""dist_high_20h"": 3.590944574551125}","{""available"": true, ""label"": ""V11_DIAGNOSTIC_PROXY"", ""quality"": 0.0, ""quality_ge72"": false, ""pressure"": false, ""retrigger"": false, ""fast_confirm"": false, ""fast_break"": false, ""h1_price_above_ema20"": false, ""h1_rsi_ge50"": false, ""near_20h_high_le4_5"": true, ""m15_near_prev_high6_ge_m0_2"": false}",0.4048582995951344,-1.9433198380566785,-1.0526315789473606,2.9959514170040613,-1.9433198380566785,1.7813765182186359,3.6437246963562764,-1.9433198380566785,2.105263157894721,3.6437246963562764,-1.9433198380566785,2.429149797570851,7.0,,,,1.0,,1
6df3e1f748970c464364222b,2026-09-24T09:00:00+00:00,2026-09-24T09:55:51.342449+00:00,C12,CONTINUATION,GNOUSDT,113.98,BULL,BULL,"{""btc_d1_rsi"": 65.49104980261338, ""breadth_ret72_delta72"": -50.12468827930175, ""btc_d1_ema20_slope3"": 2.560070295413097, ""btc_ret_24h"": -2.607672014862872}","{""last_pivot_low_age_h"": 9.0, ""pivot1_low"": 113.1, ""pivot2_low"": 113.06, ""pivot_hours"": 3.0, ""multi_bull_div"": 3.0, ""h1_rsi"": 43.74496344470902, ""h1_dist_ema20"": -0.4095896448010339, ""dist_high_20h"": 1.8090971743625062}","{""available"": true, ""label"": ""V11_DIAGNOSTIC_PROXY"", ""quality"": 0.0, ""quality_ge72"": false, ""pressure"": false, ""retrigger"": false, ""fast_confirm"": false, ""fast_break"": false, ""h1_price_above_ema20"": false, ""h1_rsi_ge50"": false, ""near_20h_high_le4_5"": true, ""m15_near_prev_high6_ge_m0_2"": false}",0.5176346727495895,-0.4298999824530747,0.3509387611861703,1.7020529917529448,-0.4298999824530747,0.7808387436392339,6.422179329706967,-1.737146867871564,0.9475346552026753,6.422179329706967,-1.737146867871564,0.22811019477100292,7.0,,7.0,,1.0,1.0,1
b2eab25ebec040dc82590f9d,2026-09-24T09:00:00+00:00,2026-09-24T09:55:52.307359+00:00,C12,CONTINUATION,GTCUSDT,0.08409,BULL,BULL,"{""btc_d1_rsi"": 65.49104980261338, ""breadth_ret72_delta72"": -50.12468827930175, ""btc_d1_ema20_slope3"": 2.560070295413097, ""btc_ret_24h"": -2.607672014862872}","{""last_pivot_low_age_h"": 9.0, ""pivot1_low"": 0.08263, ""pivot2_low"": 0.08263, ""pivot_hours"": 1.0, ""multi_bull_div"": 0.0, ""h1_rsi"": 42.700580814625205, ""h1_dist_ema20"": -0.71241432654644, ""dist_high_20h"": 4.356232939035487}","{""available"": true, ""label"": ""V11_DIAGNOSTIC_PROXY"", ""quality"": 0.0, ""quality_ge72"": false, ""pressure"": false, ""retrigger"": false, ""fast_confirm"": false, ""fast_break"": false, ""h1_price_above_ema20"": false, ""h1_rsi_ge50"": false, ""near_20h_high_le4_5"": true, ""m15_near_prev_high6_ge_m0_2"": false}",0.30919253181114215,-1.4746105363301232,-0.654061124985128,2.806516827208938,-1.4746105363301232,0.7610893090736148,3.579498156736838,-1.4746105363301232,2.5330003567606285,3.9362587703650975,-1.4746105363301232,3.9362587703650975,7.0,,,,1.0,,1
032222f9e684320a220088f2,2026-09-24T09:00:00+00:00,2026-09-24T09:55:51.826472+00:00,C12,CONTINUATION,GUNUSDT,0.00301,BULL,BULL,"{""btc_d1_rsi"": 65.49104980261338, ""breadth_ret72_delta72"": -50.12468827930175, ""btc_d1_ema20_slope3"": 2.560070295413097, ""btc_ret_24h"": -2.607672014862872}","{""last_pivot_low_age_h"": 9.0, ""pivot1_low"": 0.00289, ""pivot2_low"": 0.00291, ""pivot_hours"": 3.0, ""multi_bull_div"": 0.0, ""h1_rsi"": 50.0151192417922, ""h1_dist_ema20"": 0.16534956047649096, ""dist_high_20h"": 3.525641025641024}","{""available"": true, ""label"": ""V11_DIAGNOSTIC_PROXY"", ""quality"": 0.0, ""quality_ge72"": false, ""pressure"": false, ""retrigger"": false, ""fast_confirm"": false, ""fast_break"": false, ""h1_price_above_ema20"": true, ""h1_rsi_ge50"": true, ""near_20h_high_le4_5"": true, ""m15_near_prev_high6_ge_m0_2"": false}",0.0,-2.657807308970106,-1.661129568106312,1.9933554817275656,-2.657807308970106,0.9966777408637828,2.9900332225913484,-2.657807308970106,1.9933554817275656,2.9900332225913484,-2.657807308970106,1.9933554817275656,,1.0,,,0.0,,1
167a98b4a1ab64cb78fb9505,2026-09-24T09:00:00+00:00,2026-09-24T09:55:52.790830+00:00,C12,CONTINUATION,GUSDT,0.00568,BULL,BULL,"{""btc_d1_rsi"": 65.49104980261338, ""breadth_ret72_delta72"": -50.12468827930175, ""btc_d1_ema20_slope3"": 2.560070295413097, ""btc_ret_24h"": -2.607672014862872}","{""last_pivot_low_age_h"": 12.0, ""pivot1_low"": 0.00546, ""pivot2_low"": 0.00552, ""pivot_hours"": 6.0, ""multi_bull_div"": 0.0, ""h1_rsi"": 42.09768288332763, ""h1_dist_ema20"": -1.6754864141272363, ""dist_high_20h"": 7.792207792207783}","{""available"": true, ""label"": ""V11_DIAGNOSTIC_PROXY"", ""quality"": 0.0, ""quality_ge72"": false, ""pressure"": false, ""retrigger"": false, ""fast_confirm"": false, ""fast_break"": false, ""h1_price_above_ema20"": false, ""h1_rsi_ge50"": false, ""near_20h_high_le4_5"": false, ""m15_near_prev_high6_ge_m0_2"": false}",0.17605633802815213,-2.464788732394374,-1.936619718309851,0.17605633802815213,-2.464788732394374,-2.1126760563380365,0.17605633802815213,-2.992957746478875,-1.232394366197176,4.049295774647899,-2.992957746478875,1.0563380281690238,18.0,1.0,,,0.0,,1
05cefda4158269b55f35f8d6,2026-09-24T09:00:00+00:00,2026-09-24T09:55:53.283062+00:00,C12,CONTINUATION,HOMEUSDT,0.00637,BULL,BULL,"{""btc_d1_rsi"": 65.49104980261338, ""breadth_ret72_delta72"": -50.12468827930175, ""btc_d1_ema20_slope3"": 2.560070295413097, ""btc_ret_24h"": -2.607672014862872}","{""last_pivot_low_age_h"": 10.0, ""pivot1_low"": 0.00632, ""pivot2_low"": 0.0059, ""pivot_hours"": 11.0, ""multi_bull_div"": 0.0, ""h1_rsi"": 57.49674543469028, ""h1_dist_ema20"": 2.134518858554446, ""dist_high_20h"": 0.6240249609984372}","{""available"": true, ""label"": ""V11_DIAGNOSTIC_PROXY"", ""quality"": 0.0, ""quality_ge72"": false, ""pressure"": false, ""retrigger"": false, ""fast_confirm"": false, ""fast_break"": false, ""h1_price_above_ema20"": true, ""h1_rsi_ge50"": true, ""near_20h_high_le4_5"": true, ""m15_near_prev_high6_ge_m0_2"": false}",1.2558869701726927,-3.1397174254317095,0.6279434850863463,1.2558869701726927,-3.1397174254317095,-0.6279434850863463,1.7268445839874413,-3.1397174254317095,-0.6279434850863463,3.6106750392464804,-3.1397174254317095,0.0,17.0,1.0,,1.0,0.0,0.0,1
d0466a3d351b24c8de70b163,2026-09-24T09:00:00+00:00,2026-09-24T09:55:53.817625+00:00,C12,CONTINUATION,HOTUSDT,0.000425,BULL,BULL,"{""btc_d1_rsi"": 65.49104980261338, ""breadth_ret72_delta72"": -50.12468827930175, ""btc_d1_ema20_slope3"": 2.560070295413097, ""btc_ret_24h"": -2.607672014862872}","{""last_pivot_low_age_h"": 11.0, ""pivot1_low"": 0.000414, ""pivot2_low"": 0.000415, ""pivot_hours"": 4.0, ""multi_bull_div"": 0.0, ""h1_rsi"": 46.158028956567925, ""h1_dist_ema20"": -0.6853451942816058, ""dist_high_20h"": 3.409090909090917}","{""available"": true, ""label"": ""V11_DIAGNOSTIC_PROXY"", ""quality"": 0.0, ""quality_ge72"": false, ""pressure"": false, ""retrigger"": false, ""fast_confirm"": false, ""fast_break"": false, ""h1_price_above_ema20"": false, ""h1_rsi_ge50"": false, ""near_20h_high_le4_5"": true, ""m15_near_prev_high6_ge_m0_2"": false}",0.9411764705882453,-1.17647058823529,0.0,2.8235294117647136,-1.17647058823529,0.7058823529411784,3.529411764705892,-1.17647058823529,2.117647058823535,4.0000000000000036,-1.17647058823529,3.7647058823529367,8.0,,,,1.0,,1
0cc2b71bac371e6eda0650e1,2026-09-24T09:00:00+00:00,2026-09-24T09:55:54.303471+00:00,C12,CONTINUATION,HUMAUSDT,0.02437,BULL,BULL,"{""btc_d1_rsi"": 65.49104980261338, ""breadth_ret72_delta72"": -50.12468827930175, ""btc_d1_ema20_slope3"": 2.560070295413097, ""btc_ret_24h"": -2.607672014862872}","{""last_pivot_low_age_h"": 11.0, ""pivot1_low"": 0.02309, ""pivot2_low"": 0.02382, ""pivot_hours"": 7.0, ""multi_bull_div"": 0.0, ""h1_rsi"": 49.35104248144994, ""h1_dist_ema20"": -0.16219031174303788, ""dist_high_20h"": 3.1399046104928385}","{""available"": true, ""label"": ""V11_DIAGNOSTIC_PROXY"", ""quality"": 0.0, ""quality_ge72"": false, ""pressure"": false, ""retrigger"": false, ""fast_confirm"": false, ""fast_break"": false, ""h1_price_above_ema20"": false, ""h1_rsi_ge50"": false, ""near_20h_high_le4_5"": true, ""m15_near_prev_high6_ge_m0_2"": false}",0.2051702913418163,-3.0775543701272112,-2.1748050882232195,6.688551497743123,-3.8982355354944542,-1.2720558063192389,6.688551497743123,-3.8982355354944542,5.2113254000820675,8.411981945014357,-3.8982355354944542,7.91957324579402,4.0,2.0,4.0,2.0,0.0,0.0,1
b0cf57afa896ab8bb4b0df79,2026-09-24T09:00:00+00:00,2026-09-24T09:55:54.791847+00:00,C12,CONTINUATION,IMXUSDT,0.1473,BULL,BULL,"{""btc_d1_rsi"": 65.49104980261338, ""breadth_ret72_delta72"": -50.12468827930175, ""btc_d1_ema20_slope3"": 2.560070295413097, ""btc_ret_24h"": -2.607672014862872}","{""last_pivot_low_age_h"": 13.0, ""pivot1_low"": 0.1418, ""pivot2_low"": 0.1433, ""pivot_hours"": 3.0, ""multi_bull_div"": 0.0, ""h1_rsi"": 45.76594853493651, ""h1_dist_ema20"": -0.7513600518231689, ""dist_high_20h"": 3.599476439790583}","{""available"": true, ""label"": ""V11_DIAGNOSTIC_PROXY"", ""quality"": 0.0, ""quality_ge72"": false, ""pressure"": false, ""retrigger"": false, ""fast_confirm"": false, ""fast_break"": false, ""h1_price_above_ema20"": false, ""h1_rsi_ge50"": false, ""near_20h_high_le4_5"": true, ""m15_near_prev_high6_ge_m0_2"": false}",0.33944331296673624,-2.104548540393747,-0.13577732518668117,6.0420909708078785,-2.104548540393747,3.258655804480659,6.0420909708078785,-2.104548540393747,3.5302104548540436,7.26408689748812,-2.104548540393747,7.26408689748812,6.0,1.0,6.0,,0.0,1.0,1
7b746786876ea95d088801e3,2026-09-24T09:00:00+00:00,2026-09-24T09:55:55.277916+00:00,C12,CONTINUATION,INJUSDT,7.759,BULL,BULL,"{""btc_d1_rsi"": 65.49104980261338, ""breadth_ret72_delta72"": -50.12468827930175, ""btc_d1_ema20_slope3"": 2.560070295413097, ""btc_ret_24h"": -2.607672014862872}","{""last_pivot_low_age_h"": 12.0, ""pivot1_low"": 7.468, ""pivot2_low"": 7.563, ""pivot_hours"": 4.0, ""multi_bull_div"": 0.0, ""h1_rsi"": 44.94587413102326, ""h1_dist_ema20"": -1.4656353741387074, ""dist_high_20h"": 6.6080885893115004}","{""available"": true, ""label"": ""V11_DIAGNOSTIC_PROXY"", ""quality"": 0.0, ""quality_ge72"": false, ""pressure"": false, ""retrigger"": false, ""fast_confirm"": false, ""fast_break"": false, ""h1_price_above_ema20"": false, ""h1_rsi_ge50"": false, ""near_20h_high_le4_5"": false, ""m15_near_prev_high6_ge_m0_2"": false}",3.080293852300553,-1.2888258796236673,1.507926279159677,7.642737466168326,-1.2888258796236673,4.678437943033886,11.960304162907587,-1.2888258796236673,5.206856553679606,11.960304162907587,-1.2888258796236673,2.9514112643381996,3.0,,5.0,,1.0,1.0,1
34bc3abad8e3e6b7b0a35f15,2026-09-24T09:00:00+00:00,2026-09-24T09:55:55.764207+00:00,C12,CONTINUATION,IOTXUSDT,0.003496,BULL,BULL,"{""btc_d1_rsi"": 65.49104980261338, ""breadth_ret72_delta72"": -50.12468827930175, ""btc_d1_ema20_slope3"": 2.560070295413097, ""btc_ret_24h"": -2.607672014862872}","{""last_pivot_low_age_h"": 9.0, ""pivot1_low"": 0.003415, ""pivot2_low"": 0.003325, ""pivot_hours"": 9.0, ""multi_bull_div"": 0.0, ""h1_rsi"": 39.46737563166955, ""h1_dist_ema20"": -2.168281256904947, ""dist_high_20h"": 12.752682805091098}","{""available"": true, ""label"": ""V11_DIAGNOSTIC_PROXY"", ""quality"": 0.0, ""quality_ge72"": false, ""pressure"": false, ""retrigger"": false, ""fast_confirm"": false, ""fast_break"": false, ""h1_price_above_ema20"": false, ""h1_rsi_ge50"": false, ""near_20h_high_le4_5"": false, ""m15_near_prev_high6_ge_m0_2"": false}",1.172768878718533,-2.631578947368418,1.1155606407322605,6.607551487414187,-2.631578947368418,3.203661327231133,6.607551487414187,-2.631578947368418,3.5469107551487467,6.607551487414187,-2.631578947368418,2.889016018306645,5.0,1.0,6.0,,0.0,1.0,1
0deed7889fe748209e7cc228,2026-09-24T09:00:00+00:00,2026-09-24T09:55:56.251244+00:00,C12,CONTINUATION,KAVAUSDT,0.07027,BULL,BULL,"{""btc_d1_rsi"": 65.49104980261338, ""breadth_ret72_delta72"": -50.12468827930175, ""btc_d1_ema20_slope3"": 2.560070295413097, ""btc_ret_24h"": -2.607672014862872}","{""last_pivot_low_age_h"": 11.0, ""pivot1_low"": 0.0689, ""pivot2_low"": 0.06932, ""pivot_hours"": 7.0, ""multi_bull_div"": 0.0, ""h1_rsi"": 54.3188060057651, ""h1_dist_ema20"": 0.28925483527482143, ""dist_high_20h"": 0.944460107132794}","{""available"": true, ""label"": ""V11_DIAGNOSTIC_PROXY"", ""quality"": 0.0, ""quality_ge72"": false, ""pressure"": false, ""retrigger"": false, ""fast_confirm"": true, ""fast_break"": false, ""h1_price_above_ema20"": true, ""h1_rsi_ge50"": true, ""near_20h_high_le4_5"": true, ""m15_near_prev_high6_ge_m0_2"": false}",0.3557705991176885,-0.12807741568235942,0.12807741568237052,0.483848014800059,-0.12807741568235942,0.0,0.5976946065177291,-0.12807741568235942,0.1992315355059171,1.5511598121531245,-1.6934680518001954,-0.9961576775295189,,,,,,,1
115b35a5d44df2efd5c8a313,2026-09-24T09:00:00+00:00,2026-09-24T09:55:56.738015+00:00,C12,CONTINUATION,KSMUSDT,4.38,BULL,BULL,"{""btc_d1_rsi"": 65.49104980261338, ""breadth_ret72_delta72"": -50.12468827930175, ""btc_d1_ema20_slope3"": 2.560070295413097, ""btc_ret_24h"": -2.607672014862872}","{""last_pivot_low_age_h"": 9.0, ""pivot1_low"": 4.32, ""pivot2_low"": 4.32, ""pivot_hours"": 3.0, ""multi_bull_div"": 0.0, ""h1_rsi"": 40.19443731388661, ""h1_dist_ema20"": -1.4456726971340816, ""dist_high_20h"": 4.989154013015195}","{""available"": true, ""label"": ""V11_DIAGNOSTIC_PROXY"", ""quality"": 0.0, ""quality_ge72"": false, ""pressure"": false, ""retrigger"": false, ""fast_confirm"": false, ""fast_break"": false, ""h1_price_above_ema20"": false, ""h1_rsi_ge50"": false, ""near_20h_high_le4_5"": false, ""m15_near_prev_high6_ge_m0_2"": false}",0.4566210045662267,-2.0547945205479423,-0.22831050228310223,5.47945205479452,-2.0547945205479423,2.9680365296803624,5.707762557077634,-2.0547945205479423,4.337899543378998,7.30593607305936,-2.0547945205479423,7.30593607305936,5.0,1.0,6.0,,0.0,1.0,1
7f12a8746edc5f47da7a2120,2026-09-24T09:00:00+00:00,2026-09-24T09:55:57.222690+00:00,C12,CONTINUATION,LAZIOUSDT,0.388,BULL,BULL,"{""btc_d1_rsi"": 65.49104980261338, ""breadth_ret72_delta72"": -50.12468827930175, ""btc_d1_ema20_slope3"": 2.560070295413097, ""btc_ret_24h"": -2.607672014862872}","{""last_pivot_low_age_h"": 12.0, ""pivot1_low"": 0.374, ""pivot2_low"": 0.379, ""pivot_hours"": 6.0, ""multi_bull_div"": 0.0, ""h1_rsi"": 47.069416973705174, ""h1_dist_ema20"": -0.27445070080487355, ""dist_high_20h"": 3.7220843672456594}","{""available"": true, ""label"": ""V11_DIAGNOSTIC_PROXY"", ""quality"": 0.0, ""quality_ge72"": false, ""pressure"": false, ""retrigger"": false, ""fast_confirm"": false, ""fast_break"": false, ""h1_price_above_ema20"": false, ""h1_rsi_ge50"": false, ""near_20h_high_le4_5"": true, ""m15_near_prev_high6_ge_m0_2"": false}",0.5154639175257714,-1.2886597938144395,-0.5154639175257714,1.0309278350515427,-1.2886597938144395,0.0,1.8041237113401998,-1.2886597938144395,1.2886597938144284,1.8041237113401998,-1.2886597938144395,1.546391752577314,,,,,,,1
38a8c527c5e7a73a71486107,2026-09-24T09:00:00+00:00,2026-09-24T09:55:57.703399+00:00,C12,CONTINUATION,LUNCUSDT,5.386e-05,BULL,BULL,"{""btc_d1_rsi"": 65.49104980261338, ""breadth_ret72_delta72"": -50.12468827930175, ""btc_d1_ema20_slope3"": 2.560070295413097, ""btc_ret_24h"": -2.607672014862872}","{""last_pivot_low_age_h"": 12.0, ""pivot1_low"": 5.216e-05, ""pivot2_low"": 5.257e-05, ""pivot_hours"": 4.0, ""multi_bull_div"": 0.0, ""h1_rsi"": 45.98470615255097, ""h1_dist_ema20"": -0.25142051533225684, ""dist_high_20h"": 3.787066809574846}","{""available"": true, ""label"": ""V11_DIAGNOSTIC_PROXY"", ""quality"": 0.0, ""quality_ge72"": false, ""pressure"": false, ""retrigger"": false, ""fast_confirm"": false, ""fast_break"": false, ""h1_price_above_ema20"": false, ""h1_rsi_ge50"": false, ""near_20h_high_le4_5"": true, ""m15_near_prev_high6_ge_m0_2"": false}",0.11139992573336865,-2.0051986632009022,-1.4853323431117782,3.676197549201632,-2.0051986632009022,1.8937987374675114,3.676197549201632,-2.0051986632009022,2.56219829186779,3.676197549201632,-2.0051986632009022,2.3022651318232334,6.0,1.0,,,0.0,,1
5d138da2435eb79fb262e708,2026-09-24T09:00:00+00:00,2026-09-24T09:55:58.178018+00:00,C12,CONTINUATION,MEGAUSDT,0.04374,BULL,BULL,"{""btc_d1_rsi"": 65.49104980261338, ""breadth_ret72_delta72"": -50.12468827930175, ""btc_d1_ema20_slope3"": 2.560070295413097, ""btc_ret_24h"": -2.607672014862872}","{""last_pivot_low_age_h"": 9.0, ""pivot1_low"": 0.04364, ""pivot2_low"": 0.04342, ""pivot_hours"": 4.0, ""multi_bull_div"": 2.0, ""h1_rsi"": 38.65166055162182, ""h1_dist_ema20"": -2.4096495921457572, ""dist_high_20h"": 9.944410129709702}","{""available"": true, ""label"": ""V11_DIAGNOSTIC_PROXY"", ""quality"": 0.0, ""quality_ge72"": false, ""pressure"": false, ""retrigger"": false, ""fast_confirm"": false, ""fast_break"": false, ""h1_price_above_ema20"": false, ""h1_rsi_ge50"": false, ""near_20h_high_le4_5"": false, ""m15_near_prev_high6_ge_m0_2"": false}",0.2057613168724215,-2.217649748513939,-1.211705532693197,3.6808413351623326,-2.217649748513939,1.5089163237311354,5.098308184727918,-2.217649748513939,3.6351165980795574,5.098308184727918,-2.217649748513939,3.7722908093278384,6.0,1.0,9.0,,0.0,1.0,1
21b80434fed83787f6f3a652,2026-09-24T09:00:00+00:00,2026-09-24T09:55:58.653956+00:00,C12,CONTINUATION,MITOUSDT,0.01603,BULL,BULL,"{""btc_d1_rsi"": 65.49104980261338, ""breadth_ret72_delta72"": -50.12468827930175, ""btc_d1_ema20_slope3"": 2.560070295413097, ""btc_ret_24h"": -2.607672014862872}","{""last_pivot_low_age_h"": 11.0, ""pivot1_low"": 0.01513, ""pivot2_low"": 0.0152, ""pivot_hours"": 7.0, ""multi_bull_div"": 0.0, ""h1_rsi"": 51.086972332187784, ""h1_dist_ema20"": 0.5866490288383597, ""dist_high_20h"": 4.1267942583732005}","{""available"": true, ""label"": ""V11_DIAGNOSTIC_PROXY"", ""quality"": 0.0, ""quality_ge72"": false, ""pressure"": false, ""retrigger"": false, ""fast_confirm"": false, ""fast_break"": false, ""h1_price_above_ema20"": true, ""h1_rsi_ge50"": true, ""near_20h_high_le4_5"": true, ""m15_near_prev_high6_ge_m0_2"": false}",0.49906425452277414,-2.3705552089831494,-0.37429819089206395,2.557704304429209,-2.3705552089831494,0.37429819089207506,2.557704304429209,-2.3705552089831494,0.4366812227074357,2.557704304429209,-2.3705552089831494,1.809107922645059,,1.0,,,0.0,,1
e01934383fd02ab3424d630b,2026-09-24T09:00:00+00:00,2026-09-24T09:55:59.137231+00:00,C12,CONTINUATION,MOVRUSDT,0.879,BULL,BULL,"{""btc_d1_rsi"": 65.49104980261338, ""breadth_ret72_delta72"": -50.12468827930175, ""btc_d1_ema20_slope3"": 2.560070295413097, ""btc_ret_24h"": -2.607672014862872}","{""last_pivot_low_age_h"": 11.0, ""pivot1_low"": 0.847, ""pivot2_low"": 0.85, ""pivot_hours"": 5.0, ""multi_bull_div"": 0.0, ""h1_rsi"": 45.90895348291456, ""h1_dist_ema20"": -0.6584349500308728, ""dist_high_20h"": 3.723986856516981}","{""available"": true, ""label"": ""V11_DIAGNOSTIC_PROXY"", ""quality"": 0.0, ""quality_ge72"": false, ""pressure"": false, ""retrigger"": false, ""fast_confirm"": false, ""fast_break"": false, ""h1_price_above_ema20"": false, ""h1_rsi_ge50"": false, ""near_20h_high_le4_5"": true, ""m15_near_prev_high6_ge_m0_2"": false}",0.22753128555177415,-1.8202502844141044,0.11376564277587597,4.550625711035261,-1.8202502844141044,2.7303754266211566,5.233219567690561,-1.8202502844141044,3.299203640500581,15.472127417519888,-1.8202502844141044,13.424345847554031,6.0,,8.0,,1.0,1.0,1
cdb11c150fb2579660ddd4f3,2026-09-24T09:00:00+00:00,2026-09-24T09:55:59.621252+00:00,C12,CONTINUATION,NEWTUSDT,0.049,BULL,BULL,"{""btc_d1_rsi"": 65.49104980261338, ""breadth_ret72_delta72"": -50.12468827930175, ""btc_d1_ema20_slope3"": 2.560070295413097, ""btc_ret_24h"": -2.607672014862872}","{""last_pivot_low_age_h"": 10.0, ""pivot1_low"": 0.04863, ""pivot2_low"": 0.0488, ""pivot_hours"": 6.0, ""multi_bull_div"": 0.0, ""h1_rsi"": 40.15696725394154, ""h1_dist_ema20"": -1.2710761370859025, ""dist_high_20h"": 3.257650542941759}","{""available"": true, ""label"": ""V11_DIAGNOSTIC_PROXY"", ""quality"": 0.0, ""quality_ge72"": false, ""pressure"": false, ""retrigger"": false, ""fast_confirm"": false, ""fast_break"": false, ""h1_price_above_ema20"": false, ""h1_rsi_ge50"": false, ""near_20h_high_le4_5"": true, ""m15_near_prev_high6_ge_m0_2"": false}",0.5714285714285561,-1.3061224489795964,0.10204081632654294,2.673469387755101,-1.3061224489795964,0.6938775510204165,2.673469387755101,-1.3061224489795964,1.0816326530612264,2.673469387755101,-1.3061224489795964,2.244897959183656,,,,,,,1
2a5d23313bd8fe2e5787ad72,2026-09-24T09:00:00+00:00,2026-09-24T09:56:00.105920+00:00,C12,CONTINUATION,NIGHTUSDT,0.02355,BULL,BULL,"{""btc_d1_rsi"": 65.49104980261338, ""breadth_ret72_delta72"": -50.12468827930175, ""btc_d1_ema20_slope3"": 2.560070295413097, ""btc_ret_24h"": -2.607672014862872}","{""last_pivot_low_age_h"": 9.0, ""pivot1_low"": 0.02284, ""pivot2_low"": 0.02275, ""pivot_hours"": 7.0, ""multi_bull_div"": 2.0, ""h1_rsi"": 48.73462437237792, ""h1_dist_ema20"": 0.006355057384088703, ""dist_high_20h"": 3.995108030982464}","{""available"": true, ""label"": ""V11_DIAGNOSTIC_PROXY"", ""quality"": 0.0, ""quality_ge72"": false, ""pressure"": false, ""retrigger"": false, ""fast_confirm"": false, ""fast_break"": false, ""h1_price_above_ema20"": true, ""h1_rsi_ge50"": false, ""near_20h_high_le4_5"": true, ""m15_near_prev_high6_ge_m0_2"": false}",0.1698513800424628,-1.9108280254777177,-0.3397027600849256,4.076433121019107,-1.9108280254777177,2.8025477707006363,5.265392781316347,-1.9108280254777177,2.6326963906581735,5.265392781316347,-1.9108280254777177,2.675159235668789,6.0,,8.0,,1.0,1.0,1
7ce549656fb831ae61d35786,2026-09-24T09:00:00+00:00,2026-09-24T09:56:00.594620+00:00,C12,CONTINUATION,OPUSDT,0.1232,BULL,BULL,"{""btc_d1_rsi"": 65.49104980261338, ""breadth_ret72_delta72"": -50.12468827930175, ""btc_d1_ema20_slope3"": 2.560070295413097, ""btc_ret_24h"": -2.607672014862872}","{""last_pivot_low_age_h"": 9.0, ""pivot1_low"": 0.1209, ""pivot2_low"": 0.1222, ""pivot_hours"": 7.0, ""multi_bull_div"": 0.0, ""h1_rsi"": 39.17952277227803, ""h1_dist_ema20"": -2.160126400075635, ""dist_high_20h"": 9.01033973412112}","{""available"": true, ""label"": ""V11_DIAGNOSTIC_PROXY"", ""quality"": 0.0, ""quality_ge72"": false, ""pressure"": false, ""retrigger"": false, ""fast_confirm"": false, ""fast_break"": false, ""h1_price_above_ema20"": false, ""h1_rsi_ge50"": false, ""near_20h_high_le4_5"": false, ""m15_near_prev_high6_ge_m0_2"": false}",0.40584415584414835,-2.4350649350649345,-0.24350649350649567,9.82142857142858,-2.4350649350649345,7.2240259740259605,12.824675324675328,-2.4350649350649345,7.467532467532445,12.824675324675328,-2.4350649350649345,9.9025974025974,5.0,1.0,5.0,,0.0,1.0,1
da7b087caf3c8f43e2ac3152,2026-09-24T09:00:00+00:00,2026-09-24T09:56:01.075326+00:00,C12,CONTINUATION,PROVEUSDT,0.2282,BULL,BULL,"{""btc_d1_rsi"": 65.49104980261338, ""breadth_ret72_delta72"": -50.12468827930175, ""btc_d1_ema20_slope3"": 2.560070295413097, ""btc_ret_24h"": -2.607672014862872}","{""last_pivot_low_age_h"": 10.0, ""pivot1_low"": 0.2271, ""pivot2_low"": 0.2264, ""pivot_hours"": 6.0, ""multi_bull_div"": 0.0, ""h1_rsi"": 44.2041529274482, ""h1_dist_ema20"": -1.0107202033646456, ""dist_high_20h"": 3.8348082595870303}","{""available"": true, ""label"": ""V11_DIAGNOSTIC_PROXY"", ""quality"": 0.0, ""quality_ge72"": false, ""pressure"": false, ""retrigger"": false, ""fast_confirm"": false, ""fast_break"": false, ""h1_price_above_ema20"": false, ""h1_rsi_ge50"": false, ""near_20h_high_le4_5"": true, ""m15_near_prev_high6_ge_m0_2"": false}",0.4382120946538226,-3.4180543382997253,-1.5337423312883347,1.8404907975460238,-3.4180543382997253,0.876424189307623,2.4539877300613577,-3.4180543382997253,1.7090271691498682,2.8921998247151803,-3.4180543382997253,2.147239263803691,,1.0,,1.0,0.0,0.0,1
c3ee32a534978cfb2b2189c7,2026-09-24T09:00:00+00:00,2026-09-24T09:56:01.559698+00:00,C12,CONTINUATION,RENDERUSDT,1.761,BULL,BULL,"{""btc_d1_rsi"": 65.49104980261338, ""breadth_ret72_delta72"": -50.12468827930175, ""btc_d1_ema20_slope3"": 2.560070295413097, ""btc_ret_24h"": -2.607672014862872}","{""last_pivot_low_age_h"": 11.0, ""pivot1_low"": 1.679, ""pivot2_low"": 1.717, ""pivot_hours"": 7.0, ""multi_bull_div"": 0.0, ""h1_rsi"": 47.709043095290944, ""h1_dist_ema20"": -0.24925796264879674, ""dist_high_20h"": 2.1666666666666723}","{""available"": true, ""label"": ""V11_DIAGNOSTIC_PROXY"", ""quality"": 0.0, ""quality_ge72"": false, ""pressure"": false, ""retrigger"": false, ""fast_confirm"": false, ""fast_break"": false, ""h1_price_above_ema20"": false, ""h1_rsi_ge50"": false, ""near_20h_high_le4_5"": true, ""m15_near_prev_high6_ge_m0_2"": false}",2.1010789324247714,-1.8171493469619437,0.9085746734809774,6.076093128904048,-1.8171493469619437,3.747870528109032,7.722884724588308,-1.8171493469619437,5.678591709256109,7.83645655877343,-1.8171493469619437,6.927881885292453,4.0,,6.0,,1.0,1.0,1
9f38530f5515699ce586bae9,2026-09-24T09:00:00+00:00,2026-09-24T09:56:02.043243+00:00,C12,CONTINUATION,SAHARAUSDT,0.00942,BULL,BULL,"{""btc_d1_rsi"": 65.49104980261338, ""breadth_ret72_delta72"": -50.12468827930175, ""btc_d1_ema20_slope3"": 2.560070295413097, ""btc_ret_24h"": -2.607672014862872}","{""last_pivot_low_age_h"": 9.0, ""pivot1_low"": 0.00932, ""pivot2_low"": 0.00932, ""pivot_hours"": 1.0, ""multi_bull_div"": 0.0, ""h1_rsi"": 38.70882755571806, ""h1_dist_ema20"": -1.517549735530077, ""dist_high_20h"": 5.135951661631422}","{""available"": true, ""label"": ""V11_DIAGNOSTIC_PROXY"", ""quality"": 0.0, ""quality_ge72"": false, ""pressure"": false, ""retrigger"": false, ""fast_confirm"": false, ""fast_break"": false, ""h1_price_above_ema20"": false, ""h1_rsi_ge50"": false, ""near_20h_high_le4_5"": false, ""m15_near_prev_high6_ge_m0_2"": false}",0.5307855626326852,-2.0169851380042347,0.2123142250530785,3.6093418259023347,-2.0169851380042347,2.3354564755838636,4.564755838641177,-2.0169851380042347,2.866242038216571,4.564755838641177,-2.0169851380042347,2.866242038216571,6.0,1.0,,,0.0,,1
7c1af95c92135cc0510dea9f,2026-09-24T09:00:00+00:00,2026-09-24T09:56:02.528474+00:00,C12,CONTINUATION,SCRUSDT,0.02317,BULL,BULL,"{""btc_d1_rsi"": 65.49104980261338, ""breadth_ret72_delta72"": -50.12468827930175, ""btc_d1_ema20_slope3"": 2.560070295413097, ""btc_ret_24h"": -2.607672014862872}","{""last_pivot_low_age_h"": 11.0, ""pivot1_low"": 0.02216, ""pivot2_low"": 0.02216, ""pivot_hours"": 1.0, ""multi_bull_div"": 0.0, ""h1_rsi"": 48.16222214879099, ""h1_dist_ema20"": 0.11225497517066696, ""dist_high_20h"": 4.9630844954881015}","{""available"": true, ""label"": ""V11_DIAGNOSTIC_PROXY"", ""quality"": 0.0, ""quality_ge72"": false, ""pressure"": false, ""retrigger"": false, ""fast_confirm"": false, ""fast_break"": false, ""h1_price_above_ema20"": true, ""h1_rsi_ge50"": false, ""near_20h_high_le4_5"": false, ""m15_near_prev_high6_ge_m0_2"": false}",0.38843331894691246,-3.0643072939145366,-1.2084592145015116,3.8411739318083837,-3.0643072939145366,2.632714717306861,3.8411739318083837,-3.0643072939145366,1.337936987483812,3.8411739318083837,-3.0643072939145366,2.330599913681475,6.0,1.0,,1.0,0.0,0.0,1
4620fc4cb143e1d6d89945f0,2026-09-24T09:00:00+00:00,2026-09-24T09:56:03.006043+00:00,C12,CONTINUATION,SENTUSDT,0.02145,BULL,BULL,"{""btc_d1_rsi"": 65.49104980261338, ""breadth_ret72_delta72"": -50.12468827930175, ""btc_d1_ema20_slope3"": 2.560070295413097, ""btc_ret_24h"": -2.607672014862872}","{""last_pivot_low_age_h"": 13.0, ""pivot1_low"": 0.02057, ""pivot2_low"": 0.02072, ""pivot_hours"": 3.0, ""multi_bull_div"": 0.0, ""h1_rsi"": 49.957428896555456, ""h1_dist_ema20"": -0.2793323099742451, ""dist_high_20h"": 10.662224073302784}","{""available"": true, ""label"": ""V11_DIAGNOSTIC_PROXY"", ""quality"": 72.0, ""quality_ge72"": true, ""pressure"": false, ""retrigger"": true, ""fast_confirm"": false, ""fast_break"": false, ""h1_price_above_ema20"": false, ""h1_rsi_ge50"": false, ""near_20h_high_le4_5"": false, ""m15_near_prev_high6_ge_m0_2"": false}",1.3053613053612967,-1.7715617715617804,0.2797202797202747,1.4452214452214562,-3.3100233100233023,0.04662004662003838,2.0046620046620056,-3.3100233100233023,0.7925407925407857,2.237762237762242,-3.3100233100233023,-0.18648018648019793,,4.0,,4.0,0.0,0.0,1
c0f6cdc6ae6c8b216df21362,2026-09-24T09:00:00+00:00,2026-09-24T09:56:03.491804+00:00,C12,CONTINUATION,SHELLUSDT,0.02716,BULL,BULL,"{""btc_d1_rsi"": 65.49104980261338, ""breadth_ret72_delta72"": -50.12468827930175, ""btc_d1_ema20_slope3"": 2.560070295413097, ""btc_ret_24h"": -2.607672014862872}","{""last_pivot_low_age_h"": 12.0, ""pivot1_low"": 0.0266, ""pivot2_low"": 0.02709, ""pivot_hours"": 4.0, ""multi_bull_div"": 0.0, ""h1_rsi"": 44.38044169965796, ""h1_dist_ema20"": -1.310216679251075, ""dist_high_20h"": 5.628908964558721}","{""available"": true, ""label"": ""V11_DIAGNOSTIC_PROXY"", ""quality"": 0.0, ""quality_ge72"": false, ""pressure"": false, ""retrigger"": false, ""fast_confirm"": false, ""fast_break"": false, ""h1_price_above_ema20"": false, ""h1_rsi_ge50"": false, ""near_20h_high_le4_5"": false, ""m15_near_prev_high6_ge_m0_2"": false}",0.5154639175257714,-2.2459499263623006,-0.22091310751104487,2.945508100147265,-2.2459499263623006,1.4359351988217917,6.848306332842413,-2.2459499263623006,4.491899852724601,6.848306332842413,-2.2459499263623006,5.081001472754054,8.0,1.0,11.0,,0.0,1.0,1
ba2d1912d315d898a3079d18,2026-09-24T09:00:00+00:00,2026-09-24T09:56:03.977934+00:00,C12,CONTINUATION,SKLUSDT,0.00432,BULL,BULL,"{""btc_d1_rsi"": 65.49104980261338, ""breadth_ret72_delta72"": -50.12468827930175, ""btc_d1_ema20_slope3"": 2.560070295413097, ""btc_ret_24h"": -2.607672014862872}","{""last_pivot_low_age_h"": 9.0, ""pivot1_low"": 0.0043, ""pivot2_low"": 0.0043, ""pivot_hours"": 1.0, ""multi_bull_div"": 0.0, ""h1_rsi"": 38.32931675465988, ""h1_dist_ema20"": -1.6894887231706623, ""dist_high_20h"": 4.635761589403975}","{""available"": true, ""label"": ""V11_DIAGNOSTIC_PROXY"", ""quality"": 0.0, ""quality_ge72"": false, ""pressure"": false, ""retrigger"": false, ""fast_confirm"": false, ""fast_break"": false, ""h1_price_above_ema20"": false, ""h1_rsi_ge50"": false, ""near_20h_high_le4_5"": false, ""m15_near_prev_high6_ge_m0_2"": false}",0.23148148148146586,-1.620370370370361,0.0,3.935185185185186,-1.620370370370361,2.083333333333326,6.018518518518512,-1.620370370370361,4.861111111111116,7.870370370370372,-1.620370370370361,6.018518518518512,6.0,,11.0,,1.0,1.0,1
cc18ceaf48aa2b2d83d73a1e,2026-09-24T09:00:00+00:00,2026-09-24T09:56:04.464084+00:00,C12,CONTINUATION,SOLVUSDT,0.00415,BULL,BULL,"{""btc_d1_rsi"": 65.49104980261338, ""breadth_ret72_delta72"": -50.12468827930175, ""btc_d1_ema20_slope3"": 2.560070295413097, ""btc_ret_24h"": -2.607672014862872}","{""last_pivot_low_age_h"": 12.0, ""pivot1_low"": 0.00407, ""pivot2_low"": 0.00407, ""pivot_hours"": 1.0, ""multi_bull_div"": 0.0, ""h1_rsi"": 48.402635540923676, ""h1_dist_ema20"": -0.21173413342840952, ""dist_high_20h"": 2.352941176470591}","{""available"": true, ""label"": ""V11_DIAGNOSTIC_PROXY"", ""quality"": 0.0, ""quality_ge72"": false, ""pressure"": false, ""retrigger"": false, ""fast_confirm"": false, ""fast_break"": false, ""h1_price_above_ema20"": false, ""h1_rsi_ge50"": false, ""near_20h_high_le4_5"": true, ""m15_near_prev_high6_ge_m0_2"": false}",0.24096385542167198,-0.9638554216867545,-0.7228915662650492,1.2048192771084265,-0.9638554216867545,0.0,1.2048192771084265,-0.9638554216867545,-0.48192771084337727,1.2048192771084265,-1.2048192771084265,0.48192771084336616,,,,,,,1
75a4044a3ad6a1276886e693,2026-09-24T09:00:00+00:00,2026-09-24T09:56:04.948189+00:00,C12,CONTINUATION,STGUSDT,0.1284,BULL,BULL,"{""btc_d1_rsi"": 65.49104980261338, ""breadth_ret72_delta72"": -50.12468827930175, ""btc_d1_ema20_slope3"": 2.560070295413097, ""btc_ret_24h"": -2.607672014862872}","{""last_pivot_low_age_h"": 11.0, ""pivot1_low"": 0.1234, ""pivot2_low"": 0.1277, ""pivot_hours"": 7.0, ""multi_bull_div"": 0.0, ""h1_rsi"": 42.401287889948094, ""h1_dist_ema20"": -2.7181187333084056, ""dist_high_20h"": 9.704641350210974}","{""available"": true, ""label"": ""V11_DIAGNOSTIC_PROXY"", ""quality"": 0.0, ""quality_ge72"": false, ""pressure"": false, ""retrigger"": false, ""fast_confirm"": false, ""fast_break"": false, ""h1_price_above_ema20"": false, ""h1_rsi_ge50"": false, ""near_20h_high_le4_5"": false, ""m15_near_prev_high6_ge_m0_2"": false}",3.6604361370716543,-2.7258566978193066,-0.5451713395638436,3.6604361370716543,-2.8816199376946905,-0.9345794392523255,3.6604361370716543,-2.8816199376946905,-1.4018691588784993,4.283489096573212,-2.8816199376946905,0.3894080996884819,3.0,1.0,,,0.0,,1
c7f661df69c153ff49f1219c,2026-09-24T09:00:00+00:00,2026-09-24T09:56:05.431838+00:00,C12,CONTINUATION,STOUSDT,0.0428,BULL,BULL,"{""btc_d1_rsi"": 65.49104980261338, ""breadth_ret72_delta72"": -50.12468827930175, ""btc_d1_ema20_slope3"": 2.560070295413097, ""btc_ret_24h"": -2.607672014862872}","{""last_pivot_low_age_h"": 11.0, ""pivot1_low"": 0.0422, ""pivot2_low"": 0.0422, ""pivot_hours"": 1.0, ""multi_bull_div"": 0.0, ""h1_rsi"": 46.15273924161799, ""h1_dist_ema20"": -0.7254856321600278, ""dist_high_20h"": 4.464285714285721}","{""available"": true, ""label"": ""V11_DIAGNOSTIC_PROXY"", ""quality"": 0.0, ""quality_ge72"": false, ""pressure"": false, ""retrigger"": false, ""fast_confirm"": false, ""fast_break"": false, ""h1_price_above_ema20"": false, ""h1_rsi_ge50"": false, ""near_20h_high_le4_5"": true, ""m15_near_prev_high6_ge_m0_2"": false}",0.23364485981309802,-2.8037383177570097,-1.869158878504662,2.102803738317771,-2.8037383177570097,0.4672897196261738,3.971962616822422,-2.8037383177570097,1.4018691588785215,3.971962616822422,-2.8037383177570097,0.7009345794392496,8.0,2.0,,,0.0,,1
f0b44fe0d34ffcdfe97b01cb,2026-09-24T09:00:00+00:00,2026-09-24T09:56:05.913991+00:00,C12,CONTINUATION,SUNUSDT,0.01713,BULL,BULL,"{""btc_d1_rsi"": 65.49104980261338, ""breadth_ret72_delta72"": -50.12468827930175, ""btc_d1_ema20_slope3"": 2.560070295413097, ""btc_ret_24h"": -2.607672014862872}","{""last_pivot_low_age_h"": 11.0, ""pivot1_low"": 0.01701, ""pivot2_low"": 0.01704, ""pivot_hours"": 3.0, ""multi_bull_div"": 0.0, ""h1_rsi"": 42.79304184960899, ""h1_dist_ema20"": -0.2949647267959654, ""dist_high_20h"": 1.154068090017324}","{""available"": true, ""label"": ""V11_DIAGNOSTIC_PROXY"", ""quality"": 0.0, ""quality_ge72"": false, ""pressure"": false, ""retrigger"": false, ""fast_confirm"": false, ""fast_break"": false, ""h1_price_above_ema20"": false, ""h1_rsi_ge50"": false, ""near_20h_high_le4_5"": true, ""m15_near_prev_high6_ge_m0_2"": false}",0.11675423234092097,-0.350262697022774,-0.350262697022774,0.4670169293636839,-0.467016929363695,0.11675423234092097,1.0507880910682887,-0.467016929363695,0.8756567425569184,1.0507880910682887,-0.467016929363695,0.4670169293636839,,,,,,,1
0d806d326e2d8589cb5fa64f,2026-09-24T09:00:00+00:00,2026-09-24T09:56:06.396648+00:00,C12,CONTINUATION,SUSDT,0.03993,BULL,BULL,"{""btc_d1_rsi"": 65.49104980261338, ""breadth_ret72_delta72"": -50.12468827930175, ""btc_d1_ema20_slope3"": 2.560070295413097, ""btc_ret_24h"": -2.607672014862872}","{""last_pivot_low_age_h"": 10.0, ""pivot1_low"": 0.03905, ""pivot2_low"": 0.03967, ""pivot_hours"": 6.0, ""multi_bull_div"": 0.0, ""h1_rsi"": 39.13458282982611, ""h1_dist_ema20"": -2.1893224961743063, ""dist_high_20h"": 7.6335877862595325}","{""available"": true, ""label"": ""V11_DIAGNOSTIC_PROXY"", ""quality"": 0.0, ""quality_ge72"": false, ""pressure"": false, ""retrigger"": false, ""fast_confirm"": false, ""fast_break"": false, ""h1_price_above_ema20"": false, ""h1_rsi_ge50"": false, ""near_20h_high_le4_5"": false, ""m15_near_prev_high6_ge_m0_2"": false}",0.1753067868770275,-2.3290758827948954,-0.15026296018031404,4.858502379163521,-2.3290758827948954,1.7530678687703416,5.810167793638876,-2.3290758827948954,2.854996243426,5.810167793638876,-2.3290758827948954,2.3541197094915978,6.0,1.0,12.0,,0.0,1.0,1
451260994a95c7de2d37f087,2026-09-24T09:00:00+00:00,2026-09-24T09:56:06.877917+00:00,C12,CONTINUATION,TFUELUSDT,0.01044,BULL,BULL,"{""btc_d1_rsi"": 65.49104980261338, ""breadth_ret72_delta72"": -50.12468827930175, ""btc_d1_ema20_slope3"": 2.560070295413097, ""btc_ret_24h"": -2.607672014862872}","{""last_pivot_low_age_h"": 10.0, ""pivot1_low"": 0.0104, ""pivot2_low"": 0.01034, ""pivot_hours"": 6.0, ""multi_bull_div"": 3.0, ""h1_rsi"": 35.49861942199921, ""h1_dist_ema20"": -1.583373802827992, ""dist_high_20h"": 3.8674033149171283}","{""available"": true, ""label"": ""V11_DIAGNOSTIC_PROXY"", ""quality"": 0.0, ""quality_ge72"": false, ""pressure"": false, ""retrigger"": false, ""fast_confirm"": false, ""fast_break"": false, ""h1_price_above_ema20"": false, ""h1_rsi_ge50"": false, ""near_20h_high_le4_5"": true, ""m15_near_prev_high6_ge_m0_2"": false}",1.9157088122605526,-1.3409961685823757,0.47892720306512704,3.3524904214559337,-1.3409961685823757,1.724137931034475,3.544061302681989,-1.3409961685823757,3.065134099616862,3.735632183908044,-1.3409961685823757,3.1609195402298784,6.0,,,,1.0,,1
732c2de8cf3eb411ad00064f,2026-09-24T09:00:00+00:00,2026-09-24T09:56:07.359732+00:00,C12,CONTINUATION,THETAUSDT,0.2154,BULL,BULL,"{""btc_d1_rsi"": 65.49104980261338, ""breadth_ret72_delta72"": -50.12468827930175, ""btc_d1_ema20_slope3"": 2.560070295413097, ""btc_ret_24h"": -2.607672014862872}","{""last_pivot_low_age_h"": 10.0, ""pivot1_low"": 0.2124, ""pivot2_low"": 0.2117, ""pivot_hours"": 6.0, ""multi_bull_div"": 2.0, ""h1_rsi"": 40.57523233955143, ""h1_dist_ema20"": -1.380067810026686, ""dist_high_20h"": 5.235371755389351}","{""available"": true, ""label"": ""V11_DIAGNOSTIC_PROXY"", ""quality"": 0.0, ""quality_ge72"": false, ""pressure"": false, ""retrigger"": false, ""fast_confirm"": false, ""fast_break"": false, ""h1_price_above_ema20"": false, ""h1_rsi_ge50"": false, ""near_20h_high_le4_5"": false, ""m15_near_prev_high6_ge_m0_2"": false}",0.23212627669453312,-2.785515320334264,-1.624883936861654,3.296193129062197,-2.785515320334264,1.20705663881151,4.921077065923862,-2.785515320334264,4.271123491179196,6.03528319405755,-2.785515320334264,3.62116991643453,6.0,1.0,13.0,,0.0,1.0,1
1b58d4a815bb25d377bc1939,2026-09-24T09:00:00+00:00,2026-09-24T09:56:07.837166+00:00,C12,CONTINUATION,TOWNSUSDT,0.002012,BULL,BULL,"{""btc_d1_rsi"": 65.49104980261338, ""breadth_ret72_delta72"": -50.12468827930175, ""btc_d1_ema20_slope3"": 2.560070295413097, ""btc_ret_24h"": -2.607672014862872}","{""last_pivot_low_age_h"": 11.0, ""pivot1_low"": 0.001945, ""pivot2_low"": 0.001944, ""pivot_hours"": 5.0, ""multi_bull_div"": 3.0, ""h1_rsi"": 45.1300663734683, ""h1_dist_ema20"": -0.543566094154424, ""dist_high_20h"": 4.554079696394697}","{""available"": true, ""label"": ""V11_DIAGNOSTIC_PROXY"", ""quality"": 0.0, ""quality_ge72"": false, ""pressure"": false, ""retrigger"": false, ""fast_confirm"": false, ""fast_break"": false, ""h1_price_above_ema20"": false, ""h1_rsi_ge50"": false, ""near_20h_high_le4_5"": false, ""m15_near_prev_high6_ge_m0_2"": false}",0.3976143141153132,-2.6838966202783254,-0.8946322067594381,3.628230616302197,-2.6838966202783254,1.5904572564612307,4.671968190854869,-2.6838966202783254,2.634194831013925,4.671968190854869,-2.6838966202783254,2.733598409542748,6.0,1.0,,,0.0,,1
a75607726d97e7543c56f6bc,2026-09-24T09:00:00+00:00,2026-09-24T09:56:08.320027+00:00,C12,CONTINUATION,VANAUSDT,1.107,BULL,BULL,"{""btc_d1_rsi"": 65.49104980261338, ""breadth_ret72_delta72"": -50.12468827930175, ""btc_d1_ema20_slope3"": 2.560070295413097, ""btc_ret_24h"": -2.607672014862872}","{""last_pivot_low_age_h"": 12.0, ""pivot1_low"": 1.089, ""pivot2_low"": 1.08, ""pivot_hours"": 4.0, ""multi_bull_div"": 0.0, ""h1_rsi"": 43.53506901000332, ""h1_dist_ema20"": -0.8822476604661622, ""dist_high_20h"": 3.7391304347826004}","{""available"": true, ""label"": ""V11_DIAGNOSTIC_PROXY"", ""quality"": 0.0, ""quality_ge72"": false, ""pressure"": false, ""retrigger"": false, ""fast_confirm"": false, ""fast_break"": false, ""h1_price_above_ema20"": false, ""h1_rsi_ge50"": false, ""near_20h_high_le4_5"": true, ""m15_near_prev_high6_ge_m0_2"": false}",0.3613369467027949,-1.6260162601625994,-0.4516711833784881,3.8843721770551065,-1.6260162601625994,2.258355916892496,4.155374887082197,-1.6260162601625994,3.0713640469738124,4.426377597109288,-1.6260162601625994,4.065040650406493,6.0,,,,1.0,,1
051636f01bd2266b6b5704dd,2026-09-24T09:00:00+00:00,2026-09-24T09:56:08.800451+00:00,C12,CONTINUATION,WINUSDT,3.879e-05,BULL,BULL,"{""btc_d1_rsi"": 65.49104980261338, ""breadth_ret72_delta72"": -50.12468827930175, ""btc_d1_ema20_slope3"": 2.560070295413097, ""btc_ret_24h"": -2.607672014862872}","{""last_pivot_low_age_h"": 10.0, ""pivot1_low"": 3.811e-05, ""pivot2_low"": 3.83e-05, ""pivot_hours"": 6.0, ""multi_bull_div"": 0.0, ""h1_rsi"": 43.82927970709347, ""h1_dist_ema20"": -0.5895239538501906, ""dist_high_20h"": 3.0492376905773555}","{""available"": true, ""label"": ""V11_DIAGNOSTIC_PROXY"", ""quality"": 0.0, ""quality_ge72"": false, ""pressure"": false, ""retrigger"": false, ""fast_confirm"": false, ""fast_break"": false, ""h1_price_above_ema20"": false, ""h1_rsi_ge50"": false, ""near_20h_high_le4_5"": true, ""m15_near_prev_high6_ge_m0_2"": false}",0.3609177623098869,-0.23201856148492572,-0.15467904098995788,0.9796339262696518,-1.39211136890951,-0.02577984016499668,1.933488012374318,-1.39211136890951,1.3663315287445243,2.7326630574890487,-1.39211136890951,2.7326630574890487,,,,,,,1
fa6d8f5a433c85ea61f9d313,2026-09-24T09:00:00+00:00,2026-09-24T09:56:09.279303+00:00,C12,CONTINUATION,WLFIUSDT,0.0547,BULL,BULL,"{""btc_d1_rsi"": 65.49104980261338, ""breadth_ret72_delta72"": -50.12468827930175, ""btc_d1_ema20_slope3"": 2.560070295413097, ""btc_ret_24h"": -2.607672014862872}","{""last_pivot_low_age_h"": 12.0, ""pivot1_low"": 0.0574, ""pivot2_low"": 0.0533, ""pivot_hours"": 11.0, ""multi_bull_div"": 0.0, ""h1_rsi"": 34.89791495143716, ""h1_dist_ema20"": -1.0566552127678985, ""dist_high_20h"": 5.851979345955249}","{""available"": true, ""label"": ""V11_DIAGNOSTIC_PROXY"", ""quality"": 0.0, ""quality_ge72"": false, ""pressure"": false, ""retrigger"": false, ""fast_confirm"": false, ""fast_break"": false, ""h1_price_above_ema20"": false, ""h1_rsi_ge50"": false, ""near_20h_high_le4_5"": false, ""m15_near_prev_high6_ge_m0_2"": false}",1.0968921389396868,-1.2797074954296161,0.3656307129798808,2.5594149908592323,-1.2797074954296161,2.376599634369292,4.387568555758681,-1.2797074954296161,2.7422303473491727,4.387568555758681,-1.2797074954296161,3.656307129798897,7.0,,,,1.0,,1
0e793c64c9041c5e53e29039,2026-09-24T09:00:00+00:00,2026-09-24T09:56:09.761777+00:00,C12,CONTINUATION,XAIUSDT,0.00797,BULL,BULL,"{""btc_d1_rsi"": 65.49104980261338, ""breadth_ret72_delta72"": -50.12468827930175, ""btc_d1_ema20_slope3"": 2.560070295413097, ""btc_ret_24h"": -2.607672014862872}","{""last_pivot_low_age_h"": 12.0, ""pivot1_low"": 0.0077, ""pivot2_low"": 0.00777, ""pivot_hours"": 4.0, ""multi_bull_div"": 0.0, ""h1_rsi"": 46.92792823457369, ""h1_dist_ema20"": -0.41694445089728305, ""dist_high_20h"": 3.510895883777243}","{""available"": true, ""label"": ""V11_DIAGNOSTIC_PROXY"", ""quality"": 0.0, ""quality_ge72"": false, ""pressure"": false, ""retrigger"": false, ""fast_confirm"": false, ""fast_break"": false, ""h1_price_above_ema20"": false, ""h1_rsi_ge50"": false, ""near_20h_high_le4_5"": true, ""m15_near_prev_high6_ge_m0_2"": false}",0.25094102885823144,-2.258469259723961,-1.0037641154328814,5.144291091593489,-2.258469259723961,4.140526976160608,54.705144291091614,-2.258469259723961,36.26097867001255,54.705144291091614,-2.258469259723961,17.440401505646186,6.0,2.0,6.0,,0.0,1.0,1
3b8477d8cfd2ac221c7db9fc,2026-09-24T09:00:00+00:00,2026-09-24T09:56:10.250123+00:00,C12,CONTINUATION,XVGUSDT,0.002914,BULL,BULL,"{""btc_d1_rsi"": 65.49104980261338, ""breadth_ret72_delta72"": -50.12468827930175, ""btc_d1_ema20_slope3"": 2.560070295413097, ""btc_ret_24h"": -2.607672014862872}","{""last_pivot_low_age_h"": 10.0, ""pivot1_low"": 0.003073, ""pivot2_low"": 0.002824, ""pivot_hours"": 14.0, ""multi_bull_div"": 0.0, ""h1_rsi"": 45.04230735802578, ""h1_dist_ema20"": -0.6226933239791399, ""dist_high_20h"": 5.297367565810851}","{""available"": true, ""label"": ""V11_DIAGNOSTIC_PROXY"", ""quality"": 0.0, ""quality_ge72"": false, ""pressure"": false, ""retrigger"": false, ""fast_confirm"": false, ""fast_break"": false, ""h1_price_above_ema20"": false, ""h1_rsi_ge50"": false, ""near_20h_high_le4_5"": false, ""m15_near_prev_high6_ge_m0_2"": false}",0.61770761839397,-2.1962937542896355,-0.8236101578586008,3.8091969800960968,-2.1962937542896355,1.2354152367879179,5.833905284831853,-2.1962937542896355,3.7405628002745495,5.833905284831853,-2.1962937542896355,5.113246396705562,6.0,1.0,8.0,,0.0,1.0,1
56b39dd773e30065ab522ea1,2026-09-24T09:00:00+00:00,2026-09-24T09:56:10.734319+00:00,C12,CONTINUATION,ZILUSDT,0.003605,BULL,BULL,"{""btc_d1_rsi"": 65.49104980261338, ""breadth_ret72_delta72"": -50.12468827930175, ""btc_d1_ema20_slope3"": 2.560070295413097, ""btc_ret_24h"": -2.607672014862872}","{""last_pivot_low_age_h"": 10.0, ""pivot1_low"": 0.003565, ""pivot2_low"": 0.003578, ""pivot_hours"": 8.0, ""multi_bull_div"": 0.0, ""h1_rsi"": 36.76856313447049, ""h1_dist_ema20"": -1.8970657828173865, ""dist_high_20h"": 6.168662155127535}","{""available"": true, ""label"": ""V11_DIAGNOSTIC_PROXY"", ""quality"": 0.0, ""quality_ge72"": false, ""pressure"": false, ""retrigger"": false, ""fast_confirm"": false, ""fast_break"": false, ""h1_price_above_ema20"": false, ""h1_rsi_ge50"": false, ""near_20h_high_le4_5"": false, ""m15_near_prev_high6_ge_m0_2"": false}",0.3883495145631022,-2.385575589459088,-0.36061026352288694,3.966712898751723,-2.385575589459088,2.191400832177526,4.74341192787795,-2.385575589459088,3.3841886269070587,9.570041608876556,-2.385575589459088,4.327323162274621,6.0,1.0,16.0,,0.0,1.0,1
d6537997fdb7bd5bb7298ea8,2026-09-24T09:00:00+00:00,2026-09-24T09:56:11.223472+00:00,C12,CONTINUATION,ZKUSDT,0.01143,BULL,BULL,"{""btc_d1_rsi"": 65.49104980261338, ""breadth_ret72_delta72"": -50.12468827930175, ""btc_d1_ema20_slope3"": 2.560070295413097, ""btc_ret_24h"": -2.607672014862872}","{""last_pivot_low_age_h"": 9.0, ""pivot1_low"": 0.01109, ""pivot2_low"": 0.01108, ""pivot_hours"": 3.0, ""multi_bull_div"": 3.0, ""h1_rsi"": 44.0659761088057, ""h1_dist_ema20"": -1.0799117626105414, ""dist_high_20h"": 7.073170731707323}","{""available"": true, ""label"": ""V11_DIAGNOSTIC_PROXY"", ""quality"": 0.0, ""quality_ge72"": false, ""pressure"": false, ""retrigger"": false, ""fast_confirm"": false, ""fast_break"": false, ""h1_price_above_ema20"": false, ""h1_rsi_ge50"": false, ""near_20h_high_le4_5"": false, ""m15_near_prev_high6_ge_m0_2"": false}",0.2624671916010568,-2.5371828521434714,-1.1373578302712128,7.086614173228356,-2.5371828521434714,3.9370078740157632,7.349081364829391,-2.5371828521434714,5.074365704286965,7.961504811898523,-2.5371828521434714,7.961504811898523,6.0,1.0,6.0,,0.0,1.0,1
20ef1ac078cda28391c35346,2026-09-24T14:00:00+00:00,2026-09-24T14:59:17.164655+00:00,C12,CONTINUATION,CETUSUSDT,0.02653,BULL,BULL,"{""btc_d1_rsi"": 65.49104980261338, ""breadth_ret72_delta72"": -48.87780548628429, ""btc_d1_ema20_slope3"": 2.560070295413097, ""btc_ret_24h"": -1.7875557409134046}","{""last_pivot_low_age_h"": 13.0, ""pivot1_low"": 0.02579, ""pivot2_low"": 0.02579, ""pivot_hours"": 4.0, ""multi_bull_div"": 0.0, ""h1_rsi"": 48.79044645302053, ""h1_dist_ema20"": -0.2924022344067856, ""dist_high_20h"": 5.687877710629207}","{""available"": true, ""label"": ""V11_DIAGNOSTIC_PROXY"", ""quality"": 0.0, ""quality_ge72"": false, ""pressure"": false, ""retrigger"": false, ""fast_confirm"": false, ""fast_break"": false, ""h1_price_above_ema20"": false, ""h1_rsi_ge50"": false, ""near_20h_high_le4_5"": false, ""m15_near_prev_high6_ge_m0_2"": false}",7.12401055408971,-0.037693177534880995,5.277044854881252,7.12401055408971,-0.037693177534880995,3.203920090463619,9.27252167357706,-0.037693177534880995,4.711647191858259,13.38107802487749,-0.037693177534880995,5.616283452695048,1.0,,1.0,,1.0,1.0,1
fba8453ede23c51bd0df7455,2026-09-24T14:00:00+00:00,2026-09-24T14:59:17.677328+00:00,C12,CONTINUATION,ETCUSDT,9.65,BULL,BULL,"{""btc_d1_rsi"": 65.49104980261338, ""breadth_ret72_delta72"": -48.87780548628429, ""btc_d1_ema20_slope3"": 2.560070295413097, ""btc_ret_24h"": -1.7875557409134046}","{""last_pivot_low_age_h"": 11.0, ""pivot1_low"": 8.67, ""pivot2_low"": 8.65, ""pivot_hours"": 5.0, ""multi_bull_div"": 3.0, ""h1_rsi"": 63.754004148334445, ""h1_dist_ema20"": 4.264955092506684, ""dist_high_20h"": 0.8221993833504637}","{""available"": true, ""label"": ""V11_DIAGNOSTIC_PROXY"", ""quality"": 0.0, ""quality_ge72"": false, ""pressure"": false, ""retrigger"": false, ""fast_confirm"": true, ""fast_break"": true, ""h1_price_above_ema20"": true, ""h1_rsi_ge50"": true, ""near_20h_high_le4_5"": true, ""m15_near_prev_high6_ge_m0_2"": true}",7.9792746113989566,-0.6217616580310947,2.3834196891191706,7.9792746113989566,-0.6217616580310947,1.139896373056981,7.9792746113989566,-5.699481865284984,-2.590673575129532,7.9792746113989566,-5.699481865284984,-1.5544041450777257,1.0,8.0,1.0,8.0,1.0,1.0,1
14354563d0202d1d75743398,2026-09-24T14:00:00+00:00,2026-09-24T14:59:18.191571+00:00,C12,CONTINUATION,FILUSDT,0.9813,BULL,BULL,"{""btc_d1_rsi"": 65.49104980261338, ""breadth_ret72_delta72"": -48.87780548628429, ""btc_d1_ema20_slope3"": 2.560070295413097, ""btc_ret_24h"": -1.7875557409134046}","{""last_pivot_low_age_h"": 11.0, ""pivot1_low"": 0.9172, ""pivot2_low"": 0.9266, ""pivot_hours"": 6.0, ""multi_bull_div"": 0.0, ""h1_rsi"": 54.22458015800024, ""h1_dist_ema20"": 1.565596720734197, ""dist_high_20h"": 1.870000000000005}","{""available"": true, ""label"": ""V11_DIAGNOSTIC_PROXY"", ""quality"": 0.0, ""quality_ge72"": false, ""pressure"": false, ""retrigger"": false, ""fast_confirm"": false, ""fast_break"": true, ""h1_price_above_ema20"": true, ""h1_rsi_ge50"": true, ""near_20h_high_le4_5"": true, ""m15_near_prev_high6_ge_m0_2"": true}",3.96412921634568,-0.20381127076327665,3.118312442678084,3.96412921634568,-0.20381127076327665,1.6712524202588508,3.96412921634568,-0.20381127076327665,0.46876592275553186,5.900336288596764,-0.9273412819728932,3.5361255477428077,1.0,,22.0,,1.0,1.0,1
3d47522cc0e68871dad13aaf,2026-09-24T14:00:00+00:00,2026-09-24T14:59:18.702848+00:00,C12,CONTINUATION,PLUMEUSDT,0.01692,BULL,BULL,"{""btc_d1_rsi"": 65.49104980261338, ""breadth_ret72_delta72"": -48.87780548628429, ""btc_d1_ema20_slope3"": 2.560070295413097, ""btc_ret_24h"": -1.7875557409134046}","{""last_pivot_low_age_h"": 13.0, ""pivot1_low"": 0.01533, ""pivot2_low"": 0.01546, ""pivot_hours"": 4.0, ""multi_bull_div"": 0.0, ""h1_rsi"": 60.18876367568728, ""h1_dist_ema20"": 2.5289150740208655, ""dist_high_20h"": 5.5276381909547645}","{""available"": true, ""label"": ""V11_DIAGNOSTIC_PROXY"", ""quality"": 88.0, ""quality_ge72"": true, ""pressure"": false, ""retrigger"": true, ""fast_confirm"": false, ""fast_break"": false, ""h1_price_above_ema20"": true, ""h1_rsi_ge50"": true, ""near_20h_high_le4_5"": false, ""m15_near_prev_high6_ge_m0_2"": false}",10.756501182033084,-0.9456264775413725,7.7423167848699626,11.997635933806139,-0.9456264775413725,8.569739952718681,11.997635933806139,-0.9456264775413725,4.314420803782504,14.243498817966893,-0.9456264775413725,13.888888888888884,1.0,,1.0,,1.0,1.0,1
4e38d9e450b2567bdba93296,2026-09-24T14:00:00+00:00,2026-09-24T14:59:19.218662+00:00,C12,CONTINUATION,TKOUSDT,0.0563,BULL,BULL,"{""btc_d1_rsi"": 65.49104980261338, ""breadth_ret72_delta72"": -48.87780548628429, ""btc_d1_ema20_slope3"": 2.560070295413097, ""btc_ret_24h"": -1.7875557409134046}","{""last_pivot_low_age_h"": 13.0, ""pivot1_low"": 0.056, ""pivot2_low"": 0.056, ""pivot_hours"": 1.0, ""multi_bull_div"": 0.0, ""h1_rsi"": 46.315447686044465, ""h1_dist_ema20"": -0.5231327987576639, ""dist_high_20h"": 9.775641025641013}","{""available"": true, ""label"": ""V11_DIAGNOSTIC_PROXY"", ""quality"": 0.0, ""quality_ge72"": false, ""pressure"": false, ""retrigger"": false, ""fast_confirm"": false, ""fast_break"": false, ""h1_price_above_ema20"": false, ""h1_rsi_ge50"": false, ""near_20h_high_le4_5"": false, ""m15_near_prev_high6_ge_m0_2"": false}",5.150976909413862,0.0,3.730017761989335,5.150976909413862,0.0,3.1971580817051537,5.150976909413862,0.0,3.730017761989335,7.992895204262873,0.0,5.683836589698044,1.0,,3.0,,1.0,1.0,1
3a28d1baf6b45bb8fbce0da2,2026-09-24T14:00:00+00:00,2026-09-24T14:59:19.735857+00:00,C12,CONTINUATION,TSTUSDT,0.01983,BULL,BULL,"{""btc_d1_rsi"": 65.49104980261338, ""breadth_ret72_delta72"": -48.87780548628429, ""btc_d1_ema20_slope3"": 2.560070295413097, ""btc_ret_24h"": -1.7875557409134046}","{""last_pivot_low_age_h"": 11.0, ""pivot1_low"": 0.01677, ""pivot2_low"": 0.017, ""pivot_hours"": 6.0, ""multi_bull_div"": 0.0, ""h1_rsi"": 71.16655333801042, ""h1_dist_ema20"": 8.423169750909176, ""dist_high_20h"": 4.4797687861271696}","{""available"": true, ""label"": ""V11_DIAGNOSTIC_PROXY"", ""quality"": 81.0, ""quality_ge72"": true, ""pressure"": true, ""retrigger"": false, ""fast_confirm"": false, ""fast_break"": false, ""h1_price_above_ema20"": true, ""h1_rsi_ge50"": true, ""near_20h_high_le4_5"": true, ""m15_near_prev_high6_ge_m0_2"": false}",2.7735753908219696,-3.0761472516389277,-2.773575390821992,2.7735753908219696,-5.698436712052446,-1.563287947554215,2.7735753908219696,-5.698436712052446,-4.891578416540609,2.7735753908219696,-6.5052950075642935,-4.437720625315178,,2.0,,3.0,0.0,0.0,1
c50665cd2d0963d8063e8b98,2026-09-24T14:00:00+00:00,2026-09-24T14:59:20.249761+00:00,C12,CONTINUATION,TUTUSDT,0.0282,BULL,BULL,"{""btc_d1_rsi"": 65.49104980261338, ""breadth_ret72_delta72"": -48.87780548628429, ""btc_d1_ema20_slope3"": 2.560070295413097, ""btc_ret_24h"": -1.7875557409134046}","{""last_pivot_low_age_h"": 12.0, ""pivot1_low"": 0.02392, ""pivot2_low"": 0.02414, ""pivot_hours"": 5.0, ""multi_bull_div"": 0.0, ""h1_rsi"": 61.780315018089674, ""h1_dist_ema20"": 6.330959912413969, ""dist_high_20h"": 7.114624505928857}","{""available"": true, ""label"": ""V11_DIAGNOSTIC_PROXY"", ""quality"": 0.0, ""quality_ge72"": false, ""pressure"": false, ""retrigger"": false, ""fast_confirm"": false, ""fast_break"": false, ""h1_price_above_ema20"": true, ""h1_rsi_ge50"": true, ""near_20h_high_le4_5"": false, ""m15_near_prev_high6_ge_m0_2"": false}",2.517730496453918,-3.7234042553191404,-1.6666666666666607,2.517730496453918,-5.460992907801421,-1.3475177304964503,2.517730496453918,-6.099290780141842,-5.638297872340415,2.517730496453918,-11.27659574468085,-9.751773049645385,,2.0,,2.0,0.0,0.0,1
ead843b60c962e41b959645c,2026-09-26T01:00:00+00:00,2026-09-26T01:29:52.727038+00:00,C12,CONTINUATION,0GUSDT,0.2558,BULL,BULL,"{""btc_d1_rsi"": 64.31554981919358, ""breadth_ret72_delta72"": -32.91770573566085, ""btc_d1_ema20_slope3"": 1.5632306408799757, ""btc_ret_24h"": -0.803877431862221}","{""last_pivot_low_age_h"": 10.0, ""pivot1_low"": 0.2479, ""pivot2_low"": 0.2476, ""pivot_hours"": 10.0, ""multi_bull_div"": 3.0, ""h1_rsi"": 51.74665956889955, ""h1_dist_ema20"": 0.09313600847411507, ""dist_high_20h"": 2.366412213740454}","{""available"": true, ""label"": ""V11_DIAGNOSTIC_PROXY"", ""quality"": 0.0, ""quality_ge72"": false, ""pressure"": false, ""retrigger"": false, ""fast_confirm"": false, ""fast_break"": false, ""h1_price_above_ema20"": true, ""h1_rsi_ge50"": true, ""near_20h_high_le4_5"": true, ""m15_near_prev_high6_ge_m0_2"": false}",4.49569976544173,-0.3518373729476165,3.9483971853010225,4.808444096950737,-0.3518373729476165,2.4628616106332935,4.808444096950737,-0.3518373729476165,2.931978107896782,8.483189992181384,-0.3518373729476165,1.602814698983579,3.0,,14.0,,1.0,1.0,1
0106df6364c3eeca6b2c6275,2026-09-26T01:00:00+00:00,2026-09-26T01:29:53.179569+00:00,C12,CONTINUATION,ALICEUSDT,0.1606,BULL,BULL,"{""btc_d1_rsi"": 64.31554981919358, ""breadth_ret72_delta72"": -32.91770573566085, ""btc_d1_ema20_slope3"": 1.5632306408799757, ""btc_ret_24h"": -0.803877431862221}","{""last_pivot_low_age_h"": 10.0, ""pivot1_low"": 0.1467, ""pivot2_low"": 0.1513, ""pivot_hours"": 12.0, ""multi_bull_div"": 0.0, ""h1_rsi"": 65.79941448297348, ""h1_dist_ema20"": 2.5125828095815983, ""dist_high_20h"": 1.9536019536019578}","{""available"": true, ""label"": ""V11_DIAGNOSTIC_PROXY"", ""quality"": 88.0, ""quality_ge72"": true, ""pressure"": false, ""retrigger"": true, ""fast_confirm"": false, ""fast_break"": false, ""h1_price_above_ema20"": true, ""h1_rsi_ge50"": true, ""near_20h_high_le4_5"": true, ""m15_near_prev_high6_ge_m0_2"": false}",2.1170610211706187,-1.494396014943955,-0.9339975093399788,2.1170610211706187,-1.494396014943955,0.5603985056039873,4.420921544209211,-1.494396014943955,1.0585305105853093,4.420921544209211,-2.490660024906599,-2.4283935242839227,7.0,20.0,,,1.0,,1
c44590338f1ab15d0c9d6f27,2026-09-26T01:00:00+00:00,2026-09-26T01:29:53.628055+00:00,C12,CONTINUATION,ARKUSDT,0.2541,BULL,BULL,"{""btc_d1_rsi"": 64.31554981919358, ""breadth_ret72_delta72"": -32.91770573566085, ""btc_d1_ema20_slope3"": 1.5632306408799757, ""btc_ret_24h"": -0.803877431862221}","{""last_pivot_low_age_h"": 10.0, ""pivot1_low"": 0.183, ""pivot2_low"": 0.2167, ""pivot_hours"": 8.0, ""multi_bull_div"": 0.0, ""h1_rsi"": 66.97262289046748, ""h1_dist_ema20"": 9.26286717508713, ""dist_high_20h"": 4.545454545454541}","{""available"": true, ""label"": ""V11_DIAGNOSTIC_PROXY"", ""quality"": 87.0, ""quality_ge72"": true, ""pressure"": false, ""retrigger"": true, ""fast_confirm"": false, ""fast_break"": false, ""h1_price_above_ema20"": true, ""h1_rsi_ge50"": true, ""near_20h_high_le4_5"": false, ""m15_near_prev_high6_ge_m0_2"": false}",11.452184179456903,-4.722550177095631,10.035419126328215,14.010232192050376,-4.722550177095631,11.767020857929932,15.89925226288862,-4.722550177095631,11.137347500983852,15.89925226288862,-4.722550177095631,2.046438410074769,2.0,1.0,2.0,1.0,0.0,0.0,1
c580ac1908d7b782e91dcc27,2026-09-26T01:00:00+00:00,2026-09-26T01:29:54.074471+00:00,C12,CONTINUATION,ASTERUSDT,0.7336,BULL,BULL,"{""btc_d1_rsi"": 64.31554981919358, ""breadth_ret72_delta72"": -32.91770573566085, ""btc_d1_ema20_slope3"": 1.5632306408799757, ""btc_ret_24h"": -0.803877431862221}","{""last_pivot_low_age_h"": 10.0, ""pivot1_low"": 0.7039, ""pivot2_low"": 0.7171, ""pivot_hours"": 12.0, ""multi_bull_div"": 0.0, ""h1_rsi"": 56.78668867819173, ""h1_dist_ema20"": 0.4627738428927053, ""dist_high_20h"": 1.4508328855453945}","{""available"": true, ""label"": ""V11_DIAGNOSTIC_PROXY"", ""quality"": 0.0, ""quality_ge72"": false, ""pressure"": false, ""retrigger"": false, ""fast_confirm"": false, ""fast_break"": false, ""h1_price_above_ema20"": true, ""h1_rsi_ge50"": true, ""near_20h_high_le4_5"": true, ""m15_near_prev_high6_ge_m0_2"": false}",0.5316248636859422,-0.4362050163576825,-0.2998909487459067,0.5316248636859422,-1.0359869138495181,-0.2998909487459067,0.5588876772082862,-1.0359869138495181,-0.7633587786259555,2.071973827699014,-1.3086150490730697,-0.35441657579062813,,,,,,,1
9a2605ddaf5d5d1b2f3da995,2026-09-26T01:00:00+00:00,2026-09-26T01:29:54.523975+00:00,C12,CONTINUATION,ATMUSDT,1.086,BULL,BULL,"{""btc_d1_rsi"": 64.31554981919358, ""breadth_ret72_delta72"": -32.91770573566085, ""btc_d1_ema20_slope3"": 1.5632306408799757, ""btc_ret_24h"": -0.803877431862221}","{""last_pivot_low_age_h"": 10.0, ""pivot1_low"": 1.079, ""pivot2_low"": 1.075, ""pivot_hours"": 3.0, ""multi_bull_div"": 0.0, ""h1_rsi"": 52.980923304522626, ""h1_dist_ema20"": 0.13168545215116456, ""dist_high_20h"": 0.45829514207148536}","{""available"": true, ""label"": ""V11_DIAGNOSTIC_PROXY"", ""quality"": 0.0, ""quality_ge72"": false, ""pressure"": false, ""retrigger"": false, ""fast_confirm"": true, ""fast_break"": true, ""h1_price_above_ema20"": true, ""h1_rsi_ge50"": true, ""near_20h_high_le4_5"": true, ""m15_near_prev_high6_ge_m0_2"": true}",0.5524861878453136,-0.36832412523020164,0.36832412523020164,1.1970534069981387,-0.36832412523020164,0.36832412523020164,1.1970534069981387,-0.36832412523020164,0.6445672191528473,1.1970534069981387,-0.9208103130755041,-0.4604051565377687,,,,,,,1
538dd071a99ee4c53b07078c,2026-09-26T01:00:00+00:00,2026-09-26T01:29:54.970746+00:00,C12,CONTINUATION,ATUSDT,0.1528,BULL,BULL,"{""btc_d1_rsi"": 64.31554981919358, ""breadth_ret72_delta72"": -32.91770573566085, ""btc_d1_ema20_slope3"": 1.5632306408799757, ""btc_ret_24h"": -0.803877431862221}","{""last_pivot_low_age_h"": 10.0, ""pivot1_low"": 0.1513, ""pivot2_low"": 0.1476, ""pivot_hours"": 6.0, ""multi_bull_div"": 0.0, ""h1_rsi"": 50.575580260370465, ""h1_dist_ema20"": 0.2761603452388739, ""dist_high_20h"": 1.1003236245954784}","{""available"": true, ""label"": ""V11_DIAGNOSTIC_PROXY"", ""quality"": 0.0, ""quality_ge72"": false, ""pressure"": false, ""retrigger"": false, ""fast_confirm"": false, ""fast_break"": false, ""h1_price_above_ema20"": true, ""h1_rsi_ge50"": true, ""near_20h_high_le4_5"": true, ""m15_near_prev_high6_ge_m0_2"": false}",0.2617801047120505,-1.1780104712041828,-1.0471204188481575,0.2617801047120505,-1.2434554973821843,-0.8507853403141308,4.253926701570676,-1.2434554973821843,1.5706806282722585,4.253926701570676,-1.5052356020942348,-1.5052356020942348,7.0,,,,1.0,,1
6df4375011f81616c7cfe6b4,2026-09-26T01:00:00+00:00,2026-09-26T01:29:55.420997+00:00,C12,CONTINUATION,AVAUSDT,0.2625,BULL,BULL,"{""btc_d1_rsi"": 64.31554981919358, ""breadth_ret72_delta72"": -32.91770573566085, ""btc_d1_ema20_slope3"": 1.5632306408799757, ""btc_ret_24h"": -0.803877431862221}","{""last_pivot_low_age_h"": 9.0, ""pivot1_low"": 0.2567, ""pivot2_low"": 0.2576, ""pivot_hours"": 8.0, ""multi_bull_div"": 0.0, ""h1_rsi"": 51.444205738739086, ""h1_dist_ema20"": 0.1254850562883103, ""dist_high_20h"": 3.6343612334801656}","{""available"": true, ""label"": ""V11_DIAGNOSTIC_PROXY"", ""quality"": 0.0, ""quality_ge72"": false, ""pressure"": false, ""retrigger"": false, ""fast_confirm"": false, ""fast_break"": false, ""h1_price_above_ema20"": true, ""h1_rsi_ge50"": true, ""near_20h_high_le4_5"": true, ""m15_near_prev_high6_ge_m0_2"": false}",0.45714285714284486,-1.7142857142857126,-1.6380952380952496,0.45714285714284486,-2.819047619047621,-0.9904761904761861,0.45714285714284486,-2.819047619047621,-0.3809523809523818,0.45714285714284486,-8.838095238095233,-7.466666666666666,,4.0,,15.0,0.0,0.0,1
3494b7c040e25de9a0ccfbe5,2026-09-26T01:00:00+00:00,2026-09-26T01:29:55.867307+00:00,C12,CONTINUATION,BARDUSDT,0.1461,BULL,BULL,"{""btc_d1_rsi"": 64.31554981919358, ""breadth_ret72_delta72"": -32.91770573566085, ""btc_d1_ema20_slope3"": 1.5632306408799757, ""btc_ret_24h"": -0.803877431862221}","{""last_pivot_low_age_h"": 10.0, ""pivot1_low"": 0.1377, ""pivot2_low"": 0.1405, ""pivot_hours"": 11.0, ""multi_bull_div"": 0.0, ""h1_rsi"": 60.19078317923363, ""h1_dist_ema20"": 1.2276579587761294, ""dist_high_20h"": 4.070912672357174}","{""available"": true, ""label"": ""V11_DIAGNOSTIC_PROXY"", ""quality"": 79.0, ""quality_ge72"": true, ""pressure"": false, ""retrigger"": true, ""fast_confirm"": false, ""fast_break"": false, ""h1_price_above_ema20"": true, ""h1_rsi_ge50"": true, ""near_20h_high_le4_5"": true, ""m15_near_prev_high6_ge_m0_2"": false}",0.8213552361396204,-0.4106776180698324,-0.1368925393566145,0.8213552361396204,-1.3689253935660561,-0.8213552361396315,1.2320328542094527,-1.3689253935660561,0.0684462696783017,3.7645448323066377,-1.3689253935660561,0.5475701574264136,16.0,,,,1.0,,1
42d59f2f26e2ccf12c428533,2026-09-26T01:00:00+00:00,2026-09-26T01:29:56.320896+00:00,C12,CONTINUATION,CATIUSDT,0.06464,BULL,BULL,"{""btc_d1_rsi"": 64.31554981919358, ""breadth_ret72_delta72"": -32.91770573566085, ""btc_d1_ema20_slope3"": 1.5632306408799757, ""btc_ret_24h"": -0.803877431862221}","{""last_pivot_low_age_h"": 10.0, ""pivot1_low"": 0.06041, ""pivot2_low"": 0.06212, ""pivot_hours"": 11.0, ""multi_bull_div"": 0.0, ""h1_rsi"": 71.96047000600949, ""h1_dist_ema20"": 2.079769128850173, ""dist_high_20h"": 0.7980356046654258}","{""available"": true, ""label"": ""V11_DIAGNOSTIC_PROXY"", ""quality"": 0.0, ""quality_ge72"": false, ""pressure"": false, ""retrigger"": false, ""fast_confirm"": false, ""fast_break"": false, ""h1_price_above_ema20"": true, ""h1_rsi_ge50"": true, ""near_20h_high_le4_5"": true, ""m15_near_prev_high6_ge_m0_2"": false}",0.572400990099009,-1.1602722772277252,-0.3403465346534573,0.572400990099009,-1.1602722772277252,-0.7735148514851464,0.6652227722772297,-1.1912128712871395,0.41769801980195975,2.815594059405946,-1.1912128712871395,2.0420792079207883,,,,,,,1
64cb1c25c3511c3bb53ecafd,2026-09-26T01:00:00+00:00,2026-09-26T01:29:56.773718+00:00,C12,CONTINUATION,CRVUSDT,0.3519,BULL,BULL,"{""btc_d1_rsi"": 64.31554981919358, ""breadth_ret72_delta72"": -32.91770573566085, ""btc_d1_ema20_slope3"": 1.5632306408799757, ""btc_ret_24h"": -0.803877431862221}","{""last_pivot_low_age_h"": 10.0, ""pivot1_low"": 0.3419, ""pivot2_low"": 0.3346, ""pivot_hours"": 4.0, ""multi_bull_div"": 3.0, ""h1_rsi"": 58.29585079602391, ""h1_dist_ema20"": 1.5028821992979502, ""dist_high_20h"": 1.7587939698492594}","{""available"": true, ""label"": ""V11_DIAGNOSTIC_PROXY"", ""quality"": 0.0, ""quality_ge72"": false, ""pressure"": false, ""retrigger"": false, ""fast_confirm"": false, ""fast_break"": false, ""h1_price_above_ema20"": true, ""h1_rsi_ge50"": true, ""near_20h_high_le4_5"": true, ""m15_near_prev_high6_ge_m0_2"": false}",0.5115089514066584,-1.0230179028132946,-0.6535947712418166,0.5115089514066584,-1.0514350667803263,-0.8240977550440509,0.7956805910770193,-2.074452969593632,-1.619778346121048,2.273373117362887,-4.063654447286158,-1.1082693947144118,,9.0,,20.0,0.0,0.0,1
d37dfbab4a426b683a5aa7db,2026-09-26T01:00:00+00:00,2026-09-26T01:29:57.222150+00:00,C12,CONTINUATION,CUSDT,0.0872,BULL,BULL,"{""btc_d1_rsi"": 64.31554981919358, ""breadth_ret72_delta72"": -32.91770573566085, ""btc_d1_ema20_slope3"": 1.5632306408799757, ""btc_ret_24h"": -0.803877431862221}","{""last_pivot_low_age_h"": 12.0, ""pivot1_low"": 0.0821, ""pivot2_low"": 0.081, ""pivot_hours"": 3.0, ""multi_bull_div"": 0.0, ""h1_rsi"": 71.9847070300768, ""h1_dist_ema20"": 3.29300340360148, ""dist_high_20h"": 1.13378684807256}","{""available"": true, ""label"": ""V11_DIAGNOSTIC_PROXY"", ""quality"": 89.0, ""quality_ge72"": true, ""pressure"": true, ""retrigger"": false, ""fast_confirm"": false, ""fast_break"": false, ""h1_price_above_ema20"": true, ""h1_rsi_ge50"": true, ""near_20h_high_le4_5"": true, ""m15_near_prev_high6_ge_m0_2"": false}",2.064220183486243,-0.5733944954128489,0.6880733944954143,2.064220183486243,-0.5733944954128489,-0.2293577981651418,3.2110091743119185,-0.5733944954128489,0.34403669724769603,6.192660550458728,-0.5733944954128489,3.5550458715596367,9.0,,17.0,,1.0,1.0,1
6700a469d3a127b37fde96cd,2026-09-26T01:00:00+00:00,2026-09-26T01:29:57.676144+00:00,C12,CONTINUATION,DODOUSDT,0.01847,BULL,BULL,"{""btc_d1_rsi"": 64.31554981919358, ""breadth_ret72_delta72"": -32.91770573566085, ""btc_d1_ema20_slope3"": 1.5632306408799757, ""btc_ret_24h"": -0.803877431862221}","{""last_pivot_low_age_h"": 10.0, ""pivot1_low"": 0.0182, ""pivot2_low"": 0.01833, ""pivot_hours"": 7.0, ""multi_bull_div"": 0.0, ""h1_rsi"": 47.70315481073907, ""h1_dist_ema20"": -0.45889864101220645, ""dist_high_20h"": 3.5005224660397127}","{""available"": true, ""label"": ""V11_DIAGNOSTIC_PROXY"", ""quality"": 0.0, ""quality_ge72"": false, ""pressure"": false, ""retrigger"": false, ""fast_confirm"": false, ""fast_break"": false, ""h1_price_above_ema20"": false, ""h1_rsi_ge50"": false, ""near_20h_high_le4_5"": true, ""m15_near_prev_high6_ge_m0_2"": false}",1.0286951813752054,0.0,0.37899296155929907,1.678397401191134,0.0,0.8662696264212233,2.003248511099076,-0.7038440714672523,-0.21656740660531693,2.003248511099076,-1.678397401191123,-0.37899296155928797,,,,,,,1
43155f1ce9711d560f9543fc,2026-09-26T01:00:00+00:00,2026-09-26T01:29:58.111021+00:00,C12,CONTINUATION,DRAMBUSDT,61.69,BULL,BULL,"{""btc_d1_rsi"": 64.31554981919358, ""breadth_ret72_delta72"": -32.91770573566085, ""btc_d1_ema20_slope3"": 1.5632306408799757, ""btc_ret_24h"": -0.803877431862221}","{""last_pivot_low_age_h"": 10.0, ""pivot1_low"": 60.61, ""pivot2_low"": 61.11, ""pivot_hours"": 14.0, ""multi_bull_div"": 0.0, ""h1_rsi"": 50.2258007183214, ""h1_dist_ema20"": -0.08599360305765469, ""dist_high_20h"": 1.1378205128205088}","{""available"": true, ""label"": ""V11_DIAGNOSTIC_PROXY"", ""quality"": 0.0, ""quality_ge72"": false, ""pressure"": false, ""retrigger"": false, ""fast_confirm"": false, ""fast_break"": false, ""h1_price_above_ema20"": false, ""h1_rsi_ge50"": true, ""near_20h_high_le4_5"": true, ""m15_near_prev_high6_ge_m0_2"": false}",0.3242016534284353,-0.03242016534283909,0.2431512400713265,0.486302480142653,-0.03242016534283909,0.3890419841141135,0.9563948776138753,-0.03242016534283909,0.8753444642567665,1.7506889285135552,-0.03242016534283909,1.604798184470746,,,,,,,1
05af4fcebadd988d07686907,2026-09-26T01:00:00+00:00,2026-09-26T01:29:58.565306+00:00,C12,CONTINUATION,EIGENUSDT,0.2604,BULL,BULL,"{""btc_d1_rsi"": 64.31554981919358, ""breadth_ret72_delta72"": -32.91770573566085, ""btc_d1_ema20_slope3"": 1.5632306408799757, ""btc_ret_24h"": -0.803877431862221}","{""last_pivot_low_age_h"": 10.0, ""pivot1_low"": 0.234, ""pivot2_low"": 0.2394, ""pivot_hours"": 7.0, ""multi_bull_div"": 0.0, ""h1_rsi"": 64.91376065033072, ""h1_dist_ema20"": 3.4152163158300164, ""dist_high_20h"": 3.626943005181338}","{""available"": true, ""label"": ""V11_DIAGNOSTIC_PROXY"", ""quality"": 95.0, ""quality_ge72"": true, ""pressure"": false, ""retrigger"": true, ""fast_confirm"": false, ""fast_break"": false, ""h1_price_above_ema20"": true, ""h1_rsi_ge50"": true, ""near_20h_high_le4_5"": true, ""m15_near_prev_high6_ge_m0_2"": false}",0.8832565284178084,-1.5360983102918557,0.8832565284178084,2.3809523809523725,-1.5360983102918557,2.3809523809523725,4.608294930875556,-1.5360983102918557,3.8402457757296338,9.677419354838701,-1.5360983102918557,2.841781874039917,10.0,,13.0,,1.0,1.0,1
1a56a71c7d5a3051e0af9a32,2026-09-26T01:00:00+00:00,2026-09-26T01:29:59.017087+00:00,C12,CONTINUATION,FILUSDT,1.0424,BULL,BULL,"{""btc_d1_rsi"": 64.31554981919358, ""breadth_ret72_delta72"": -32.91770573566085, ""btc_d1_ema20_slope3"": 1.5632306408799757, ""btc_ret_24h"": -0.803877431862221}","{""last_pivot_low_age_h"": 10.0, ""pivot1_low"": 0.9722, ""pivot2_low"": 0.9938, ""pivot_hours"": 12.0, ""multi_bull_div"": 0.0, ""h1_rsi"": 62.54790164151115, ""h1_dist_ema20"": 1.6593411491074628, ""dist_high_20h"": 1.6232540581351595}","{""available"": true, ""label"": ""V11_DIAGNOSTIC_PROXY"", ""quality"": 87.0, ""quality_ge72"": true, ""pressure"": false, ""retrigger"": true, ""fast_confirm"": false, ""fast_break"": false, ""h1_price_above_ema20"": true, ""h1_rsi_ge50"": true, ""near_20h_high_le4_5"": true, ""m15_near_prev_high6_ge_m0_2"": false}",1.2471220260936278,-1.112816577129705,-0.719493476592481,4.278587874136597,-1.112816577129705,3.72217958557175,5.899846508058348,-1.112816577129705,3.6166538756715383,17.95855717574828,-1.112816577129705,8.173445894090548,6.0,,10.0,,1.0,1.0,1
0957eda38a0dee4b91c809c2,2026-09-26T01:00:00+00:00,2026-09-26T01:29:59.469149+00:00,C12,CONTINUATION,FTTUSDT,0.2655,BULL,BULL,"{""btc_d1_rsi"": 64.31554981919358, ""breadth_ret72_delta72"": -32.91770573566085, ""btc_d1_ema20_slope3"": 1.5632306408799757, ""btc_ret_24h"": -0.803877431862221}","{""last_pivot_low_age_h"": 10.0, ""pivot1_low"": 0.2528, ""pivot2_low"": 0.25, ""pivot_hours"": 4.0, ""multi_bull_div"": 3.0, ""h1_rsi"": 63.304014162224234, ""h1_dist_ema20"": 2.348506820182683, ""dist_high_20h"": 0.5245410266017325}","{""available"": true, ""label"": ""V11_DIAGNOSTIC_PROXY"", ""quality"": 76.0, ""quality_ge72"": true, ""pressure"": true, ""retrigger"": false, ""fast_confirm"": false, ""fast_break"": false, ""h1_price_above_ema20"": true, ""h1_rsi_ge50"": true, ""near_20h_high_le4_5"": true, ""m15_near_prev_high6_ge_m0_2"": false}",0.4143126177024392,-1.2806026365348444,-0.941619585687381,0.4143126177024392,-6.779661016949157,-4.632768361581929,0.4143126177024392,-6.779661016949157,-3.766478342749535,0.4143126177024392,-6.779661016949157,-1.9962335216572646,,4.0,,4.0,0.0,0.0,1
4539384800a6ef785509157f,2026-09-26T01:00:00+00:00,2026-09-26T01:29:59.919026+00:00,C12,CONTINUATION,GPSUSDT,0.01136,BULL,BULL,"{""btc_d1_rsi"": 64.31554981919358, ""breadth_ret72_delta72"": -32.91770573566085, ""btc_d1_ema20_slope3"": 1.5632306408799757, ""btc_ret_24h"": -0.803877431862221}","{""last_pivot_low_age_h"": 10.0, ""pivot1_low"": 0.0113, ""pivot2_low"": 0.01115, ""pivot_hours"": 4.0, ""multi_bull_div"": 0.0, ""h1_rsi"": 45.93150571430078, ""h1_dist_ema20"": -0.24013816773683638, ""dist_high_20h"": 2.1533161068044815}","{""available"": true, ""label"": ""V11_DIAGNOSTIC_PROXY"", ""quality"": 0.0, ""quality_ge72"": false, ""pressure"": false, ""retrigger"": false, ""fast_confirm"": false, ""fast_break"": false, ""h1_price_above_ema20"": false, ""h1_rsi_ge50"": false, ""near_20h_high_le4_5"": true, ""m15_near_prev_high6_ge_m0_2"": false}",0.5281690140845008,-0.7042253521126751,0.17605633802815213,2.7288732394366244,-0.7042253521126751,2.464788732394352,7.1302816901408494,-0.7042253521126751,6.073943661971826,7.2183098591549255,-0.7042253521126751,4.313380281690127,7.0,,8.0,,1.0,1.0,1
c9e2c7fb531ee9a0920da84e,2026-09-26T01:00:00+00:00,2026-09-26T01:30:00.377803+00:00,C12,CONTINUATION,HAEDALUSDT,0.02181,BULL,BULL,"{""btc_d1_rsi"": 64.31554981919358, ""breadth_ret72_delta72"": -32.91770573566085, ""btc_d1_ema20_slope3"": 1.5632306408799757, ""btc_ret_24h"": -0.803877431862221}","{""last_pivot_low_age_h"": 10.0, ""pivot1_low"": 0.02047, ""pivot2_low"": 0.02088, ""pivot_hours"": 12.0, ""multi_bull_div"": 0.0, ""h1_rsi"": 62.6861396332789, ""h1_dist_ema20"": 1.9391714027435114, ""dist_high_20h"": 1.490514905149054}","{""available"": true, ""label"": ""V11_DIAGNOSTIC_PROXY"", ""quality"": 84.0, ""quality_ge72"": true, ""pressure"": true, ""retrigger"": true, ""fast_confirm"": false, ""fast_break"": false, ""h1_price_above_ema20"": true, ""h1_rsi_ge50"": true, ""near_20h_high_le4_5"": true, ""m15_near_prev_high6_ge_m0_2"": false}",1.421366345712971,-0.13755158184318717,-0.04585052728106609,2.6593305823017,-0.13755158184318717,0.7794589637780902,2.6593305823017,-0.13755158184318717,0.09170105456213218,2.6593305823017,-2.154974782209984,-1.375515818431905,,20.0,,,0.0,,1
ae2ab1cfbce4d33152f2b225,2026-09-26T01:00:00+00:00,2026-09-26T01:30:01.520856+00:00,C12,CONTINUATION,HBARUSDT,0.09483,BULL,BULL,"{""btc_d1_rsi"": 64.31554981919358, ""breadth_ret72_delta72"": -32.91770573566085, ""btc_d1_ema20_slope3"": 1.5632306408799757, ""btc_ret_24h"": -0.803877431862221}","{""last_pivot_low_age_h"": 9.0, ""pivot1_low"": 0.09145, ""pivot2_low"": 0.09255, ""pivot_hours"": 8.0, ""multi_bull_div"": 0.0, ""h1_rsi"": 56.72313613336843, ""h1_dist_ema20"": 0.883709443923264, ""dist_high_20h"": 1.9642303318515464}","{""available"": true, ""label"": ""V11_DIAGNOSTIC_PROXY"", ""quality"": 0.0, ""quality_ge72"": false, ""pressure"": false, ""retrigger"": false, ""fast_confirm"": false, ""fast_break"": false, ""h1_price_above_ema20"": true, ""h1_rsi_ge50"": true, ""near_20h_high_le4_5"": true, ""m15_near_prev_high6_ge_m0_2"": false}",0.6221659812295721,-0.6854370979647806,-0.5378044922492831,0.6221659812295721,-1.539597173890117,-1.117789728988705,0.6221659812295721,-1.5712327322577102,-1.2232415902140636,0.6221659812295721,-3.216281767373186,-2.1933987134872934,,20.0,,20.0,0.0,0.0,1
5b6ef635c3ac197f6710be6c,2026-09-26T01:00:00+00:00,2026-09-26T01:30:03.478365+00:00,C12,CONTINUATION,INITUSDT,0.09868,BULL,BULL,"{""btc_d1_rsi"": 64.31554981919358, ""breadth_ret72_delta72"": -32.91770573566085, ""btc_d1_ema20_slope3"": 1.5632306408799757, ""btc_ret_24h"": -0.803877431862221}","{""last_pivot_low_age_h"": 10.0, ""pivot1_low"": 0.09509, ""pivot2_low"": 0.09549, ""pivot_hours"": 8.0, ""multi_bull_div"": 0.0, ""h1_rsi"": 56.54471617401633, ""h1_dist_ema20"": 0.9366515919638774, ""dist_high_20h"": 1.575902653101935}","{""available"": true, ""label"": ""V11_DIAGNOSTIC_PROXY"", ""quality"": 84.0, ""quality_ge72"": true, ""pressure"": true, ""retrigger"": false, ""fast_confirm"": false, ""fast_break"": false, ""h1_price_above_ema20"": true, ""h1_rsi_ge50"": true, ""near_20h_high_le4_5"": true, ""m15_near_prev_high6_ge_m0_2"": false}",0.5370895824888589,-0.6890960680989044,0.16214025131737753,1.0741791649776955,-0.6890960680989044,-0.35468179975679526,1.1147142278070454,-0.8208350222942862,0.4661532225374909,1.1147142278070454,-6.100526955816776,-4.367653019862194,,15.0,,19.0,0.0,0.0,1
950edcf1c646cbe1fbee658b,2026-09-26T01:00:00+00:00,2026-09-26T01:30:04.493070+00:00,C12,CONTINUATION,IOSTUSDT,0.00096,BULL,BULL,"{""btc_d1_rsi"": 64.31554981919358, ""breadth_ret72_delta72"": -32.91770573566085, ""btc_d1_ema20_slope3"": 1.5632306408799757, ""btc_ret_24h"": -0.803877431862221}","{""last_pivot_low_age_h"": 10.0, ""pivot1_low"": 0.000906, ""pivot2_low"": 0.000925, ""pivot_hours"": 7.0, ""multi_bull_div"": 0.0, ""h1_rsi"": 61.74891030526763, ""h1_dist_ema20"": 1.1712275896806013, ""dist_high_20h"": 1.7400204708290623}","{""available"": true, ""label"": ""V11_DIAGNOSTIC_PROXY"", ""quality"": 80.0, ""quality_ge72"": true, ""pressure"": false, ""retrigger"": true, ""fast_confirm"": false, ""fast_break"": false, ""h1_price_above_ema20"": true, ""h1_rsi_ge50"": true, ""near_20h_high_le4_5"": true, ""m15_near_prev_high6_ge_m0_2"": false}",1.6666666666666607,-1.041666666666674,-0.9375000000000022,1.6666666666666607,-1.2500000000000067,0.2083333333333215,2.2916666666666696,-1.2500000000000067,1.5625,6.979166666666647,-1.2500000000000067,3.8541666666666696,15.0,,17.0,,1.0,1.0,1
10a4b3ee2af1b0df09379760,2026-09-26T01:00:00+00:00,2026-09-26T01:30:05.048771+00:00,C12,CONTINUATION,JSTUSDT,0.12185,BULL,BULL,"{""btc_d1_rsi"": 64.31554981919358, ""breadth_ret72_delta72"": -32.91770573566085, ""btc_d1_ema20_slope3"": 1.5632306408799757, ""btc_ret_24h"": -0.803877431862221}","{""last_pivot_low_age_h"": 10.0, ""pivot1_low"": 0.11442, ""pivot2_low"": 0.11746, ""pivot_hours"": 10.0, ""multi_bull_div"": 0.0, ""h1_rsi"": 79.53728748823457, ""h1_dist_ema20"": 2.262831223052153, ""dist_high_20h"": 0.660361976194368}","{""available"": true, ""label"": ""V11_DIAGNOSTIC_PROXY"", ""quality"": 84.0, ""quality_ge72"": true, ""pressure"": true, ""retrigger"": false, ""fast_confirm"": false, ""fast_break"": false, ""h1_price_above_ema20"": true, ""h1_rsi_ge50"": true, ""near_20h_high_le4_5"": true, ""m15_near_prev_high6_ge_m0_2"": false}",1.116126384899463,-0.11489536315141269,0.9930242100943731,1.2556421830119069,-0.11489536315141269,0.8781288469429605,1.748050882232266,-0.11489536315141269,1.280262617972916,1.748050882232266,-0.6975789905621643,0.804267542059911,,,,,,,1
cb5987c21776b50d141ea49d,2026-09-26T01:00:00+00:00,2026-09-26T01:30:05.502953+00:00,C12,CONTINUATION,KAVAUSDT,0.06784,BULL,BULL,"{""btc_d1_rsi"": 64.31554981919358, ""breadth_ret72_delta72"": -32.91770573566085, ""btc_d1_ema20_slope3"": 1.5632306408799757, ""btc_ret_24h"": -0.803877431862221}","{""last_pivot_low_age_h"": 9.0, ""pivot1_low"": 0.06908, ""pivot2_low"": 0.06702, ""pivot_hours"": 7.0, ""multi_bull_div"": 0.0, ""h1_rsi"": 34.50650209533737, ""h1_dist_ema20"": -1.4482151075887462, ""dist_high_20h"": 3.704755145493255}","{""available"": true, ""label"": ""V11_DIAGNOSTIC_PROXY"", ""quality"": 0.0, ""quality_ge72"": false, ""pressure"": false, ""retrigger"": false, ""fast_confirm"": false, ""fast_break"": false, ""h1_price_above_ema20"": false, ""h1_rsi_ge50"": false, ""near_20h_high_le4_5"": true, ""m15_near_prev_high6_ge_m0_2"": false}",0.9286556603773644,-1.2676886792452824,0.38325471698112956,1.6362028301886822,-1.2676886792452824,0.19162735849056478,1.6362028301886822,-1.2676886792452824,0.1768867924528461,1.6362028301886822,-1.2676886792452824,0.9286556603773644,,,,,,,1
8a22531993c305bd427f7a8e,2026-09-26T01:00:00+00:00,2026-09-26T01:30:05.954673+00:00,C12,CONTINUATION,KERNELUSDT,0.0553,BULL,BULL,"{""btc_d1_rsi"": 64.31554981919358, ""breadth_ret72_delta72"": -32.91770573566085, ""btc_d1_ema20_slope3"": 1.5632306408799757, ""btc_ret_24h"": -0.803877431862221}","{""last_pivot_low_age_h"": 10.0, ""pivot1_low"": 0.053, ""pivot2_low"": 0.0536, ""pivot_hours"": 7.0, ""multi_bull_div"": 0.0, ""h1_rsi"": 58.14619847680031, ""h1_dist_ema20"": 1.0078686613738785, ""dist_high_20h"": 2.29681978798586}","{""available"": true, ""label"": ""V11_DIAGNOSTIC_PROXY"", ""quality"": 0.0, ""quality_ge72"": false, ""pressure"": false, ""retrigger"": false, ""fast_confirm"": false, ""fast_break"": false, ""h1_price_above_ema20"": true, ""h1_rsi_ge50"": true, ""near_20h_high_le4_5"": true, ""m15_near_prev_high6_ge_m0_2"": false}",-0.1808318264014508,-2.350813743218816,-2.169981916817354,-0.1808318264014508,-2.5316455696202556,-1.9891500904159254,-0.1808318264014508,-2.5316455696202556,-1.0849909584086825,0.0,-3.797468354430389,-1.9891500904159254,,3.0,,20.0,0.0,0.0,1
9e735a17e81ef9b444c3482b,2026-09-26T01:00:00+00:00,2026-09-26T01:30:06.401718+00:00,C12,CONTINUATION,METUSDT,0.3549,BULL,BULL,"{""btc_d1_rsi"": 64.31554981919358, ""breadth_ret72_delta72"": -32.91770573566085, ""btc_d1_ema20_slope3"": 1.5632306408799757, ""btc_ret_24h"": -0.803877431862221}","{""last_pivot_low_age_h"": 10.0, ""pivot1_low"": 0.3263, ""pivot2_low"": 0.3322, ""pivot_hours"": 7.0, ""multi_bull_div"": 0.0, ""h1_rsi"": 55.3080313346505, ""h1_dist_ema20"": 1.309979409103823, ""dist_high_20h"": 5.536332179930792}","{""available"": true, ""label"": ""V11_DIAGNOSTIC_PROXY"", ""quality"": 88.0, ""quality_ge72"": true, ""pressure"": false, ""retrigger"": true, ""fast_confirm"": false, ""fast_break"": false, ""h1_price_above_ema20"": true, ""h1_rsi_ge50"": true, ""near_20h_high_le4_5"": false, ""m15_near_prev_high6_ge_m0_2"": false}",2.2259791490560676,-1.690617075232459,0.056353902507755294,2.2259791490560676,-1.690617075232459,-0.11270780501549948,2.423217807833189,-2.0850943927867016,1.690617075232459,4.198365736827281,-2.0850943927867016,-1.6342631727247037,13.0,9.0,,,0.0,,1
553d26343a6fea341e86e2b0,2026-09-26T01:00:00+00:00,2026-09-26T01:30:06.849285+00:00,C12,CONTINUATION,MIRAUSDT,0.05544,BULL,BULL,"{""btc_d1_rsi"": 64.31554981919358, ""breadth_ret72_delta72"": -32.91770573566085, ""btc_d1_ema20_slope3"": 1.5632306408799757, ""btc_ret_24h"": -0.803877431862221}","{""last_pivot_low_age_h"": 10.0, ""pivot1_low"": 0.05399, ""pivot2_low"": 0.05426, ""pivot_hours"": 7.0, ""multi_bull_div"": 0.0, ""h1_rsi"": 55.58805327425079, ""h1_dist_ema20"": 0.5558918958842085, ""dist_high_20h"": 1.7021276595744594}","{""available"": true, ""label"": ""V11_DIAGNOSTIC_PROXY"", ""quality"": 0.0, ""quality_ge72"": false, ""pressure"": false, ""retrigger"": false, ""fast_confirm"": false, ""fast_break"": false, ""h1_price_above_ema20"": true, ""h1_rsi_ge50"": true, ""near_20h_high_le4_5"": true, ""m15_near_prev_high6_ge_m0_2"": false}",0.775613275613285,-0.7395382395382399,-0.10822510822511289,0.775613275613285,-0.7395382395382399,-0.32467532467533866,1.35281385281385,-0.7395382395382399,0.3427128427128334,3.1204906204906013,-1.2987012987013102,-0.757575757575768,14.0,,,,1.0,,1
33c40c9bdbfb4e15ad10d7d8,2026-09-26T01:00:00+00:00,2026-09-26T01:30:07.303444+00:00,C12,CONTINUATION,MOVRUSDT,0.982,BULL,BULL,"{""btc_d1_rsi"": 64.31554981919358, ""breadth_ret72_delta72"": -32.91770573566085, ""btc_d1_ema20_slope3"": 1.5632306408799757, ""btc_ret_24h"": -0.803877431862221}","{""last_pivot_low_age_h"": 9.0, ""pivot1_low"": 0.966, ""pivot2_low"": 0.967, ""pivot_hours"": 6.0, ""multi_bull_div"": 0.0, ""h1_rsi"": 52.04132239304104, ""h1_dist_ema20"": 0.012307953743850852, ""dist_high_20h"": 13.784021071115015}","{""available"": true, ""label"": ""V11_DIAGNOSTIC_PROXY"", ""quality"": 100.0, ""quality_ge72"": true, ""pressure"": false, ""retrigger"": true, ""fast_confirm"": false, ""fast_break"": false, ""h1_price_above_ema20"": true, ""h1_rsi_ge50"": true, ""near_20h_high_le4_5"": false, ""m15_near_prev_high6_ge_m0_2"": false}",1.2219959266802416,-1.93482688391039,-1.6293279022403295,2.3421588594704668,-1.93482688391039,1.8329938900203624,4.887983706720989,-1.93482688391039,2.0366598778004175,5.498981670061109,-1.93482688391039,2.2403258655804503,7.0,,14.0,,1.0,1.0,1
43aca731acd94c259ee7db2c,2026-09-26T01:00:00+00:00,2026-09-26T01:30:07.754382+00:00,C12,CONTINUATION,OGNUSDT,0.02075,BULL,BULL,"{""btc_d1_rsi"": 64.31554981919358, ""breadth_ret72_delta72"": -32.91770573566085, ""btc_d1_ema20_slope3"": 1.5632306408799757, ""btc_ret_24h"": -0.803877431862221}","{""last_pivot_low_age_h"": 10.0, ""pivot1_low"": 0.01946, ""pivot2_low"": 0.01965, ""pivot_hours"": 11.0, ""multi_bull_div"": 0.0, ""h1_rsi"": 56.31820048183785, ""h1_dist_ema20"": 1.4668232052144958, ""dist_high_20h"": 10.94420600858369}","{""available"": true, ""label"": ""V11_DIAGNOSTIC_PROXY"", ""quality"": 72.0, ""quality_ge72"": true, ""pressure"": false, ""retrigger"": true, ""fast_confirm"": false, ""fast_break"": false, ""h1_price_above_ema20"": true, ""h1_rsi_ge50"": true, ""near_20h_high_le4_5"": false, ""m15_near_prev_high6_ge_m0_2"": false}",4.626506024096377,-0.09638554216868656,2.8915662650602414,5.349397590361438,-0.09638554216868656,1.8313253012048225,10.21686746987951,-0.09638554216868656,2.3132530120481887,10.21686746987951,-0.09638554216868656,0.6265060240963738,2.0,,5.0,,1.0,1.0,1
c9b3d302ea4cad5658275e5b,2026-09-26T01:00:00+00:00,2026-09-26T01:30:08.203174+00:00,C12,CONTINUATION,PENDLEUSDT,2.513,BULL,BULL,"{""btc_d1_rsi"": 64.31554981919358, ""breadth_ret72_delta72"": -32.91770573566085, ""btc_d1_ema20_slope3"": 1.5632306408799757, ""btc_ret_24h"": -0.803877431862221}","{""last_pivot_low_age_h"": 9.0, ""pivot1_low"": 2.523, ""pivot2_low"": 2.492, ""pivot_hours"": 8.0, ""multi_bull_div"": 0.0, ""h1_rsi"": 43.88818062240079, ""h1_dist_ema20"": -1.4776806345294657, ""dist_high_20h"": 5.205582798943786}","{""available"": true, ""label"": ""V11_DIAGNOSTIC_PROXY"", ""quality"": 0.0, ""quality_ge72"": false, ""pressure"": false, ""retrigger"": false, ""fast_confirm"": false, ""fast_break"": false, ""h1_price_above_ema20"": false, ""h1_rsi_ge50"": false, ""near_20h_high_le4_5"": false, ""m15_near_prev_high6_ge_m0_2"": false}",0.7162753680859613,-0.5968961400716122,0.11937922801432688,1.7111022682053445,-0.5968961400716122,0.6764822920811708,4.337445284520491,-0.6764822920811708,2.8253083963390546,4.456824512534818,-0.6764822920811708,2.0294468762435347,11.0,,,,1.0,,1
e35693f46f02a78b2251a11a,2026-09-26T01:00:00+00:00,2026-09-26T01:30:08.652883+00:00,C12,CONTINUATION,PHAUSDT,0.0855,BULL,BULL,"{""btc_d1_rsi"": 64.31554981919358, ""breadth_ret72_delta72"": -32.91770573566085, ""btc_d1_ema20_slope3"": 1.5632306408799757, ""btc_ret_24h"": -0.803877431862221}","{""last_pivot_low_age_h"": 21.0, ""pivot1_low"": 0.0484, ""pivot2_low"": 0.0494, ""pivot_hours"": 9.0, ""multi_bull_div"": 0.0, ""h1_rsi"": 67.27267068515917, ""h1_dist_ema20"": 12.326013070854769, ""dist_high_20h"": 15.094339622641506}","{""available"": true, ""label"": ""V11_DIAGNOSTIC_PROXY"", ""quality"": 80.0, ""quality_ge72"": true, ""pressure"": false, ""retrigger"": true, ""fast_confirm"": true, ""fast_break"": false, ""h1_price_above_ema20"": true, ""h1_rsi_ge50"": true, ""near_20h_high_le4_5"": false, ""m15_near_prev_high6_ge_m0_2"": false}",6.198830409356715,-5.614035087719316,-4.678362573099415,6.198830409356715,-10.760233918128659,-8.538011695906434,6.198830409356715,-11.695906432748549,-6.198830409356737,6.198830409356715,-11.695906432748549,-6.315789473684208,1.0,1.0,1.0,2.0,0.0,1.0,1
681b719d86a83ec85e0aafd7,2026-09-26T01:00:00+00:00,2026-09-26T01:30:09.103043+00:00,C12,CONTINUATION,POWRUSDT,0.0712,BULL,BULL,"{""btc_d1_rsi"": 64.31554981919358, ""breadth_ret72_delta72"": -32.91770573566085, ""btc_d1_ema20_slope3"": 1.5632306408799757, ""btc_ret_24h"": -0.803877431862221}","{""last_pivot_low_age_h"": 10.0, ""pivot1_low"": 0.068, ""pivot2_low"": 0.0689, ""pivot_hours"": 8.0, ""multi_bull_div"": 0.0, ""h1_rsi"": 66.41643152339095, ""h1_dist_ema20"": 1.658603966022687, ""dist_high_20h"": 3.2608695652173947}","{""available"": true, ""label"": ""V11_DIAGNOSTIC_PROXY"", ""quality"": 100.0, ""quality_ge72"": true, ""pressure"": true, ""retrigger"": true, ""fast_confirm"": false, ""fast_break"": false, ""h1_price_above_ema20"": true, ""h1_rsi_ge50"": true, ""near_20h_high_le4_5"": true, ""m15_near_prev_high6_ge_m0_2"": false}",1.2640449438202195,-0.4213483146067287,0.8426966292134797,1.2640449438202195,-0.4213483146067287,1.1235955056179803,1.8258426966291985,-0.4213483146067287,0.4213483146067398,1.8258426966291985,-0.9831460674157411,-0.4213483146067287,,,,,,,1
0e88d5d53855ef0d1d2016e0,2026-09-26T01:00:00+00:00,2026-09-26T01:30:09.556276+00:00,C12,CONTINUATION,QTUMUSDT,1.037,BULL,BULL,"{""btc_d1_rsi"": 64.31554981919358, ""breadth_ret72_delta72"": -32.91770573566085, ""btc_d1_ema20_slope3"": 1.5632306408799757, ""btc_ret_24h"": -0.803877431862221}","{""last_pivot_low_age_h"": 10.0, ""pivot1_low"": 1.011, ""pivot2_low"": 1.017, ""pivot_hours"": 9.0, ""multi_bull_div"": 0.0, ""h1_rsi"": 55.15024922363543, ""h1_dist_ema20"": 0.335307839702792, ""dist_high_20h"": 4.335793357933593}","{""available"": true, ""label"": ""V11_DIAGNOSTIC_PROXY"", ""quality"": 79.0, ""quality_ge72"": true, ""pressure"": false, ""retrigger"": true, ""fast_confirm"": false, ""fast_break"": false, ""h1_price_above_ema20"": true, ""h1_rsi_ge50"": true, ""near_20h_high_le4_5"": true, ""m15_near_prev_high6_ge_m0_2"": false}",1.0607521697203692,-1.060752169720336,-0.867888138862094,1.0607521697203692,-1.060752169720336,0.6750241080038633,2.4108003857280735,-1.060752169720336,1.3500482160077265,2.700096432015431,-2.700096432015431,-1.7357762777242103,,20.0,,,0.0,,1
020aa3cc29587d8a9522f705,2026-09-26T01:00:00+00:00,2026-09-26T01:30:10.007141+00:00,C12,CONTINUATION,RESOLVUSDT,0.0191,BULL,BULL,"{""btc_d1_rsi"": 64.31554981919358, ""breadth_ret72_delta72"": -32.91770573566085, ""btc_d1_ema20_slope3"": 1.5632306408799757, ""btc_ret_24h"": -0.803877431862221}","{""last_pivot_low_age_h"": 10.0, ""pivot1_low"": 0.01809, ""pivot2_low"": 0.01839, ""pivot_hours"": 8.0, ""multi_bull_div"": 0.0, ""h1_rsi"": 55.76722321967653, ""h1_dist_ema20"": 0.6441558908322431, ""dist_high_20h"": 5.679012345679024}","{""available"": true, ""label"": ""V11_DIAGNOSTIC_PROXY"", ""quality"": 0.0, ""quality_ge72"": false, ""pressure"": false, ""retrigger"": false, ""fast_confirm"": false, ""fast_break"": false, ""h1_price_above_ema20"": true, ""h1_rsi_ge50"": true, ""near_20h_high_le4_5"": false, ""m15_near_prev_high6_ge_m0_2"": false}",1.8324607329842868,-0.41884816753926524,1.5183246073298573,7.015706806282718,-0.41884816753926524,6.335078534031435,14.031413612565458,-0.41884816753926524,8.95287958115183,14.031413612565458,-0.41884816753926524,3.4554973821989465,6.0,,6.0,,1.0,1.0,1
ef2d38bb6d2eab5364c97870,2026-09-26T01:00:00+00:00,2026-09-26T01:30:10.459179+00:00,C12,CONTINUATION,REZUSDT,0.004285,BULL,BULL,"{""btc_d1_rsi"": 64.31554981919358, ""breadth_ret72_delta72"": -32.91770573566085, ""btc_d1_ema20_slope3"": 1.5632306408799757, ""btc_ret_24h"": -0.803877431862221}","{""last_pivot_low_age_h"": 10.0, ""pivot1_low"": 0.003814, ""pivot2_low"": 0.004036, ""pivot_hours"": 12.0, ""multi_bull_div"": 0.0, ""h1_rsi"": 63.701931116062106, ""h1_dist_ema20"": 2.4162156948444924, ""dist_high_20h"": 3.2512982614585684}","{""available"": true, ""label"": ""V11_DIAGNOSTIC_PROXY"", ""quality"": 72.0, ""quality_ge72"": true, ""pressure"": false, ""retrigger"": true, ""fast_confirm"": false, ""fast_break"": false, ""h1_price_above_ema20"": true, ""h1_rsi_ge50"": true, ""near_20h_high_le4_5"": true, ""m15_near_prev_high6_ge_m0_2"": false}",1.2135355892648692,-0.723453908984828,0.7701283547257853,4.060676779463246,-0.9568261376896037,0.16336056009333966,8.588098016336065,-0.9568261376896037,3.850641773628949,8.588098016336065,-0.9568261376896037,2.1236872812135266,5.0,,8.0,,1.0,1.0,1
f7267dab40e88e4bd59f50bc,2026-09-26T01:00:00+00:00,2026-09-26T01:30:10.911357+00:00,C12,CONTINUATION,RLCUSDT,0.3527,BULL,BULL,"{""btc_d1_rsi"": 64.31554981919358, ""breadth_ret72_delta72"": -32.91770573566085, ""btc_d1_ema20_slope3"": 1.5632306408799757, ""btc_ret_24h"": -0.803877431862221}","{""last_pivot_low_age_h"": 12.0, ""pivot1_low"": 0.3307, ""pivot2_low"": 0.3315, ""pivot_hours"": 5.0, ""multi_bull_div"": 0.0, ""h1_rsi"": 65.3381052383414, ""h1_dist_ema20"": 2.4203173365395125, ""dist_high_20h"": 7.790849673202615}","{""available"": true, ""label"": ""V11_DIAGNOSTIC_PROXY"", ""quality"": 72.0, ""quality_ge72"": true, ""pressure"": false, ""retrigger"": true, ""fast_confirm"": false, ""fast_break"": false, ""h1_price_above_ema20"": true, ""h1_rsi_ge50"": true, ""near_20h_high_le4_5"": false, ""m15_near_prev_high6_ge_m0_2"": false}",1.44598809186276,-0.2268216614686791,1.3325772611284314,3.7709101219166374,-0.2268216614686791,3.7709101219166374,6.464417351857099,-0.2268216614686791,2.948681599092695,6.492770059540676,-0.2268216614686791,2.948681599092695,6.0,,8.0,,1.0,1.0,1
59c5c198cfc3ec10c2e3d43e,2026-09-26T01:00:00+00:00,2026-09-26T01:30:11.365559+00:00,C12,CONTINUATION,ROSEUSDT,0.00852,BULL,BULL,"{""btc_d1_rsi"": 64.31554981919358, ""breadth_ret72_delta72"": -32.91770573566085, ""btc_d1_ema20_slope3"": 1.5632306408799757, ""btc_ret_24h"": -0.803877431862221}","{""last_pivot_low_age_h"": 10.0, ""pivot1_low"": 0.00779, ""pivot2_low"": 0.0079, ""pivot_hours"": 12.0, ""multi_bull_div"": 0.0, ""h1_rsi"": 66.20108317039208, ""h1_dist_ema20"": 2.921204885414719, ""dist_high_20h"": 2.0689655172413723}","{""available"": true, ""label"": ""V11_DIAGNOSTIC_PROXY"", ""quality"": 97.0, ""quality_ge72"": true, ""pressure"": true, ""retrigger"": true, ""fast_confirm"": false, ""fast_break"": false, ""h1_price_above_ema20"": true, ""h1_rsi_ge50"": true, ""near_20h_high_le4_5"": true, ""m15_near_prev_high6_ge_m0_2"": false}",3.4037558685446,-0.23474178403755097,0.11737089201877549,3.4037558685446,-1.1737089201877882,-0.46948356807512415,4.460093896713624,-1.1737089201877882,1.6431924882629012,6.455399061032874,-1.1737089201877882,2.8169014084507227,2.0,,14.0,,1.0,1.0,1
acc4a5c1bc564c454eeebaf3,2026-09-26T01:00:00+00:00,2026-09-26T01:30:11.819045+00:00,C12,CONTINUATION,SCUSDT,0.001077,BULL,BULL,"{""btc_d1_rsi"": 64.31554981919358, ""breadth_ret72_delta72"": -32.91770573566085, ""btc_d1_ema20_slope3"": 1.5632306408799757, ""btc_ret_24h"": -0.803877431862221}","{""last_pivot_low_age_h"": 9.0, ""pivot1_low"": 0.000988, ""pivot2_low"": 0.001016, ""pivot_hours"": 8.0, ""multi_bull_div"": 0.0, ""h1_rsi"": 55.35932619449473, ""h1_dist_ema20"": 1.7315361919188588, ""dist_high_20h"": 24.790502793296078}","{""available"": true, ""label"": ""V11_DIAGNOSTIC_PROXY"", ""quality"": 72.0, ""quality_ge72"": true, ""pressure"": false, ""retrigger"": true, ""fast_confirm"": false, ""fast_break"": false, ""h1_price_above_ema20"": true, ""h1_rsi_ge50"": true, ""near_20h_high_le4_5"": false, ""m15_near_prev_high6_ge_m0_2"": false}",3.62116991643453,-1.021355617455888,-0.3714020427112441,3.62116991643453,-1.949860724233976,-1.1142061281337101,3.62116991643453,-1.949860724233976,0.09285051067779992,14.11327762302692,-1.949860724233976,4.178272980501374,1.0,,24.0,,1.0,1.0,1
f936058b3232549c1ebd6004,2026-09-26T01:00:00+00:00,2026-09-26T01:30:12.273983+00:00,C12,CONTINUATION,SEIUSDT,0.07562,BULL,BULL,"{""btc_d1_rsi"": 64.31554981919358, ""breadth_ret72_delta72"": -32.91770573566085, ""btc_d1_ema20_slope3"": 1.5632306408799757, ""btc_ret_24h"": -0.803877431862221}","{""last_pivot_low_age_h"": 9.0, ""pivot1_low"": 0.06231, ""pivot2_low"": 0.06578, ""pivot_hours"": 8.0, ""multi_bull_div"": 0.0, ""h1_rsi"": 83.97907000224828, ""h1_dist_ema20"": 8.395318711431287, ""dist_high_20h"": 0.49999999999998934}","{""available"": true, ""label"": ""V11_DIAGNOSTIC_PROXY"", ""quality"": 92.0, ""quality_ge72"": true, ""pressure"": true, ""retrigger"": false, ""fast_confirm"": true, ""fast_break"": true, ""h1_price_above_ema20"": true, ""h1_rsi_ge50"": true, ""near_20h_high_le4_5"": true, ""m15_near_prev_high6_ge_m0_2"": true}",2.1819624437979357,-4.033324517323478,-3.3324517323459535,2.1819624437979357,-5.078021687384304,-4.985453583708022,2.1819624437979357,-5.342501983602221,-3.372123776778646,2.1819624437979357,-6.7839195979899625,-5.302829939169551,,2.0,,3.0,0.0,0.0,1
ccd971322aafa3193145ec6c,2026-09-26T01:00:00+00:00,2026-09-26T01:30:12.720899+00:00,C12,CONTINUATION,SENTUSDT,0.02368,BULL,BULL,"{""btc_d1_rsi"": 64.31554981919358, ""breadth_ret72_delta72"": -32.91770573566085, ""btc_d1_ema20_slope3"": 1.5632306408799757, ""btc_ret_24h"": -0.803877431862221}","{""last_pivot_low_age_h"": 9.0, ""pivot1_low"": 0.02105, ""pivot2_low"": 0.02211, ""pivot_hours"": 8.0, ""multi_bull_div"": 0.0, ""h1_rsi"": 68.56080710905053, ""h1_dist_ema20"": 3.9060318317037934, ""dist_high_20h"": 2.310231023102316}","{""available"": true, ""label"": ""V11_DIAGNOSTIC_PROXY"", ""quality"": 84.0, ""quality_ge72"": true, ""pressure"": true, ""retrigger"": false, ""fast_confirm"": false, ""fast_break"": false, ""h1_price_above_ema20"": true, ""h1_rsi_ge50"": true, ""near_20h_high_le4_5"": true, ""m15_near_prev_high6_ge_m0_2"": false}",4.518581081081097,-0.6756756756756799,1.2246621621621712,4.518581081081097,-1.8158783783783772,-1.3513513513513598,4.518581081081097,-1.8158783783783772,1.7736486486486402,4.518581081081097,-1.8158783783783772,0.929054054054057,2.0,,,,1.0,,1
c6fbd7180f50ff8eb825639b,2026-09-26T01:00:00+00:00,2026-09-26T01:30:13.167005+00:00,C12,CONTINUATION,SOMIUSDT,0.2093,BULL,BULL,"{""btc_d1_rsi"": 64.31554981919358, ""breadth_ret72_delta72"": -32.91770573566085, ""btc_d1_ema20_slope3"": 1.5632306408799757, ""btc_ret_24h"": -0.803877431862221}","{""last_pivot_low_age_h"": 10.0, ""pivot1_low"": 0.1929, ""pivot2_low"": 0.1974, ""pivot_hours"": 12.0, ""multi_bull_div"": 0.0, ""h1_rsi"": 74.82337697584515, ""h1_dist_ema20"": 3.3495784634328007, ""dist_high_20h"": 1.413094677343374}","{""available"": true, ""label"": ""V11_DIAGNOSTIC_PROXY"", ""quality"": 89.0, ""quality_ge72"": true, ""pressure"": true, ""retrigger"": true, ""fast_confirm"": false, ""fast_break"": false, ""h1_price_above_ema20"": true, ""h1_rsi_ge50"": true, ""near_20h_high_le4_5"": true, ""m15_near_prev_high6_ge_m0_2"": false}",1.098901098901095,-1.4333492594362118,-1.3377926421404784,1.3855709507883285,-1.4333492594362118,1.0033444816053505,5.064500716674636,-1.4333492594362118,3.2011466794075405,7.7400860009555705,-1.4333492594362118,3.631151457238402,8.0,,10.0,,1.0,1.0,1
36e42ca948061069f0f8b361,2026-09-26T01:00:00+00:00,2026-09-26T01:30:13.625287+00:00,C12,CONTINUATION,SUIUSDT,1.1789,BULL,BULL,"{""btc_d1_rsi"": 64.31554981919358, ""breadth_ret72_delta72"": -32.91770573566085, ""btc_d1_ema20_slope3"": 1.5632306408799757, ""btc_ret_24h"": -0.803877431862221}","{""last_pivot_low_age_h"": 9.0, ""pivot1_low"": 1.0056, ""pivot2_low"": 1.0901, ""pivot_hours"": 8.0, ""multi_bull_div"": 0.0, ""h1_rsi"": 68.95175574275632, ""h1_dist_ema20"": 5.1984319833751735, ""dist_high_20h"": 3.20223335249199}","{""available"": true, ""label"": ""V11_DIAGNOSTIC_PROXY"", ""quality"": 95.0, ""quality_ge72"": true, ""pressure"": true, ""retrigger"": true, ""fast_confirm"": false, ""fast_break"": false, ""h1_price_above_ema20"": true, ""h1_rsi_ge50"": true, ""near_20h_high_le4_5"": true, ""m15_near_prev_high6_ge_m0_2"": false}",0.9161082364916417,-1.3147849690389402,-0.822800916108235,0.9161082364916417,-2.383577911612522,-2.3411654932564363,1.1536177792857538,-2.392060395283735,-0.6701162100262947,1.1536177792857538,-4.181864449910943,-1.2129951649843096,,6.0,,20.0,0.0,0.0,1
cca7e395c11190647309299c,2026-09-26T01:00:00+00:00,2026-09-26T01:30:14.074542+00:00,C12,CONTINUATION,SUPERUSDT,0.1828,BULL,BULL,"{""btc_d1_rsi"": 64.31554981919358, ""breadth_ret72_delta72"": -32.91770573566085, ""btc_d1_ema20_slope3"": 1.5632306408799757, ""btc_ret_24h"": -0.803877431862221}","{""last_pivot_low_age_h"": 10.0, ""pivot1_low"": 0.1703, ""pivot2_low"": 0.1733, ""pivot_hours"": 7.0, ""multi_bull_div"": 0.0, ""h1_rsi"": 62.602551292662085, ""h1_dist_ema20"": 2.205031932848378, ""dist_high_20h"": 2.0889126941617597}","{""available"": true, ""label"": ""V11_DIAGNOSTIC_PROXY"", ""quality"": 81.0, ""quality_ge72"": true, ""pressure"": true, ""retrigger"": false, ""fast_confirm"": false, ""fast_break"": false, ""h1_price_above_ema20"": true, ""h1_rsi_ge50"": true, ""near_20h_high_le4_5"": true, ""m15_near_prev_high6_ge_m0_2"": false}",1.8052516411378505,-0.1641137855579844,0.3829321663019636,3.2822757111597323,-0.1641137855579844,2.242888402625831,3.993435448577687,-0.1641137855579844,2.789934354485779,12.527352297593009,-0.1641137855579844,8.807439824945295,4.0,,14.0,,1.0,1.0,1
ecaefb1239f7bde3c4918409,2026-09-26T01:00:00+00:00,2026-09-26T01:30:14.527132+00:00,C12,CONTINUATION,SYNUSDT,0.18954,BULL,BULL,"{""btc_d1_rsi"": 64.31554981919358, ""breadth_ret72_delta72"": -32.91770573566085, ""btc_d1_ema20_slope3"": 1.5632306408799757, ""btc_ret_24h"": -0.803877431862221}","{""last_pivot_low_age_h"": 9.0, ""pivot1_low"": 0.21086, ""pivot2_low"": 0.17684, ""pivot_hours"": 7.0, ""multi_bull_div"": 0.0, ""h1_rsi"": 41.10370058084421, ""h1_dist_ema20"": -3.750445904031885, ""dist_high_20h"": 15.857231643434256}","{""available"": true, ""label"": ""V11_DIAGNOSTIC_PROXY"", ""quality"": 0.0, ""quality_ge72"": false, ""pressure"": false, ""retrigger"": false, ""fast_confirm"": true, ""fast_break"": false, ""h1_price_above_ema20"": false, ""h1_rsi_ge50"": false, ""near_20h_high_le4_5"": false, ""m15_near_prev_high6_ge_m0_2"": false}",1.5194681861348647,-2.564102564102555,-0.05275931201856876,2.542998839295141,-2.564102564102555,0.6436636066265766,2.542998839295141,-2.564102564102555,-0.7808378178748465,2.616861876121157,-2.564102564102555,-0.5170412577819916,,3.0,,,0.0,,1
d9d16a1aad265d2dcfec9d07,2026-09-26T01:00:00+00:00,2026-09-26T01:30:14.977434+00:00,C12,CONTINUATION,TAOUSDT,313.3,BULL,BULL,"{""btc_d1_rsi"": 64.31554981919358, ""breadth_ret72_delta72"": -32.91770573566085, ""btc_d1_ema20_slope3"": 1.5632306408799757, ""btc_ret_24h"": -0.803877431862221}","{""last_pivot_low_age_h"": 10.0, ""pivot1_low"": 294.7, ""pivot2_low"": 297.1, ""pivot_hours"": 7.0, ""multi_bull_div"": 0.0, ""h1_rsi"": 65.61381874567269, ""h1_dist_ema20"": 2.2188834764920173, ""dist_high_20h"": 2.398753894080996}","{""available"": true, ""label"": ""V11_DIAGNOSTIC_PROXY"", ""quality"": 76.0, ""quality_ge72"": true, ""pressure"": true, ""retrigger"": false, ""fast_confirm"": false, ""fast_break"": false, ""h1_price_above_ema20"": true, ""h1_rsi_ge50"": true, ""near_20h_high_le4_5"": true, ""m15_near_prev_high6_ge_m0_2"": false}",1.2767315671879942,-0.5745292052346085,-0.5426109160548975,1.2767315671879942,-1.3724864347271049,-1.0213852537503953,7.8518991382061865,-1.3724864347271049,5.713373763166296,8.93712097031598,-1.3724864347271049,1.8193424832428917,11.0,,11.0,,1.0,1.0,1
62762052e56666b75bfd481f,2026-09-26T01:00:00+00:00,2026-09-26T01:30:15.429072+00:00,C12,CONTINUATION,TFUELUSDT,0.01082,BULL,BULL,"{""btc_d1_rsi"": 64.31554981919358, ""breadth_ret72_delta72"": -32.91770573566085, ""btc_d1_ema20_slope3"": 1.5632306408799757, ""btc_ret_24h"": -0.803877431862221}","{""last_pivot_low_age_h"": 9.0, ""pivot1_low"": 0.01059, ""pivot2_low"": 0.01079, ""pivot_hours"": 11.0, ""multi_bull_div"": 0.0, ""h1_rsi"": 51.41855487777063, ""h1_dist_ema20"": 0.0106934976627171, ""dist_high_20h"": 1.725703905540421}","{""available"": true, ""label"": ""V11_DIAGNOSTIC_PROXY"", ""quality"": 0.0, ""quality_ge72"": false, ""pressure"": false, ""retrigger"": false, ""fast_confirm"": false, ""fast_break"": false, ""h1_price_above_ema20"": true, ""h1_rsi_ge50"": true, ""near_20h_high_le4_5"": true, ""m15_near_prev_high6_ge_m0_2"": false}",0.7393715341959428,-0.7393715341959317,-0.27726432532347856,0.8317929759704246,-0.7393715341959317,0.3696857670979714,1.9408502772643166,-0.7393715341959317,1.5711645101663674,3.419593345656202,-0.7393715341959317,3.049907578558231,24.0,,,,1.0,,1
7ba33efe9103c4d9461d6bef,2026-09-26T01:00:00+00:00,2026-09-26T01:30:15.882951+00:00,C12,CONTINUATION,TUTUSDT,0.0257,BULL,BULL,"{""btc_d1_rsi"": 64.31554981919358, ""breadth_ret72_delta72"": -32.91770573566085, ""btc_d1_ema20_slope3"": 1.5632306408799757, ""btc_ret_24h"": -0.803877431862221}","{""last_pivot_low_age_h"": 12.0, ""pivot1_low"": 0.02562, ""pivot2_low"": 0.02502, ""pivot_hours"": 7.0, ""multi_bull_div"": 2.0, ""h1_rsi"": 43.95500113615044, ""h1_dist_ema20"": -1.1044607166150744, ""dist_high_20h"": 3.055450773293089}","{""available"": true, ""label"": ""V11_DIAGNOSTIC_PROXY"", ""quality"": 0.0, ""quality_ge72"": false, ""pressure"": false, ""retrigger"": false, ""fast_confirm"": false, ""fast_break"": false, ""h1_price_above_ema20"": false, ""h1_rsi_ge50"": false, ""near_20h_high_le4_5"": true, ""m15_near_prev_high6_ge_m0_2"": false}",0.8171206225680905,-1.9844357976653737,-1.789883268482495,0.8171206225680905,-2.1400778210116767,-1.9844357976653737,0.8171206225680905,-3.112840466926081,-1.4785992217898891,3.1906614785992105,-3.112840466926081,1.634241245136181,23.0,4.0,,9.0,0.0,0.0,1
5723309cbd4200eca0c13737,2026-09-26T01:00:00+00:00,2026-09-26T01:30:16.335665+00:00,C12,CONTINUATION,TWTUSDT,0.5926,BULL,BULL,"{""btc_d1_rsi"": 64.31554981919358, ""breadth_ret72_delta72"": -32.91770573566085, ""btc_d1_ema20_slope3"": 1.5632306408799757, ""btc_ret_24h"": -0.803877431862221}","{""last_pivot_low_age_h"": 10.0, ""pivot1_low"": 0.5705, ""pivot2_low"": 0.5736, ""pivot_hours"": 11.0, ""multi_bull_div"": 0.0, ""h1_rsi"": 60.75693954148283, ""h1_dist_ema20"": 1.1924063906904259, ""dist_high_20h"": 2.049586776859502}","{""available"": true, ""label"": ""V11_DIAGNOSTIC_PROXY"", ""quality"": 0.0, ""quality_ge72"": false, ""pressure"": false, ""retrigger"": false, ""fast_confirm"": false, ""fast_break"": false, ""h1_price_above_ema20"": true, ""h1_rsi_ge50"": true, ""near_20h_high_le4_5"": true, ""m15_near_prev_high6_ge_m0_2"": false}",0.2024974687816261,-0.8268646641916955,-0.7931150860614355,1.3499831252109296,-0.9449881876476662,0.7593655079311423,2.075599055011801,-0.9449881876476662,0.5568680391495162,2.075599055011801,-1.5018562267971713,-0.1687478906513662,,,,,,,1
d97e106d69cd90a902721f60,2026-09-26T01:00:00+00:00,2026-09-26T01:30:16.786865+00:00,C12,CONTINUATION,UMAUSDT,0.412,BULL,BULL,"{""btc_d1_rsi"": 64.31554981919358, ""breadth_ret72_delta72"": -32.91770573566085, ""btc_d1_ema20_slope3"": 1.5632306408799757, ""btc_ret_24h"": -0.803877431862221}","{""last_pivot_low_age_h"": 10.0, ""pivot1_low"": 0.403, ""pivot2_low"": 0.397, ""pivot_hours"": 7.0, ""multi_bull_div"": 0.0, ""h1_rsi"": 63.84793065982723, ""h1_dist_ema20"": 1.063157950889937, ""dist_high_20h"": 0.9615384615384581}","{""available"": true, ""label"": ""V11_DIAGNOSTIC_PROXY"", ""quality"": 0.0, ""quality_ge72"": false, ""pressure"": false, ""retrigger"": false, ""fast_confirm"": false, ""fast_break"": false, ""h1_price_above_ema20"": true, ""h1_rsi_ge50"": true, ""near_20h_high_le4_5"": true, ""m15_near_prev_high6_ge_m0_2"": false}",0.4854368932038833,-0.7281553398058249,-0.7281553398058249,0.9708737864077666,-0.9708737864077666,0.9708737864077666,5.582524271844669,-0.9708737864077666,3.8834951456310662,7.038834951456319,-0.9708737864077666,2.9126213592232997,11.0,,12.0,,1.0,1.0,1
9e45542e8b11324033236e4b,2026-09-26T01:00:00+00:00,2026-09-26T01:30:17.237113+00:00,C12,CONTINUATION,WINUSDT,4.314e-05,BULL,BULL,"{""btc_d1_rsi"": 64.31554981919358, ""breadth_ret72_delta72"": -32.91770573566085, ""btc_d1_ema20_slope3"": 1.5632306408799757, ""btc_ret_24h"": -0.803877431862221}","{""last_pivot_low_age_h"": 22.0, ""pivot1_low"": 3.896e-05, ""pivot2_low"": 3.887e-05, ""pivot_hours"": 8.0, ""multi_bull_div"": 0.0, ""h1_rsi"": 65.0609555500516, ""h1_dist_ema20"": 2.696748600014076, ""dist_high_20h"": 5.2492861849330215}","{""available"": true, ""label"": ""V11_DIAGNOSTIC_PROXY"", ""quality"": 80.0, ""quality_ge72"": true, ""pressure"": false, ""retrigger"": true, ""fast_confirm"": true, ""fast_break"": false, ""h1_price_above_ema20"": true, ""h1_rsi_ge50"": true, ""near_20h_high_le4_5"": false, ""m15_near_prev_high6_ge_m0_2"": false}",3.1757070004636123,0.04636068613816935,0.6954102920723182,3.1757070004636123,-0.3245248029670744,-0.18544274455262189,3.1757070004636123,-1.2749188687992574,-0.9040333796940025,3.1757070004636123,-1.5530829856281847,2.0398701900788296,1.0,,,,1.0,,1
e10e3e73f77cc957ceff7a7f,2026-09-26T01:00:00+00:00,2026-09-26T01:30:17.689736+00:00,C12,CONTINUATION,WUSDT,0.01227,BULL,BULL,"{""btc_d1_rsi"": 64.31554981919358, ""breadth_ret72_delta72"": -32.91770573566085, ""btc_d1_ema20_slope3"": 1.5632306408799757, ""btc_ret_24h"": -0.803877431862221}","{""last_pivot_low_age_h"": 10.0, ""pivot1_low"": 0.01157, ""pivot2_low"": 0.0117, ""pivot_hours"": 7.0, ""multi_bull_div"": 0.0, ""h1_rsi"": 62.333102541683296, ""h1_dist_ema20"": 1.8354822954010475, ""dist_high_20h"": 2.23107569721116}","{""available"": true, ""label"": ""V11_DIAGNOSTIC_PROXY"", ""quality"": 100.0, ""quality_ge72"": true, ""pressure"": true, ""retrigger"": true, ""fast_confirm"": false, ""fast_break"": false, ""h1_price_above_ema20"": true, ""h1_rsi_ge50"": true, ""near_20h_high_le4_5"": true, ""m15_near_prev_high6_ge_m0_2"": false}",0.4074979625101838,-0.7334963325183352,0.08149959250203231,1.3039934800326058,-0.7334963325183352,0.8964955175224221,5.867970660146704,-0.7334963325183352,3.4229828850855792,12.469437652811743,-0.7334963325183352,12.469437652811743,7.0,,10.0,,1.0,1.0,1
1dde596fa743808cd5ead69e,2026-09-26T01:00:00+00:00,2026-09-26T01:30:18.141406+00:00,C12,CONTINUATION,YGGUSDT,0.02757,BULL,BULL,"{""btc_d1_rsi"": 64.31554981919358, ""breadth_ret72_delta72"": -32.91770573566085, ""btc_d1_ema20_slope3"": 1.5632306408799757, ""btc_ret_24h"": -0.803877431862221}","{""last_pivot_low_age_h"": 10.0, ""pivot1_low"": 0.02642, ""pivot2_low"": 0.0268, ""pivot_hours"": 11.0, ""multi_bull_div"": 0.0, ""h1_rsi"": 56.30655680741051, ""h1_dist_ema20"": 0.6672746940260099, ""dist_high_20h"": 1.641098822689968}","{""available"": true, ""label"": ""V11_DIAGNOSTIC_PROXY"", ""quality"": 0.0, ""quality_ge72"": false, ""pressure"": false, ""retrigger"": false, ""fast_confirm"": false, ""fast_break"": false, ""h1_price_above_ema20"": true, ""h1_rsi_ge50"": true, ""near_20h_high_le4_5"": true, ""m15_near_prev_high6_ge_m0_2"": false}",0.7616974972796564,-0.6166122597025758,-0.36271309394269036,0.9793253536452662,-0.7616974972796564,0.8342401160681856,3.01051867972435,-0.7616974972796564,1.4145810663764857,4.098657961552399,-0.7616974972796564,0.07254261878852919,11.0,,,,1.0,,1
1a4c7c74e724410d1dda05ad,2026-09-26T01:00:00+00:00,2026-09-26T01:30:18.592130+00:00,C12,CONTINUATION,ZILUSDT,0.003793,BULL,BULL,"{""btc_d1_rsi"": 64.31554981919358, ""breadth_ret72_delta72"": -32.91770573566085, ""btc_d1_ema20_slope3"": 1.5632306408799757, ""btc_ret_24h"": -0.803877431862221}","{""last_pivot_low_age_h"": 10.0, ""pivot1_low"": 0.003697, ""pivot2_low"": 0.003662, ""pivot_hours"": 10.0, ""multi_bull_div"": 1.0, ""h1_rsi"": 55.63638669153971, ""h1_dist_ema20"": 0.64503778188576, ""dist_high_20h"": 1.989664082687348}","{""available"": true, ""label"": ""V11_DIAGNOSTIC_PROXY"", ""quality"": 0.0, ""quality_ge72"": false, ""pressure"": false, ""retrigger"": false, ""fast_confirm"": false, ""fast_break"": false, ""h1_price_above_ema20"": true, ""h1_rsi_ge50"": true, ""near_20h_high_le4_5"": true, ""m15_near_prev_high6_ge_m0_2"": false}",0.7645663063537977,-0.1845504877405757,0.15818613234905854,0.7645663063537977,-0.6854732401792796,-0.3691009754811514,1.5027682573161227,-0.9491167940943845,1.1073029264434542,3.0055365146322233,-2.4782494068020022,-1.2127603480094895,16.0,20.0,,,1.0,,1
5f535ebee9a49c7c55f62540,2026-09-28T08:00:00+00:00,2026-09-28T08:39:30.387640+00:00,C12,CONTINUATION,ACMUSDT,0.293,BEAR,BULL,"{""btc_d1_rsi"": 65.14643219673593, ""breadth_ret72_delta72"": -30.174563591022448, ""btc_d1_ema20_slope3"": 1.2766143243397199, ""btc_ret_24h"": -2.1523392812916486}","{""last_pivot_low_age_h"": 10.0, ""pivot1_low"": 0.283, ""pivot2_low"": 0.283, ""pivot_hours"": 1.0, ""multi_bull_div"": 0.0, ""h1_rsi"": 61.271111100363605, ""h1_dist_ema20"": 2.2530896642271037, ""dist_high_20h"": 5.787781350482324}","{""available"": true, ""label"": ""V11_DIAGNOSTIC_PROXY"", ""quality"": 0.0, ""quality_ge72"": false, ""pressure"": false, ""retrigger"": false, ""fast_confirm"": true, ""fast_break"": false, ""h1_price_above_ema20"": true, ""h1_rsi_ge50"": true, ""near_20h_high_le4_5"": false, ""m15_near_prev_high6_ge_m0_2"": false}",1.3651877133105783,-4.095563139931723,-3.754266211604096,1.3651877133105783,-4.436860068259374,-3.412969283276457,1.3651877133105783,-5.802047781569952,-5.119453924914663,1.3651877133105783,-5.802047781569952,-3.754266211604096,,1.0,,2.0,0.0,0.0,1
f1a11f70bd0189b804061407,2026-09-28T08:00:00+00:00,2026-09-28T08:39:31.002195+00:00,C12,CONTINUATION,DCRUSDT,18.04,BEAR,BULL,"{""btc_d1_rsi"": 65.14643219673593, ""breadth_ret72_delta72"": -30.174563591022448, ""btc_d1_ema20_slope3"": 1.2766143243397199, ""btc_ret_24h"": -2.1523392812916486}","{""last_pivot_low_age_h"": 13.0, ""pivot1_low"": 17.85, ""pivot2_low"": 18.02, ""pivot_hours"": 3.0, ""multi_bull_div"": 0.0, ""h1_rsi"": 38.830996659517375, ""h1_dist_ema20"": -1.5671493097880185, ""dist_high_20h"": 4.093567251461982}","{""available"": true, ""label"": ""V11_DIAGNOSTIC_PROXY"", ""quality"": 0.0, ""quality_ge72"": false, ""pressure"": false, ""retrigger"": false, ""fast_confirm"": false, ""fast_break"": false, ""h1_price_above_ema20"": false, ""h1_rsi_ge50"": false, ""near_20h_high_le4_5"": true, ""m15_near_prev_high6_ge_m0_2"": false}",1.3858093126385862,-0.4988913525498906,-0.1662971175166117,1.3858093126385862,-0.5543237250554167,0.6651884700665134,3.3813747228381263,-2.2172949002217224,-1.9955654101995512,3.3813747228381263,-2.2727272727272707,-0.1662971175166117,11.0,11.0,,,0.0,,1
408a4f35165e2b4c94231c9a,2026-09-28T08:00:00+00:00,2026-09-28T08:39:31.615858+00:00,C12,CONTINUATION,JSTUSDT,0.12784,BEAR,BULL,"{""btc_d1_rsi"": 65.14643219673593, ""breadth_ret72_delta72"": -30.174563591022448, ""btc_d1_ema20_slope3"": 1.2766143243397199, ""btc_ret_24h"": -2.1523392812916486}","{""last_pivot_low_age_h"": 10.0, ""pivot1_low"": 0.12477, ""pivot2_low"": 0.1251, ""pivot_hours"": 5.0, ""multi_bull_div"": 0.0, ""h1_rsi"": 72.46991331389594, ""h1_dist_ema20"": 0.9693083155420279, ""dist_high_20h"": 0.38959015116097895}","{""available"": true, ""label"": ""V11_DIAGNOSTIC_PROXY"", ""quality"": 0.0, ""quality_ge72"": false, ""pressure"": false, ""retrigger"": false, ""fast_confirm"": true, ""fast_break"": false, ""h1_price_above_ema20"": true, ""h1_rsi_ge50"": true, ""near_20h_high_le4_5"": true, ""m15_near_prev_high6_ge_m0_2"": false}",0.84480600750938,-0.07040050062578906,0.84480600750938,3.2775344180225208,-0.07040050062578906,2.917709637046295,3.2775344180225208,-0.07040050062578906,0.2033792240300203,3.2775344180225208,-0.25813516896120436,1.6817897371714574,6.0,,,,1.0,,1
fb6042e8f5284cc88d4ba9d7,2026-09-28T08:00:00+00:00,2026-09-28T08:39:32.229529+00:00,C12,CONTINUATION,ORCAUSDT,1.685,BEAR,BULL,"{""btc_d1_rsi"": 65.14643219673593, ""breadth_ret72_delta72"": -30.174563591022448, ""btc_d1_ema20_slope3"": 1.2766143243397199, ""btc_ret_24h"": -2.1523392812916486}","{""last_pivot_low_age_h"": 16.0, ""pivot1_low"": 1.621, ""pivot2_low"": 1.673, ""pivot_hours"": 14.0, ""multi_bull_div"": 0.0, ""h1_rsi"": 42.8186144811703, ""h1_dist_ema20"": -2.6367824178412436, ""dist_high_20h"": 7.822757111597378}","{""available"": true, ""label"": ""V11_DIAGNOSTIC_PROXY"", ""quality"": 0.0, ""quality_ge72"": false, ""pressure"": false, ""retrigger"": false, ""fast_confirm"": false, ""fast_break"": false, ""h1_price_above_ema20"": false, ""h1_rsi_ge50"": false, ""near_20h_high_le4_5"": false, ""m15_near_prev_high6_ge_m0_2"": false}",1.0682492581602476,-2.6112759643916905,-0.23738872403560318,2.9673590504451175,-2.6112759643916905,1.0682492581602476,2.9673590504451175,-2.6112759643916905,-0.05934718100890635,2.9673590504451175,-5.459940652818995,-2.2551928783382857,,2.0,,18.0,0.0,0.0,1
2929ba965586afe83f47e0a3,2026-09-28T08:00:00+00:00,2026-09-28T08:39:32.845104+00:00,C12,CONTINUATION,SEIUSDT,0.0798,BEAR,BULL,"{""btc_d1_rsi"": 65.14643219673593, ""breadth_ret72_delta72"": -30.174563591022448, ""btc_d1_ema20_slope3"": 1.2766143243397199, ""btc_ret_24h"": -2.1523392812916486}","{""last_pivot_low_age_h"": 16.0, ""pivot1_low"": 0.07165, ""pivot2_low"": 0.07261, ""pivot_hours"": 11.0, ""multi_bull_div"": 0.0, ""h1_rsi"": 56.942701242125324, ""h1_dist_ema20"": 1.0950685877171518, ""dist_high_20h"": 7.83090783090784}","{""available"": true, ""label"": ""V11_DIAGNOSTIC_PROXY"", ""quality"": 88.0, ""quality_ge72"": true, ""pressure"": false, ""retrigger"": true, ""fast_confirm"": false, ""fast_break"": false, ""h1_price_above_ema20"": true, ""h1_rsi_ge50"": true, ""near_20h_high_le4_5"": false, ""m15_near_prev_high6_ge_m0_2"": false}",2.3308270676691834,-2.5313283208019954,-0.726817042606509,3.9348370927318355,-2.5313283208019954,-1.1152882205513803,3.9348370927318355,-4.636591478696738,-3.696741854636587,3.9348370927318355,-8.37092731829573,-5.676691729323302,5.0,2.0,,7.0,0.0,0.0,1
60ef9ed246d85c1c9b81a18a,2026-09-28T17:00:00+00:00,2026-09-28T17:37:42.954560+00:00,C12,CONTINUATION,ARKUSDT,0.2404,BEAR,BEAR,"{""btc_d1_rsi"": 65.14643219673593, ""breadth_ret72_delta72"": -41.14713216957607, ""btc_d1_ema20_slope3"": 1.2766143243397199, ""btc_ret_24h"": -0.8325634283277594}","{""last_pivot_low_age_h"": 14.0, ""pivot1_low"": 0.2436, ""pivot2_low"": 0.2267, ""pivot_hours"": 6.0, ""multi_bull_div"": 0.0, ""h1_rsi"": 48.30463202789074, ""h1_dist_ema20"": -0.027380358583617426, ""dist_high_20h"": 4.5653036919412475}","{""available"": true, ""label"": ""V11_DIAGNOSTIC_PROXY"", ""quality"": 0.0, ""quality_ge72"": false, ""pressure"": false, ""retrigger"": false, ""fast_confirm"": false, ""fast_break"": false, ""h1_price_above_ema20"": false, ""h1_rsi_ge50"": false, ""near_20h_high_le4_5"": false, ""m15_near_prev_high6_ge_m0_2"": false}",1.2479201331114798,-1.1231281198003318,-0.45757071547420924,1.2895174708818624,-1.1647254575707144,-0.4991680532445919,1.5391014975041584,-2.287853577371046,-1.580698835274541,3.91014975041597,-2.6206322795341075,1.9966722129783676,16.0,10.0,,,0.0,,1
7b0cf948bf1c83731d2f1a8d,2026-09-28T17:00:00+00:00,2026-09-28T17:37:43.457028+00:00,C12,CONTINUATION,BOMEUSDT,0.000987,BEAR,BEAR,"{""btc_d1_rsi"": 65.14643219673593, ""breadth_ret72_delta72"": -41.14713216957607, ""btc_d1_ema20_slope3"": 1.2766143243397199, ""btc_ret_24h"": -0.8325634283277594}","{""last_pivot_low_age_h"": 9.0, ""pivot1_low"": 0.0010117, ""pivot2_low"": 0.0009821, ""pivot_hours"": 9.0, ""multi_bull_div"": 0.0, ""h1_rsi"": 41.3991220982915, ""h1_dist_ema20"": -1.5249900197784494, ""dist_high_20h"": 6.125166444740349}","{""available"": true, ""label"": ""V11_DIAGNOSTIC_PROXY"", ""quality"": 0.0, ""quality_ge72"": false, ""pressure"": false, ""retrigger"": false, ""fast_confirm"": false, ""fast_break"": false, ""h1_price_above_ema20"": false, ""h1_rsi_ge50"": false, ""near_20h_high_le4_5"": false, ""m15_near_prev_high6_ge_m0_2"": false}",1.3475177304964392,-2.502532928064838,-1.6514690982776137,1.3475177304964392,-2.7963525835866254,-1.1550151975683987,1.3475177304964392,-4.052684903748737,-1.7933130699088196,5.207700101317125,-6.312056737588656,1.1752786220871503,21.0,3.0,22.0,9.0,0.0,0.0,1
ee95622b7320bfa1e2e9df18,2026-09-28T17:00:00+00:00,2026-09-28T17:37:43.957785+00:00,C12,CONTINUATION,FLOWUSDT,0.03041,BEAR,BEAR,"{""btc_d1_rsi"": 65.14643219673593, ""breadth_ret72_delta72"": -41.14713216957607, ""btc_d1_ema20_slope3"": 1.2766143243397199, ""btc_ret_24h"": -0.8325634283277594}","{""last_pivot_low_age_h"": 9.0, ""pivot1_low"": 0.03244, ""pivot2_low"": 0.03024, ""pivot_hours"": 9.0, ""multi_bull_div"": 0.0, ""h1_rsi"": 37.46856366524263, ""h1_dist_ema20"": -2.49187881120303, ""dist_high_20h"": 8.431195423065352}","{""available"": true, ""label"": ""V11_DIAGNOSTIC_PROXY"", ""quality"": 0.0, ""quality_ge72"": false, ""pressure"": false, ""retrigger"": false, ""fast_confirm"": true, ""fast_break"": false, ""h1_price_above_ema20"": false, ""h1_rsi_ge50"": false, ""near_20h_high_le4_5"": false, ""m15_near_prev_high6_ge_m0_2"": false}",1.3811246300559077,-1.5784281486353247,-1.1180532719500147,1.3811246300559077,-1.6770799079250276,-0.5590266359750129,1.3811246300559077,-3.1239723775074,-1.4797763893456106,2.9266688589279832,-3.1239723775074,1.4140085498191457,,9.0,,10.0,0.0,0.0,1
8a25313d9bc4993ea553e6b6,2026-09-28T17:00:00+00:00,2026-09-28T17:37:44.446963+00:00,C12,CONTINUATION,GRAMUSDT,1.654,BEAR,BEAR,"{""btc_d1_rsi"": 65.14643219673593, ""breadth_ret72_delta72"": -41.14713216957607, ""btc_d1_ema20_slope3"": 1.2766143243397199, ""btc_ret_24h"": -0.8325634283277594}","{""last_pivot_low_age_h"": 11.0, ""pivot1_low"": 1.595, ""pivot2_low"": 1.555, ""pivot_hours"": 3.0, ""multi_bull_div"": 3.0, ""h1_rsi"": 55.06851424698368, ""h1_dist_ema20"": 1.1406068984058937, ""dist_high_20h"": 4.94252873563219}","{""available"": true, ""label"": ""V11_DIAGNOSTIC_PROXY"", ""quality"": 87.0, ""quality_ge72"": true, ""pressure"": false, ""retrigger"": true, ""fast_confirm"": true, ""fast_break"": true, ""h1_price_above_ema20"": true, ""h1_rsi_ge50"": true, ""near_20h_high_le4_5"": false, ""m15_near_prev_high6_ge_m0_2"": true}",1.6928657799274438,-3.808948004836754,-3.083434099153559,1.6928657799274438,-5.622732769044736,-4.715840386940739,1.6928657799274438,-7.436517533252718,-5.743651753325274,1.6928657799274438,-9.008464328899635,-8.524788391777516,,3.0,,3.0,0.0,0.0,1
cf1cd77cd61c54d5069bc14d,2026-09-28T17:00:00+00:00,2026-09-28T17:37:44.949328+00:00,C12,CONTINUATION,HBARUSDT,0.1264,BEAR,BEAR,"{""btc_d1_rsi"": 65.14643219673593, ""breadth_ret72_delta72"": -41.14713216957607, ""btc_d1_ema20_slope3"": 1.2766143243397199, ""btc_ret_24h"": -0.8325634283277594}","{""last_pivot_low_age_h"": 13.0, ""pivot1_low"": 0.09355, ""pivot2_low"": 0.09415, ""pivot_hours"": 5.0, ""multi_bull_div"": 0.0, ""h1_rsi"": 87.24162929185258, ""h1_dist_ema20"": 15.191436319120832, ""dist_high_20h"": 1.764202999922282}","{""available"": true, ""label"": ""V11_DIAGNOSTIC_PROXY"", ""quality"": 84.0, ""quality_ge72"": true, ""pressure"": true, ""retrigger"": false, ""fast_confirm"": false, ""fast_break"": false, ""h1_price_above_ema20"": true, ""h1_rsi_ge50"": true, ""near_20h_high_le4_5"": true, ""m15_near_prev_high6_ge_m0_2"": false}",3.6075949367088356,-4.327531645569637,-3.639240506329122,3.6075949367088356,-6.503164556962037,-2.784810126582282,3.6075949367088356,-7.357594936708878,-4.691455696202551,3.6075949367088356,-18.148734177215196,-16.582278481012658,1.0,3.0,,3.0,1.0,0.0,1
54372357c8ec15489dd0acb8,2026-09-28T17:00:00+00:00,2026-09-28T17:37:45.450974+00:00,C12,CONTINUATION,MUBARAKUSDT,0.05994,BEAR,BEAR,"{""btc_d1_rsi"": 65.14643219673593, ""breadth_ret72_delta72"": -41.14713216957607, ""btc_d1_ema20_slope3"": 1.2766143243397199, ""btc_ret_24h"": -0.8325634283277594}","{""last_pivot_low_age_h"": 9.0, ""pivot1_low"": 0.05107, ""pivot2_low"": 0.05319, ""pivot_hours"": 6.0, ""multi_bull_div"": 0.0, ""h1_rsi"": 61.833469823520836, ""h1_dist_ema20"": 4.261418704135966, ""dist_high_20h"": 14.089150064497636}","{""available"": true, ""label"": ""V11_DIAGNOSTIC_PROXY"", ""quality"": 0.0, ""quality_ge72"": false, ""pressure"": false, ""retrigger"": false, ""fast_confirm"": false, ""fast_break"": false, ""h1_price_above_ema20"": true, ""h1_rsi_ge50"": true, ""near_20h_high_le4_5"": false, ""m15_near_prev_high6_ge_m0_2"": false}",1.2679346012679282,-2.419085752419081,-1.434768101434769,1.2679346012679282,-2.8194861528194837,0.0667334000667319,3.670337003670343,-5.705705705705699,3.3700367033700385,7.791124457791132,-5.705705705705699,2.068735402068733,12.0,2.0,13.0,7.0,0.0,0.0,1
a21efe9e03d968190f0cfa72,2026-09-28T17:00:00+00:00,2026-09-28T17:37:45.951462+00:00,C12,CONTINUATION,NMRUSDT,11.17,BEAR,BEAR,"{""btc_d1_rsi"": 65.14643219673593, ""breadth_ret72_delta72"": -41.14713216957607, ""btc_d1_ema20_slope3"": 1.2766143243397199, ""btc_ret_24h"": -0.8325634283277594}","{""last_pivot_low_age_h"": 9.0, ""pivot1_low"": 9.86, ""pivot2_low"": 9.71, ""pivot_hours"": 4.0, ""multi_bull_div"": 0.0, ""h1_rsi"": 64.4439198983304, ""h1_dist_ema20"": 6.287372163405469, ""dist_high_20h"": 6.916666666666671}","{""available"": true, ""label"": ""V11_DIAGNOSTIC_PROXY"", ""quality"": 100.0, ""quality_ge72"": true, ""pressure"": false, ""retrigger"": true, ""fast_confirm"": true, ""fast_break"": false, ""h1_price_above_ema20"": true, ""h1_rsi_ge50"": true, ""near_20h_high_le4_5"": false, ""m15_near_prev_high6_ge_m0_2"": false}",2.86481647269472,-2.506714413607869,2.4171888988361756,33.3930170098478,-2.506714413607869,32.676812891674125,38.764547896150404,-2.506714413607869,21.128021486123536,38.764547896150404,-2.506714413607869,11.548791405550585,4.0,1.0,4.0,,0.0,1.0,1
abba325e36c3aea9e11bccb4,2026-09-28T17:00:00+00:00,2026-09-28T17:37:46.453188+00:00,C12,CONTINUATION,STGUSDT,0.1325,BEAR,BEAR,"{""btc_d1_rsi"": 65.14643219673593, ""breadth_ret72_delta72"": -41.14713216957607, ""btc_d1_ema20_slope3"": 1.2766143243397199, ""btc_ret_24h"": -0.8325634283277594}","{""last_pivot_low_age_h"": 9.0, ""pivot1_low"": 0.1386, ""pivot2_low"": 0.1232, ""pivot_hours"": 9.0, ""multi_bull_div"": 0.0, ""h1_rsi"": 44.07202026040549, ""h1_dist_ema20"": -2.4519348840231103, ""dist_high_20h"": 8.557625948930292}","{""available"": true, ""label"": ""V11_DIAGNOSTIC_PROXY"", ""quality"": 0.0, ""quality_ge72"": false, ""pressure"": false, ""retrigger"": false, ""fast_confirm"": false, ""fast_break"": false, ""h1_price_above_ema20"": false, ""h1_rsi_ge50"": false, ""near_20h_high_le4_5"": false, ""m15_near_prev_high6_ge_m0_2"": false}",3.3207547169811225,-0.5283018867924594,0.7547169811320753,3.3207547169811225,-0.7547169811320753,0.7547169811320753,3.3207547169811225,-3.2452830188679282,-1.132075471698113,12.226415094339615,-3.2452830188679282,4.150943396226414,2.0,9.0,20.0,10.0,1.0,0.0,1
36a3ab7ad784131577459874,2026-09-28T17:00:00+00:00,2026-09-28T17:37:46.954033+00:00,C12,CONTINUATION,SUPERUSDT,0.192,BEAR,BEAR,"{""btc_d1_rsi"": 65.14643219673593, ""breadth_ret72_delta72"": -41.14713216957607, ""btc_d1_ema20_slope3"": 1.2766143243397199, ""btc_ret_24h"": -0.8325634283277594}","{""last_pivot_low_age_h"": 9.0, ""pivot1_low"": 0.1967, ""pivot2_low"": 0.19, ""pivot_hours"": 9.0, ""multi_bull_div"": 2.0, ""h1_rsi"": 39.12248324739572, ""h1_dist_ema20"": -2.2852508766721735, ""dist_high_20h"": 5.604719764011801}","{""available"": true, ""label"": ""V11_DIAGNOSTIC_PROXY"", ""quality"": 0.0, ""quality_ge72"": false, ""pressure"": false, ""retrigger"": false, ""fast_confirm"": false, ""fast_break"": false, ""h1_price_above_ema20"": false, ""h1_rsi_ge50"": false, ""near_20h_high_le4_5"": false, ""m15_near_prev_high6_ge_m0_2"": false}",1.6145833333333304,-0.78125,-0.5729166666666785,1.6145833333333304,-0.9375000000000022,0.31250000000000444,1.6145833333333304,-2.34375,-1.1979166666666652,4.583333333333339,-2.34375,0.46874999999999556,19.0,9.0,,,0.0,,1
b8660b0907847c428c9fc9c8,2026-09-28T17:00:00+00:00,2026-09-28T17:37:47.456451+00:00,C12,CONTINUATION,SYNUSDT,0.17094,BEAR,BEAR,"{""btc_d1_rsi"": 65.14643219673593, ""breadth_ret72_delta72"": -41.14713216957607, ""btc_d1_ema20_slope3"": 1.2766143243397199, ""btc_ret_24h"": -0.8325634283277594}","{""last_pivot_low_age_h"": 9.0, ""pivot1_low"": 0.17586, ""pivot2_low"": 0.17058, ""pivot_hours"": 9.0, ""multi_bull_div"": 1.0, ""h1_rsi"": 35.28131489283655, ""h1_dist_ema20"": -2.1905761280024527, ""dist_high_20h"": 5.677867902665124}","{""available"": true, ""label"": ""V11_DIAGNOSTIC_PROXY"", ""quality"": 0.0, ""quality_ge72"": false, ""pressure"": false, ""retrigger"": false, ""fast_confirm"": false, ""fast_break"": false, ""h1_price_above_ema20"": false, ""h1_rsi_ge50"": false, ""near_20h_high_le4_5"": false, ""m15_near_prev_high6_ge_m0_2"": false}",2.006552006551998,-0.41535041535042394,1.3162513162513267,3.3988533988533964,-0.41535041535042394,1.5327015327015303,3.439803439803435,-3.3286533286533304,2.3341523341523285,3.439803439803435,-3.3286533286533304,0.47970047970047336,4.0,9.0,,9.0,1.0,0.0,1
08ff55c55d2e741cd33dd934,2026-09-28T17:00:00+00:00,2026-09-28T17:37:47.959114+00:00,C12,CONTINUATION,TRXUSDT,0.3348,BEAR,BEAR,"{""btc_d1_rsi"": 65.14643219673593, ""breadth_ret72_delta72"": -41.14713216957607, ""btc_d1_ema20_slope3"": 1.2766143243397199, ""btc_ret_24h"": -0.8325634283277594}","{""last_pivot_low_age_h"": 11.0, ""pivot1_low"": 0.3333, ""pivot2_low"": 0.333, ""pivot_hours"": 6.0, ""multi_bull_div"": 3.0, ""h1_rsi"": 55.320463400744174, ""h1_dist_ema20"": 0.16122423596904856, ""dist_high_20h"": 0.3274784161952926}","{""available"": true, ""label"": ""V11_DIAGNOSTIC_PROXY"", ""quality"": 0.0, ""quality_ge72"": false, ""pressure"": false, ""retrigger"": false, ""fast_confirm"": true, ""fast_break"": true, ""h1_price_above_ema20"": true, ""h1_rsi_ge50"": true, ""near_20h_high_le4_5"": true, ""m15_near_prev_high6_ge_m0_2"": true}",0.5376344086021501,-0.05973715651134137,0.4181600955794451,0.5376344086021501,-0.05973715651134137,0.3285543608124275,0.5376344086021501,-0.20908004778972256,-0.14934289127837008,0.5376344086021501,-0.2389486260453877,-0.029868578255676237,,,,,,,1
dfce7c8332fd347a219337f1,2026-09-28T17:00:00+00:00,2026-09-28T17:37:48.456510+00:00,C12,CONTINUATION,WALUSDT,0.03441,BEAR,BEAR,"{""btc_d1_rsi"": 65.14643219673593, ""breadth_ret72_delta72"": -41.14713216957607, ""btc_d1_ema20_slope3"": 1.2766143243397199, ""btc_ret_24h"": -0.8325634283277594}","{""last_pivot_low_age_h"": 9.0, ""pivot1_low"": 0.0372, ""pivot2_low"": 0.03376, ""pivot_hours"": 9.0, ""multi_bull_div"": 0.0, ""h1_rsi"": 39.74908944382308, ""h1_dist_ema20"": -2.076405067468845, ""dist_high_20h"": 10.109717868338553}","{""available"": true, ""label"": ""V11_DIAGNOSTIC_PROXY"", ""quality"": 0.0, ""quality_ge72"": false, ""pressure"": false, ""retrigger"": false, ""fast_confirm"": true, ""fast_break"": false, ""h1_price_above_ema20"": false, ""h1_rsi_ge50"": false, ""near_20h_high_le4_5"": false, ""m15_near_prev_high6_ge_m0_2"": false}",0.9590235396687019,-2.1505376344086113,-1.8308631211857218,0.9590235396687019,-2.557396105783216,-1.3368206916594128,0.9590235396687019,-5.550712002324909,-4.03952339436211,0.9590235396687019,-5.550712002324909,-3.02237721592562,,3.0,,9.0,0.0,0.0,1
8a5a6a25aa558d9fba01a5c7,2026-09-28T17:00:00+00:00,2026-09-28T17:37:48.957686+00:00,C12,CONTINUATION,XLMUSDT,0.2256,BEAR,BEAR,"{""btc_d1_rsi"": 65.14643219673593, ""breadth_ret72_delta72"": -41.14713216957607, ""btc_d1_ema20_slope3"": 1.2766143243397199, ""btc_ret_24h"": -0.8325634283277594}","{""last_pivot_low_age_h"": 9.0, ""pivot1_low"": 0.213, ""pivot2_low"": 0.2065, ""pivot_hours"": 9.0, ""multi_bull_div"": 0.0, ""h1_rsi"": 62.5848410211253, ""h1_dist_ema20"": 4.142405453513298, ""dist_high_20h"": 2.2106631989596837}","{""available"": true, ""label"": ""V11_DIAGNOSTIC_PROXY"", ""quality"": 0.0, ""quality_ge72"": false, ""pressure"": false, ""retrigger"": false, ""fast_confirm"": true, ""fast_break"": false, ""h1_price_above_ema20"": true, ""h1_rsi_ge50"": true, ""near_20h_high_le4_5"": true, ""m15_near_prev_high6_ge_m0_2"": false}",4.033687943262421,-0.9751773049645474,0.5319148936170137,4.033687943262421,-0.9751773049645474,-0.26595744680850686,4.033687943262421,-1.4184397163120588,-0.04432624113475114,5.097517730496448,-1.9503546099290725,-1.0195035460992874,2.0,,19.0,,1.0,1.0,1
36a05c7222078dfe731fa5f8,2026-09-28T17:00:00+00:00,2026-09-28T17:37:49.459180+00:00,C12,CONTINUATION,XTZUSDT,0.3122,BEAR,BEAR,"{""btc_d1_rsi"": 65.14643219673593, ""breadth_ret72_delta72"": -41.14713216957607, ""btc_d1_ema20_slope3"": 1.2766143243397199, ""btc_ret_24h"": -0.8325634283277594}","{""last_pivot_low_age_h"": 9.0, ""pivot1_low"": 0.3192, ""pivot2_low"": 0.3047, ""pivot_hours"": 9.0, ""multi_bull_div"": 0.0, ""h1_rsi"": 44.812358920818994, ""h1_dist_ema20"": -0.37244368233320113, ""dist_high_20h"": 4.379785604900466}","{""available"": true, ""label"": ""V11_DIAGNOSTIC_PROXY"", ""quality"": 0.0, ""quality_ge72"": false, ""pressure"": false, ""retrigger"": false, ""fast_confirm"": true, ""fast_break"": false, ""h1_price_above_ema20"": false, ""h1_rsi_ge50"": false, ""near_20h_high_le4_5"": true, ""m15_near_prev_high6_ge_m0_2"": false}",0.6085842408712461,-1.6655989750160138,-1.4093529788596904,0.6085842408712461,-1.985906470211396,-1.0249839846252384,0.9288917360666282,-2.7866752081998625,-1.4734144778987823,4.676489429852659,-2.7866752081998625,0.3523382447149448,18.0,9.0,,,0.0,,1
db3a03bbdc166c15d4fe4ec5,2026-09-28T17:00:00+00:00,2026-09-28T17:37:49.959940+00:00,C12,CONTINUATION,XVGUSDT,0.003194,BEAR,BEAR,"{""btc_d1_rsi"": 65.14643219673593, ""breadth_ret72_delta72"": -41.14713216957607, ""btc_d1_ema20_slope3"": 1.2766143243397199, ""btc_ret_24h"": -0.8325634283277594}","{""last_pivot_low_age_h"": 9.0, ""pivot1_low"": 0.003453, ""pivot2_low"": 0.003142, ""pivot_hours"": 10.0, ""multi_bull_div"": 0.0, ""h1_rsi"": 42.3411838463087, ""h1_dist_ema20"": -1.8445381856989962, ""dist_high_20h"": 11.277777777777786}","{""available"": true, ""label"": ""V11_DIAGNOSTIC_PROXY"", ""quality"": 0.0, ""quality_ge72"": false, ""pressure"": false, ""retrigger"": false, ""fast_confirm"": true, ""fast_break"": false, ""h1_price_above_ema20"": false, ""h1_rsi_ge50"": false, ""near_20h_high_le4_5"": false, ""m15_near_prev_high6_ge_m0_2"": false}",0.40701314965561064,-3.944896681277388,-3.5378835316217883,0.40701314965561064,-3.9762053850970536,-2.5673137132122603,0.40701314965561064,-5.165936130244198,-3.1621790857858434,2.504696305572951,-5.165936130244198,-1.8472135253600364,,3.0,,3.0,0.0,0.0,1
c86bcc6c9f57d5d1689cdff6,2026-09-28T17:00:00+00:00,2026-09-28T17:37:50.454950+00:00,C12,CONTINUATION,YBUSDT,0.0844,BEAR,BEAR,"{""btc_d1_rsi"": 65.14643219673593, ""breadth_ret72_delta72"": -41.14713216957607, ""btc_d1_ema20_slope3"": 1.2766143243397199, ""btc_ret_24h"": -0.8325634283277594}","{""last_pivot_low_age_h"": 9.0, ""pivot1_low"": 0.0851, ""pivot2_low"": 0.0826, ""pivot_hours"": 4.0, ""multi_bull_div"": 0.0, ""h1_rsi"": 43.20888862351683, ""h1_dist_ema20"": -1.2982020955063733, ""dist_high_20h"": 6.740331491712704}","{""available"": true, ""label"": ""V11_DIAGNOSTIC_PROXY"", ""quality"": 0.0, ""quality_ge72"": false, ""pressure"": false, ""retrigger"": false, ""fast_confirm"": true, ""fast_break"": false, ""h1_price_above_ema20"": false, ""h1_rsi_ge50"": false, ""near_20h_high_le4_5"": false, ""m15_near_prev_high6_ge_m0_2"": false}",0.4739336492890933,-2.132701421800942,-1.7772511848341277,0.4739336492890933,-2.132701421800942,-0.5924170616113722,1.0663507109004655,-4.146919431279628,-2.251184834123221,13.033175355450233,-4.146919431279628,6.635071090047395,18.0,3.0,18.0,11.0,0.0,0.0,1
28839f1d92aeba9afb20ddaa,2026-09-28T17:00:00+00:00,2026-09-28T17:37:50.958440+00:00,C12,CONTINUATION,ZROUSDT,1.54,BEAR,BEAR,"{""btc_d1_rsi"": 65.14643219673593, ""breadth_ret72_delta72"": -41.14713216957607, ""btc_d1_ema20_slope3"": 1.2766143243397199, ""btc_ret_24h"": -0.8325634283277594}","{""last_pivot_low_age_h"": 9.0, ""pivot1_low"": 1.609, ""pivot2_low"": 1.423, ""pivot_hours"": 9.0, ""multi_bull_div"": 0.0, ""h1_rsi"": 44.75583299510481, ""h1_dist_ema20"": -2.5177186303197763, ""dist_high_20h"": 8.442330558858501}","{""available"": true, ""label"": ""V11_DIAGNOSTIC_PROXY"", ""quality"": 0.0, ""quality_ge72"": false, ""pressure"": false, ""retrigger"": false, ""fast_confirm"": false, ""fast_break"": false, ""h1_price_above_ema20"": false, ""h1_rsi_ge50"": false, ""near_20h_high_le4_5"": false, ""m15_near_prev_high6_ge_m0_2"": false}",3.376623376623389,-0.6493506493506551,0.32467532467532756,3.376623376623389,-1.4935064935065023,0.3896103896103842,3.376623376623389,-3.8311688311688297,-1.3636363636363669,12.7922077922078,-3.8311688311688297,4.155844155844157,2.0,9.0,20.0,10.0,1.0,0.0,1
2029459533d0a1134ddfba94,2026-09-28T23:00:00+00:00,2026-09-28T23:14:42.962781+00:00,C12,CONTINUATION,HEMIUSDT,0.00606,BEAR,BEAR,"{""btc_d1_rsi"": 65.14643219673593, ""breadth_ret72_delta72"": -46.38403990024938, ""btc_d1_ema20_slope3"": 1.2766143243397199, ""btc_ret_24h"": -0.7735113860909415}","{""last_pivot_low_age_h"": 11.0, ""pivot1_low"": 0.00601, ""pivot2_low"": 0.00597, ""pivot_hours"": 6.0, ""multi_bull_div"": 3.0, ""h1_rsi"": 42.14814026170021, ""h1_dist_ema20"": -0.7770559492714213, ""dist_high_20h"": 2.100161550888524}","{""available"": true, ""label"": ""V11_DIAGNOSTIC_PROXY"", ""quality"": 0.0, ""quality_ge72"": false, ""pressure"": false, ""retrigger"": false, ""fast_confirm"": true, ""fast_break"": true, ""h1_price_above_ema20"": false, ""h1_rsi_ge50"": false, ""near_20h_high_le4_5"": true, ""m15_near_prev_high6_ge_m0_2"": true}",0.8250825082508184,-1.650165016501659,-0.990099009900991,0.8250825082508184,-2.4752475247524774,-1.4851485148514976,1.1551155115511413,-2.4752475247524774,0.16501650165015036,6.105610561056096,-2.4752475247524774,1.1551155115511413,16.0,4.0,17.0,,0.0,1.0,1
4a3f64c899a50a7dfe9d2fd3,2026-09-28T23:00:00+00:00,2026-09-28T23:14:43.543970+00:00,C12,CONTINUATION,HUMAUSDT,0.02836,BEAR,BEAR,"{""btc_d1_rsi"": 65.14643219673593, ""breadth_ret72_delta72"": -46.38403990024938, ""btc_d1_ema20_slope3"": 1.2766143243397199, ""btc_ret_24h"": -0.7735113860909415}","{""last_pivot_low_age_h"": 10.0, ""pivot1_low"": 0.02572, ""pivot2_low"": 0.02636, ""pivot_hours"": 6.0, ""multi_bull_div"": 0.0, ""h1_rsi"": 53.36306814181181, ""h1_dist_ema20"": 1.0687124777218004, ""dist_high_20h"": 2.576434215046375}","{""available"": true, ""label"": ""V11_DIAGNOSTIC_PROXY"", ""quality"": 0.0, ""quality_ge72"": false, ""pressure"": false, ""retrigger"": false, ""fast_confirm"": false, ""fast_break"": false, ""h1_price_above_ema20"": true, ""h1_rsi_ge50"": true, ""near_20h_high_le4_5"": true, ""m15_near_prev_high6_ge_m0_2"": false}",0.0705218617771397,-1.6925246826516305,-0.6346967559943573,0.9167842031029716,-1.6925246826516305,-0.14104372355430161,3.4555712270804007,-2.0451339915373734,2.186177715091664,5.535966149506333,-2.0451339915373734,3.667136812411842,10.0,9.0,20.0,,0.0,1.0,1
981b12a794406ddf73a5929b,2026-09-28T23:00:00+00:00,2026-09-28T23:14:44.120395+00:00,C12,CONTINUATION,NIGHTUSDT,0.02839,BEAR,BEAR,"{""btc_d1_rsi"": 65.14643219673593, ""breadth_ret72_delta72"": -46.38403990024938, ""btc_d1_ema20_slope3"": 1.2766143243397199, ""btc_ret_24h"": -0.7735113860909415}","{""last_pivot_low_age_h"": 13.0, ""pivot1_low"": 0.0266, ""pivot2_low"": 0.02551, ""pivot_hours"": 11.0, ""multi_bull_div"": 0.0, ""h1_rsi"": 63.49628161214248, ""h1_dist_ema20"": 3.4961506341659954, ""dist_high_20h"": 0.9766306243460199}","{""available"": true, ""label"": ""V11_DIAGNOSTIC_PROXY"", ""quality"": 0.0, ""quality_ge72"": false, ""pressure"": false, ""retrigger"": false, ""fast_confirm"": true, ""fast_break"": true, ""h1_price_above_ema20"": true, ""h1_rsi_ge50"": true, ""near_20h_high_le4_5"": true, ""m15_near_prev_high6_ge_m0_2"": true}",1.549841493483628,-3.4871433603381408,-1.585065163790067,1.549841493483628,-3.4871433603381408,-0.387460373370907,6.481155336386046,-3.4871433603381408,6.305036984853829,16.23811201127159,-3.4871433603381408,14.159915463191265,11.0,3.0,12.0,3.0,0.0,0.0,1
3881850aa0e2a8cc2a042a99,2026-09-28T23:00:00+00:00,2026-09-28T23:14:44.707339+00:00,C12,CONTINUATION,PEOPLEUSDT,0.00931,BEAR,BEAR,"{""btc_d1_rsi"": 65.14643219673593, ""breadth_ret72_delta72"": -46.38403990024938, ""btc_d1_ema20_slope3"": 1.2766143243397199, ""btc_ret_24h"": -0.7735113860909415}","{""last_pivot_low_age_h"": 13.0, ""pivot1_low"": 0.00905, ""pivot2_low"": 0.00865, ""pivot_hours"": 11.0, ""multi_bull_div"": 0.0, ""h1_rsi"": 59.18995030117761, ""h1_dist_ema20"": 2.202252485142786, ""dist_high_20h"": 1.0626992561105109}","{""available"": true, ""label"": ""V11_DIAGNOSTIC_PROXY"", ""quality"": 0.0, ""quality_ge72"": false, ""pressure"": false, ""retrigger"": false, ""fast_confirm"": true, ""fast_break"": false, ""h1_price_above_ema20"": true, ""h1_rsi_ge50"": true, ""near_20h_high_le4_5"": true, ""m15_near_prev_high6_ge_m0_2"": false}",2.3630504833512367,-4.940923737916226,-4.296455424274981,2.3630504833512367,-4.940923737916226,-1.8259935553168627,2.3630504833512367,-4.940923737916226,0.32223415682059997,3.6519871106337254,-4.940923737916226,0.32223415682059997,16.0,3.0,,3.0,0.0,0.0,1
b04036d83b887a3e1baa8515,2026-09-28T23:00:00+00:00,2026-09-28T23:14:45.293230+00:00,C12,CONTINUATION,RUNEUSDT,0.772,BEAR,BEAR,"{""btc_d1_rsi"": 65.14643219673593, ""breadth_ret72_delta72"": -46.38403990024938, ""btc_d1_ema20_slope3"": 1.2766143243397199, ""btc_ret_24h"": -0.7735113860909415}","{""last_pivot_low_age_h"": 13.0, ""pivot1_low"": 0.709, ""pivot2_low"": 0.706, ""pivot_hours"": 7.0, ""multi_bull_div"": 2.0, ""h1_rsi"": 57.950566024716956, ""h1_dist_ema20"": 1.8908729220140863, ""dist_high_20h"": 3.7406483790523692}","{""available"": true, ""label"": ""V11_DIAGNOSTIC_PROXY"", ""quality"": 0.0, ""quality_ge72"": false, ""pressure"": false, ""retrigger"": false, ""fast_confirm"": true, ""fast_break"": false, ""h1_price_above_ema20"": true, ""h1_rsi_ge50"": true, ""near_20h_high_le4_5"": true, ""m15_near_prev_high6_ge_m0_2"": false}",2.2020725388601115,-1.1658031088082943,0.12953367875647714,2.2020725388601115,-2.849740932642486,0.5181347150259086,3.497409326424883,-2.849740932642486,1.6839378238342029,3.497409326424883,-4.274611398963735,-2.4611398963730546,8.0,4.0,,17.0,0.0,0.0,1
a8e6796b45513de6ba2846d9,2026-09-28T23:00:00+00:00,2026-09-28T23:14:45.877690+00:00,C12,CONTINUATION,TRBUSDT,18.8,BEAR,BEAR,"{""btc_d1_rsi"": 65.14643219673593, ""breadth_ret72_delta72"": -46.38403990024938, ""btc_d1_ema20_slope3"": 1.2766143243397199, ""btc_ret_24h"": -0.7735113860909415}","{""last_pivot_low_age_h"": 13.0, ""pivot1_low"": 19.17, ""pivot2_low"": 18.31, ""pivot_hours"": 11.0, ""multi_bull_div"": 0.0, ""h1_rsi"": 44.80687570359589, ""h1_dist_ema20"": -0.6341193061634498, ""dist_high_20h"": 2.7418520434557614}","{""available"": true, ""label"": ""V11_DIAGNOSTIC_PROXY"", ""quality"": 0.0, ""quality_ge72"": false, ""pressure"": false, ""retrigger"": false, ""fast_confirm"": true, ""fast_break"": true, ""h1_price_above_ema20"": false, ""h1_rsi_ge50"": false, ""near_20h_high_le4_5"": true, ""m15_near_prev_high6_ge_m0_2"": true}",1.9148936170212627,-1.648936170212778,-0.4787234042553212,1.9148936170212627,-2.1276595744680993,0.0,6.542553191489353,-2.1276595744680993,4.574468085106376,13.351063829787213,-2.1276595744680993,8.776595744680836,9.0,4.0,11.0,,0.0,1.0,1
a070b441fdd91b073bec4c76,2026-10-06T00:00:00+00:00,2026-10-06T00:46:12.222982+00:00,C09,CONFIRMED_REVERSAL,0GUSDT,0.3074,BULL,BULL,"{""btc_ret_24h"": -0.8819253438113961, ""breadth_ret72_delta72"": 26.184538653366587, ""btc_h1_ema50_slope3"": 0.03843535155219069}","{""last_pivot_low_age_h"": 8.0, ""pivot1_low"": 0.3009, ""pivot2_low"": 0.301, ""pivot_hours"": 4.0, ""multi_bull_div"": 0.0, ""h1_rsi"": 58.564622400264355, ""h1_dist_ema20"": 0.7398545655483479, ""dist_high_20h"": 0.8067118425298503}","{""available"": true, ""label"": ""V11_DIAGNOSTIC_PROXY"", ""quality"": 0.0, ""quality_ge72"": false, ""pressure"": false, ""retrigger"": false, ""fast_confirm"": true, ""fast_break"": true, ""h1_price_above_ema20"": true, ""h1_rsi_ge50"": true, ""near_20h_high_le4_5"": true, ""m15_near_prev_high6_ge_m0_2"": true}",0.45543266102798796,-1.951854261548469,-0.7156798959011001,0.9759271307742345,-1.951854261548469,-0.9433962264150941,2.472348731294738,-1.951854261548469,1.3337670787247902,6.245933636955114,-1.951854261548469,4.294079375406623,15.0,,15.0,,1.0,1.0,1
2444fddcbcc43fdcd2361760,2026-10-06T00:00:00+00:00,2026-10-06T00:46:10.164480+00:00,C09,CONFIRMED_REVERSAL,1000CATUSDT,0.002267,BULL,BULL,"{""btc_ret_24h"": -0.8819253438113961, ""breadth_ret72_delta72"": 26.184538653366587, ""btc_h1_ema50_slope3"": 0.03843535155219069}","{""last_pivot_low_age_h"": 6.0, ""pivot1_low"": 0.002284, ""pivot2_low"": 0.00223, ""pivot_hours"": 8.0, ""multi_bull_div"": 0.0, ""h1_rsi"": 47.90184374799158, ""h1_dist_ema20"": -0.13755850611915088, ""dist_high_20h"": 2.452667814113607}","{""available"": true, ""label"": ""V11_DIAGNOSTIC_PROXY"", ""quality"": 0.0, ""quality_ge72"": false, ""pressure"": false, ""retrigger"": false, ""fast_confirm"": true, ""fast_break"": true, ""h1_price_above_ema20"": false, ""h1_rsi_ge50"": false, ""near_20h_high_le4_5"": true, ""m15_near_prev_high6_ge_m0_2"": true}",0.08822232024703336,-1.9408910454344896,-1.7203352448169396,0.08822232024703336,-2.2937803264225787,-1.2351124834583116,0.08822232024703336,-2.2937803264225787,-0.48522276135861686,2.6907807675341955,-2.2937803264225787,-0.6175562417291669,,4.0,,,0.0,,1
35e7ba36fd65b881fc5392c3,2026-10-06T00:00:00+00:00,2026-10-06T00:46:11.813523+00:00,C09,CONFIRMED_REVERSAL,1000CHEEMSUSDT,0.000552,BULL,BULL,"{""btc_ret_24h"": -0.8819253438113961, ""breadth_ret72_delta72"": 26.184538653366587, ""btc_h1_ema50_slope3"": 0.03843535155219069}","{""last_pivot_low_age_h"": 6.0, ""pivot1_low"": 0.000548, ""pivot2_low"": 0.000548, ""pivot_hours"": 1.0, ""multi_bull_div"": 0.0, ""h1_rsi"": 45.86430838014839, ""h1_dist_ema20"": -0.41609072681091375, ""dist_high_20h"": 2.1276595744680993}","{""available"": true, ""label"": ""V11_DIAGNOSTIC_PROXY"", ""quality"": 0.0, ""quality_ge72"": false, ""pressure"": false, ""retrigger"": false, ""fast_confirm"": true, ""fast_break"": false, ""h1_price_above_ema20"": false, ""h1_rsi_ge50"": false, ""near_20h_high_le4_5"": true, ""m15_near_prev_high6_ge_m0_2"": false}",0.36231884057971175,-1.449275362318836,-1.26811594202898,0.36231884057971175,-1.9927536231883924,-0.9057971014492794,0.5434782608695787,-1.9927536231883924,0.18115942028986698,0.5434782608695787,-2.717391304347816,-2.536231884057971,,18.0,,,0.0,,1
1cca327a7412001e5a028017,2026-10-06T00:00:00+00:00,2026-10-06T00:46:11.398477+00:00,C09,CONFIRMED_REVERSAL,1000SATSUSDT,1.263e-05,BULL,BULL,"{""btc_ret_24h"": -0.8819253438113961, ""breadth_ret72_delta72"": 26.184538653366587, ""btc_h1_ema50_slope3"": 0.03843535155219069}","{""last_pivot_low_age_h"": 6.0, ""pivot1_low"": 1.262e-05, ""pivot2_low"": 1.237e-05, ""pivot_hours"": 8.0, ""multi_bull_div"": 0.0, ""h1_rsi"": 53.28410635239963, ""h1_dist_ema20"": 0.25170079408967094, ""dist_high_20h"": 1.096319498825371}","{""available"": true, ""label"": ""V11_DIAGNOSTIC_PROXY"", ""quality"": 0.0, ""quality_ge72"": false, ""pressure"": false, ""retrigger"": false, ""fast_confirm"": true, ""fast_break"": false, ""h1_price_above_ema20"": true, ""h1_rsi_ge50"": true, ""near_20h_high_le4_5"": true, ""m15_near_prev_high6_ge_m0_2"": false}",0.23752969121140222,-2.137767220902609,-2.058590657165471,0.23752969121140222,-2.692003167062551,-1.50435471100554,0.8709422011084822,-2.692003167062551,0.5542359461599533,1.7418844022169644,-2.692003167062551,-0.87094220110846,,3.0,,,0.0,,1
02abcde5be4644843499f4d9,2026-10-06T00:00:00+00:00,2026-10-06T00:46:10.575769+00:00,C09,CONFIRMED_REVERSAL,1MBABYDOGEUSDT,0.000415,BULL,BULL,"{""btc_ret_24h"": -0.8819253438113961, ""breadth_ret72_delta72"": 26.184538653366587, ""btc_h1_ema50_slope3"": 0.03843535155219069}","{""last_pivot_low_age_h"": 6.0, ""pivot1_low"": 0.000417, ""pivot2_low"": 0.0004105, ""pivot_hours"": 8.0, ""multi_bull_div"": 0.0, ""h1_rsi"": 47.70974295201766, ""h1_dist_ema20"": -0.16353710982797143, ""dist_high_20h"": 1.6587677725118488}","{""available"": true, ""label"": ""V11_DIAGNOSTIC_PROXY"", ""quality"": 0.0, ""quality_ge72"": false, ""pressure"": false, ""retrigger"": false, ""fast_confirm"": false, ""fast_break"": false, ""h1_price_above_ema20"": false, ""h1_rsi_ge50"": false, ""near_20h_high_le4_5"": true, ""m15_near_prev_high6_ge_m0_2"": false}",0.3132530120481869,-1.1325301204819338,-0.9156626506024113,0.3132530120481869,-1.3493975903614563,-0.6746987951807282,0.3132530120481869,-1.421686746987949,0.04819277108434328,0.3132530120481869,-2.5060240963855396,-1.8554216867469941,,18.0,,,0.0,,1
eae2c1d1175774cc7b6a25ea,2026-10-06T00:00:00+00:00,2026-10-06T00:46:10.984406+00:00,C09,CONFIRMED_REVERSAL,2ZUSDT,0.04349,BULL,BULL,"{""btc_ret_24h"": -0.8819253438113961, ""breadth_ret72_delta72"": 26.184538653366587, ""btc_h1_ema50_slope3"": 0.03843535155219069}","{""last_pivot_low_age_h"": 6.0, ""pivot1_low"": 0.04193, ""pivot2_low"": 0.0422, ""pivot_hours"": 3.0, ""multi_bull_div"": 0.0, ""h1_rsi"": 40.85733801390776, ""h1_dist_ema20"": -0.8119176947894657, ""dist_high_20h"": 4.207048458149787}","{""available"": true, ""label"": ""V11_DIAGNOSTIC_PROXY"", ""quality"": 0.0, ""quality_ge72"": false, ""pressure"": false, ""retrigger"": false, ""fast_confirm"": false, ""fast_break"": false, ""h1_price_above_ema20"": false, ""h1_rsi_ge50"": false, ""near_20h_high_le4_5"": true, ""m15_near_prev_high6_ge_m0_2"": false}",0.34490687514370233,-2.7822487928259476,-2.437341917682223,0.34490687514370233,-3.334099793055878,-2.230397792595995,0.34490687514370233,-4.046907335019534,-3.0121867095884047,0.34490687514370233,-5.288572085536913,-4.98965279374568,,2.0,,4.0,0.0,0.0,1
84d4cd26fc8f7121195ece92,2026-10-06T00:00:00+00:00,2026-10-06T00:46:12.635015+00:00,C09,CONFIRMED_REVERSAL,ACEUSDT,0.1927,BULL,BULL,"{""btc_ret_24h"": -0.8819253438113961, ""breadth_ret72_delta72"": 26.184538653366587, ""btc_h1_ema50_slope3"": 0.03843535155219069}","{""last_pivot_low_age_h"": 9.0, ""pivot1_low"": 0.1869, ""pivot2_low"": 0.1872, ""pivot_hours"": 8.0, ""multi_bull_div"": 0.0, ""h1_rsi"": 63.71120564753839, ""h1_dist_ema20"": 1.2179882339324655, ""dist_high_20h"": 2.824004034291472}","{""available"": true, ""label"": ""V11_DIAGNOSTIC_PROXY"", ""quality"": 0.0, ""quality_ge72"": false, ""pressure"": false, ""retrigger"": false, ""fast_confirm"": true, ""fast_break"": true, ""h1_price_above_ema20"": true, ""h1_rsi_ge50"": true, ""near_20h_high_le4_5"": true, ""m15_near_prev_high6_ge_m0_2"": true}",0.05189413596262682,-2.1276595744680993,-1.8162947586922717,0.20757654385052948,-2.231447846393353,0.15568240788790266,1.60871821484172,-2.231447846393353,0.41515308770108117,3.840166061235073,-2.231447846393353,1.60871821484172,17.0,3.0,,,0.0,,1
453b17360606ddf2151f14b2,2026-10-06T00:00:00+00:00,2026-10-06T00:46:13.047529+00:00,C09,CONFIRMED_REVERSAL,ACHUSDT,0.00616,BULL,BULL,"{""btc_ret_24h"": -0.8819253438113961, ""breadth_ret72_delta72"": 26.184538653366587, ""btc_h1_ema50_slope3"": 0.03843535155219069}","{""last_pivot_low_age_h"": 5.0, ""pivot1_low"": 0.00598, ""pivot2_low"": 0.00603, ""pivot_hours"": 14.0, ""multi_bull_div"": 0.0, ""h1_rsi"": 53.96644472021019, ""h1_dist_ema20"": 0.5217180220088435, ""dist_high_20h"": 1.7543859649122973}","{""available"": true, ""label"": ""V11_DIAGNOSTIC_PROXY"", ""quality"": 0.0, ""quality_ge72"": false, ""pressure"": false, ""retrigger"": false, ""fast_confirm"": false, ""fast_break"": false, ""h1_price_above_ema20"": true, ""h1_rsi_ge50"": true, ""near_20h_high_le4_5"": true, ""m15_near_prev_high6_ge_m0_2"": false}",0.8116883116883189,-1.9480519480519431,-1.9480519480519431,0.8116883116883189,-2.597402597402587,-2.2727272727272596,0.8116883116883189,-2.9220779220779147,-1.461038961038963,0.8116883116883189,-5.1948051948051965,-3.8961038961038974,,4.0,,17.0,0.0,0.0,1
8d26effcd0bdf0dba1ba3064,2026-10-06T00:00:00+00:00,2026-10-06T00:46:13.462734+00:00,C09,CONFIRMED_REVERSAL,ACTUSDT,0.01107,BULL,BULL,"{""btc_ret_24h"": -0.8819253438113961, ""breadth_ret72_delta72"": 26.184538653366587, ""btc_h1_ema50_slope3"": 0.03843535155219069}","{""last_pivot_low_age_h"": 9.0, ""pivot1_low"": 0.01084, ""pivot2_low"": 0.01074, ""pivot_hours"": 5.0, ""multi_bull_div"": 0.0, ""h1_rsi"": 54.944822152025104, ""h1_dist_ema20"": 0.5981552715758731, ""dist_high_20h"": 3.23426573426574}","{""available"": true, ""label"": ""V11_DIAGNOSTIC_PROXY"", ""quality"": 0.0, ""quality_ge72"": false, ""pressure"": false, ""retrigger"": false, ""fast_confirm"": false, ""fast_break"": false, ""h1_price_above_ema20"": true, ""h1_rsi_ge50"": true, ""near_20h_high_le4_5"": true, ""m15_near_prev_high6_ge_m0_2"": false}",0.09033423667570428,-2.619692863595302,-2.529358626919609,0.09033423667570428,-4.065040650406515,-2.168021680216803,0.5420054200542035,-4.065040650406515,0.18066847335138636,0.8130081300812941,-4.065040650406515,-0.9936766034327027,,3.0,,4.0,0.0,0.0,1
758e1a4c0029ddfea9f6bb33,2026-10-06T00:00:00+00:00,2026-10-06T00:46:13.877521+00:00,C09,CONFIRMED_REVERSAL,ADAUSDT,0.2704,BULL,BULL,"{""btc_ret_24h"": -0.8819253438113961, ""breadth_ret72_delta72"": 26.184538653366587, ""btc_h1_ema50_slope3"": 0.03843535155219069}","{""last_pivot_low_age_h"": 7.0, ""pivot1_low"": 0.27, ""pivot2_low"": 0.2617, ""pivot_hours"": 7.0, ""multi_bull_div"": 0.0, ""h1_rsi"": 59.68762424521519, ""h1_dist_ema20"": 1.1691340593135813, ""dist_high_20h"": 2.3121387283237094}","{""available"": true, ""label"": ""V11_DIAGNOSTIC_PROXY"", ""quality"": 87.0, ""quality_ge72"": true, ""pressure"": true, ""retrigger"": true, ""fast_confirm"": false, ""fast_break"": false, ""h1_price_above_ema20"": true, ""h1_rsi_ge50"": true, ""near_20h_high_le4_5"": true, ""m15_near_prev_high6_ge_m0_2"": false}",0.6656804733727872,-1.4792899408283877,-1.4053254437869755,0.7766272189349221,-1.7751479289940697,-0.7026627218934767,4.437869822485219,-1.7751479289940697,3.2544378698224907,4.437869822485219,-1.7751479289940697,-1.1094674556212825,10.0,,,,1.0,,1
6c7caee4157dfaa93fef376c,2026-10-06T00:00:00+00:00,2026-10-06T00:46:14.290788+00:00,C09,CONFIRMED_REVERSAL,ADXUSDT,0.0671,BULL,BULL,"{""btc_ret_24h"": -0.8819253438113961, ""breadth_ret72_delta72"": 26.184538653366587, ""btc_h1_ema50_slope3"": 0.03843535155219069}","{""last_pivot_low_age_h"": 7.0, ""pivot1_low"": 0.0672, ""pivot2_low"": 0.0672, ""pivot_hours"": 1.0, ""multi_bull_div"": 0.0, ""h1_rsi"": 45.67000271905902, ""h1_dist_ema20"": -1.5561847522516215, ""dist_high_20h"": 7.702888583218703}","{""available"": true, ""label"": ""V11_DIAGNOSTIC_PROXY"", ""quality"": 0.0, ""quality_ge72"": false, ""pressure"": false, ""retrigger"": false, ""fast_confirm"": false, ""fast_break"": false, ""h1_price_above_ema20"": false, ""h1_rsi_ge50"": false, ""near_20h_high_le4_5"": false, ""m15_near_prev_high6_ge_m0_2"": false}",3.576751117734722,-0.14903129657228842,1.1922503725782407,5.663189269746649,-0.14903129657228842,1.78837555886735,5.812220566318915,-0.14903129657228842,3.7257824143069884,11.475409836065564,-0.14903129657228842,6.855439642324868,2.0,,5.0,,1.0,1.0,1
f8a3b0e01e0f5099563b61f5,2026-10-06T00:00:00+00:00,2026-10-06T00:46:14.707940+00:00,C09,CONFIRMED_REVERSAL,AEVOUSDT,0.02656,BULL,BULL,"{""btc_ret_24h"": -0.8819253438113961, ""breadth_ret72_delta72"": 26.184538653366587, ""btc_h1_ema50_slope3"": 0.03843535155219069}","{""last_pivot_low_age_h"": 6.0, ""pivot1_low"": 0.02632, ""pivot2_low"": 0.02577, ""pivot_hours"": 6.0, ""multi_bull_div"": 0.0, ""h1_rsi"": 52.69037956479173, ""h1_dist_ema20"": 0.41399152228100977, ""dist_high_20h"": 1.0800744878957103}","{""available"": true, ""label"": ""V11_DIAGNOSTIC_PROXY"", ""quality"": 0.0, ""quality_ge72"": false, ""pressure"": false, ""retrigger"": false, ""fast_confirm"": false, ""fast_break"": false, ""h1_price_above_ema20"": true, ""h1_rsi_ge50"": true, ""near_20h_high_le4_5"": true, ""m15_near_prev_high6_ge_m0_2"": false}",0.45180722891566827,-2.56024096385542,-2.56024096385542,0.45180722891566827,-3.3885542168674787,-2.4096385542168752,0.45180722891566827,-3.3885542168674787,-0.5271084337349463,0.45180722891566827,-3.3885542168674787,-2.4472891566265087,,3.0,,4.0,0.0,0.0,1
8c6efab3031fe5b94b0402c6,2026-10-06T00:00:00+00:00,2026-10-06T00:46:15.125258+00:00,C09,CONFIRMED_REVERSAL,AGLDUSDT,0.2132,BULL,BULL,"{""btc_ret_24h"": -0.8819253438113961, ""breadth_ret72_delta72"": 26.184538653366587, ""btc_h1_ema50_slope3"": 0.03843535155219069}","{""last_pivot_low_age_h"": 6.0, ""pivot1_low"": 0.2096, ""pivot2_low"": 0.207, ""pivot_hours"": 8.0, ""multi_bull_div"": 0.0, ""h1_rsi"": 59.328662493722554, ""h1_dist_ema20"": 1.08765967403619, ""dist_high_20h"": 0.5597014925373123}","{""available"": true, ""label"": ""V11_DIAGNOSTIC_PROXY"", ""quality"": 0.0, ""quality_ge72"": false, ""pressure"": false, ""retrigger"": false, ""fast_confirm"": false, ""fast_break"": false, ""h1_price_above_ema20"": true, ""h1_rsi_ge50"": true, ""near_20h_high_le4_5"": true, ""m15_near_prev_high6_ge_m0_2"": false}",0.7504690431519689,-2.063789868667909,-1.9699812382739212,0.7504690431519689,-2.204502814258913,-0.8911819887429728,1.5009380863039379,-2.204502814258913,0.23452157598498058,1.5009380863039379,-2.3452157598499057,-1.5947467166979479,,3.0,,,0.0,,1
f718ae4bd976f4c70ee88331,2026-10-06T00:00:00+00:00,2026-10-06T00:46:15.533416+00:00,C09,CONFIRMED_REVERSAL,AIGENSYNUSDT,0.02134,BULL,BULL,"{""btc_ret_24h"": -0.8819253438113961, ""breadth_ret72_delta72"": 26.184538653366587, ""btc_h1_ema50_slope3"": 0.03843535155219069}","{""last_pivot_low_age_h"": 7.0, ""pivot1_low"": 0.0209, ""pivot2_low"": 0.0207, ""pivot_hours"": 7.0, ""multi_bull_div"": 0.0, ""h1_rsi"": 64.08162165242325, ""h1_dist_ema20"": 1.277353553040106, ""dist_high_20h"": 1.112140871177003}","{""available"": true, ""label"": ""V11_DIAGNOSTIC_PROXY"", ""quality"": 0.0, ""quality_ge72"": false, ""pressure"": false, ""retrigger"": false, ""fast_confirm"": false, ""fast_break"": false, ""h1_price_above_ema20"": true, ""h1_rsi_ge50"": true, ""near_20h_high_le4_5"": true, ""m15_near_prev_high6_ge_m0_2"": false}",-0.046860356138722636,-1.4995313964386137,-1.4995313964386137,-0.046860356138722636,-2.1555763823805196,-1.2652296157450893,2.858481724461104,-2.1555763823805196,2.108716026241786,6.232427366447979,-2.1555763823805196,3.092783505154628,13.0,4.0,13.0,,0.0,1.0,1
c38cad5ba85f39e1d5bd8937,2026-10-06T00:00:00+00:00,2026-10-06T00:46:15.947559+00:00,C09,CONFIRMED_REVERSAL,AIUSDT,0.0207,BULL,BULL,"{""btc_ret_24h"": -0.8819253438113961, ""breadth_ret72_delta72"": 26.184538653366587, ""btc_h1_ema50_slope3"": 0.03843535155219069}","{""last_pivot_low_age_h"": 6.0, ""pivot1_low"": 0.0202, ""pivot2_low"": 0.0202, ""pivot_hours"": 1.0, ""multi_bull_div"": 0.0, ""h1_rsi"": 52.607686212524634, ""h1_dist_ema20"": 0.44715358416576034, ""dist_high_20h"": 9.999999999999998}","{""available"": true, ""label"": ""V11_DIAGNOSTIC_PROXY"", ""quality"": 0.0, ""quality_ge72"": false, ""pressure"": false, ""retrigger"": false, ""fast_confirm"": false, ""fast_break"": false, ""h1_price_above_ema20"": true, ""h1_rsi_ge50"": true, ""near_20h_high_le4_5"": false, ""m15_near_prev_high6_ge_m0_2"": false}",2.4154589371980784,0.0,0.48309178743961567,2.4154589371980784,-0.9661835748792202,0.0,5.797101449275366,-0.9661835748792202,1.9323671497584627,8.212560386473422,-0.9661835748792202,0.48309178743961567,7.0,,7.0,,1.0,1.0,1
c1513a698ff966082c4f25f3,2026-10-06T00:00:00+00:00,2026-10-06T00:46:16.360445+00:00,C09,CONFIRMED_REVERSAL,AIXBTUSDT,0.02313,BULL,BULL,"{""btc_ret_24h"": -0.8819253438113961, ""breadth_ret72_delta72"": 26.184538653366587, ""btc_h1_ema50_slope3"": 0.03843535155219069}","{""last_pivot_low_age_h"": 6.0, ""pivot1_low"": 0.02317, ""pivot2_low"": 0.02259, ""pivot_hours"": 8.0, ""multi_bull_div"": 0.0, ""h1_rsi"": 51.82781960807012, ""h1_dist_ema20"": 0.14568237135639261, ""dist_high_20h"": 2.074513124470778}","{""available"": true, ""label"": ""V11_DIAGNOSTIC_PROXY"", ""quality"": 0.0, ""quality_ge72"": false, ""pressure"": false, ""retrigger"": false, ""fast_confirm"": true, ""fast_break"": false, ""h1_price_above_ema20"": true, ""h1_rsi_ge50"": true, ""near_20h_high_le4_5"": true, ""m15_near_prev_high6_ge_m0_2"": false}",0.99437959360138,-3.069606571552108,-3.069606571552108,0.99437959360138,-3.80458279290965,-2.766969303934297,0.99437959360138,-3.80458279290965,-0.04323389537397304,0.99437959360138,-4.755728491137057,-3.6316472114137466,,3.0,,3.0,0.0,0.0,1
05822a100031d758205b285a,2026-10-06T00:00:00+00:00,2026-10-06T00:46:16.773746+00:00,C09,CONFIRMED_REVERSAL,ALGOUSDT,0.1276,BULL,BULL,"{""btc_ret_24h"": -0.8819253438113961, ""breadth_ret72_delta72"": 26.184538653366587, ""btc_h1_ema50_slope3"": 0.03843535155219069}","{""last_pivot_low_age_h"": 8.0, ""pivot1_low"": 0.1296, ""pivot2_low"": 0.1256, ""pivot_hours"": 6.0, ""multi_bull_div"": 0.0, ""h1_rsi"": 41.36652149862359, ""h1_dist_ema20"": -0.9804696030536464, ""dist_high_20h"": 3.8432554634514116}","{""available"": true, ""label"": ""V11_DIAGNOSTIC_PROXY"", ""quality"": 0.0, ""quality_ge72"": false, ""pressure"": false, ""retrigger"": false, ""fast_confirm"": false, ""fast_break"": false, ""h1_price_above_ema20"": false, ""h1_rsi_ge50"": false, ""near_20h_high_le4_5"": true, ""m15_near_prev_high6_ge_m0_2"": false}",0.5485893416927956,-1.6457680250783646,-0.31347962382444194,1.0971786833855912,-1.6457680250783646,0.23510971786835366,1.0971786833855912,-1.880877742946696,-1.0188087774294585,1.0971786833855912,-3.526645768025072,-3.2131661442006187,,14.0,,16.0,0.0,0.0,1
b9c6a0b6422646e134e2ff39,2026-10-06T00:00:00+00:00,2026-10-06T00:46:17.189740+00:00,C09,CONFIRMED_REVERSAL,ALICEUSDT,0.1825,BULL,BULL,"{""btc_ret_24h"": -0.8819253438113961, ""breadth_ret72_delta72"": 26.184538653366587, ""btc_h1_ema50_slope3"": 0.03843535155219069}","{""last_pivot_low_age_h"": 8.0, ""pivot1_low"": 0.1756, ""pivot2_low"": 0.1777, ""pivot_hours"": 8.0, ""multi_bull_div"": 0.0, ""h1_rsi"": 57.03434158763931, ""h1_dist_ema20"": 0.7497390590732733, ""dist_high_20h"": 1.3513513513513487}","{""available"": true, ""label"": ""V11_DIAGNOSTIC_PROXY"", ""quality"": 0.0, ""quality_ge72"": false, ""pressure"": false, ""retrigger"": false, ""fast_confirm"": false, ""fast_break"": false, ""h1_price_above_ema20"": true, ""h1_rsi_ge50"": true, ""near_20h_high_le4_5"": true, ""m15_near_prev_high6_ge_m0_2"": false}",0.49315068493152037,-1.3150684931506729,-1.2602739726027323,0.49315068493152037,-2.246575342465751,-2.246575342465751,3.0684931506849367,-2.630136986301368,2.7945205479452007,8.383561643835623,-2.630136986301368,3.5068493150685054,12.0,4.0,13.0,,0.0,1.0,1
92a0cc2968bafa00f671f394,2026-10-06T00:00:00+00:00,2026-10-06T00:46:17.599603+00:00,C09,CONFIRMED_REVERSAL,ALLOUSDT,0.2596,BULL,BULL,"{""btc_ret_24h"": -0.8819253438113961, ""breadth_ret72_delta72"": 26.184538653366587, ""btc_h1_ema50_slope3"": 0.03843535155219069}","{""last_pivot_low_age_h"": 6.0, ""pivot1_low"": 0.261, ""pivot2_low"": 0.2536, ""pivot_hours"": 13.0, ""multi_bull_div"": 0.0, ""h1_rsi"": 45.08793570144246, ""h1_dist_ema20"": -0.3503918236818726, ""dist_high_20h"": 3.13432835820896}","{""available"": true, ""label"": ""V11_DIAGNOSTIC_PROXY"", ""quality"": 0.0, ""quality_ge72"": false, ""pressure"": false, ""retrigger"": false, ""fast_confirm"": false, ""fast_break"": false, ""h1_price_above_ema20"": false, ""h1_rsi_ge50"": false, ""near_20h_high_le4_5"": true, ""m15_near_prev_high6_ge_m0_2"": false}",0.19260400616332163,-1.1941448382126296,-0.5778120184899871,0.19260400616332163,-1.4637904468412843,-0.7318952234206533,1.926040061633283,-1.4637904468412843,0.038520801232655444,1.926040061633283,-1.5408320493066285,-0.6933744221879867,,,,,,,1
b757c0e4037ae6d87c6e1e2f,2026-10-06T00:00:00+00:00,2026-10-06T00:46:18.014313+00:00,C09,CONFIRMED_REVERSAL,ALTUSDT,0.00801,BULL,BULL,"{""btc_ret_24h"": -0.8819253438113961, ""breadth_ret72_delta72"": 26.184538653366587, ""btc_h1_ema50_slope3"": 0.03843535155219069}","{""last_pivot_low_age_h"": 9.0, ""pivot1_low"": 0.00786, ""pivot2_low"": 0.00773, ""pivot_hours"": 5.0, ""multi_bull_div"": 0.0, ""h1_rsi"": 58.5068371940791, ""h1_dist_ema20"": 1.0396591853172543, ""dist_high_20h"": 0.7434944237918351}","{""available"": true, ""label"": ""V11_DIAGNOSTIC_PROXY"", ""quality"": 0.0, ""quality_ge72"": false, ""pressure"": false, ""retrigger"": false, ""fast_confirm"": false, ""fast_break"": false, ""h1_price_above_ema20"": true, ""h1_rsi_ge50"": true, ""near_20h_high_le4_5"": true, ""m15_near_prev_high6_ge_m0_2"": false}",0.12484394506866447,-2.9962546816479363,-2.9962546816479363,0.12484394506866447,-3.495630461922594,-2.621722846441954,0.6242197253433224,-3.495630461922594,0.0,1.2484394506866447,-3.495630461922594,-0.7490636704119757,,2.0,,4.0,0.0,0.0,1
817debf4caa2b9d4278940e3,2026-10-06T00:00:00+00:00,2026-10-06T00:46:18.430815+00:00,C09,CONFIRMED_REVERSAL,ANIMEUSDT,0.00342,BULL,BULL,"{""btc_ret_24h"": -0.8819253438113961, ""breadth_ret72_delta72"": 26.184538653366587, ""btc_h1_ema50_slope3"": 0.03843535155219069}","{""last_pivot_low_age_h"": 6.0, ""pivot1_low"": 0.00333, ""pivot2_low"": 0.00332, ""pivot_hours"": 3.0, ""multi_bull_div"": 1.0, ""h1_rsi"": 58.12720785213579, ""h1_dist_ema20"": 0.968810435830858, ""dist_high_20h"": 0.8695652173913104}","{""available"": true, ""label"": ""V11_DIAGNOSTIC_PROXY"", ""quality"": 0.0, ""quality_ge72"": false, ""pressure"": false, ""retrigger"": false, ""fast_confirm"": false, ""fast_break"": false, ""h1_price_above_ema20"": true, ""h1_rsi_ge50"": true, ""near_20h_high_le4_5"": true, ""m15_near_prev_high6_ge_m0_2"": false}",1.4619883040935644,-2.923976608187129,-2.3391812865496964,1.4619883040935644,-3.2163742690058394,-2.0467836257309857,1.4619883040935644,-3.2163742690058394,-1.1695906432748426,1.4619883040935644,-4.093567251461982,-3.2163742690058394,,3.0,,4.0,0.0,0.0,1
766fa865b906bd99bfb043ed,2026-10-06T00:00:00+00:00,2026-10-06T00:46:19.256649+00:00,C09,CONFIRMED_REVERSAL,ANKRUSDT,0.00508,BULL,BULL,"{""btc_ret_24h"": -0.8819253438113961, ""breadth_ret72_delta72"": 26.184538653366587, ""btc_h1_ema50_slope3"": 0.03843535155219069}","{""last_pivot_low_age_h"": 6.0, ""pivot1_low"": 0.00489, ""pivot2_low"": 0.00489, ""pivot_hours"": 1.0, ""multi_bull_div"": 0.0, ""h1_rsi"": 68.27256962429604, ""h1_dist_ema20"": 1.9096434000188234, ""dist_high_20h"": 1.5503875968992165}","{""available"": true, ""label"": ""V11_DIAGNOSTIC_PROXY"", ""quality"": 0.0, ""quality_ge72"": false, ""pressure"": false, ""retrigger"": false, ""fast_confirm"": false, ""fast_break"": false, ""h1_price_above_ema20"": true, ""h1_rsi_ge50"": true, ""near_20h_high_le4_5"": true, ""m15_near_prev_high6_ge_m0_2"": false}",0.3937007874015741,-2.952755905511806,-2.952755905511806,0.3937007874015741,-3.543307086614178,-2.3622047244094557,0.3937007874015741,-3.543307086614178,-1.3779527559055205,0.3937007874015741,-4.330708661417337,-3.740157480314965,,3.0,,4.0,0.0,0.0,1
cc5245505c1dc04b325e4d1f,2026-10-06T00:00:00+00:00,2026-10-06T00:46:18.844141+00:00,C09,CONFIRMED_REVERSAL,APEUSDT,0.1639,BULL,BULL,"{""btc_ret_24h"": -0.8819253438113961, ""breadth_ret72_delta72"": 26.184538653366587, ""btc_h1_ema50_slope3"": 0.03843535155219069}","{""last_pivot_low_age_h"": 6.0, ""pivot1_low"": 0.1629, ""pivot2_low"": 0.1621, ""pivot_hours"": 3.0, ""multi_bull_div"": 1.0, ""h1_rsi"": 41.81846916687994, ""h1_dist_ema20"": -1.089363708173352, ""dist_high_20h"": 5.314846909300986}","{""available"": true, ""label"": ""V11_DIAGNOSTIC_PROXY"", ""quality"": 0.0, ""quality_ge72"": false, ""pressure"": false, ""retrigger"": false, ""fast_confirm"": true, ""fast_break"": false, ""h1_price_above_ema20"": false, ""h1_rsi_ge50"": false, ""near_20h_high_le4_5"": false, ""m15_near_prev_high6_ge_m0_2"": false}",0.18303843807201403,-3.4777303233679002,-2.8676021964612497,0.18303843807201403,-3.4777303233679002,-2.257474069554599,0.18303843807201403,-3.5387431360585753,-1.7083587553386237,0.18303843807201403,-4.51494813910921,-3.721781574130567,,3.0,,3.0,0.0,0.0,1
c1140fdaa13e8372fc2e6658,2026-10-06T00:00:00+00:00,2026-10-06T00:46:19.669139+00:00,C09,CONFIRMED_REVERSAL,API3USDT,0.3166,BULL,BULL,"{""btc_ret_24h"": -0.8819253438113961, ""breadth_ret72_delta72"": 26.184538653366587, ""btc_h1_ema50_slope3"": 0.03843535155219069}","{""last_pivot_low_age_h"": 9.0, ""pivot1_low"": 0.2906, ""pivot2_low"": 0.2901, ""pivot_hours"": 5.0, ""multi_bull_div"": 3.0, ""h1_rsi"": 71.83927878430134, ""h1_dist_ema20"": 4.653711679479211, ""dist_high_20h"": 5.038992201559678}","{""available"": true, ""label"": ""V11_DIAGNOSTIC_PROXY"", ""quality"": 0.0, ""quality_ge72"": false, ""pressure"": false, ""retrigger"": false, ""fast_confirm"": true, ""fast_break"": false, ""h1_price_above_ema20"": true, ""h1_rsi_ge50"": true, ""near_20h_high_le4_5"": false, ""m15_near_prev_high6_ge_m0_2"": false}",3.695514845230563,-3.0638029058749128,0.6317119393556503,9.380922299431461,-4.264055590650662,8.622867972204663,28.77447883765003,-4.264055590650662,10.612760581174996,28.77447883765003,-4.264055590650662,8.528111181301323,1.0,2.0,6.0,3.0,1.0,0.0,1
a5fc92aafbc51df059ee6fd7,2026-10-06T00:00:00+00:00,2026-10-06T00:46:20.079972+00:00,C09,CONFIRMED_REVERSAL,APTUSDT,0.8451,BULL,BULL,"{""btc_ret_24h"": -0.8819253438113961, ""breadth_ret72_delta72"": 26.184538653366587, ""btc_h1_ema50_slope3"": 0.03843535155219069}","{""last_pivot_low_age_h"": 6.0, ""pivot1_low"": 0.7977, ""pivot2_low"": 0.801, ""pivot_hours"": 3.0, ""multi_bull_div"": 0.0, ""h1_rsi"": 64.31777883765233, ""h1_dist_ema20"": 2.633863672528247, ""dist_high_20h"": 1.675392670157072}","{""available"": true, ""label"": ""V11_DIAGNOSTIC_PROXY"", ""quality"": 0.0, ""quality_ge72"": false, ""pressure"": false, ""retrigger"": false, ""fast_confirm"": false, ""fast_break"": false, ""h1_price_above_ema20"": true, ""h1_rsi_ge50"": true, ""near_20h_high_le4_5"": true, ""m15_near_prev_high6_ge_m0_2"": false}",0.567980120695788,-4.153354632587847,-3.916696248964613,0.567980120695788,-4.153354632587847,-3.265885694000703,0.567980120695788,-4.153354632587847,-1.9405987457105645,1.3607857058336448,-4.153354632587847,-2.2600875636019424,,2.0,,2.0,0.0,0.0,1
6c9e506bb85c77f553f1fe82,2026-10-06T00:00:00+00:00,2026-10-06T00:46:20.937130+00:00,C09,CONFIRMED_REVERSAL,ARBUSDT,0.2079,BULL,BULL,"{""btc_ret_24h"": -0.8819253438113961, ""breadth_ret72_delta72"": 26.184538653366587, ""btc_h1_ema50_slope3"": 0.03843535155219069}","{""last_pivot_low_age_h"": 7.0, ""pivot1_low"": 0.2036, ""pivot2_low"": 0.2013, ""pivot_hours"": 6.0, ""multi_bull_div"": 0.0, ""h1_rsi"": 56.77169802694456, ""h1_dist_ema20"": 0.8612016766020636, ""dist_high_20h"": 1.5158692562766474}","{""available"": true, ""label"": ""V11_DIAGNOSTIC_PROXY"", ""quality"": 0.0, ""quality_ge72"": false, ""pressure"": false, ""retrigger"": false, ""fast_confirm"": true, ""fast_break"": false, ""h1_price_above_ema20"": true, ""h1_rsi_ge50"": true, ""near_20h_high_le4_5"": true, ""m15_near_prev_high6_ge_m0_2"": false}",0.19240019240018835,-2.0683020683020636,-1.7797017797017811,0.19240019240018835,-2.3088023088023046,-2.260702260702263,0.19240019240018835,-4.473304473304474,-3.078403078403069,0.19240019240018835,-4.473304473304474,-3.94420394420395,,3.0,,7.0,0.0,0.0,1
a44a36b7b9d896b533c34bec,2026-10-06T00:00:00+00:00,2026-10-06T00:46:21.348396+00:00,C09,CONFIRMED_REVERSAL,ARKMUSDT,0.1349,BULL,BULL,"{""btc_ret_24h"": -0.8819253438113961, ""breadth_ret72_delta72"": 26.184538653366587, ""btc_h1_ema50_slope3"": 0.03843535155219069}","{""last_pivot_low_age_h"": 6.0, ""pivot1_low"": 0.1306, ""pivot2_low"": 0.131, ""pivot_hours"": 13.0, ""multi_bull_div"": 0.0, ""h1_rsi"": 56.031906479448466, ""h1_dist_ema20"": 0.6902066643584392, ""dist_high_20h"": 2.2463768115942195}","{""available"": true, ""label"": ""V11_DIAGNOSTIC_PROXY"", ""quality"": 0.0, ""quality_ge72"": false, ""pressure"": false, ""retrigger"": false, ""fast_confirm"": false, ""fast_break"": false, ""h1_price_above_ema20"": true, ""h1_rsi_ge50"": true, ""near_20h_high_le4_5"": true, ""m15_near_prev_high6_ge_m0_2"": false}",0.1482579688658392,-3.1134173461823456,-2.9651593773165286,0.1482579688658392,-3.4840622683469102,-2.1497405485544796,2.0014825796886626,-3.4840622683469102,1.4825796886582587,3.409933283914035,-3.4840622683469102,1.111934766493694,15.0,2.0,,3.0,0.0,0.0,1
30d1c6927b54a38ea9e4b068,2026-10-06T00:00:00+00:00,2026-10-06T00:46:20.512997+00:00,C09,CONFIRMED_REVERSAL,ARKUSDT,0.2179,BULL,BULL,"{""btc_ret_24h"": -0.8819253438113961, ""breadth_ret72_delta72"": 26.184538653366587, ""btc_h1_ema50_slope3"": 0.03843535155219069}","{""last_pivot_low_age_h"": 7.0, ""pivot1_low"": 0.216, ""pivot2_low"": 0.2163, ""pivot_hours"": 3.0, ""multi_bull_div"": 0.0, ""h1_rsi"": 44.99383457669528, ""h1_dist_ema20"": -0.4560903969112795, ""dist_high_20h"": 2.418271383788617}","{""available"": true, ""label"": ""V11_DIAGNOSTIC_PROXY"", ""quality"": 0.0, ""quality_ge72"": false, ""pressure"": false, ""retrigger"": false, ""fast_confirm"": false, ""fast_break"": false, ""h1_price_above_ema20"": false, ""h1_rsi_ge50"": false, ""near_20h_high_le4_5"": true, ""m15_near_prev_high6_ge_m0_2"": false}",1.789811840293698,-0.7801743919229054,0.9178522257916377,1.881597062872875,-1.1473152822395583,-0.8260670032124939,1.881597062872875,-3.0289123451124444,-3.0289123451124444,1.881597062872875,-5.277650298301973,-4.268012849931157,,12.0,,12.0,0.0,0.0,1
227a0d18cc00537f645db62f,2026-10-06T00:00:00+00:00,2026-10-06T00:46:21.761859+00:00,C09,CONFIRMED_REVERSAL,ARUSDT,4.541,BULL,BULL,"{""btc_ret_24h"": -0.8819253438113961, ""breadth_ret72_delta72"": 26.184538653366587, ""btc_h1_ema50_slope3"": 0.03843535155219069}","{""last_pivot_low_age_h"": 10.0, ""pivot1_low"": 4.423, ""pivot2_low"": 4.4, ""pivot_hours"": 9.0, ""multi_bull_div"": 0.0, ""h1_rsi"": 54.727957598874795, ""h1_dist_ema20"": 0.5908387092482759, ""dist_high_20h"": 2.762312633832964}","{""available"": true, ""label"": ""V11_DIAGNOSTIC_PROXY"", ""quality"": 0.0, ""quality_ge72"": false, ""pressure"": false, ""retrigger"": false, ""fast_confirm"": true, ""fast_break"": false, ""h1_price_above_ema20"": true, ""h1_rsi_ge50"": true, ""near_20h_high_le4_5"": true, ""m15_near_prev_high6_ge_m0_2"": false}",0.04404316229904559,-2.466417088746975,-2.22417969610218,0.04404316229904559,-2.5765249944946,-0.7707553402334311,2.576524994494611,-2.5765249944946,1.695661748513544,4.558467297951996,-2.5765249944946,0.06606474344856839,14.0,2.0,,,0.0,,1
88d87c1f9c3329799c11479b,2026-10-06T00:00:00+00:00,2026-10-06T00:46:22.168919+00:00,C09,CONFIRMED_REVERSAL,ASTERUSDT,0.7367,BULL,BULL,"{""btc_ret_24h"": -0.8819253438113961, ""breadth_ret72_delta72"": 26.184538653366587, ""btc_h1_ema50_slope3"": 0.03843535155219069}","{""last_pivot_low_age_h"": 9.0, ""pivot1_low"": 0.7025, ""pivot2_low"": 0.7235, ""pivot_hours"": 10.0, ""multi_bull_div"": 0.0, ""h1_rsi"": 62.59122550347305, ""h1_dist_ema20"": 0.6623805499476942, ""dist_high_20h"": 1.2863459734691052}","{""available"": true, ""label"": ""V11_DIAGNOSTIC_PROXY"", ""quality"": 0.0, ""quality_ge72"": false, ""pressure"": false, ""retrigger"": false, ""fast_confirm"": true, ""fast_break"": false, ""h1_price_above_ema20"": true, ""h1_rsi_ge50"": true, ""near_20h_high_le4_5"": true, ""m15_near_prev_high6_ge_m0_2"": false}",0.5565359033527839,-0.6379801818922282,-0.013574046423237007,0.9773313424731978,-0.7329985068548983,0.7872946925478574,0.9773313424731978,-1.3031084566309303,-0.5565359033527839,2.6197909596850755,-1.3031084566309303,-0.027148092846474015,,,,,,,1
a815c36a6644e11259647469,2026-10-06T00:00:00+00:00,2026-10-06T00:46:22.579384+00:00,C09,CONFIRMED_REVERSAL,ASTRUSDT,0.007643,BULL,BULL,"{""btc_ret_24h"": -0.8819253438113961, ""breadth_ret72_delta72"": 26.184538653366587, ""btc_h1_ema50_slope3"": 0.03843535155219069}","{""last_pivot_low_age_h"": 7.0, ""pivot1_low"": 0.007516, ""pivot2_low"": 0.007441, ""pivot_hours"": 12.0, ""multi_bull_div"": 0.0, ""h1_rsi"": 56.10080675246328, ""h1_dist_ema20"": 0.5884212509456921, ""dist_high_20h"": 0.5594587561800757}","{""available"": true, ""label"": ""V11_DIAGNOSTIC_PROXY"", ""quality"": 0.0, ""quality_ge72"": false, ""pressure"": false, ""retrigger"": false, ""fast_confirm"": false, ""fast_break"": false, ""h1_price_above_ema20"": true, ""h1_rsi_ge50"": true, ""near_20h_high_le4_5"": true, ""m15_near_prev_high6_ge_m0_2"": false}",0.4186837629203355,-2.3550961664267955,-2.3550961664267955,0.4186837629203355,-2.8915347376684553,-1.9494962710977393,0.4186837629203355,-2.8915347376684553,-0.0915870731388102,0.4186837629203355,-2.8915347376684553,-1.910244668323946,,3.0,,,0.0,,1
2110b0f56e7ef08dbd2b8776,2026-10-06T00:00:00+00:00,2026-10-06T00:46:22.992743+00:00,C09,CONFIRMED_REVERSAL,ATOMUSDT,1.812,BULL,BULL,"{""btc_ret_24h"": -0.8819253438113961, ""breadth_ret72_delta72"": 26.184538653366587, ""btc_h1_ema50_slope3"": 0.03843535155219069}","{""last_pivot_low_age_h"": 11.0, ""pivot1_low"": 1.729, ""pivot2_low"": 1.757, ""pivot_hours"": 8.0, ""multi_bull_div"": 0.0, ""h1_rsi"": 63.53533516700037, ""h1_dist_ema20"": 1.0478904450843096, ""dist_high_20h"": 1.8949648077964176}","{""available"": true, ""label"": ""V11_DIAGNOSTIC_PROXY"", ""quality"": 0.0, ""quality_ge72"": false, ""pressure"": false, ""retrigger"": false, ""fast_confirm"": true, ""fast_break"": false, ""h1_price_above_ema20"": true, ""h1_rsi_ge50"": true, ""near_20h_high_le4_5"": true, ""m15_near_prev_high6_ge_m0_2"": false}",0.1103752759381793,-1.2693156732891953,-1.0485651214128144,0.7726269315673218,-1.2693156732891953,0.3863134657836609,0.7726269315673218,-1.655629139072845,-0.6622516556291425,0.7726269315673218,-2.041942604856517,-1.655629139072845,,20.0,,,0.0,,1
f01df8f1e69a0dbccd205aef,2026-10-06T00:00:00+00:00,2026-10-06T00:46:23.401291+00:00,C09,CONFIRMED_REVERSAL,ATUSDT,0.1269,BULL,BULL,"{""btc_ret_24h"": -0.8819253438113961, ""breadth_ret72_delta72"": 26.184538653366587, ""btc_h1_ema50_slope3"": 0.03843535155219069}","{""last_pivot_low_age_h"": 6.0, ""pivot1_low"": 0.1273, ""pivot2_low"": 0.1273, ""pivot_hours"": 2.0, ""multi_bull_div"": 0.0, ""h1_rsi"": 45.436221684800756, ""h1_dist_ema20"": -0.9311764869046169, ""dist_high_20h"": 3.1297709923664097}","{""available"": true, ""label"": ""V11_DIAGNOSTIC_PROXY"", ""quality"": 0.0, ""quality_ge72"": false, ""pressure"": false, ""retrigger"": false, ""fast_confirm"": true, ""fast_break"": false, ""h1_price_above_ema20"": false, ""h1_rsi_ge50"": false, ""near_20h_high_le4_5"": true, ""m15_near_prev_high6_ge_m0_2"": false}",0.9456264775413503,-0.3152088258471353,0.7092198581560183,2.6004728132387633,-0.3152088258471353,1.7336485421591608,7.486209613869166,-0.3152088258471353,6.146572104018899,7.486209613869166,-0.3152088258471353,5.594956658786443,7.0,,8.0,,1.0,1.0,1
2cb75a20e16db3cf0156c2cc,2026-10-06T00:00:00+00:00,2026-10-06T00:46:23.833518+00:00,C09,CONFIRMED_REVERSAL,AUCTIONUSDT,3.857,BULL,BULL,"{""btc_ret_24h"": -0.8819253438113961, ""breadth_ret72_delta72"": 26.184538653366587, ""btc_h1_ema50_slope3"": 0.03843535155219069}","{""last_pivot_low_age_h"": 9.0, ""pivot1_low"": 3.744, ""pivot2_low"": 3.742, ""pivot_hours"": 6.0, ""multi_bull_div"": 3.0, ""h1_rsi"": 61.53013368677445, ""h1_dist_ema20"": 1.2334801597423173, ""dist_high_20h"": 1.0010266940451706}","{""available"": true, ""label"": ""V11_DIAGNOSTIC_PROXY"", ""quality"": 0.0, ""quality_ge72"": false, ""pressure"": false, ""retrigger"": false, ""fast_confirm"": false, ""fast_break"": false, ""h1_price_above_ema20"": true, ""h1_rsi_ge50"": true, ""near_20h_high_le4_5"": true, ""m15_near_prev_high6_ge_m0_2"": false}",0.777806585429075,-2.0741508944775777,-2.022297122115646,0.777806585429075,-2.307492870106309,-1.5037593984962516,1.1667098781436236,-2.307492870106309,0.44075706507649137,2.592688618096961,-2.307492870106309,1.5296862846772008,,3.0,,,0.0,,1
d9f2a6b90626bff9eab7c24b,2026-10-06T00:00:00+00:00,2026-10-06T00:46:24.244486+00:00,C09,CONFIRMED_REVERSAL,AUSDT,0.1017,BULL,BULL,"{""btc_ret_24h"": -0.8819253438113961, ""breadth_ret72_delta72"": 26.184538653366587, ""btc_h1_ema50_slope3"": 0.03843535155219069}","{""last_pivot_low_age_h"": 6.0, ""pivot1_low"": 0.0959, ""pivot2_low"": 0.0996, ""pivot_hours"": 13.0, ""multi_bull_div"": 0.0, ""h1_rsi"": 58.98194962842953, ""h1_dist_ema20"": 1.1995527223350066, ""dist_high_20h"": 6.697247706422016}","{""available"": true, ""label"": ""V11_DIAGNOSTIC_PROXY"", ""quality"": 0.0, ""quality_ge72"": false, ""pressure"": false, ""retrigger"": false, ""fast_confirm"": false, ""fast_break"": false, ""h1_price_above_ema20"": true, ""h1_rsi_ge50"": true, ""near_20h_high_le4_5"": false, ""m15_near_prev_high6_ge_m0_2"": false}",0.5899705014749346,-1.868239921337267,-1.7699115044247704,1.3765978367748177,-2.4582104228121904,-0.1966568338249708,3.4414945919370776,-2.4582104228121904,3.3431661750245922,5.9980334316617645,-2.4582104228121904,1.3765978367748177,12.0,4.0,13.0,,0.0,1.0,1
805acbb9f9e54740f813f50b,2026-10-06T00:00:00+00:00,2026-10-06T00:46:24.656489+00:00,C09,CONFIRMED_REVERSAL,AVAUSDT,0.2449,BULL,BULL,"{""btc_ret_24h"": -0.8819253438113961, ""breadth_ret72_delta72"": 26.184538653366587, ""btc_h1_ema50_slope3"": 0.03843535155219069}","{""last_pivot_low_age_h"": 6.0, ""pivot1_low"": 0.2508, ""pivot2_low"": 0.2451, ""pivot_hours"": 9.0, ""multi_bull_div"": 0.0, ""h1_rsi"": 30.59068847706253, ""h1_dist_ema20"": -2.253827398993913, ""dist_high_20h"": 5.480509455808569}","{""available"": true, ""label"": ""V11_DIAGNOSTIC_PROXY"", ""quality"": 0.0, ""quality_ge72"": false, ""pressure"": false, ""retrigger"": false, ""fast_confirm"": false, ""fast_break"": false, ""h1_price_above_ema20"": false, ""h1_rsi_ge50"": false, ""near_20h_high_le4_5"": false, ""m15_near_prev_high6_ge_m0_2"": false}",0.7758268681094194,-1.2658227848101333,-0.9799918334013946,0.7758268681094194,-2.3683135973866842,-2.1233156390363495,0.7758268681094194,-3.266639444671293,-2.613311555737041,0.7758268681094194,-5.389955083707642,-5.104124132298904,,5.0,,10.0,0.0,0.0,1
f298a6a7504fb469110860c4,2026-10-06T00:00:00+00:00,2026-10-06T00:46:25.066072+00:00,C09,CONFIRMED_REVERSAL,AXLUSDT,0.0559,BULL,BULL,"{""btc_ret_24h"": -0.8819253438113961, ""breadth_ret72_delta72"": 26.184538653366587, ""btc_h1_ema50_slope3"": 0.03843535155219069}","{""last_pivot_low_age_h"": 6.0, ""pivot1_low"": 0.0535, ""pivot2_low"": 0.0537, ""pivot_hours"": 3.0, ""multi_bull_div"": 0.0, ""h1_rsi"": 70.6622165922521, ""h1_dist_ema20"": 2.211676433829224, ""dist_high_20h"": 0.17857142857143904}","{""available"": true, ""label"": ""V11_DIAGNOSTIC_PROXY"", ""quality"": 0.0, ""quality_ge72"": false, ""pressure"": false, ""retrigger"": false, ""fast_confirm"": true, ""fast_break"": true, ""h1_price_above_ema20"": true, ""h1_rsi_ge50"": true, ""near_20h_high_le4_5"": true, ""m15_near_prev_high6_ge_m0_2"": true}",0.17889087656530744,-3.9355992844364973,-3.9355992844364973,0.17889087656530744,-5.008944543828264,-3.5778175313058935,0.17889087656530744,-5.008944543828264,-1.7889087656529523,0.17889087656530744,-5.008944543828264,-4.1144901610017826,,2.0,,3.0,0.0,0.0,1
0d2538173aebde82849df2ee,2026-10-06T00:00:00+00:00,2026-10-06T00:46:25.477763+00:00,C09,CONFIRMED_REVERSAL,AXSUSDT,1.293,BULL,BULL,"{""btc_ret_24h"": -0.8819253438113961, ""breadth_ret72_delta72"": 26.184538653366587, ""btc_h1_ema50_slope3"": 0.03843535155219069}","{""last_pivot_low_age_h"": 6.0, ""pivot1_low"": 1.299, ""pivot2_low"": 1.263, ""pivot_hours"": 13.0, ""multi_bull_div"": 1.0, ""h1_rsi"": 45.773927363440215, ""h1_dist_ema20"": -0.3876318056621919, ""dist_high_20h"": 2.3413897280966878}","{""available"": true, ""label"": ""V11_DIAGNOSTIC_PROXY"", ""quality"": 0.0, ""quality_ge72"": false, ""pressure"": false, ""retrigger"": false, ""fast_confirm"": false, ""fast_break"": false, ""h1_price_above_ema20"": false, ""h1_rsi_ge50"": false, ""near_20h_high_le4_5"": true, ""m15_near_prev_high6_ge_m0_2"": false}",1.3147718484145532,-1.6241299303944245,-1.314771848414531,1.5467904098994678,-1.6241299303944245,0.0,1.5467904098994678,-1.7014694508894035,-0.7733952049497339,1.5467904098994678,-4.0216550657385834,-3.6349574632637216,,17.0,,18.0,0.0,0.0,1
2d6027f91282405776d770ba,2026-10-06T00:00:00+00:00,2026-10-06T00:46:25.886030+00:00,C09,CONFIRMED_REVERSAL,BABYUSDT,0.01374,BULL,BULL,"{""btc_ret_24h"": -0.8819253438113961, ""breadth_ret72_delta72"": 26.184538653366587, ""btc_h1_ema50_slope3"": 0.03843535155219069}","{""last_pivot_low_age_h"": 9.0, ""pivot1_low"": 0.01366, ""pivot2_low"": 0.01332, ""pivot_hours"": 5.0, ""multi_bull_div"": 0.0, ""h1_rsi"": 55.514191784310015, ""h1_dist_ema20"": 0.5890956006017412, ""dist_high_20h"": 1.0799136069114423}","{""available"": true, ""label"": ""V11_DIAGNOSTIC_PROXY"", ""quality"": 0.0, ""quality_ge72"": false, ""pressure"": false, ""retrigger"": false, ""fast_confirm"": false, ""fast_break"": false, ""h1_price_above_ema20"": true, ""h1_rsi_ge50"": true, ""near_20h_high_le4_5"": true, ""m15_near_prev_high6_ge_m0_2"": false}",0.07278020378456151,-2.7656477438136817,-2.69286754002912,0.07278020378456151,-3.3478893740902516,-2.8384279475982543,1.3828238719068464,-3.3478893740902516,0.9461426491994107,2.2561863173216956,-3.3478893740902516,0.14556040756914523,,3.0,,4.0,0.0,0.0,1
19eec2a8c0337c6a544dc15e,2026-10-06T00:00:00+00:00,2026-10-06T00:46:26.296377+00:00,C09,CONFIRMED_REVERSAL,BANANAS31USDT,0.007494,BULL,BULL,"{""btc_ret_24h"": -0.8819253438113961, ""breadth_ret72_delta72"": 26.184538653366587, ""btc_h1_ema50_slope3"": 0.03843535155219069}","{""last_pivot_low_age_h"": 6.0, ""pivot1_low"": 0.007436, ""pivot2_low"": 0.007382, ""pivot_hours"": 13.0, ""multi_bull_div"": 0.0, ""h1_rsi"": 46.42106989558348, ""h1_dist_ema20"": -0.3259236802724441, ""dist_high_20h"": 2.523413111342354}","{""available"": true, ""label"": ""V11_DIAGNOSTIC_PROXY"", ""quality"": 0.0, ""quality_ge72"": false, ""pressure"": false, ""retrigger"": false, ""fast_confirm"": false, ""fast_break"": false, ""h1_price_above_ema20"": false, ""h1_rsi_ge50"": false, ""near_20h_high_le4_5"": true, ""m15_near_prev_high6_ge_m0_2"": false}",0.1467840939418208,-2.508673605551104,-2.308513477448615,0.1467840939418208,-2.708833733653593,-1.854817187082991,0.1467840939418208,-2.842273819055241,-1.4278089137977013,0.1467840939418208,-3.549506271684011,-2.3218574859887875,,3.0,,20.0,0.0,0.0,1
c4e3af33c2883b5537868482,2026-10-06T00:00:00+00:00,2026-10-06T00:46:26.718042+00:00,C09,CONFIRMED_REVERSAL,BANKUSDT,0.0283,BULL,BULL,"{""btc_ret_24h"": -0.8819253438113961, ""breadth_ret72_delta72"": 26.184538653366587, ""btc_h1_ema50_slope3"": 0.03843535155219069}","{""last_pivot_low_age_h"": 5.0, ""pivot1_low"": 0.0282, ""pivot2_low"": 0.0282, ""pivot_hours"": 1.0, ""multi_bull_div"": 0.0, ""h1_rsi"": 40.33631818591381, ""h1_dist_ema20"": -0.8035049795222293, ""dist_high_20h"": 2.749140893470803}","{""available"": true, ""label"": ""V11_DIAGNOSTIC_PROXY"", ""quality"": 0.0, ""quality_ge72"": false, ""pressure"": false, ""retrigger"": false, ""fast_confirm"": false, ""fast_break"": false, ""h1_price_above_ema20"": false, ""h1_rsi_ge50"": false, ""near_20h_high_le4_5"": true, ""m15_near_prev_high6_ge_m0_2"": false}",0.35335689045936647,-1.7667844522968212,-1.7667844522968212,0.35335689045936647,-1.7667844522968212,0.0,1.4134275618374659,-1.7667844522968212,0.35335689045936647,2.1201413427561766,-1.7667844522968212,-0.7067137809187218,,,,,,,1
fc3069b344b2b8e268fc979e,2026-10-06T00:00:00+00:00,2026-10-06T00:46:27.123226+00:00,C09,CONFIRMED_REVERSAL,BARDUSDT,0.1373,BULL,BULL,"{""btc_ret_24h"": -0.8819253438113961, ""breadth_ret72_delta72"": 26.184538653366587, ""btc_h1_ema50_slope3"": 0.03843535155219069}","{""last_pivot_low_age_h"": 6.0, ""pivot1_low"": 0.1363, ""pivot2_low"": 0.1343, ""pivot_hours"": 7.0, ""multi_bull_div"": 0.0, ""h1_rsi"": 53.607847990545075, ""h1_dist_ema20"": 0.3960583419904573, ""dist_high_20h"": 1.0806916426512991}","{""available"": true, ""label"": ""V11_DIAGNOSTIC_PROXY"", ""quality"": 0.0, ""quality_ge72"": false, ""pressure"": false, ""retrigger"": false, ""fast_confirm"": false, ""fast_break"": false, ""h1_price_above_ema20"": true, ""h1_rsi_ge50"": true, ""near_20h_high_le4_5"": true, ""m15_near_prev_high6_ge_m0_2"": false}",0.0728332119446451,-3.0589949016751716,-2.9133284777858703,0.0728332119446451,-4.151493080844871,-3.277494537509107,0.0728332119446451,-4.515659140568107,-2.9133284777858703,0.0728332119446451,-6.0451565914056875,-5.025491624180633,,2.0,,3.0,0.0,0.0,1
6e1250f821e805fcdc5302e3,2026-10-06T00:00:00+00:00,2026-10-06T00:46:27.531501+00:00,C09,CONFIRMED_REVERSAL,BARUSDT,0.283,BULL,BULL,"{""btc_ret_24h"": -0.8819253438113961, ""breadth_ret72_delta72"": 26.184538653366587, ""btc_h1_ema50_slope3"": 0.03843535155219069}","{""last_pivot_low_age_h"": 5.0, ""pivot1_low"": 0.28, ""pivot2_low"": 0.28, ""pivot_hours"": 1.0, ""multi_bull_div"": 0.0, ""h1_rsi"": 54.83368756179934, ""h1_dist_ema20"": 0.4004028182361896, ""dist_high_20h"": 0.7017543859649145}","{""available"": true, ""label"": ""V11_DIAGNOSTIC_PROXY"", ""quality"": 0.0, ""quality_ge72"": false, ""pressure"": false, ""retrigger"": false, ""fast_confirm"": true, ""fast_break"": true, ""h1_price_above_ema20"": true, ""h1_rsi_ge50"": true, ""near_20h_high_le4_5"": true, ""m15_near_prev_high6_ge_m0_2"": true}",0.0,-0.7067137809187107,-0.7067137809187107,0.0,-0.7067137809187107,0.0,0.7067137809187329,-0.7067137809187107,0.35335689045936647,5.653710247349819,-0.7067137809187107,0.0,20.0,,20.0,,1.0,1.0,1
72cf057098c6dea1e8d96615,2026-10-06T00:00:00+00:00,2026-10-06T00:46:27.940463+00:00,C09,CONFIRMED_REVERSAL,BBUSDT,0.00989,BULL,BULL,"{""btc_ret_24h"": -0.8819253438113961, ""breadth_ret72_delta72"": 26.184538653366587, ""btc_h1_ema50_slope3"": 0.03843535155219069}","{""last_pivot_low_age_h"": 9.0, ""pivot1_low"": 0.0096, ""pivot2_low"": 0.00946, ""pivot_hours"": 5.0, ""multi_bull_div"": 0.0, ""h1_rsi"": 65.19644899525846, ""h1_dist_ema20"": 1.8024019047097273, ""dist_high_20h"": 0.6030150753768893}","{""available"": true, ""label"": ""V11_DIAGNOSTIC_PROXY"", ""quality"": 0.0, ""quality_ge72"": false, ""pressure"": false, ""retrigger"": false, ""fast_confirm"": false, ""fast_break"": false, ""h1_price_above_ema20"": true, ""h1_rsi_ge50"": true, ""near_20h_high_le4_5"": true, ""m15_near_prev_high6_ge_m0_2"": true}",0.6066734074823055,-2.932254802831147,-2.932254802831147,0.6066734074823055,-3.842264914054605,-1.6177957532861331,0.6066734074823055,-3.842264914054605,-1.7189079878665359,0.6066734074823055,-3.842264914054605,-2.628918099089983,,2.0,,4.0,0.0,0.0,1
84e0a2b2539bfe3403759360,2026-10-06T00:00:00+00:00,2026-10-06T00:46:28.348294+00:00,C09,CONFIRMED_REVERSAL,BCHUSDT,316.8,BULL,BULL,"{""btc_ret_24h"": -0.8819253438113961, ""breadth_ret72_delta72"": 26.184538653366587, ""btc_h1_ema50_slope3"": 0.03843535155219069}","{""last_pivot_low_age_h"": 9.0, ""pivot1_low"": 315.6, ""pivot2_low"": 312.6, ""pivot_hours"": 5.0, ""multi_bull_div"": 0.0, ""h1_rsi"": 51.445442069735094, ""h1_dist_ema20"": 0.1366872355627491, ""dist_high_20h"": 1.1235955056179692}","{""available"": true, ""label"": ""V11_DIAGNOSTIC_PROXY"", ""quality"": 0.0, ""quality_ge72"": false, ""pressure"": false, ""retrigger"": false, ""fast_confirm"": true, ""fast_break"": true, ""h1_price_above_ema20"": true, ""h1_rsi_ge50"": true, ""near_20h_high_le4_5"": true, ""m15_near_prev_high6_ge_m0_2"": true}",0.06313131313131493,-0.694444444444442,-0.5366161616161547,0.06313131313131493,-0.8207070707070829,-0.2525252525252597,0.37878787878786735,-0.9469696969697017,0.3472222222222099,0.410353535353547,-2.777777777777779,-1.5782828282828287,,23.0,,,0.0,,1
207da371350793dab1117ec8,2026-10-06T00:00:00+00:00,2026-10-06T00:46:28.757309+00:00,C09,CONFIRMED_REVERSAL,BEAMXUSDT,0.002521,BULL,BULL,"{""btc_ret_24h"": -0.8819253438113961, ""breadth_ret72_delta72"": 26.184538653366587, ""btc_h1_ema50_slope3"": 0.03843535155219069}","{""last_pivot_low_age_h"": 7.0, ""pivot1_low"": 0.002492, ""pivot2_low"": 0.002473, ""pivot_hours"": 8.0, ""multi_bull_div"": 1.0, ""h1_rsi"": 48.80608417766891, ""h1_dist_ema20"": -0.6485885222764054, ""dist_high_20h"": 8.460421205519253}","{""available"": true, ""label"": ""V11_DIAGNOSTIC_PROXY"", ""quality"": 0.0, ""quality_ge72"": false, ""pressure"": false, ""retrigger"": false, ""fast_confirm"": false, ""fast_break"": false, ""h1_price_above_ema20"": false, ""h1_rsi_ge50"": false, ""near_20h_high_le4_5"": false, ""m15_near_prev_high6_ge_m0_2"": false}",0.47600158667195913,-1.9436731455771517,-1.7453391511304983,0.47600158667195913,-3.6493454978183126,-3.2923443078143544,0.5156683855612743,-3.8080126933756397,-0.23800079333597957,0.5156683855612743,-3.8080126933756397,0.11900039666801199,,4.0,,4.0,0.0,0.0,1
6dc3d3228b01fb8b31d0ac51,2026-10-06T00:00:00+00:00,2026-10-06T00:46:29.169659+00:00,C09,CONFIRMED_REVERSAL,BELUSDT,0.1282,BULL,BULL,"{""btc_ret_24h"": -0.8819253438113961, ""breadth_ret72_delta72"": 26.184538653366587, ""btc_h1_ema50_slope3"": 0.03843535155219069}","{""last_pivot_low_age_h"": 6.0, ""pivot1_low"": 0.1278, ""pivot2_low"": 0.1264, ""pivot_hours"": 7.0, ""multi_bull_div"": 0.0, ""h1_rsi"": 54.44958921919352, ""h1_dist_ema20"": 0.2768488960062543, ""dist_high_20h"": 0.9273570324574765}","{""available"": true, ""label"": ""V11_DIAGNOSTIC_PROXY"", ""quality"": 0.0, ""quality_ge72"": false, ""pressure"": false, ""retrigger"": false, ""fast_confirm"": false, ""fast_break"": false, ""h1_price_above_ema20"": true, ""h1_rsi_ge50"": true, ""near_20h_high_le4_5"": true, ""m15_near_prev_high6_ge_m0_2"": false}",0.07800312012480326,-1.7160686427457161,-1.638065522620924,0.07800312012480326,-2.3400936037441533,-1.2480499219968966,0.07800312012480326,-2.3400936037441533,-0.15600624024961762,0.23400936037440978,-2.3400936037441533,-0.8580343213728692,,4.0,,,0.0,,1
907651ebdf3873154e905182,2026-10-06T00:00:00+00:00,2026-10-06T00:46:29.582311+00:00,C09,CONFIRMED_REVERSAL,BERAUSDT,0.2369,BULL,BULL,"{""btc_ret_24h"": -0.8819253438113961, ""breadth_ret72_delta72"": 26.184538653366587, ""btc_h1_ema50_slope3"": 0.03843535155219069}","{""last_pivot_low_age_h"": 7.0, ""pivot1_low"": 0.2294, ""pivot2_low"": 0.2309, ""pivot_hours"": 8.0, ""multi_bull_div"": 0.0, ""h1_rsi"": 59.73456942232527, ""h1_dist_ema20"": 1.1599945919164467, ""dist_high_20h"": 0.4621848739495782}","{""available"": true, ""label"": ""V11_DIAGNOSTIC_PROXY"", ""quality"": 0.0, ""quality_ge72"": false, ""pressure"": false, ""retrigger"": false, ""fast_confirm"": true, ""fast_break"": false, ""h1_price_above_ema20"": true, ""h1_rsi_ge50"": true, ""near_20h_high_le4_5"": true, ""m15_near_prev_high6_ge_m0_2"": false}",0.6753904601097371,-2.2794428028704017,-1.9417475728155331,0.6753904601097371,-2.9126213592232997,-1.5618404390038032,1.3085690164626351,-2.9126213592232997,0.6753904601097371,1.3085690164626351,-2.9126213592232997,0.33769523005486857,,2.0,,,0.0,,1
037b8636739fe6dc92caab37,2026-10-06T00:00:00+00:00,2026-10-06T00:46:29.993372+00:00,C09,CONFIRMED_REVERSAL,BICOUSDT,0.02125,BULL,BULL,"{""btc_ret_24h"": -0.8819253438113961, ""breadth_ret72_delta72"": 26.184538653366587, ""btc_h1_ema50_slope3"": 0.03843535155219069}","{""last_pivot_low_age_h"": 8.0, ""pivot1_low"": 0.02133, ""pivot2_low"": 0.02011, ""pivot_hours"": 11.0, ""multi_bull_div"": 0.0, ""h1_rsi"": 46.23757504233485, ""h1_dist_ema20"": -0.43473171282509826, ""dist_high_20h"": 3.8896426956128383}","{""available"": true, ""label"": ""V11_DIAGNOSTIC_PROXY"", ""quality"": 0.0, ""quality_ge72"": false, ""pressure"": false, ""retrigger"": false, ""fast_confirm"": false, ""fast_break"": false, ""h1_price_above_ema20"": false, ""h1_rsi_ge50"": false, ""near_20h_high_le4_5"": true, ""m15_near_prev_high6_ge_m0_2"": false}",0.0,-2.72941176470588,-1.9764705882352906,0.0,-2.917647058823536,-1.9294117647058906,0.04705882352940005,-2.917647058823536,-0.7058823529411784,0.32941176470586697,-3.0117647058823582,-2.400000000000002,,2.0,,22.0,0.0,0.0,1
d50c036068d580ab0cd15a8e,2026-10-06T00:00:00+00:00,2026-10-06T00:46:30.402050+00:00,C09,CONFIRMED_REVERSAL,BIGTIMEUSDT,0.00926,BULL,BULL,"{""btc_ret_24h"": -0.8819253438113961, ""breadth_ret72_delta72"": 26.184538653366587, ""btc_h1_ema50_slope3"": 0.03843535155219069}","{""last_pivot_low_age_h"": 6.0, ""pivot1_low"": 0.00898, ""pivot2_low"": 0.00902, ""pivot_hours"": 3.0, ""multi_bull_div"": 0.0, ""h1_rsi"": 57.30765788245119, ""h1_dist_ema20"": 0.8599703142375237, ""dist_high_20h"": 0.9625668449197988}","{""available"": true, ""label"": ""V11_DIAGNOSTIC_PROXY"", ""quality"": 0.0, ""quality_ge72"": false, ""pressure"": false, ""retrigger"": false, ""fast_confirm"": false, ""fast_break"": true, ""h1_price_above_ema20"": true, ""h1_rsi_ge50"": true, ""near_20h_high_le4_5"": true, ""m15_near_prev_high6_ge_m0_2"": true}",1.2958963282937441,-2.699784017278606,-2.699784017278606,1.2958963282937441,-3.347732181425478,-2.4838012958963263,1.2958963282937441,-3.347732181425478,-0.9719222462203025,1.2958963282937441,-3.4557235421166177,-3.0237580993520363,,3.0,,4.0,0.0,0.0,1
d4a44907b0bfaf085b45b1fa,2026-10-06T00:00:00+00:00,2026-10-06T00:46:30.814513+00:00,C09,CONFIRMED_REVERSAL,BIOUSDT,0.03216,BULL,BULL,"{""btc_ret_24h"": -0.8819253438113961, ""breadth_ret72_delta72"": 26.184538653366587, ""btc_h1_ema50_slope3"": 0.03843535155219069}","{""last_pivot_low_age_h"": 6.0, ""pivot1_low"": 0.0309, ""pivot2_low"": 0.03143, ""pivot_hours"": 3.0, ""multi_bull_div"": 0.0, ""h1_rsi"": 57.60732292760518, ""h1_dist_ema20"": 1.0152082301447596, ""dist_high_20h"": 4.7957371225577194}","{""available"": true, ""label"": ""V11_DIAGNOSTIC_PROXY"", ""quality"": 0.0, ""quality_ge72"": false, ""pressure"": false, ""retrigger"": false, ""fast_confirm"": false, ""fast_break"": false, ""h1_price_above_ema20"": true, ""h1_rsi_ge50"": true, ""near_20h_high_le4_5"": false, ""m15_near_prev_high6_ge_m0_2"": false}",0.2798507462686617,-2.8606965174129417,-2.5497512437810954,0.2798507462686617,-4.259950248756217,-2.4875621890547372,1.4303482587064709,-4.259950248756217,-1.1194029850746245,2.487562189054726,-4.259950248756217,-0.497512437810943,,3.0,,4.0,0.0,0.0,1
c7f2408f62157b4d1eb7709f,2026-10-06T00:00:00+00:00,2026-10-06T00:46:31.223387+00:00,C09,CONFIRMED_REVERSAL,BLURUSDT,0.0211,BULL,BULL,"{""btc_ret_24h"": -0.8819253438113961, ""breadth_ret72_delta72"": 26.184538653366587, ""btc_h1_ema50_slope3"": 0.03843535155219069}","{""last_pivot_low_age_h"": 7.0, ""pivot1_low"": 0.02071, ""pivot2_low"": 0.02071, ""pivot_hours"": 2.0, ""multi_bull_div"": 0.0, ""h1_rsi"": 46.083820178791775, ""h1_dist_ema20"": -0.26896384238606075, ""dist_high_20h"": 2.2695692450208416}","{""available"": true, ""label"": ""V11_DIAGNOSTIC_PROXY"", ""quality"": 0.0, ""quality_ge72"": false, ""pressure"": false, ""retrigger"": false, ""fast_confirm"": false, ""fast_break"": false, ""h1_price_above_ema20"": false, ""h1_rsi_ge50"": false, ""near_20h_high_le4_5"": true, ""m15_near_prev_high6_ge_m0_2"": false}",0.14218009478672577,-2.6066350710900577,-2.4644549763033208,0.14218009478672577,-3.127962085308056,-1.8483412322274906,0.14218009478672577,-3.127962085308056,-0.23696682464455776,0.14218009478672577,-3.127962085308056,-2.0379146919431324,,2.0,,4.0,0.0,0.0,1
84c272ea9dbe19f8c6085168,2026-10-06T00:00:00+00:00,2026-10-06T00:46:31.632603+00:00,C09,CONFIRMED_REVERSAL,BMTUSDT,0.01944,BULL,BULL,"{""btc_ret_24h"": -0.8819253438113961, ""breadth_ret72_delta72"": 26.184538653366587, ""btc_h1_ema50_slope3"": 0.03843535155219069}","{""last_pivot_low_age_h"": 6.0, ""pivot1_low"": 0.01905, ""pivot2_low"": 0.01905, ""pivot_hours"": 1.0, ""multi_bull_div"": 0.0, ""h1_rsi"": 56.36880408859892, ""h1_dist_ema20"": 0.5649521434295091, ""dist_high_20h"": 2.507522567703113}","{""available"": true, ""label"": ""V11_DIAGNOSTIC_PROXY"", ""quality"": 0.0, ""quality_ge72"": false, ""pressure"": false, ""retrigger"": false, ""fast_confirm"": false, ""fast_break"": false, ""h1_price_above_ema20"": true, ""h1_rsi_ge50"": true, ""near_20h_high_le4_5"": true, ""m15_near_prev_high6_ge_m0_2"": false}",0.36008230452675427,-1.6460905349794053,-1.4917695473250947,0.6687242798353976,-1.7489711934156382,0.4629629629629539,3.0349794238683225,-1.7489711934156382,2.726337448559679,3.0349794238683225,-1.7489711934156382,0.92592592592593,12.0,,,,1.0,,1
e985ffd6ef0e2b177429d009,2026-10-06T00:00:00+00:00,2026-10-06T00:46:32.045894+00:00,C09,CONFIRMED_REVERSAL,BNTUSDT,0.35,BULL,BULL,"{""btc_ret_24h"": -0.8819253438113961, ""breadth_ret72_delta72"": 26.184538653366587, ""btc_h1_ema50_slope3"": 0.03843535155219069}","{""last_pivot_low_age_h"": 9.0, ""pivot1_low"": 0.3463, ""pivot2_low"": 0.3442, ""pivot_hours"": 5.0, ""multi_bull_div"": 1.0, ""h1_rsi"": 58.125085577467594, ""h1_dist_ema20"": 0.533118008505884, ""dist_high_20h"": 2.316494557633275}","{""available"": true, ""label"": ""V11_DIAGNOSTIC_PROXY"", ""quality"": 0.0, ""quality_ge72"": false, ""pressure"": false, ""retrigger"": false, ""fast_confirm"": false, ""fast_break"": false, ""h1_price_above_ema20"": true, ""h1_rsi_ge50"": true, ""near_20h_high_le4_5"": true, ""m15_near_prev_high6_ge_m0_2"": false}",0.22857142857144463,-1.657142857142846,-1.4571428571428569,0.22857142857144463,-2.028571428571424,-1.5142857142857014,0.22857142857144463,-2.028571428571424,-0.8571428571428563,0.22857142857144463,-2.7142857142857024,-2.228571428571424,,4.0,,,0.0,,1
a68dbda76f5ff60206c21331,2026-10-06T00:00:00+00:00,2026-10-06T00:46:32.454792+00:00,C09,CONFIRMED_REVERSAL,BOMEUSDT,0.00103,BULL,BULL,"{""btc_ret_24h"": -0.8819253438113961, ""breadth_ret72_delta72"": 26.184538653366587, ""btc_h1_ema50_slope3"": 0.03843535155219069}","{""last_pivot_low_age_h"": 5.0, ""pivot1_low"": 0.0010053, ""pivot2_low"": 0.0010099, ""pivot_hours"": 4.0, ""multi_bull_div"": 0.0, ""h1_rsi"": 57.240074899863394, ""h1_dist_ema20"": 0.6382418019945213, ""dist_high_20h"": 1.0091302258529389}","{""available"": true, ""label"": ""V11_DIAGNOSTIC_PROXY"", ""quality"": 0.0, ""quality_ge72"": false, ""pressure"": false, ""retrigger"": false, ""fast_confirm"": false, ""fast_break"": false, ""h1_price_above_ema20"": true, ""h1_rsi_ge50"": true, ""near_20h_high_le4_5"": true, ""m15_near_prev_high6_ge_m0_2"": false}",-0.05825242718447976,-4.737864077669918,-4.728155339805829,-0.05825242718447976,-9.553398058252437,-7.145631067961167,-0.05825242718447976,-9.553398058252437,-1.9417475728155442,2.2718446601941666,-9.553398058252437,-3.213592233009721,,2.0,,3.0,0.0,0.0,1
341240e06057a7d76143ef6d,2026-10-06T00:00:00+00:00,2026-10-06T00:46:32.861662+00:00,C09,CONFIRMED_REVERSAL,BONKUSDT,3.85e-06,BULL,BULL,"{""btc_ret_24h"": -0.8819253438113961, ""breadth_ret72_delta72"": 26.184538653366587, ""btc_h1_ema50_slope3"": 0.03843535155219069}","{""last_pivot_low_age_h"": 6.0, ""pivot1_low"": 3.9e-06, ""pivot2_low"": 3.77e-06, ""pivot_hours"": 13.0, ""multi_bull_div"": 0.0, ""h1_rsi"": 42.33943617005249, ""h1_dist_ema20"": -1.0434766536135953, ""dist_high_20h"": 5.867970660146682}","{""available"": true, ""label"": ""V11_DIAGNOSTIC_PROXY"", ""quality"": 0.0, ""quality_ge72"": false, ""pressure"": false, ""retrigger"": false, ""fast_confirm"": true, ""fast_break"": false, ""h1_price_above_ema20"": false, ""h1_rsi_ge50"": false, ""near_20h_high_le4_5"": false, ""m15_near_prev_high6_ge_m0_2"": false}",0.0,-3.116883116883129,-2.857142857142858,0.0,-3.6363636363636487,-2.0779220779220897,0.0,-3.6363636363636487,-1.81818181818183,0.0,-5.1948051948051965,-5.1948051948051965,,2.0,,3.0,0.0,0.0,1
d38f231b521c844441362241,2026-10-06T00:00:00+00:00,2026-10-06T00:46:33.264663+00:00,C09,CONFIRMED_REVERSAL,BREVUSDT,0.0888,BULL,BULL,"{""btc_ret_24h"": -0.8819253438113961, ""breadth_ret72_delta72"": 26.184538653366587, ""btc_h1_ema50_slope3"": 0.03843535155219069}","{""last_pivot_low_age_h"": 6.0, ""pivot1_low"": 0.0883, ""pivot2_low"": 0.0871, ""pivot_hours"": 8.0, ""multi_bull_div"": 0.0, ""h1_rsi"": 56.20955675706005, ""h1_dist_ema20"": 0.4178441266477373, ""dist_high_20h"": 1.442841287458374}","{""available"": true, ""label"": ""V11_DIAGNOSTIC_PROXY"", ""quality"": 0.0, ""quality_ge72"": false, ""pressure"": false, ""retrigger"": false, ""fast_confirm"": false, ""fast_break"": false, ""h1_price_above_ema20"": true, ""h1_rsi_ge50"": true, ""near_20h_high_le4_5"": true, ""m15_near_prev_high6_ge_m0_2"": false}",0.45045045045044585,-1.6891891891891886,-1.4639639639639768,1.4639639639639546,-2.1396396396396344,1.1261261261261257,29.95495495495495,-2.1396396396396344,5.067567567567566,29.95495495495495,-2.1396396396396344,4.166666666666652,9.0,4.0,11.0,,0.0,1.0,1
600aea7ac47e285ae4954b04,2026-10-06T00:00:00+00:00,2026-10-06T00:46:33.674839+00:00,C09,CONFIRMED_REVERSAL,BROCCOLI714USDT,0.02688,BULL,BULL,"{""btc_ret_24h"": -0.8819253438113961, ""breadth_ret72_delta72"": 26.184538653366587, ""btc_h1_ema50_slope3"": 0.03843535155219069}","{""last_pivot_low_age_h"": 6.0, ""pivot1_low"": 0.0263, ""pivot2_low"": 0.0263, ""pivot_hours"": 1.0, ""multi_bull_div"": 0.0, ""h1_rsi"": 49.73415843418288, ""h1_dist_ema20"": 0.07563068752733937, ""dist_high_20h"": 4.815864022662886}","{""available"": true, ""label"": ""V11_DIAGNOSTIC_PROXY"", ""quality"": 0.0, ""quality_ge72"": false, ""pressure"": false, ""retrigger"": false, ""fast_confirm"": true, ""fast_break"": true, ""h1_price_above_ema20"": true, ""h1_rsi_ge50"": false, ""near_20h_high_le4_5"": false, ""m15_near_prev_high6_ge_m0_2"": true}",0.14880952380951218,-1.9717261904761973,-1.636904761904756,0.14880952380951218,-2.9389880952381042,-1.9717261904761973,0.14880952380951218,-3.831845238095233,-3.571428571428581,0.14880952380951218,-5.580357142857151,-3.236607142857151,,4.0,,8.0,0.0,0.0,1
56924f326d03a0db19161f6d,2026-10-06T00:00:00+00:00,2026-10-06T00:46:34.087621+00:00,C09,CONFIRMED_REVERSAL,BTCUSDT,85766.87,BULL,BULL,"{""btc_ret_24h"": -0.8819253438113961, ""breadth_ret72_delta72"": 26.184538653366587, ""btc_h1_ema50_slope3"": 0.03843535155219069}","{""last_pivot_low_age_h"": 7.0, ""pivot1_low"": 85776.58, ""pivot2_low"": 84972.01, ""pivot_hours"": 7.0, ""multi_bull_div"": 0.0, ""h1_rsi"": 49.72984894605725, ""h1_dist_ema20"": -0.045638671283743104, ""dist_high_20h"": 1.1049278455884548}","{""available"": true, ""label"": ""V11_DIAGNOSTIC_PROXY"", ""quality"": 0.0, ""quality_ge72"": false, ""pressure"": false, ""retrigger"": false, ""fast_confirm"": false, ""fast_break"": false, ""h1_price_above_ema20"": false, ""h1_rsi_ge50"": false, ""near_20h_high_le4_5"": true, ""m15_near_prev_high6_ge_m0_2"": false}",0.42391660089728944,-0.36401001925334686,-0.26693290777662915,0.42391660089728944,-0.5172043704054885,-0.2897622356977547,0.7128276920913779,-0.7354354892512682,0.5539901362845656,1.086806595600387,-0.7354354892512682,-0.2529414912774586,,,,,,,1
77d62ad449931962321be87e,2026-10-06T00:00:00+00:00,2026-10-06T00:46:34.501048+00:00,C09,CONFIRMED_REVERSAL,C98USDT,0.0171,BULL,BULL,"{""btc_ret_24h"": -0.8819253438113961, ""breadth_ret72_delta72"": 26.184538653366587, ""btc_h1_ema50_slope3"": 0.03843535155219069}","{""last_pivot_low_age_h"": 9.0, ""pivot1_low"": 0.01611, ""pivot2_low"": 0.01632, ""pivot_hours"": 5.0, ""multi_bull_div"": 0.0, ""h1_rsi"": 65.15659889681635, ""h1_dist_ema20"": 2.0204426997611824, ""dist_high_20h"": 4.469273743016755}","{""available"": true, ""label"": ""V11_DIAGNOSTIC_PROXY"", ""quality"": 0.0, ""quality_ge72"": false, ""pressure"": false, ""retrigger"": false, ""fast_confirm"": true, ""fast_break"": false, ""h1_price_above_ema20"": true, ""h1_rsi_ge50"": true, ""near_20h_high_le4_5"": true, ""m15_near_prev_high6_ge_m0_2"": false}",2.28070175438595,-1.9883040935672502,-1.7543859649122862,6.315789473684208,-2.046783625730997,3.274853801169586,13.157894736842103,-2.046783625730997,9.883040935672515,19.06432748538012,-2.046783625730997,5.4970760233918226,6.0,4.0,6.0,,0.0,1.0,1
7e5ea2f4876fd97ac78c1505,2026-10-06T00:00:00+00:00,2026-10-06T00:46:34.914146+00:00,C09,CONFIRMED_REVERSAL,CAKEUSDT,2.466,BULL,BULL,"{""btc_ret_24h"": -0.8819253438113961, ""breadth_ret72_delta72"": 26.184538653366587, ""btc_h1_ema50_slope3"": 0.03843535155219069}","{""last_pivot_low_age_h"": 6.0, ""pivot1_low"": 2.485, ""pivot2_low"": 2.427, ""pivot_hours"": 13.0, ""multi_bull_div"": 0.0, ""h1_rsi"": 42.498405415635844, ""h1_dist_ema20"": -0.4675067689415058, ""dist_high_20h"": 2.375296912114}","{""available"": true, ""label"": ""V11_DIAGNOSTIC_PROXY"", ""quality"": 0.0, ""quality_ge72"": false, ""pressure"": false, ""retrigger"": false, ""fast_confirm"": false, ""fast_break"": false, ""h1_price_above_ema20"": false, ""h1_rsi_ge50"": false, ""near_20h_high_le4_5"": true, ""m15_near_prev_high6_ge_m0_2"": false}",0.6893755068937413,-0.6488240064882356,-0.6488240064882356,0.6893755068937413,-1.0543390105434036,-0.8921330089213364,0.6893755068937413,-1.540957015409583,-0.20275750202758402,0.6893755068937413,-3.8929440389294467,-3.041362530413627,,18.0,,20.0,0.0,0.0,1
82af74c2839abd1c479e3763,2026-10-06T00:00:00+00:00,2026-10-06T00:46:35.329934+00:00,C09,CONFIRMED_REVERSAL,CELOUSDT,0.10555,BULL,BULL,"{""btc_ret_24h"": -0.8819253438113961, ""breadth_ret72_delta72"": 26.184538653366587, ""btc_h1_ema50_slope3"": 0.03843535155219069}","{""last_pivot_low_age_h"": 9.0, ""pivot1_low"": 0.10434, ""pivot2_low"": 0.10278, ""pivot_hours"": 10.0, ""multi_bull_div"": 0.0, ""h1_rsi"": 58.80982371610631, ""h1_dist_ema20"": 0.729034880134849, ""dist_high_20h"": 2.268518518518514}","{""available"": true, ""label"": ""V11_DIAGNOSTIC_PROXY"", ""quality"": 0.0, ""quality_ge72"": false, ""pressure"": false, ""retrigger"": false, ""fast_confirm"": false, ""fast_break"": false, ""h1_price_above_ema20"": true, ""h1_rsi_ge50"": true, ""near_20h_high_le4_5"": true, ""m15_near_prev_high6_ge_m0_2"": false}",0.3600189483657035,-2.5390810042633882,-2.131691141639036,0.3600189483657035,-2.984367598294646,-1.8095689246802493,0.3600189483657035,-2.984367598294646,-1.1653244907626759,0.3600189483657035,-3.249644718143063,-2.586451918522037,,2.0,,20.0,0.0,0.0,1
f04c8f42b71b49353f63e33e,2026-10-06T00:00:00+00:00,2026-10-06T00:46:35.740159+00:00,C09,CONFIRMED_REVERSAL,CELRUSDT,0.003137,BULL,BULL,"{""btc_ret_24h"": -0.8819253438113961, ""breadth_ret72_delta72"": 26.184538653366587, ""btc_h1_ema50_slope3"": 0.03843535155219069}","{""last_pivot_low_age_h"": 9.0, ""pivot1_low"": 0.003084, ""pivot2_low"": 0.003023, ""pivot_hours"": 6.0, ""multi_bull_div"": 0.0, ""h1_rsi"": 57.884875902224344, ""h1_dist_ema20"": 0.7515815525435565, ""dist_high_20h"": 1.3211701793016672}","{""available"": true, ""label"": ""V11_DIAGNOSTIC_PROXY"", ""quality"": 0.0, ""quality_ge72"": false, ""pressure"": false, ""retrigger"": false, ""fast_confirm"": true, ""fast_break"": false, ""h1_price_above_ema20"": true, ""h1_rsi_ge50"": true, ""near_20h_high_le4_5"": true, ""m15_near_prev_high6_ge_m0_2"": false}",0.25502072043352975,-0.9563277016257588,-0.5419190309212674,0.25502072043352975,-1.3069811922218788,-0.5100414408670706,0.25502072043352975,-2.2633088938476265,-1.3707363723302501,0.25502072043352975,-2.773350334714686,-1.848900223143124,,8.0,,,0.0,,1
10be33af7e7953e4eeca1b36,2026-10-06T00:00:00+00:00,2026-10-06T00:46:36.155318+00:00,C09,CONFIRMED_REVERSAL,CETUSUSDT,0.02849,BULL,BULL,"{""btc_ret_24h"": -0.8819253438113961, ""breadth_ret72_delta72"": 26.184538653366587, ""btc_h1_ema50_slope3"": 0.03843535155219069}","{""last_pivot_low_age_h"": 9.0, ""pivot1_low"": 0.02787, ""pivot2_low"": 0.02793, ""pivot_hours"": 10.0, ""multi_bull_div"": 0.0, ""h1_rsi"": 54.20098132835537, ""h1_dist_ema20"": 0.3654824919470556, ""dist_high_20h"": 2.028885832187066}","{""available"": true, ""label"": ""V11_DIAGNOSTIC_PROXY"", ""quality"": 0.0, ""quality_ge72"": false, ""pressure"": false, ""retrigger"": false, ""fast_confirm"": false, ""fast_break"": false, ""h1_price_above_ema20"": true, ""h1_rsi_ge50"": true, ""near_20h_high_le4_5"": true, ""m15_near_prev_high6_ge_m0_2"": false}",0.3510003510003523,-1.9305019305019377,-1.8252018252018387,0.3510003510003523,-2.9835029835029836,-2.141102141102147,0.7020007020007046,-2.9835029835029836,0.6318006318006386,0.7020007020007046,-3.26430326430327,-2.5623025623025653,,4.0,,20.0,0.0,0.0,1
8390ce12894943fa3743da5e,2026-10-06T00:00:00+00:00,2026-10-06T00:46:36.557883+00:00,C09,CONFIRMED_REVERSAL,CFGUSDT,0.1552,BULL,BULL,"{""btc_ret_24h"": -0.8819253438113961, ""breadth_ret72_delta72"": 26.184538653366587, ""btc_h1_ema50_slope3"": 0.03843535155219069}","{""last_pivot_low_age_h"": 6.0, ""pivot1_low"": 0.1549, ""pivot2_low"": 0.1517, ""pivot_hours"": 6.0, ""multi_bull_div"": 0.0, ""h1_rsi"": 55.210614927274584, ""h1_dist_ema20"": 0.6346981012144814, ""dist_high_20h"": 2.5125628140703515}","{""available"": true, ""label"": ""V11_DIAGNOSTIC_PROXY"", ""quality"": 0.0, ""quality_ge72"": false, ""pressure"": false, ""retrigger"": false, ""fast_confirm"": false, ""fast_break"": false, ""h1_price_above_ema20"": true, ""h1_rsi_ge50"": true, ""near_20h_high_le4_5"": true, ""m15_near_prev_high6_ge_m0_2"": false}",0.5154639175257714,-2.770618556701032,-2.6417525773195782,0.5154639175257714,-3.9304123711340178,-3.4149484536082464,0.5154639175257714,-4.381443298969067,-1.6108247422680466,0.5154639175257714,-5.541237113402064,-4.896907216494839,,3.0,,4.0,0.0,0.0,1
8c939cf4d5ef2c550b36028f,2026-10-06T00:00:00+00:00,2026-10-06T00:46:36.968995+00:00,C09,CONFIRMED_REVERSAL,CFXUSDT,0.05499,BULL,BULL,"{""btc_ret_24h"": -0.8819253438113961, ""breadth_ret72_delta72"": 26.184538653366587, ""btc_h1_ema50_slope3"": 0.03843535155219069}","{""last_pivot_low_age_h"": 9.0, ""pivot1_low"": 0.05356, ""pivot2_low"": 0.05359, ""pivot_hours"": 10.0, ""multi_bull_div"": 0.0, ""h1_rsi"": 57.46837504776011, ""h1_dist_ema20"": 0.6031016725723815, ""dist_high_20h"": 0.5605786618444908}","{""available"": true, ""label"": ""V11_DIAGNOSTIC_PROXY"", ""quality"": 0.0, ""quality_ge72"": false, ""pressure"": false, ""retrigger"": false, ""fast_confirm"": true, ""fast_break"": false, ""h1_price_above_ema20"": true, ""h1_rsi_ge50"": true, ""near_20h_high_le4_5"": true, ""m15_near_prev_high6_ge_m0_2"": false}",-0.01818512456809307,-2.000363702491359,-2.000363702491359,-0.01818512456809307,-2.127659574468077,-0.49099836333879043,0.8547008547008739,-2.127659574468077,0.5819239861793113,1.0183669758137892,-2.127659574468077,-1.1638479723586004,,3.0,,,0.0,,1
4d66c3c433203d098a6aa90f,2026-10-06T00:00:00+00:00,2026-10-06T00:46:37.371525+00:00,C09,CONFIRMED_REVERSAL,CHIPUSDT,0.05242,BULL,BULL,"{""btc_ret_24h"": -0.8819253438113961, ""breadth_ret72_delta72"": 26.184538653366587, ""btc_h1_ema50_slope3"": 0.03843535155219069}","{""last_pivot_low_age_h"": 6.0, ""pivot1_low"": 0.04809, ""pivot2_low"": 0.04819, ""pivot_hours"": 3.0, ""multi_bull_div"": 0.0, ""h1_rsi"": 69.4265738534937, ""h1_dist_ema20"": 4.673954872911779, ""dist_high_20h"": 0.5690440060698077}","{""available"": true, ""label"": ""V11_DIAGNOSTIC_PROXY"", ""quality"": 89.0, ""quality_ge72"": true, ""pressure"": true, ""retrigger"": false, ""fast_confirm"": true, ""fast_break"": false, ""h1_price_above_ema20"": true, ""h1_rsi_ge50"": true, ""near_20h_high_le4_5"": true, ""m15_near_prev_high6_ge_m0_2"": false}",2.9759633727584944,-0.15261350629531822,1.5452117512399832,5.780236550934759,-0.15261350629531822,1.4689049980923352,5.913773368943143,-0.15261350629531822,1.049217855780249,5.913773368943143,-3.3765738267836687,2.0412056466997397,4.0,13.0,5.0,15.0,1.0,1.0,1
dc52d271663e440296218799,2026-10-06T00:00:00+00:00,2026-10-06T00:46:37.780982+00:00,C09,CONFIRMED_REVERSAL,CHRUSDT,0.02234,BULL,BULL,"{""btc_ret_24h"": -0.8819253438113961, ""breadth_ret72_delta72"": 26.184538653366587, ""btc_h1_ema50_slope3"": 0.03843535155219069}","{""last_pivot_low_age_h"": 9.0, ""pivot1_low"": 0.02297, ""pivot2_low"": 0.02184, ""pivot_hours"": 4.0, ""multi_bull_div"": 0.0, ""h1_rsi"": 33.64922141290087, ""h1_dist_ema20"": -2.3518074705832004, ""dist_high_20h"": 4.489097905087657}","{""available"": true, ""label"": ""V11_DIAGNOSTIC_PROXY"", ""quality"": 0.0, ""quality_ge72"": false, ""pressure"": false, ""retrigger"": false, ""fast_confirm"": false, ""fast_break"": false, ""h1_price_above_ema20"": false, ""h1_rsi_ge50"": false, ""near_20h_high_le4_5"": true, ""m15_near_prev_high6_ge_m0_2"": false}",0.5819158460161233,-3.7153088630259457,-3.3124440465532534,0.5819158460161233,-5.3715308863026,-2.909579230080561,0.9400179051029633,-5.3715308863026,0.3133393017009878,2.9095792300805723,-5.3715308863026,2.3724261414503234,,3.0,,3.0,0.0,0.0,1
68da03f953e60760217d5d10,2026-10-06T00:00:00+00:00,2026-10-06T00:46:38.189937+00:00,C09,CONFIRMED_REVERSAL,CHZUSDT,0.01702,BULL,BULL,"{""btc_ret_24h"": -0.8819253438113961, ""breadth_ret72_delta72"": 26.184538653366587, ""btc_h1_ema50_slope3"": 0.03843535155219069}","{""last_pivot_low_age_h"": 6.0, ""pivot1_low"": 0.01692, ""pivot2_low"": 0.01679, ""pivot_hours"": 6.0, ""multi_bull_div"": 0.0, ""h1_rsi"": 51.30772345159506, ""h1_dist_ema20"": 0.1174243003234432, ""dist_high_20h"": 0.7580174927113603}","{""available"": true, ""label"": ""V11_DIAGNOSTIC_PROXY"", ""quality"": 0.0, ""quality_ge72"": false, ""pressure"": false, ""retrigger"": false, ""fast_confirm"": false, ""fast_break"": false, ""h1_price_above_ema20"": true, ""h1_rsi_ge50"": true, ""near_20h_high_le4_5"": true, ""m15_near_prev_high6_ge_m0_2"": false}",0.1762632197414682,-2.585193889541715,-2.291421856639253,0.1762632197414682,-2.820211515863702,-1.8801410105757976,0.3525264394829586,-2.820211515863702,-0.1175088131609825,0.3525264394829586,-3.2314923619271574,-2.6439482961222005,,2.0,,19.0,0.0,0.0,1
08275c20fdcf5caeed3ff9ee,2026-10-06T00:00:00+00:00,2026-10-06T00:46:38.601686+00:00,C09,CONFIRMED_REVERSAL,CKBUSDT,0.001357,BULL,BULL,"{""btc_ret_24h"": -0.8819253438113961, ""breadth_ret72_delta72"": 26.184538653366587, ""btc_h1_ema50_slope3"": 0.03843535155219069}","{""last_pivot_low_age_h"": 6.0, ""pivot1_low"": 0.001328, ""pivot2_low"": 0.001318, ""pivot_hours"": 8.0, ""multi_bull_div"": 0.0, ""h1_rsi"": 62.64869037001249, ""h1_dist_ema20"": 1.2309126305954043, ""dist_high_20h"": 1.452432824981853}","{""available"": true, ""label"": ""V11_DIAGNOSTIC_PROXY"", ""quality"": 0.0, ""quality_ge72"": false, ""pressure"": false, ""retrigger"": false, ""fast_confirm"": false, ""fast_break"": false, ""h1_price_above_ema20"": true, ""h1_rsi_ge50"": true, ""near_20h_high_le4_5"": true, ""m15_near_prev_high6_ge_m0_2"": false}",0.29476787030213725,-2.358142962417087,-2.2107590272660183,0.29476787030213725,-2.8002947678702927,-1.6212232866617438,0.29476787030213725,-2.8002947678702927,-0.8843036109064006,0.29476787030213725,-3.537214443625636,-3.09506263817243,,3.0,,18.0,0.0,0.0,1
908418a9c9c48bdf8f2fedad,2026-10-06T00:00:00+00:00,2026-10-06T00:46:39.009996+00:00,C09,CONFIRMED_REVERSAL,COMPUSDT,25.05,BULL,BULL,"{""btc_ret_24h"": -0.8819253438113961, ""breadth_ret72_delta72"": 26.184538653366587, ""btc_h1_ema50_slope3"": 0.03843535155219069}","{""last_pivot_low_age_h"": 5.0, ""pivot1_low"": 24.75, ""pivot2_low"": 24.76, ""pivot_hours"": 4.0, ""multi_bull_div"": 0.0, ""h1_rsi"": 52.661229440130406, ""h1_dist_ema20"": 0.2737282639802663, ""dist_high_20h"": 0.87059754649782}","{""available"": true, ""label"": ""V11_DIAGNOSTIC_PROXY"", ""quality"": 0.0, ""quality_ge72"": false, ""pressure"": false, ""retrigger"": false, ""fast_confirm"": false, ""fast_break"": false, ""h1_price_above_ema20"": true, ""h1_rsi_ge50"": true, ""near_20h_high_le4_5"": true, ""m15_near_prev_high6_ge_m0_2"": false}",-0.03992015968063978,-2.275449101796412,-2.275449101796412,-0.03992015968063978,-3.273453093812373,-2.275449101796412,-0.03992015968063978,-3.273453093812373,-1.7564870259481058,-0.03992015968063978,-3.433133732534932,-2.8343313373253576,,3.0,,4.0,0.0,0.0,1
813011cb0a00c55718af1cc9,2026-10-06T00:00:00+00:00,2026-10-06T00:46:39.417861+00:00,C09,CONFIRMED_REVERSAL,COOKIEUSDT,0.01328,BULL,BULL,"{""btc_ret_24h"": -0.8819253438113961, ""breadth_ret72_delta72"": 26.184538653366587, ""btc_h1_ema50_slope3"": 0.03843535155219069}","{""last_pivot_low_age_h"": 9.0, ""pivot1_low"": 0.01286, ""pivot2_low"": 0.0129, ""pivot_hours"": 10.0, ""multi_bull_div"": 0.0, ""h1_rsi"": 57.03239702249351, ""h1_dist_ema20"": 0.7924583389911755, ""dist_high_20h"": 2.994886778670569}","{""available"": true, ""label"": ""V11_DIAGNOSTIC_PROXY"", ""quality"": 0.0, ""quality_ge72"": false, ""pressure"": false, ""retrigger"": false, ""fast_confirm"": false, ""fast_break"": false, ""h1_price_above_ema20"": true, ""h1_rsi_ge50"": true, ""near_20h_high_le4_5"": true, ""m15_near_prev_high6_ge_m0_2"": false}",0.07530120481926694,-3.6144578313253017,-3.5391566265060237,0.07530120481926694,-4.668674698795183,-3.0873493975903665,0.07530120481926694,-4.668674698795183,-0.9789156626506035,0.07530120481926694,-4.668674698795183,-2.108433734939763,,2.0,,3.0,0.0,0.0,1
37e0918b66cd37697720607d,2026-10-06T00:00:00+00:00,2026-10-06T00:46:39.827077+00:00,C09,CONFIRMED_REVERSAL,COTIUSDT,0.01428,BULL,BULL,"{""btc_ret_24h"": -0.8819253438113961, ""breadth_ret72_delta72"": 26.184538653366587, ""btc_h1_ema50_slope3"": 0.03843535155219069}","{""last_pivot_low_age_h"": 9.0, ""pivot1_low"": 0.01402, ""pivot2_low"": 0.01391, ""pivot_hours"": 6.0, ""multi_bull_div"": 0.0, ""h1_rsi"": 56.98802671976479, ""h1_dist_ema20"": 0.7084423532218942, ""dist_high_20h"": 1.3812154696132617}","{""available"": true, ""label"": ""V11_DIAGNOSTIC_PROXY"", ""quality"": 0.0, ""quality_ge72"": false, ""pressure"": false, ""retrigger"": false, ""fast_confirm"": true, ""fast_break"": false, ""h1_price_above_ema20"": true, ""h1_rsi_ge50"": true, ""near_20h_high_le4_5"": true, ""m15_near_prev_high6_ge_m0_2"": false}",1.1904761904761862,-2.170868347338928,-1.8907563025210017,1.1904761904761862,-2.170868347338928,-0.3501400560224077,1.1904761904761862,-2.941176470588225,-2.6610644257703098,1.1904761904761862,-7.002801120448177,-5.322128851540608,,3.0,,13.0,0.0,0.0,1
98dcfbad00d118ab7287168f,2026-10-06T00:00:00+00:00,2026-10-06T00:46:40.238412+00:00,C09,CONFIRMED_REVERSAL,COWUSDT,0.1577,BULL,BULL,"{""btc_ret_24h"": -0.8819253438113961, ""breadth_ret72_delta72"": 26.184538653366587, ""btc_h1_ema50_slope3"": 0.03843535155219069}","{""last_pivot_low_age_h"": 6.0, ""pivot1_low"": 0.1559, ""pivot2_low"": 0.1547, ""pivot_hours"": 13.0, ""multi_bull_div"": 0.0, ""h1_rsi"": 49.29245291433928, ""h1_dist_ema20"": 0.009711323528249771, ""dist_high_20h"": 1.3141426783479293}","{""available"": true, ""label"": ""V11_DIAGNOSTIC_PROXY"", ""quality"": 0.0, ""quality_ge72"": false, ""pressure"": false, ""retrigger"": false, ""fast_confirm"": false, ""fast_break"": false, ""h1_price_above_ema20"": true, ""h1_rsi_ge50"": false, ""near_20h_high_le4_5"": true, ""m15_near_prev_high6_ge_m0_2"": false}",0.06341154090043766,-2.0925808497146425,-2.029169308814205,0.06341154090043766,-2.409638554216864,-1.8389346861128808,0.06341154090043766,-3.360811667723529,-2.1559923906151024,0.06341154090043766,-3.360811667723529,-1.5852885225110969,,3.0,,10.0,0.0,0.0,1
a8addfdc619629575e7de080,2026-10-06T00:00:00+00:00,2026-10-06T00:46:40.647604+00:00,C09,CONFIRMED_REVERSAL,CRVUSDT,0.3731,BULL,BULL,"{""btc_ret_24h"": -0.8819253438113961, ""breadth_ret72_delta72"": 26.184538653366587, ""btc_h1_ema50_slope3"": 0.03843535155219069}","{""last_pivot_low_age_h"": 6.0, ""pivot1_low"": 0.3774, ""pivot2_low"": 0.3686, ""pivot_hours"": 11.0, ""multi_bull_div"": 0.0, ""h1_rsi"": 43.940808540302186, ""h1_dist_ema20"": -0.7536332005083302, ""dist_high_20h"": 3.2667876588021727}","{""available"": true, ""label"": ""V11_DIAGNOSTIC_PROXY"", ""quality"": 0.0, ""quality_ge72"": false, ""pressure"": false, ""retrigger"": false, ""fast_confirm"": true, ""fast_break"": false, ""h1_price_above_ema20"": false, ""h1_rsi_ge50"": false, ""near_20h_high_le4_5"": true, ""m15_near_prev_high6_ge_m0_2"": false}",0.4556419190565597,-2.8410613776467475,-2.3586169927633294,0.4556419190565597,-2.8410613776467475,-1.6885553470919246,0.4556419190565597,-4.100777271508971,-1.447333154650221,0.4556419190565597,-4.207987134816404,-3.3235057625301434,,3.0,,7.0,0.0,0.0,1
ddbea2084b034a1b9a5b244f,2026-10-06T00:00:00+00:00,2026-10-06T00:46:41.056529+00:00,C09,CONFIRMED_REVERSAL,CTKUSDT,0.1289,BULL,BULL,"{""btc_ret_24h"": -0.8819253438113961, ""breadth_ret72_delta72"": 26.184538653366587, ""btc_h1_ema50_slope3"": 0.03843535155219069}","{""last_pivot_low_age_h"": 6.0, ""pivot1_low"": 0.1271, ""pivot2_low"": 0.1268, ""pivot_hours"": 3.0, ""multi_bull_div"": 0.0, ""h1_rsi"": 50.93308308676056, ""h1_dist_ema20"": 0.08354257891418637, ""dist_high_20h"": 0.7698229407236301}","{""available"": true, ""label"": ""V11_DIAGNOSTIC_PROXY"", ""quality"": 0.0, ""quality_ge72"": false, ""pressure"": false, ""retrigger"": false, ""fast_confirm"": false, ""fast_break"": false, ""h1_price_above_ema20"": true, ""h1_rsi_ge50"": true, ""near_20h_high_le4_5"": true, ""m15_near_prev_high6_ge_m0_2"": false}",0.6206361520558756,-1.8619084561675603,-1.706749418153597,0.6206361520558756,-2.3273855702094504,-0.23273855702093948,3.491078355314192,-2.3273855702094504,3.1807602792862877,3.491078355314192,-2.3273855702094504,0.7757951900698279,12.0,4.0,,,0.0,,1
ddad82195c91cde8eddcd558,2026-10-06T00:00:00+00:00,2026-10-06T00:46:41.465868+00:00,C09,CONFIRMED_REVERSAL,CTSIUSDT,0.03021,BULL,BULL,"{""btc_ret_24h"": -0.8819253438113961, ""breadth_ret72_delta72"": 26.184538653366587, ""btc_h1_ema50_slope3"": 0.03843535155219069}","{""last_pivot_low_age_h"": 6.0, ""pivot1_low"": 0.02965, ""pivot2_low"": 0.02959, ""pivot_hours"": 3.0, ""multi_bull_div"": 2.0, ""h1_rsi"": 54.3133588983957, ""h1_dist_ema20"": 0.49351482590693774, ""dist_high_20h"": 1.0481493612839898}","{""available"": true, ""label"": ""V11_DIAGNOSTIC_PROXY"", ""quality"": 0.0, ""quality_ge72"": false, ""pressure"": false, ""retrigger"": false, ""fast_confirm"": false, ""fast_break"": false, ""h1_price_above_ema20"": true, ""h1_rsi_ge50"": true, ""near_20h_high_le4_5"": true, ""m15_near_prev_high6_ge_m0_2"": false}",0.6951340615690027,-1.2578616352201366,-1.1916583912611745,1.026150281363769,-1.721284342932805,0.5296259516716306,8.209202250910286,-1.721284342932805,3.4756703078451023,8.209202250910286,-1.721284342932805,4.237007613373045,8.0,,8.0,,1.0,1.0,1
efb677cbe51c51792c051483,2026-10-06T00:00:00+00:00,2026-10-06T00:46:41.874835+00:00,C09,CONFIRMED_REVERSAL,CVCUSDT,0.03137,BULL,BULL,"{""btc_ret_24h"": -0.8819253438113961, ""breadth_ret72_delta72"": 26.184538653366587, ""btc_h1_ema50_slope3"": 0.03843535155219069}","{""last_pivot_low_age_h"": 9.0, ""pivot1_low"": 0.03048, ""pivot2_low"": 0.03012, ""pivot_hours"": 3.0, ""multi_bull_div"": 1.0, ""h1_rsi"": 67.16247213938459, ""h1_dist_ema20"": 1.663389848450203, ""dist_high_20h"": 2.395768512756691}","{""available"": true, ""label"": ""V11_DIAGNOSTIC_PROXY"", ""quality"": 0.0, ""quality_ge72"": false, ""pressure"": false, ""retrigger"": false, ""fast_confirm"": false, ""fast_break"": false, ""h1_price_above_ema20"": true, ""h1_rsi_ge50"": true, ""near_20h_high_le4_5"": true, ""m15_near_prev_high6_ge_m0_2"": false}",0.1912655403251362,-2.550207204335364,-2.327064073956009,0.1912655403251362,-2.550207204335364,-1.2113484220592996,0.1912655403251362,-2.550207204335364,-0.828817341409005,0.1912655403251362,-2.550207204335364,-1.5620019126554086,,3.0,,,0.0,,1
147433338e748742b77b667b,2026-10-06T00:00:00+00:00,2026-10-06T00:46:42.286239+00:00,C09,CONFIRMED_REVERSAL,CVXUSDT,2.262,BULL,BULL,"{""btc_ret_24h"": -0.8819253438113961, ""breadth_ret72_delta72"": 26.184538653366587, ""btc_h1_ema50_slope3"": 0.03843535155219069}","{""last_pivot_low_age_h"": 7.0, ""pivot1_low"": 2.258, ""pivot2_low"": 2.204, ""pivot_hours"": 19.0, ""multi_bull_div"": 0.0, ""h1_rsi"": 48.16310904723798, ""h1_dist_ema20"": -0.11986630962860234, ""dist_high_20h"": 4.757894736842106}","{""available"": true, ""label"": ""V11_DIAGNOSTIC_PROXY"", ""quality"": 0.0, ""quality_ge72"": false, ""pressure"": false, ""retrigger"": false, ""fast_confirm"": true, ""fast_break"": false, ""h1_price_above_ema20"": false, ""h1_rsi_ge50"": false, ""near_20h_high_le4_5"": false, ""m15_near_prev_high6_ge_m0_2"": false}",0.04420866489831532,-3.3156498673740153,-2.9619805481874484,0.04420866489831532,-3.6251105216622337,-2.343059239610956,0.04420866489831532,-3.6251105216622337,-0.5747126436781547,0.04420866489831532,-3.6251105216622337,-1.458885941644561,,2.0,,3.0,0.0,0.0,1
1d6c40c807ff1f7c3365cd86,2026-10-06T00:00:00+00:00,2026-10-06T00:46:43.111912+00:00,C09,CONFIRMED_REVERSAL,CYBERUSDT,0.329,BULL,BULL,"{""btc_ret_24h"": -0.8819253438113961, ""breadth_ret72_delta72"": 26.184538653366587, ""btc_h1_ema50_slope3"": 0.03843535155219069}","{""last_pivot_low_age_h"": 6.0, ""pivot1_low"": 0.318, ""pivot2_low"": 0.318, ""pivot_hours"": 3.0, ""multi_bull_div"": 0.0, ""h1_rsi"": 61.086135395258815, ""h1_dist_ema20"": 1.5049888557277846, ""dist_high_20h"": 3.5190615835777206}","{""available"": true, ""label"": ""V11_DIAGNOSTIC_PROXY"", ""quality"": 0.0, ""quality_ge72"": false, ""pressure"": false, ""retrigger"": false, ""fast_confirm"": false, ""fast_break"": false, ""h1_price_above_ema20"": true, ""h1_rsi_ge50"": true, ""near_20h_high_le4_5"": true, ""m15_near_prev_high6_ge_m0_2"": false}",0.0,-3.3434650455927084,-3.039513677811556,0.0,-3.6474164133738607,-1.823708206686936,6.990881458966558,-3.6474164133738607,2.4316109422492405,6.990881458966558,-3.6474164133738607,2.735562310030404,8.0,3.0,10.0,3.0,0.0,0.0,1
ee7d4435e9b41f89209df0f1,2026-10-06T00:00:00+00:00,2026-10-06T00:46:42.697085+00:00,C09,CONFIRMED_REVERSAL,DASHUSDT,58.01,BULL,BULL,"{""btc_ret_24h"": -0.8819253438113961, ""breadth_ret72_delta72"": 26.184538653366587, ""btc_h1_ema50_slope3"": 0.03843535155219069}","{""last_pivot_low_age_h"": 9.0, ""pivot1_low"": 59.2, ""pivot2_low"": 57.71, ""pivot_hours"": 10.0, ""multi_bull_div"": 0.0, ""h1_rsi"": 36.1022689894347, ""h1_dist_ema20"": -1.5945004330426227, ""dist_high_20h"": 4.901639344262298}","{""available"": true, ""label"": ""V11_DIAGNOSTIC_PROXY"", ""quality"": 0.0, ""quality_ge72"": false, ""pressure"": false, ""retrigger"": false, ""fast_confirm"": false, ""fast_break"": false, ""h1_price_above_ema20"": false, ""h1_rsi_ge50"": false, ""near_20h_high_le4_5"": false, ""m15_near_prev_high6_ge_m0_2"": false}",0.12066885019823559,-1.7066023099465477,-1.516979831063603,0.12066885019823559,-2.8098603689019064,-2.5340458541630695,0.12066885019823559,-2.9822444406136794,-1.1032580589553587,0.12066885019823559,-4.378555421479058,-3.9475952421996197,,4.0,,17.0,0.0,0.0,1
0138d3a6cc59408b48acd1b0,2026-10-06T00:00:00+00:00,2026-10-06T00:46:43.522707+00:00,C09,CONFIRMED_REVERSAL,DCRUSDT,18.56,BULL,BULL,"{""btc_ret_24h"": -0.8819253438113961, ""breadth_ret72_delta72"": 26.184538653366587, ""btc_h1_ema50_slope3"": 0.03843535155219069}","{""last_pivot_low_age_h"": 7.0, ""pivot1_low"": 18.25, ""pivot2_low"": 18.25, ""pivot_hours"": 6.0, ""multi_bull_div"": 0.0, ""h1_rsi"": 57.9709023059668, ""h1_dist_ema20"": 0.4536299188016013, ""dist_high_20h"": 0.7486631016042855}","{""available"": true, ""label"": ""V11_DIAGNOSTIC_PROXY"", ""quality"": 0.0, ""quality_ge72"": false, ""pressure"": false, ""retrigger"": false, ""fast_confirm"": true, ""fast_break"": false, ""h1_price_above_ema20"": true, ""h1_rsi_ge50"": true, ""near_20h_high_le4_5"": true, ""m15_near_prev_high6_ge_m0_2"": false}",0.21551724137931494,-0.5387931034482651,-0.5387931034482651,0.21551724137931494,-1.2392241379310387,-0.5387931034482651,0.5926724137931272,-1.2392241379310387,-0.10775862068965747,0.5926724137931272,-1.8857758620689502,-1.7241379310344862,,,,,,,1
ff1f3b9db4cc04a5fd5b38dc,2026-10-06T00:00:00+00:00,2026-10-06T00:46:43.931174+00:00,C09,CONFIRMED_REVERSAL,DEXEUSDT,1.864,BULL,BULL,"{""btc_ret_24h"": -0.8819253438113961, ""breadth_ret72_delta72"": 26.184538653366587, ""btc_h1_ema50_slope3"": 0.03843535155219069}","{""last_pivot_low_age_h"": 6.0, ""pivot1_low"": 1.877, ""pivot2_low"": 1.855, ""pivot_hours"": 13.0, ""multi_bull_div"": 0.0, ""h1_rsi"": 38.235077702581734, ""h1_dist_ema20"": -0.6321919728629388, ""dist_high_20h"": 1.894736842105249}","{""available"": true, ""label"": ""V11_DIAGNOSTIC_PROXY"", ""quality"": 0.0, ""quality_ge72"": false, ""pressure"": false, ""retrigger"": false, ""fast_confirm"": false, ""fast_break"": false, ""h1_price_above_ema20"": false, ""h1_rsi_ge50"": false, ""near_20h_high_le4_5"": true, ""m15_near_prev_high6_ge_m0_2"": false}",0.16094420600858417,-0.7510729613733891,-0.6437768240343367,0.16094420600858417,-1.4484978540772575,-0.7510729613733891,1.0193133047210257,-1.4484978540772575,0.5901287553647938,2.092274678111594,-1.4484978540772575,1.0729613733905463,,,,,,,1
33e98d1062149b7ffef9101b,2026-10-06T00:00:00+00:00,2026-10-06T00:46:44.340011+00:00,C09,CONFIRMED_REVERSAL,DGBUSDT,0.00427,BULL,BULL,"{""btc_ret_24h"": -0.8819253438113961, ""breadth_ret72_delta72"": 26.184538653366587, ""btc_h1_ema50_slope3"": 0.03843535155219069}","{""last_pivot_low_age_h"": 7.0, ""pivot1_low"": 0.00426, ""pivot2_low"": 0.00426, ""pivot_hours"": 1.0, ""multi_bull_div"": 0.0, ""h1_rsi"": 42.217482481615846, ""h1_dist_ema20"": -0.5977493416852497, ""dist_high_20h"": 1.3856812933025209}","{""available"": true, ""label"": ""V11_DIAGNOSTIC_PROXY"", ""quality"": 0.0, ""quality_ge72"": false, ""pressure"": false, ""retrigger"": false, ""fast_confirm"": false, ""fast_break"": false, ""h1_price_above_ema20"": false, ""h1_rsi_ge50"": false, ""near_20h_high_le4_5"": true, ""m15_near_prev_high6_ge_m0_2"": false}",0.7025761124121788,-0.936768149882905,-0.7025761124121899,0.7025761124121788,-1.1709601873536424,-0.7025761124121899,1.1709601873536313,-1.1709601873536424,1.1709601873536313,1.1709601873536313,-3.0444964871194524,-1.639344262295095,,18.0,,18.0,0.0,0.0,1
a4d54c76dbf2eb02f4ce27c1,2026-10-06T00:00:00+00:00,2026-10-06T00:46:44.751350+00:00,C09,CONFIRMED_REVERSAL,DIAUSDT,0.1794,BULL,BULL,"{""btc_ret_24h"": -0.8819253438113961, ""breadth_ret72_delta72"": 26.184538653366587, ""btc_h1_ema50_slope3"": 0.03843535155219069}","{""last_pivot_low_age_h"": 7.0, ""pivot1_low"": 0.159, ""pivot2_low"": 0.1639, ""pivot_hours"": 10.0, ""multi_bull_div"": 0.0, ""h1_rsi"": 69.39778395458497, ""h1_dist_ema20"": 4.779324932301932, ""dist_high_20h"": 3.4965034965035002}","{""available"": true, ""label"": ""V11_DIAGNOSTIC_PROXY"", ""quality"": 95.0, ""quality_ge72"": true, ""pressure"": false, ""retrigger"": true, ""fast_confirm"": false, ""fast_break"": false, ""h1_price_above_ema20"": true, ""h1_rsi_ge50"": true, ""near_20h_high_le4_5"": true, ""m15_near_prev_high6_ge_m0_2"": false}",0.557413600891854,-6.911928651059085,-6.7447045707915265,0.557413600891854,-7.859531772575257,-5.2396878483835,10.033444816053505,-7.859531772575257,3.511705685618738,10.033444816053505,-7.859531772575257,-3.400222965440358,9.0,1.0,9.0,1.0,0.0,0.0,1
bd3cbedc4777e3fe824bb392,2026-10-06T00:00:00+00:00,2026-10-06T00:46:45.165183+00:00,C09,CONFIRMED_REVERSAL,DOGEUSDT,0.09542,BULL,BULL,"{""btc_ret_24h"": -0.8819253438113961, ""breadth_ret72_delta72"": 26.184538653366587, ""btc_h1_ema50_slope3"": 0.03843535155219069}","{""last_pivot_low_age_h"": 7.0, ""pivot1_low"": 0.09475, ""pivot2_low"": 0.09379, ""pivot_hours"": 12.0, ""multi_bull_div"": 0.0, ""h1_rsi"": 50.94984302608458, ""h1_dist_ema20"": -0.005216497122439989, ""dist_high_20h"": 1.8211750180059605}","{""available"": true, ""label"": ""V11_DIAGNOSTIC_PROXY"", ""quality"": 0.0, ""quality_ge72"": false, ""pressure"": false, ""retrigger"": false, ""fast_confirm"": false, ""fast_break"": false, ""h1_price_above_ema20"": false, ""h1_rsi_ge50"": true, ""near_20h_high_le4_5"": true, ""m15_near_prev_high6_ge_m0_2"": false}",0.17815971494443694,-0.9431984908824131,-0.8593586250261964,0.17815971494443694,-1.205198071683078,-0.7545587927059283,0.4191993292810725,-1.4043177530915996,0.3563194298888961,1.0165583735066042,-2.30559631104591,-1.8130370991406464,,20.0,,,0.0,,1
6990ad60b66175e779c36c2d,2026-10-06T00:00:00+00:00,2026-10-06T00:46:45.574773+00:00,C09,CONFIRMED_REVERSAL,DOGSUSDT,4.75e-05,BULL,BULL,"{""btc_ret_24h"": -0.8819253438113961, ""breadth_ret72_delta72"": 26.184538653366587, ""btc_h1_ema50_slope3"": 0.03843535155219069}","{""last_pivot_low_age_h"": 6.0, ""pivot1_low"": 4.69e-05, ""pivot2_low"": 4.685e-05, ""pivot_hours"": 3.0, ""multi_bull_div"": 1.0, ""h1_rsi"": 46.40454563818619, ""h1_dist_ema20"": -0.2377969084572107, ""dist_high_20h"": 2.1022258862324783}","{""available"": true, ""label"": ""V11_DIAGNOSTIC_PROXY"", ""quality"": 0.0, ""quality_ge72"": false, ""pressure"": false, ""retrigger"": false, ""fast_confirm"": false, ""fast_break"": false, ""h1_price_above_ema20"": false, ""h1_rsi_ge50"": false, ""near_20h_high_le4_5"": true, ""m15_near_prev_high6_ge_m0_2"": false}",0.08421052631579773,-1.8105263157894735,-1.452631578947372,0.08421052631579773,-2.1263157894736984,-0.6526315789473713,1.5157894736842037,-2.1263157894736984,1.1157894736842033,1.5157894736842037,-2.1263157894736984,-1.3894736842105293,,4.0,,,0.0,,1
215f9f3c3bc40422959b692c,2026-10-06T00:00:00+00:00,2026-10-06T00:46:45.981820+00:00,C09,CONFIRMED_REVERSAL,DOLOUSDT,0.03201,BULL,BULL,"{""btc_ret_24h"": -0.8819253438113961, ""breadth_ret72_delta72"": 26.184538653366587, ""btc_h1_ema50_slope3"": 0.03843535155219069}","{""last_pivot_low_age_h"": 9.0, ""pivot1_low"": 0.0309, ""pivot2_low"": 0.03085, ""pivot_hours"": 5.0, ""multi_bull_div"": 0.0, ""h1_rsi"": 69.695049384126, ""h1_dist_ema20"": 1.9720439949264534, ""dist_high_20h"": 0.4354587869362381}","{""available"": true, ""label"": ""V11_DIAGNOSTIC_PROXY"", ""quality"": 0.0, ""quality_ge72"": false, ""pressure"": false, ""retrigger"": false, ""fast_confirm"": false, ""fast_break"": false, ""h1_price_above_ema20"": true, ""h1_rsi_ge50"": true, ""near_20h_high_le4_5"": true, ""m15_near_prev_high6_ge_m0_2"": false}",0.6560449859418949,-2.874101843174004,-2.7491408934707806,0.6560449859418949,-3.373945641986875,-1.9993751952514627,0.6560449859418949,-3.373945641986875,-1.9993751952514627,0.6560449859418949,-4.623555139019042,-3.248984692283652,,3.0,,4.0,0.0,0.0,1
f8f5e9daa7d13f1291839471,2026-10-06T00:00:00+00:00,2026-10-06T00:46:46.393385+00:00,C09,CONFIRMED_REVERSAL,DOTUSDT,1.23,BULL,BULL,"{""btc_ret_24h"": -0.8819253438113961, ""breadth_ret72_delta72"": 26.184538653366587, ""btc_h1_ema50_slope3"": 0.03843535155219069}","{""last_pivot_low_age_h"": 6.0, ""pivot1_low"": 1.184, ""pivot2_low"": 1.186, ""pivot_hours"": 3.0, ""multi_bull_div"": 0.0, ""h1_rsi"": 59.79755289295401, ""h1_dist_ema20"": 1.2551765040583307, ""dist_high_20h"": 1.2841091492776902}","{""available"": true, ""label"": ""V11_DIAGNOSTIC_PROXY"", ""quality"": 0.0, ""quality_ge72"": false, ""pressure"": false, ""retrigger"": false, ""fast_confirm"": true, ""fast_break"": false, ""h1_price_above_ema20"": true, ""h1_rsi_ge50"": true, ""near_20h_high_le4_5"": true, ""m15_near_prev_high6_ge_m0_2"": false}",0.08130081300814496,-1.4634146341463428,-1.2195121951219412,0.8943089430894391,-1.4634146341463428,0.1626016260162677,1.4634146341463428,-1.4634146341463428,0.4878048780487809,1.4634146341463428,-2.8455284552845517,-2.276422764227648,,15.0,,,0.0,,1
9a0797afbef82b8ea5f30ccd,2026-10-06T00:00:00+00:00,2026-10-06T00:46:46.802972+00:00,C09,CONFIRMED_REVERSAL,DUSKUSDT,0.0854,BULL,BULL,"{""btc_ret_24h"": -0.8819253438113961, ""breadth_ret72_delta72"": 26.184538653366587, ""btc_h1_ema50_slope3"": 0.03843535155219069}","{""last_pivot_low_age_h"": 6.0, ""pivot1_low"": 0.0839, ""pivot2_low"": 0.0826, ""pivot_hours"": 8.0, ""multi_bull_div"": 0.0, ""h1_rsi"": 58.44222108287134, ""h1_dist_ema20"": 1.0886759007988411, ""dist_high_20h"": 0.6976744186046435}","{""available"": true, ""label"": ""V11_DIAGNOSTIC_PROXY"", ""quality"": 0.0, ""quality_ge72"": false, ""pressure"": false, ""retrigger"": false, ""fast_confirm"": true, ""fast_break"": true, ""h1_price_above_ema20"": true, ""h1_rsi_ge50"": true, ""near_20h_high_le4_5"": true, ""m15_near_prev_high6_ge_m0_2"": true}",0.3512880562060783,-2.3419203747072626,-2.3419203747072626,0.3512880562060783,-2.810304449648715,-0.23419203747073736,1.1709601873536313,-2.810304449648715,0.5854800936768045,2.2248243559718883,-2.810304449648715,-0.3512880562061005,,3.0,,,0.0,,1
afaafe0d52d91108a9f369b4,2026-10-06T00:00:00+00:00,2026-10-06T00:46:47.214207+00:00,C09,CONFIRMED_REVERSAL,DYDXUSDT,0.15038,BULL,BULL,"{""btc_ret_24h"": -0.8819253438113961, ""breadth_ret72_delta72"": 26.184538653366587, ""btc_h1_ema50_slope3"": 0.03843535155219069}","{""last_pivot_low_age_h"": 6.0, ""pivot1_low"": 0.14338, ""pivot2_low"": 0.14348, ""pivot_hours"": 3.0, ""multi_bull_div"": 0.0, ""h1_rsi"": 61.18146259153073, ""h1_dist_ema20"": 1.7067967003375317, ""dist_high_20h"": 1.5386630000654655}","{""available"": true, ""label"": ""V11_DIAGNOSTIC_PROXY"", ""quality"": 0.0, ""quality_ge72"": false, ""pressure"": false, ""retrigger"": false, ""fast_confirm"": false, ""fast_break"": false, ""h1_price_above_ema20"": true, ""h1_rsi_ge50"": true, ""near_20h_high_le4_5"": true, ""m15_near_prev_high6_ge_m0_2"": false}",0.033249102274224285,-3.451256816065962,-3.178614177417216,0.033249102274224285,-3.9433435297247077,-3.1985636387817595,0.033249102274224285,-3.9433435297247077,-1.5427583455246863,0.033249102274224285,-5.539300438888151,-4.721372522941891,,2.0,,3.0,0.0,0.0,1
3ecb472119142a66ffa32f4f,2026-10-06T00:00:00+00:00,2026-10-06T00:46:47.624892+00:00,C09,CONFIRMED_REVERSAL,DYMUSDT,0.01989,BULL,BULL,"{""btc_ret_24h"": -0.8819253438113961, ""breadth_ret72_delta72"": 26.184538653366587, ""btc_h1_ema50_slope3"": 0.03843535155219069}","{""last_pivot_low_age_h"": 9.0, ""pivot1_low"": 0.01944, ""pivot2_low"": 0.01923, ""pivot_hours"": 6.0, ""multi_bull_div"": 0.0, ""h1_rsi"": 55.81809090553681, ""h1_dist_ema20"": 0.817495291965531, ""dist_high_20h"": 1.534653465346525}","{""available"": true, ""label"": ""V11_DIAGNOSTIC_PROXY"", ""quality"": 0.0, ""quality_ge72"": false, ""pressure"": false, ""retrigger"": false, ""fast_confirm"": false, ""fast_break"": false, ""h1_price_above_ema20"": true, ""h1_rsi_ge50"": true, ""near_20h_high_le4_5"": true, ""m15_near_prev_high6_ge_m0_2"": false}",0.2513826043237799,-2.51382604323781,-2.463549522373054,0.2513826043237799,-3.117144293614893,-1.6088486676722025,0.2513826043237799,-3.117144293614893,-0.8547008547008517,0.2513826043237799,-3.217697335344405,-3.066867772750137,,3.0,,4.0,0.0,0.0,1
a91c1025b91af01a9f1cb9f8,2026-10-06T00:00:00+00:00,2026-10-06T00:46:48.033262+00:00,C09,CONFIRMED_REVERSAL,EGLDUSDT,4.592,BULL,BULL,"{""btc_ret_24h"": -0.8819253438113961, ""breadth_ret72_delta72"": 26.184538653366587, ""btc_h1_ema50_slope3"": 0.03843535155219069}","{""last_pivot_low_age_h"": 9.0, ""pivot1_low"": 4.452, ""pivot2_low"": 4.493, ""pivot_hours"": 10.0, ""multi_bull_div"": 0.0, ""h1_rsi"": 50.91307113451463, ""h1_dist_ema20"": 0.0007517234464460287, ""dist_high_20h"": 1.8383924754168501}","{""available"": true, ""label"": ""V11_DIAGNOSTIC_PROXY"", ""quality"": 0.0, ""quality_ge72"": false, ""pressure"": false, ""retrigger"": false, ""fast_confirm"": false, ""fast_break"": false, ""h1_price_above_ema20"": true, ""h1_rsi_ge50"": true, ""near_20h_high_le4_5"": true, ""m15_near_prev_high6_ge_m0_2"": false}",0.23954703832753665,-2.5261324041811806,-2.460801393728218,0.23954703832753665,-3.114111498257832,-2.939895470383269,0.23954703832753665,-3.6367595818815324,-1.2848432055748926,0.23954703832753665,-3.6367595818815324,-2.983449477351907,,3.0,,4.0,0.0,0.0,1
cba3801d722f7d2dc91d2927,2026-10-06T00:00:00+00:00,2026-10-06T00:46:48.447181+00:00,C09,CONFIRMED_REVERSAL,ENAUSDT,0.2494,BULL,BULL,"{""btc_ret_24h"": -0.8819253438113961, ""breadth_ret72_delta72"": 26.184538653366587, ""btc_h1_ema50_slope3"": 0.03843535155219069}","{""last_pivot_low_age_h"": 7.0, ""pivot1_low"": 0.2454, ""pivot2_low"": 0.2435, ""pivot_hours"": 6.0, ""multi_bull_div"": 0.0, ""h1_rsi"": 53.181386951281446, ""h1_dist_ema20"": 0.4181350563942976, ""dist_high_20h"": 5.062809288161397}","{""available"": true, ""label"": ""V11_DIAGNOSTIC_PROXY"", ""quality"": 0.0, ""quality_ge72"": false, ""pressure"": false, ""retrigger"": false, ""fast_confirm"": false, ""fast_break"": false, ""h1_price_above_ema20"": true, ""h1_rsi_ge50"": true, ""near_20h_high_le4_5"": false, ""m15_near_prev_high6_ge_m0_2"": false}",1.4835605453087375,-1.4033680834001583,-1.122694466720131,1.4835605453087375,-2.4859663191659997,-2.2854851643945517,1.4835605453087375,-4.530874097834802,-3.488372093023262,1.4835605453087375,-6.214915797914999,-3.6487570168404204,,5.0,,7.0,0.0,0.0,1
6404864530f991017439f0b8,2026-10-06T00:00:00+00:00,2026-10-06T00:46:48.859450+00:00,C09,CONFIRMED_REVERSAL,ENJUSDT,0.03367,BULL,BULL,"{""btc_ret_24h"": -0.8819253438113961, ""breadth_ret72_delta72"": 26.184538653366587, ""btc_h1_ema50_slope3"": 0.03843535155219069}","{""last_pivot_low_age_h"": 8.0, ""pivot1_low"": 0.03326, ""pivot2_low"": 0.03274, ""pivot_hours"": 7.0, ""multi_bull_div"": 0.0, ""h1_rsi"": 51.56252229711786, ""h1_dist_ema20"": 0.22887610669197755, ""dist_high_20h"": 1.77946324387398}","{""available"": true, ""label"": ""V11_DIAGNOSTIC_PROXY"", ""quality"": 0.0, ""quality_ge72"": false, ""pressure"": false, ""retrigger"": false, ""fast_confirm"": true, ""fast_break"": false, ""h1_price_above_ema20"": true, ""h1_rsi_ge50"": true, ""near_20h_high_le4_5"": true, ""m15_near_prev_high6_ge_m0_2"": false}",0.7722007722007929,-2.7027027027027084,-2.435402435402434,0.7722007722007929,-3.177903177903185,-2.019602019602018,0.7722007722007929,-3.177903177903185,-1.336501336501339,0.7722007722007929,-3.177903177903185,-1.9602019602019682,,3.0,,4.0,0.0,0.0,1
40c582c06e7011a97abf0260,2026-10-06T00:00:00+00:00,2026-10-06T00:46:49.265417+00:00,C09,CONFIRMED_REVERSAL,ENSOUSDT,1.013,BULL,BULL,"{""btc_ret_24h"": -0.8819253438113961, ""breadth_ret72_delta72"": 26.184538653366587, ""btc_h1_ema50_slope3"": 0.03843535155219069}","{""last_pivot_low_age_h"": 9.0, ""pivot1_low"": 0.987, ""pivot2_low"": 0.991, ""pivot_hours"": 10.0, ""multi_bull_div"": 0.0, ""h1_rsi"": 62.77897120712155, ""h1_dist_ema20"": 0.7813852038042413, ""dist_high_20h"": 0.4911591355599376}","{""available"": true, ""label"": ""V11_DIAGNOSTIC_PROXY"", ""quality"": 0.0, ""quality_ge72"": false, ""pressure"": false, ""retrigger"": false, ""fast_confirm"": false, ""fast_break"": false, ""h1_price_above_ema20"": true, ""h1_rsi_ge50"": true, ""near_20h_high_le4_5"": true, ""m15_near_prev_high6_ge_m0_2"": false}",0.39486673247779436,-1.9743336623889385,-1.9743336623889385,0.39486673247779436,-2.3692003948667217,-1.2833168805527984,0.39486673247779436,-2.961500493583402,-2.073050345508387,0.39486673247779436,-3.8499506416584284,-2.073050345508387,,4.0,,15.0,0.0,0.0,1
538e09008503b55ef70b0c71,2026-10-06T00:00:00+00:00,2026-10-06T00:46:49.674286+00:00,C09,CONFIRMED_REVERSAL,ENSUSDT,6.86,BULL,BULL,"{""btc_ret_24h"": -0.8819253438113961, ""breadth_ret72_delta72"": 26.184538653366587, ""btc_h1_ema50_slope3"": 0.03843535155219069}","{""last_pivot_low_age_h"": 7.0, ""pivot1_low"": 6.89, ""pivot2_low"": 6.69, ""pivot_hours"": 7.0, ""multi_bull_div"": 0.0, ""h1_rsi"": 49.12196626624512, ""h1_dist_ema20"": -0.14659588677279345, ""dist_high_20h"": 1.9999999999999907}","{""available"": true, ""label"": ""V11_DIAGNOSTIC_PROXY"", ""quality"": 0.0, ""quality_ge72"": false, ""pressure"": false, ""retrigger"": false, ""fast_confirm"": true, ""fast_break"": false, ""h1_price_above_ema20"": false, ""h1_rsi_ge50"": false, ""near_20h_high_le4_5"": true, ""m15_near_prev_high6_ge_m0_2"": false}",0.2915451895043608,-1.895043731778423,-1.7492711370262426,0.2915451895043608,-2.0408163265306256,-1.0204081632653073,1.1661807580174877,-2.0408163265306256,0.7288629737609353,1.1661807580174877,-2.0408163265306256,-1.4577259475218707,,4.0,,,0.0,,1
e737b2c8a1559cfea0da49b3,2026-10-06T00:00:00+00:00,2026-10-06T00:46:50.082461+00:00,C09,CONFIRMED_REVERSAL,EPICUSDT,0.5226,BULL,BULL,"{""btc_ret_24h"": -0.8819253438113961, ""breadth_ret72_delta72"": 26.184538653366587, ""btc_h1_ema50_slope3"": 0.03843535155219069}","{""last_pivot_low_age_h"": 7.0, ""pivot1_low"": 0.5161, ""pivot2_low"": 0.5108, ""pivot_hours"": 10.0, ""multi_bull_div"": 1.0, ""h1_rsi"": 48.76042544132924, ""h1_dist_ema20"": -0.22897352439080754, ""dist_high_20h"": 2.8805054822523823}","{""available"": true, ""label"": ""V11_DIAGNOSTIC_PROXY"", ""quality"": 0.0, ""quality_ge72"": false, ""pressure"": false, ""retrigger"": false, ""fast_confirm"": true, ""fast_break"": false, ""h1_price_above_ema20"": false, ""h1_rsi_ge50"": false, ""near_20h_high_le4_5"": true, ""m15_near_prev_high6_ge_m0_2"": false}",0.8802143130501427,-0.24875621890546595,-0.057405281285871634,0.8802143130501427,-1.2629161882893092,-0.7079984691924834,3.2338308457711573,-1.2629161882893092,1.5690776884806912,3.2338308457711573,-2.6980482204362777,-1.7604286261002633,11.0,20.0,,,1.0,,1
29376559e917349cc0ce1b87,2026-10-06T00:00:00+00:00,2026-10-06T00:46:50.499321+00:00,C09,CONFIRMED_REVERSAL,ERAUSDT,0.0656,BULL,BULL,"{""btc_ret_24h"": -0.8819253438113961, ""breadth_ret72_delta72"": 26.184538653366587, ""btc_h1_ema50_slope3"": 0.03843535155219069}","{""last_pivot_low_age_h"": 6.0, ""pivot1_low"": 0.0639, ""pivot2_low"": 0.0639, ""pivot_hours"": 1.0, ""multi_bull_div"": 0.0, ""h1_rsi"": 55.34100508869682, ""h1_dist_ema20"": 0.5754595840933074, ""dist_high_20h"": 0.6060606060605989}","{""available"": true, ""label"": ""V11_DIAGNOSTIC_PROXY"", ""quality"": 0.0, ""quality_ge72"": false, ""pressure"": false, ""retrigger"": false, ""fast_confirm"": false, ""fast_break"": false, ""h1_price_above_ema20"": true, ""h1_rsi_ge50"": true, ""near_20h_high_le4_5"": true, ""m15_near_prev_high6_ge_m0_2"": false}",0.15243902439021628,-2.4390243902439046,-2.4390243902439046,0.15243902439021628,-2.896341463414631,-1.9817073170731891,0.7621951219512146,-2.896341463414631,0.15243902439021628,1.2195121951219523,-2.896341463414631,-0.6097560975609984,,3.0,,,0.0,,1
86e13d58b5acfc8838178fee,2026-10-06T00:00:00+00:00,2026-10-06T00:46:50.903209+00:00,C09,CONFIRMED_REVERSAL,ESPUSDT,0.11365,BULL,BULL,"{""btc_ret_24h"": -0.8819253438113961, ""breadth_ret72_delta72"": 26.184538653366587, ""btc_h1_ema50_slope3"": 0.03843535155219069}","{""last_pivot_low_age_h"": 7.0, ""pivot1_low"": 0.10462, ""pivot2_low"": 0.11105, ""pivot_hours"": 12.0, ""multi_bull_div"": 0.0, ""h1_rsi"": 65.32058035139036, ""h1_dist_ema20"": 1.941025827740006, ""dist_high_20h"": 0.30701754385965563}","{""available"": true, ""label"": ""V11_DIAGNOSTIC_PROXY"", ""quality"": 100.0, ""quality_ge72"": true, ""pressure"": true, ""retrigger"": true, ""fast_confirm"": true, ""fast_break"": true, ""h1_price_above_ema20"": true, ""h1_rsi_ge50"": true, ""near_20h_high_le4_5"": true, ""m15_near_prev_high6_ge_m0_2"": true}",-0.06159260888692897,-1.9797624285085802,-1.0206775186977546,1.9709634843818824,-1.9797624285085802,1.5750109986801597,7.215134183897942,-1.9797624285085802,2.806863176418828,7.663880334359874,-1.9797624285085802,3.537175538935333,7.0,,10.0,,1.0,1.0,1
dde08a0fa0e28664586118dc,2026-10-06T00:00:00+00:00,2026-10-06T00:46:51.312444+00:00,C09,CONFIRMED_REVERSAL,ETCUSDT,9.0,BULL,BULL,"{""btc_ret_24h"": -0.8819253438113961, ""breadth_ret72_delta72"": 26.184538653366587, ""btc_h1_ema50_slope3"": 0.03843535155219069}","{""last_pivot_low_age_h"": 6.0, ""pivot1_low"": 8.81, ""pivot2_low"": 8.81, ""pivot_hours"": 1.0, ""multi_bull_div"": 0.0, ""h1_rsi"": 57.1339175895641, ""h1_dist_ema20"": 0.5231906818234267, ""dist_high_20h"": 0.990099009900991}","{""available"": true, ""label"": ""V11_DIAGNOSTIC_PROXY"", ""quality"": 0.0, ""quality_ge72"": false, ""pressure"": false, ""retrigger"": false, ""fast_confirm"": false, ""fast_break"": false, ""h1_price_above_ema20"": true, ""h1_rsi_ge50"": true, ""near_20h_high_le4_5"": true, ""m15_near_prev_high6_ge_m0_2"": false}",0.11111111111110628,-1.7777777777777781,-1.7777777777777781,0.11111111111110628,-2.111111111111108,-1.6666666666666718,0.11111111111110628,-2.111111111111108,-0.5555555555555647,0.11111111111110628,-2.5555555555555554,-1.7777777777777781,,4.0,,,0.0,,1
25a35c3f948f8cd30aa45f8b,2026-10-06T00:00:00+00:00,2026-10-06T00:46:51.726869+00:00,C09,CONFIRMED_REVERSAL,ETHFIUSDT,0.741,BULL,BULL,"{""btc_ret_24h"": -0.8819253438113961, ""breadth_ret72_delta72"": 26.184538653366587, ""btc_h1_ema50_slope3"": 0.03843535155219069}","{""last_pivot_low_age_h"": 6.0, ""pivot1_low"": 0.7535, ""pivot2_low"": 0.7386, ""pivot_hours"": 5.0, ""multi_bull_div"": 0.0, ""h1_rsi"": 43.004326071764766, ""h1_dist_ema20"": -1.3229866149466973, ""dist_high_20h"": 4.682274247491636}","{""available"": true, ""label"": ""V11_DIAGNOSTIC_PROXY"", ""quality"": 0.0, ""quality_ge72"": false, ""pressure"": false, ""retrigger"": false, ""fast_confirm"": false, ""fast_break"": false, ""h1_price_above_ema20"": false, ""h1_rsi_ge50"": false, ""near_20h_high_le4_5"": false, ""m15_near_prev_high6_ge_m0_2"": false}",0.9176788124156676,-1.9433198380566785,-1.835357624831302,0.9176788124156676,-2.793522267206472,-1.5519568151147078,0.9176788124156676,-2.793522267206472,-0.6072874493927016,8.151147098515521,-2.793522267206472,5.263157894736836,13.0,4.0,13.0,,0.0,1.0,1
b4c29111b73ac38ea97d5958,2026-10-06T00:00:00+00:00,2026-10-06T00:46:52.142228+00:00,C09,CONFIRMED_REVERSAL,ETHUSDT,2709.98,BULL,BULL,"{""btc_ret_24h"": -0.8819253438113961, ""breadth_ret72_delta72"": 26.184538653366587, ""btc_h1_ema50_slope3"": 0.03843535155219069}","{""last_pivot_low_age_h"": 7.0, ""pivot1_low"": 2694.88, ""pivot2_low"": 2679.63, ""pivot_hours"": 11.0, ""multi_bull_div"": 0.0, ""h1_rsi"": 49.3906886960287, ""h1_dist_ema20"": -0.05879636598976612, ""dist_high_20h"": 0.8985024958402699}","{""available"": true, ""label"": ""V11_DIAGNOSTIC_PROXY"", ""quality"": 0.0, ""quality_ge72"": false, ""pressure"": false, ""retrigger"": false, ""fast_confirm"": false, ""fast_break"": false, ""h1_price_above_ema20"": false, ""h1_rsi_ge50"": false, ""near_20h_high_le4_5"": true, ""m15_near_prev_high6_ge_m0_2"": false}",0.50111070930412,-0.33764086819829675,-0.2893010280518693,0.50111070930412,-0.6265728898368295,-0.38450468269138893,0.50111070930412,-0.7225145573030001,0.15166163587922998,0.5590447161971657,-0.9686418349950876,-0.4608890102510088,,,,,,,1
cee33afed8815854ff569e88,2026-10-06T00:00:00+00:00,2026-10-06T00:46:52.549826+00:00,C09,CONFIRMED_REVERSAL,EULUSDT,1.448,BULL,BULL,"{""btc_ret_24h"": -0.8819253438113961, ""breadth_ret72_delta72"": 26.184538653366587, ""btc_h1_ema50_slope3"": 0.03843535155219069}","{""last_pivot_low_age_h"": 9.0, ""pivot1_low"": 1.438, ""pivot2_low"": 1.435, ""pivot_hours"": 10.0, ""multi_bull_div"": 0.0, ""h1_rsi"": 49.75280795559617, ""h1_dist_ema20"": -0.16499960165655692, ""dist_high_20h"": 1.1604095563140016}","{""available"": true, ""label"": ""V11_DIAGNOSTIC_PROXY"", ""quality"": 0.0, ""quality_ge72"": false, ""pressure"": false, ""retrigger"": false, ""fast_confirm"": false, ""fast_break"": false, ""h1_price_above_ema20"": false, ""h1_rsi_ge50"": false, ""near_20h_high_le4_5"": true, ""m15_near_prev_high6_ge_m0_2"": false}",0.06906077348067807,-2.071823204419887,-2.00276243093922,0.06906077348067807,-2.209944751381221,-1.6574585635359185,5.041436464088389,-2.209944751381221,2.6243093922651894,5.248618784530401,-2.209944751381221,4.488950276243098,12.0,3.0,12.0,,0.0,1.0,1
ee49153e007d17e36a843b83,2026-10-06T00:00:00+00:00,2026-10-06T00:46:52.962043+00:00,C09,CONFIRMED_REVERSAL,FETUSDT,0.2546,BULL,BULL,"{""btc_ret_24h"": -0.8819253438113961, ""breadth_ret72_delta72"": 26.184538653366587, ""btc_h1_ema50_slope3"": 0.03843535155219069}","{""last_pivot_low_age_h"": 7.0, ""pivot1_low"": 0.2514, ""pivot2_low"": 0.243, ""pivot_hours"": 10.0, ""multi_bull_div"": 0.0, ""h1_rsi"": 52.9491981284792, ""h1_dist_ema20"": 0.37155492030902515, ""dist_high_20h"": 6.500183621006239}","{""available"": true, ""label"": ""V11_DIAGNOSTIC_PROXY"", ""quality"": 95.0, ""quality_ge72"": true, ""pressure"": false, ""retrigger"": true, ""fast_confirm"": true, ""fast_break"": true, ""h1_price_above_ema20"": true, ""h1_rsi_ge50"": true, ""near_20h_high_le4_5"": false, ""m15_near_prev_high6_ge_m0_2"": true}",0.824823252160245,-2.435192458758828,-1.7674783974862551,0.824823252160245,-2.435192458758828,-1.492537313432829,0.824823252160245,-3.4564021995286742,-1.924587588373916,0.824823252160245,-6.402199528672425,-6.087981146897093,,3.0,,7.0,0.0,0.0,1
7c6ab6c6825c09b638b595f6,2026-10-06T00:00:00+00:00,2026-10-06T00:46:53.370917+00:00,C09,CONFIRMED_REVERSAL,FFUSDT,0.11618,BULL,BULL,"{""btc_ret_24h"": -0.8819253438113961, ""breadth_ret72_delta72"": 26.184538653366587, ""btc_h1_ema50_slope3"": 0.03843535155219069}","{""last_pivot_low_age_h"": 7.0, ""pivot1_low"": 0.11567, ""pivot2_low"": 0.1149, ""pivot_hours"": 6.0, ""multi_bull_div"": 0.0, ""h1_rsi"": 49.96586182847302, ""h1_dist_ema20"": -0.04195162930942242, ""dist_high_20h"": 3.045981807560716}","{""available"": true, ""label"": ""V11_DIAGNOSTIC_PROXY"", ""quality"": 0.0, ""quality_ge72"": false, ""pressure"": false, ""retrigger"": false, ""fast_confirm"": false, ""fast_break"": false, ""h1_price_above_ema20"": false, ""h1_rsi_ge50"": false, ""near_20h_high_le4_5"": true, ""m15_near_prev_high6_ge_m0_2"": false}",0.2237906696505476,-1.5751420210019074,-1.3513513513513487,0.2237906696505476,-3.4085040454467253,-2.453090032707872,0.2237906696505476,-3.847478051299713,-3.692546049233947,0.2237906696505476,-5.680840075744542,-4.725426063005688,,4.0,,4.0,0.0,0.0,1
4c4704da6e7db2dff127c903,2026-10-06T00:00:00+00:00,2026-10-06T00:46:53.817253+00:00,C09,CONFIRMED_REVERSAL,FIDAUSDT,0.02182,BULL,BULL,"{""btc_ret_24h"": -0.8819253438113961, ""breadth_ret72_delta72"": 26.184538653366587, ""btc_h1_ema50_slope3"": 0.03843535155219069}","{""last_pivot_low_age_h"": 6.0, ""pivot1_low"": 0.02114, ""pivot2_low"": 0.02121, ""pivot_hours"": 3.0, ""multi_bull_div"": 0.0, ""h1_rsi"": 56.35971843429792, ""h1_dist_ema20"": 0.7493605044439633, ""dist_high_20h"": 0.5469462169553463}","{""available"": true, ""label"": ""V11_DIAGNOSTIC_PROXY"", ""quality"": 0.0, ""quality_ge72"": false, ""pressure"": false, ""retrigger"": false, ""fast_confirm"": false, ""fast_break"": false, ""h1_price_above_ema20"": true, ""h1_rsi_ge50"": true, ""near_20h_high_le4_5"": true, ""m15_near_prev_high6_ge_m0_2"": false}",0.18331805682860747,-2.1081576535288638,-1.6498625114573784,1.9706691109074193,-2.1539871677360156,0.6416131989001039,2.612282309807523,-2.1539871677360156,1.5582034830430747,2.612282309807523,-2.1539871677360156,0.1374885426214556,,3.0,,,0.0,,1
a0fad04af4a69b6816c008a0,2026-10-06T00:00:00+00:00,2026-10-06T00:46:54.234123+00:00,C09,CONFIRMED_REVERSAL,FILUSDT,1.1846,BULL,BULL,"{""btc_ret_24h"": -0.8819253438113961, ""breadth_ret72_delta72"": 26.184538653366587, ""btc_h1_ema50_slope3"": 0.03843535155219069}","{""last_pivot_low_age_h"": 8.0, ""pivot1_low"": 1.044, ""pivot2_low"": 1.0756, ""pivot_hours"": 11.0, ""multi_bull_div"": 0.0, ""h1_rsi"": 73.57374750900505, ""h1_dist_ema20"": 5.775636283974084, ""dist_high_20h"": 1.6603021749958313}","{""available"": true, ""label"": ""V11_DIAGNOSTIC_PROXY"", ""quality"": 76.0, ""quality_ge72"": true, ""pressure"": true, ""retrigger"": false, ""fast_confirm"": true, ""fast_break"": false, ""h1_price_above_ema20"": true, ""h1_rsi_ge50"": true, ""near_20h_high_le4_5"": true, ""m15_near_prev_high6_ge_m0_2"": false}",0.354550059091685,-3.401992233665374,-2.7857504642917585,1.0720918453486439,-3.401992233665374,0.2616917102819416,2.228600371433398,-3.401992233665374,-1.2662502110417084,2.228600371433398,-3.401992233665374,-2.684450447408415,,2.0,,3.0,0.0,0.0,1
28b8243ee40201be4ade15df,2026-10-06T00:00:00+00:00,2026-10-06T00:46:54.646821+00:00,C09,CONFIRMED_REVERSAL,FLOKIUSDT,2.909e-05,BULL,BULL,"{""btc_ret_24h"": -0.8819253438113961, ""breadth_ret72_delta72"": 26.184538653366587, ""btc_h1_ema50_slope3"": 0.03843535155219069}","{""last_pivot_low_age_h"": 7.0, ""pivot1_low"": 2.847e-05, ""pivot2_low"": 2.837e-05, ""pivot_hours"": 12.0, ""multi_bull_div"": 0.0, ""h1_rsi"": 53.48322190187915, ""h1_dist_ema20"": 0.24422537533721478, ""dist_high_20h"": 3.0333333333333323}","{""available"": true, ""label"": ""V11_DIAGNOSTIC_PROXY"", ""quality"": 0.0, ""quality_ge72"": false, ""pressure"": false, ""retrigger"": false, ""fast_confirm"": false, ""fast_break"": false, ""h1_price_above_ema20"": true, ""h1_rsi_ge50"": true, ""near_20h_high_le4_5"": true, ""m15_near_prev_high6_ge_m0_2"": false}",0.13750429700927214,-2.0281883808868972,-1.856308009625307,0.13750429700927214,-2.303196974905475,-1.3750429700928102,1.4437951185974462,-2.303196974905475,0.7906497078033592,4.159504984530771,-2.303196974905475,-1.4437951185974573,16.0,3.0,,,0.0,,1
51f5f44733f1ab670126bdeb,2026-10-06T00:00:00+00:00,2026-10-06T00:46:55.058371+00:00,C09,CONFIRMED_REVERSAL,FLOWUSDT,0.03215,BULL,BULL,"{""btc_ret_24h"": -0.8819253438113961, ""breadth_ret72_delta72"": 26.184538653366587, ""btc_h1_ema50_slope3"": 0.03843535155219069}","{""last_pivot_low_age_h"": 7.0, ""pivot1_low"": 0.03172, ""pivot2_low"": 0.03125, ""pivot_hours"": 8.0, ""multi_bull_div"": 0.0, ""h1_rsi"": 54.12431531096452, ""h1_dist_ema20"": 0.5822363926090812, ""dist_high_20h"": 0.7716049382716084}","{""available"": true, ""label"": ""V11_DIAGNOSTIC_PROXY"", ""quality"": 0.0, ""quality_ge72"": false, ""pressure"": false, ""retrigger"": false, ""fast_confirm"": false, ""fast_break"": false, ""h1_price_above_ema20"": true, ""h1_rsi_ge50"": true, ""near_20h_high_le4_5"": true, ""m15_near_prev_high6_ge_m0_2"": false}",0.062208398133756226,-2.115085536547434,-2.0217729393468,0.062208398133756226,-2.6749611197511625,-1.679626749611196,0.8087091757387421,-2.6749611197511625,0.4665629860031162,7.278382581648524,-2.6749611197511625,5.163297045101101,14.0,3.0,15.0,,0.0,1.0,1
eb23c4104c33971225fafa1f,2026-10-06T00:00:00+00:00,2026-10-06T00:46:55.481725+00:00,C09,CONFIRMED_REVERSAL,FLUXUSDT,0.0846,BULL,BULL,"{""btc_ret_24h"": -0.8819253438113961, ""breadth_ret72_delta72"": 26.184538653366587, ""btc_h1_ema50_slope3"": 0.03843535155219069}","{""last_pivot_low_age_h"": 9.0, ""pivot1_low"": 0.0767, ""pivot2_low"": 0.0793, ""pivot_hours"": 10.0, ""multi_bull_div"": 0.0, ""h1_rsi"": 74.47749055433582, ""h1_dist_ema20"": 3.5963864559785064, ""dist_high_20h"": 1.2835472578763163}","{""available"": true, ""label"": ""V11_DIAGNOSTIC_PROXY"", ""quality"": 89.0, ""quality_ge72"": true, ""pressure"": true, ""retrigger"": true, ""fast_confirm"": false, ""fast_break"": false, ""h1_price_above_ema20"": true, ""h1_rsi_ge50"": true, ""near_20h_high_le4_5"": true, ""m15_near_prev_high6_ge_m0_2"": false}",0.47281323877070847,-1.5366430260047248,-1.4184397163120477,2.009456264775422,-2.245862884160754,1.6548463356973908,10.401891252955075,-2.245862884160754,6.264775413711576,15.484633569739948,-2.245862884160754,0.8274231678487176,8.0,4.0,12.0,,0.0,1.0,1
663cb3a98658f1d131d90fe4,2026-10-06T00:00:00+00:00,2026-10-06T00:46:55.893660+00:00,C09,CONFIRMED_REVERSAL,FORMUSDT,0.2826,BULL,BULL,"{""btc_ret_24h"": -0.8819253438113961, ""breadth_ret72_delta72"": 26.184538653366587, ""btc_h1_ema50_slope3"": 0.03843535155219069}","{""last_pivot_low_age_h"": 6.0, ""pivot1_low"": 0.2783, ""pivot2_low"": 0.2782, ""pivot_hours"": 3.0, ""multi_bull_div"": 2.0, ""h1_rsi"": 50.63359511613505, ""h1_dist_ema20"": 0.06897572228645732, ""dist_high_20h"": 2.0110957004160768}","{""available"": true, ""label"": ""V11_DIAGNOSTIC_PROXY"", ""quality"": 0.0, ""quality_ge72"": false, ""pressure"": false, ""retrigger"": false, ""fast_confirm"": true, ""fast_break"": false, ""h1_price_above_ema20"": true, ""h1_rsi_ge50"": true, ""near_20h_high_le4_5"": true, ""m15_near_prev_high6_ge_m0_2"": false}",0.2476999292285731,-2.406227883934897,-2.3354564755838636,0.2476999292285731,-2.9370134465675934,-1.6631280962491335,0.2476999292285731,-2.9370134465675934,-1.4861995753715607,0.2476999292285731,-3.8216560509554243,-3.0431705590941216,,3.0,,18.0,0.0,0.0,1
dff69302cdcf385c8bc20799,2026-10-06T00:00:00+00:00,2026-10-06T00:46:56.305611+00:00,C09,CONFIRMED_REVERSAL,FTTUSDT,0.2601,BULL,BULL,"{""btc_ret_24h"": -0.8819253438113961, ""breadth_ret72_delta72"": 26.184538653366587, ""btc_h1_ema50_slope3"": 0.03843535155219069}","{""last_pivot_low_age_h"": 9.0, ""pivot1_low"": 0.2551, ""pivot2_low"": 0.2557, ""pivot_hours"": 3.0, ""multi_bull_div"": 0.0, ""h1_rsi"": 60.18333558701281, ""h1_dist_ema20"": 0.7688809567028443, ""dist_high_20h"": 1.0650437428680215}","{""available"": true, ""label"": ""V11_DIAGNOSTIC_PROXY"", ""quality"": 0.0, ""quality_ge72"": false, ""pressure"": false, ""retrigger"": false, ""fast_confirm"": false, ""fast_break"": false, ""h1_price_above_ema20"": true, ""h1_rsi_ge50"": true, ""near_20h_high_le4_5"": true, ""m15_near_prev_high6_ge_m0_2"": false}",1.1149557862360604,-0.6920415224913601,-0.3075740099961588,1.1149557862360604,-1.384083044982698,-0.6151480199923065,1.1149557862360604,-1.384083044982698,0.3075740099961699,1.9607843137254832,-1.384083044982698,-0.26912725874662646,,,,,,,1
c2712c9cd0f1b9529b3364a3,2026-10-06T00:00:00+00:00,2026-10-06T00:46:56.714500+00:00,C09,CONFIRMED_REVERSAL,FUSDT,0.003437,BULL,BULL,"{""btc_ret_24h"": -0.8819253438113961, ""breadth_ret72_delta72"": 26.184538653366587, ""btc_h1_ema50_slope3"": 0.03843535155219069}","{""last_pivot_low_age_h"": 6.0, ""pivot1_low"": 0.003435, ""pivot2_low"": 0.003375, ""pivot_hours"": 8.0, ""multi_bull_div"": 0.0, ""h1_rsi"": 51.21880041558451, ""h1_dist_ema20"": 0.185265998659645, ""dist_high_20h"": 1.093525179856114}","{""available"": true, ""label"": ""V11_DIAGNOSTIC_PROXY"", ""quality"": 0.0, ""quality_ge72"": false, ""pressure"": false, ""retrigger"": false, ""fast_confirm"": false, ""fast_break"": true, ""h1_price_above_ema20"": true, ""h1_rsi_ge50"": true, ""near_20h_high_le4_5"": true, ""m15_near_prev_high6_ge_m0_2"": true}",0.029095141111445955,-2.3567064300261786,-2.29851614780332,0.029095141111445955,-2.9095141111434297,-1.4256619144602856,0.029095141111445955,-2.9095141111434297,-0.4946173988943925,0.029095141111445955,-3.2004655222577783,-1.8329938900203735,,3.0,,20.0,0.0,0.0,1
0869ac3b600e9a57b3123ca5,2026-10-06T00:00:00+00:00,2026-10-06T00:46:57.130493+00:00,C09,CONFIRMED_REVERSAL,GALAUSDT,0.002487,BULL,BULL,"{""btc_ret_24h"": -0.8819253438113961, ""breadth_ret72_delta72"": 26.184538653366587, ""btc_h1_ema50_slope3"": 0.03843535155219069}","{""last_pivot_low_age_h"": 6.0, ""pivot1_low"": 0.002442, ""pivot2_low"": 0.002438, ""pivot_hours"": 3.0, ""multi_bull_div"": 1.0, ""h1_rsi"": 45.28498778560209, ""h1_dist_ema20"": -0.5578905231819586, ""dist_high_20h"": 3.191903464383028}","{""available"": true, ""label"": ""V11_DIAGNOSTIC_PROXY"", ""quality"": 0.0, ""quality_ge72"": false, ""pressure"": false, ""retrigger"": false, ""fast_confirm"": false, ""fast_break"": false, ""h1_price_above_ema20"": false, ""h1_rsi_ge50"": false, ""near_20h_high_le4_5"": true, ""m15_near_prev_high6_ge_m0_2"": false}",0.20104543626859872,-3.3775633293124163,-2.61359067149175,0.20104543626859872,-3.3775633293124163,-2.6940088459992073,0.20104543626859872,-3.9002814636107663,-0.40209087253719744,0.965018094089265,-3.9002814636107663,-2.29191797346201,,2.0,,3.0,0.0,0.0,1
558c27f6fdcd8fe601f7de7c,2026-10-06T00:00:00+00:00,2026-10-06T00:46:57.539177+00:00,C09,CONFIRMED_REVERSAL,GASUSDT,1.439,BULL,BULL,"{""btc_ret_24h"": -0.8819253438113961, ""breadth_ret72_delta72"": 26.184538653366587, ""btc_h1_ema50_slope3"": 0.03843535155219069}","{""last_pivot_low_age_h"": 7.0, ""pivot1_low"": 1.413, ""pivot2_low"": 1.411, ""pivot_hours"": 12.0, ""multi_bull_div"": 1.0, ""h1_rsi"": 58.834444454670795, ""h1_dist_ema20"": 0.5757531834588825, ""dist_high_20h"": 0.5528680027643396}","{""available"": true, ""label"": ""V11_DIAGNOSTIC_PROXY"", ""quality"": 0.0, ""quality_ge72"": false, ""pressure"": false, ""retrigger"": false, ""fast_confirm"": true, ""fast_break"": false, ""h1_price_above_ema20"": true, ""h1_rsi_ge50"": true, ""near_20h_high_le4_5"": true, ""m15_near_prev_high6_ge_m0_2"": false}",0.4169562195969423,-2.015288394718562,-1.945795691452401,0.4169562195969423,-2.3627519110493433,-1.5288394718554588,0.4169562195969423,-2.3627519110493433,-0.6949270326615742,0.4169562195969423,-2.5712300208478256,-1.5983321751216195,,3.0,,,0.0,,1
10f8fa67005f91582db46c89,2026-10-06T00:00:00+00:00,2026-10-06T00:46:57.947918+00:00,C09,CONFIRMED_REVERSAL,GIGGLEUSDT,38.23,BULL,BULL,"{""btc_ret_24h"": -0.8819253438113961, ""breadth_ret72_delta72"": 26.184538653366587, ""btc_h1_ema50_slope3"": 0.03843535155219069}","{""last_pivot_low_age_h"": 9.0, ""pivot1_low"": 38.67, ""pivot2_low"": 37.78, ""pivot_hours"": 5.0, ""multi_bull_div"": 0.0, ""h1_rsi"": 46.7177212807453, ""h1_dist_ema20"": -0.41465144222283534, ""dist_high_20h"": 4.900497512437829}","{""available"": true, ""label"": ""V11_DIAGNOSTIC_PROXY"", ""quality"": 0.0, ""quality_ge72"": false, ""pressure"": false, ""retrigger"": false, ""fast_confirm"": false, ""fast_break"": false, ""h1_price_above_ema20"": false, ""h1_rsi_ge50"": false, ""near_20h_high_le4_5"": false, ""m15_near_prev_high6_ge_m0_2"": false}",0.15694480774262054,-1.3863458017263741,-1.2294009939837758,0.15694480774262054,-2.0664399686110335,-1.0724561862411663,1.2817159298979863,-2.1710698404394435,1.020141250326967,1.2817159298979863,-2.1710698404394435,0.13078733978550972,,4.0,,,0.0,,1
906f4a85997351439c88dc60,2026-10-06T00:00:00+00:00,2026-10-06T00:46:58.359703+00:00,C09,CONFIRMED_REVERSAL,GLMUSDT,0.1329,BULL,BULL,"{""btc_ret_24h"": -0.8819253438113961, ""breadth_ret72_delta72"": 26.184538653366587, ""btc_h1_ema50_slope3"": 0.03843535155219069}","{""last_pivot_low_age_h"": 7.0, ""pivot1_low"": 0.128, ""pivot2_low"": 0.127, ""pivot_hours"": 12.0, ""multi_bull_div"": 0.0, ""h1_rsi"": 69.04771188997843, ""h1_dist_ema20"": 2.148265938016136, ""dist_high_20h"": 0.22522522522524513}","{""available"": true, ""label"": ""V11_DIAGNOSTIC_PROXY"", ""quality"": 0.0, ""quality_ge72"": false, ""pressure"": false, ""retrigger"": false, ""fast_confirm"": true, ""fast_break"": true, ""h1_price_above_ema20"": true, ""h1_rsi_ge50"": true, ""near_20h_high_le4_5"": true, ""m15_near_prev_high6_ge_m0_2"": true}",0.8276899924755554,-2.332580887885627,-2.257336343115124,0.9029345372460584,-2.483069977426633,0.3762227238525151,3.8374717832957206,-2.483069977426633,2.63355906696765,3.8374717832957206,-2.483069977426633,1.5801354401806078,12.0,3.0,,,0.0,,1
f0b32083dac140f4d1c22417,2026-10-06T00:00:00+00:00,2026-10-06T00:46:58.773101+00:00,C09,CONFIRMED_REVERSAL,GMTUSDT,0.00899,BULL,BULL,"{""btc_ret_24h"": -0.8819253438113961, ""breadth_ret72_delta72"": 26.184538653366587, ""btc_h1_ema50_slope3"": 0.03843535155219069}","{""last_pivot_low_age_h"": 9.0, ""pivot1_low"": 0.00894, ""pivot2_low"": 0.00877, ""pivot_hours"": 4.0, ""multi_bull_div"": 0.0, ""h1_rsi"": 51.3975860083271, ""h1_dist_ema20"": 0.220676912955442, ""dist_high_20h"": 1.1001100110011097}","{""available"": true, ""label"": ""V11_DIAGNOSTIC_PROXY"", ""quality"": 0.0, ""quality_ge72"": false, ""pressure"": false, ""retrigger"": false, ""fast_confirm"": true, ""fast_break"": false, ""h1_price_above_ema20"": true, ""h1_rsi_ge50"": true, ""near_20h_high_le4_5"": true, ""m15_near_prev_high6_ge_m0_2"": false}",0.22246941045607205,-3.1145717463848643,-3.0033370411568394,0.22246941045607205,-3.3370411568409364,-2.1134593993325845,0.22246941045607205,-3.3370411568409364,-1.3348164627363768,0.22246941045607205,-3.3370411568409364,-2.4471635150166815,,2.0,,3.0,0.0,0.0,1
3fed1521e0ce3bd7413d6ac4,2026-10-06T00:00:00+00:00,2026-10-06T00:46:59.185351+00:00,C09,CONFIRMED_REVERSAL,GMXUSDT,8.82,BULL,BULL,"{""btc_ret_24h"": -0.8819253438113961, ""breadth_ret72_delta72"": 26.184538653366587, ""btc_h1_ema50_slope3"": 0.03843535155219069}","{""last_pivot_low_age_h"": 9.0, ""pivot1_low"": 8.45, ""pivot2_low"": 8.45, ""pivot_hours"": 1.0, ""multi_bull_div"": 0.0, ""h1_rsi"": 62.375480160370884, ""h1_dist_ema20"": 1.4255854283205416, ""dist_high_20h"": 2.0000000000000018}","{""available"": true, ""label"": ""V11_DIAGNOSTIC_PROXY"", ""quality"": 95.0, ""quality_ge72"": true, ""pressure"": false, ""retrigger"": true, ""fast_confirm"": false, ""fast_break"": false, ""h1_price_above_ema20"": true, ""h1_rsi_ge50"": true, ""near_20h_high_le4_5"": true, ""m15_near_prev_high6_ge_m0_2"": false}",1.473922902494329,-2.0408163265306034,-2.0408163265306034,1.473922902494329,-2.0408163265306034,-0.3401360544217802,2.26757369614512,-2.0408163265306034,0.22675736961450532,2.26757369614512,-2.0408163265306034,-0.6802721088435382,,3.0,,,0.0,,1
88b2756018908d6d35f7367a,2026-10-06T00:00:00+00:00,2026-10-06T00:46:59.597518+00:00,C09,CONFIRMED_REVERSAL,GNOUSDT,121.21,BULL,BULL,"{""btc_ret_24h"": -0.8819253438113961, ""breadth_ret72_delta72"": 26.184538653366587, ""btc_h1_ema50_slope3"": 0.03843535155219069}","{""last_pivot_low_age_h"": 11.0, ""pivot1_low"": 119.5, ""pivot2_low"": 119.8, ""pivot_hours"": 4.0, ""multi_bull_div"": 0.0, ""h1_rsi"": 52.330680109889336, ""h1_dist_ema20"": 0.01552875118078223, ""dist_high_20h"": 0.9479447577020572}","{""available"": true, ""label"": ""V11_DIAGNOSTIC_PROXY"", ""quality"": 0.0, ""quality_ge72"": false, ""pressure"": false, ""retrigger"": false, ""fast_confirm"": false, ""fast_break"": false, ""h1_price_above_ema20"": true, ""h1_rsi_ge50"": true, ""near_20h_high_le4_5"": true, ""m15_near_prev_high6_ge_m0_2"": false}",1.3530236779143667,-0.7837637158650157,0.08250144377526247,1.3530236779143667,-0.9157660259054512,0.5280092401616976,1.650028875505316,-0.9157660259054512,1.0972692022110486,2.103786816269304,-2.433792591370343,0.07425129939773178,,15.0,,,0.0,,1
efddc6e3ff1eb25cee7b1241,2026-10-06T00:00:00+00:00,2026-10-06T00:47:00.009440+00:00,C09,CONFIRMED_REVERSAL,GNSUSDT,0.424,BULL,BULL,"{""btc_ret_24h"": -0.8819253438113961, ""breadth_ret72_delta72"": 26.184538653366587, ""btc_h1_ema50_slope3"": 0.03843535155219069}","{""last_pivot_low_age_h"": 7.0, ""pivot1_low"": 0.414, ""pivot2_low"": 0.414, ""pivot_hours"": 9.0, ""multi_bull_div"": 0.0, ""h1_rsi"": 53.21226065200229, ""h1_dist_ema20"": 0.37910287446993873, ""dist_high_20h"": 2.0785219399538146}","{""available"": true, ""label"": ""V11_DIAGNOSTIC_PROXY"", ""quality"": 0.0, ""quality_ge72"": false, ""pressure"": false, ""retrigger"": false, ""fast_confirm"": true, ""fast_break"": false, ""h1_price_above_ema20"": true, ""h1_rsi_ge50"": true, ""near_20h_high_le4_5"": true, ""m15_near_prev_high6_ge_m0_2"": false}",0.9433962264151052,-0.2358490566037763,0.7075471698113178,12.264150943396235,-2.358490566037741,-1.8867924528301883,12.264150943396235,-4.245283018867918,-3.0660377358490587,12.264150943396235,-5.660377358490553,-4.952830188679236,4.0,5.0,4.0,8.0,1.0,1.0,1
e8446862daf02cee50f52b89,2026-10-06T00:00:00+00:00,2026-10-06T00:47:00.421180+00:00,C09,CONFIRMED_REVERSAL,GRTUSDT,0.02957,BULL,BULL,"{""btc_ret_24h"": -0.8819253438113961, ""breadth_ret72_delta72"": 26.184538653366587, ""btc_h1_ema50_slope3"": 0.03843535155219069}","{""last_pivot_low_age_h"": 5.0, ""pivot1_low"": 0.02899, ""pivot2_low"": 0.02899, ""pivot_hours"": 1.0, ""multi_bull_div"": 0.0, ""h1_rsi"": 53.46567600465046, ""h1_dist_ema20"": 0.30210301552160423, ""dist_high_20h"": 4.612903225806453}","{""available"": true, ""label"": ""V11_DIAGNOSTIC_PROXY"", ""quality"": 0.0, ""quality_ge72"": false, ""pressure"": false, ""retrigger"": false, ""fast_confirm"": false, ""fast_break"": false, ""h1_price_above_ema20"": true, ""h1_rsi_ge50"": true, ""near_20h_high_le4_5"": false, ""m15_near_prev_high6_ge_m0_2"": false}",0.3381805884342226,-2.5363544132566807,-2.4349002367264116,0.3381805884342226,-2.705444707473792,-1.5556307067974284,0.7778153533987142,-2.705444707473792,-0.2367264119039536,0.7778153533987142,-2.705444707473792,-1.4879945891105861,,3.0,,,0.0,,1
1aa98ab6fb3f0a5591cca096,2026-10-06T00:00:00+00:00,2026-10-06T00:47:00.834639+00:00,C09,CONFIRMED_REVERSAL,GUNUSDT,0.00323,BULL,BULL,"{""btc_ret_24h"": -0.8819253438113961, ""breadth_ret72_delta72"": 26.184538653366587, ""btc_h1_ema50_slope3"": 0.03843535155219069}","{""last_pivot_low_age_h"": 5.0, ""pivot1_low"": 0.0032, ""pivot2_low"": 0.00315, ""pivot_hours"": 10.0, ""multi_bull_div"": 1.0, ""h1_rsi"": 48.188725816475944, ""h1_dist_ema20"": -0.10509178348823145, ""dist_high_20h"": 6.104651162790697}","{""available"": true, ""label"": ""V11_DIAGNOSTIC_PROXY"", ""quality"": 0.0, ""quality_ge72"": false, ""pressure"": false, ""retrigger"": false, ""fast_confirm"": false, ""fast_break"": false, ""h1_price_above_ema20"": false, ""h1_rsi_ge50"": false, ""near_20h_high_le4_5"": false, ""m15_near_prev_high6_ge_m0_2"": false}",-0.3095975232198067,-3.4055727554179516,-3.0959752321981338,-0.3095975232198067,-4.024767801857587,-3.4055727554179516,-0.3095975232198067,-4.024767801857587,-1.8575851393188736,-0.3095975232198067,-4.334365325077394,-2.786377708978327,,3.0,,3.0,0.0,0.0,1
f2e9f245550176edd9c9213b,2026-10-06T00:00:00+00:00,2026-10-06T00:47:01.247491+00:00,C09,CONFIRMED_REVERSAL,GUSDT,0.00473,BULL,BULL,"{""btc_ret_24h"": -0.8819253438113961, ""breadth_ret72_delta72"": 26.184538653366587, ""btc_h1_ema50_slope3"": 0.03843535155219069}","{""last_pivot_low_age_h"": 7.0, ""pivot1_low"": 0.00475, ""pivot2_low"": 0.00465, ""pivot_hours"": 12.0, ""multi_bull_div"": 0.0, ""h1_rsi"": 46.777852749174016, ""h1_dist_ema20"": -0.15759008365127114, ""dist_high_20h"": 1.6632016632016633}","{""available"": true, ""label"": ""V11_DIAGNOSTIC_PROXY"", ""quality"": 0.0, ""quality_ge72"": false, ""pressure"": false, ""retrigger"": false, ""fast_confirm"": false, ""fast_break"": false, ""h1_price_above_ema20"": false, ""h1_rsi_ge50"": false, ""near_20h_high_le4_5"": true, ""m15_near_prev_high6_ge_m0_2"": false}",0.21141649048626032,-1.6913319238900715,-1.2684989429175508,0.21141649048626032,-2.114164904862581,-1.0570824524312794,0.21141649048626032,-3.1712473572938715,-1.4799154334038,0.21141649048626032,-4.016913319238902,-3.1712473572938715,,4.0,,7.0,0.0,0.0,1
fe36cb6c7a3ac5594e78097f,2026-10-06T00:00:00+00:00,2026-10-06T00:47:01.668409+00:00,C09,CONFIRMED_REVERSAL,HBARUSDT,0.1017,BULL,BULL,"{""btc_ret_24h"": -0.8819253438113961, ""breadth_ret72_delta72"": 26.184538653366587, ""btc_h1_ema50_slope3"": 0.03843535155219069}","{""last_pivot_low_age_h"": 7.0, ""pivot1_low"": 0.10251, ""pivot2_low"": 0.10019, ""pivot_hours"": 12.0, ""multi_bull_div"": 0.0, ""h1_rsi"": 44.77460868161703, ""h1_dist_ema20"": -0.4969181136831424, ""dist_high_20h"": 2.6980482204362777}","{""available"": true, ""label"": ""V11_DIAGNOSTIC_PROXY"", ""quality"": 0.0, ""quality_ge72"": false, ""pressure"": false, ""retrigger"": false, ""fast_confirm"": false, ""fast_break"": false, ""h1_price_above_ema20"": false, ""h1_rsi_ge50"": false, ""near_20h_high_le4_5"": true, ""m15_near_prev_high6_ge_m0_2"": false}",0.3539823008849474,-1.1701081612585984,-0.7767944936086568,0.3539823008849474,-1.1701081612585984,-1.1504424778761124,0.3539823008849474,-1.779744346116019,-0.23598820058997605,0.3539823008849474,-2.2222222222222254,-1.996066863323509,,22.0,,,0.0,,1
db67893cd07e425e7f5f092e,2026-10-06T00:00:00+00:00,2026-10-06T00:47:02.084695+00:00,C09,CONFIRMED_REVERSAL,HEIUSDT,0.1371,BULL,BULL,"{""btc_ret_24h"": -0.8819253438113961, ""breadth_ret72_delta72"": 26.184538653366587, ""btc_h1_ema50_slope3"": 0.03843535155219069}","{""last_pivot_low_age_h"": 5.0, ""pivot1_low"": 0.1364, ""pivot2_low"": 0.1359, ""pivot_hours"": 4.0, ""multi_bull_div"": 0.0, ""h1_rsi"": 41.17793848587813, ""h1_dist_ema20"": -0.6036762242017102, ""dist_high_20h"": 2.9723991507431102}","{""available"": true, ""label"": ""V11_DIAGNOSTIC_PROXY"", ""quality"": 0.0, ""quality_ge72"": false, ""pressure"": false, ""retrigger"": false, ""fast_confirm"": true, ""fast_break"": false, ""h1_price_above_ema20"": false, ""h1_rsi_ge50"": false, ""near_20h_high_le4_5"": true, ""m15_near_prev_high6_ge_m0_2"": false}",0.07293946024797826,-1.0940919037199182,-0.9482129832239172,0.07293946024797826,-2.1152443471918247,-1.0211524434719288,0.729394602479938,-2.1152443471918247,-0.5835156819839482,0.729394602479938,-2.1152443471918247,-1.3858497447118978,,4.0,,,0.0,,1
2571cbfa0d41183d82dfbe51,2026-10-06T00:00:00+00:00,2026-10-06T00:47:02.495631+00:00,C09,CONFIRMED_REVERSAL,HEMIUSDT,0.00593,BULL,BULL,"{""btc_ret_24h"": -0.8819253438113961, ""breadth_ret72_delta72"": 26.184538653366587, ""btc_h1_ema50_slope3"": 0.03843535155219069}","{""last_pivot_low_age_h"": 7.0, ""pivot1_low"": 0.00582, ""pivot2_low"": 0.00582, ""pivot_hours"": 1.0, ""multi_bull_div"": 0.0, ""h1_rsi"": 47.62203435549697, ""h1_dist_ema20"": -0.11312069147695336, ""dist_high_20h"": 1.6583747927031434}","{""available"": true, ""label"": ""V11_DIAGNOSTIC_PROXY"", ""quality"": 0.0, ""quality_ge72"": false, ""pressure"": false, ""retrigger"": false, ""fast_confirm"": false, ""fast_break"": false, ""h1_price_above_ema20"": false, ""h1_rsi_ge50"": false, ""near_20h_high_le4_5"": true, ""m15_near_prev_high6_ge_m0_2"": false}",0.0,-1.5177065767285058,-1.180438448566623,0.0,-1.8549747048903997,-0.8431703204047292,0.1686340640809414,-1.8549747048903997,-0.1686340640809525,0.1686340640809414,-1.8549747048903997,-1.5177065767285058,,,,,,,1
74194ce0ed564be610c389fd,2026-10-06T00:00:00+00:00,2026-10-06T00:47:02.904865+00:00,C09,CONFIRMED_REVERSAL,HIVEUSDT,0.0579,BULL,BULL,"{""btc_ret_24h"": -0.8819253438113961, ""breadth_ret72_delta72"": 26.184538653366587, ""btc_h1_ema50_slope3"": 0.03843535155219069}","{""last_pivot_low_age_h"": 6.0, ""pivot1_low"": 0.0568, ""pivot2_low"": 0.0568, ""pivot_hours"": 1.0, ""multi_bull_div"": 0.0, ""h1_rsi"": 61.55374288747858, ""h1_dist_ema20"": 0.7310318443931596, ""dist_high_20h"": 0.344234079173833}","{""available"": true, ""label"": ""V11_DIAGNOSTIC_PROXY"", ""quality"": 0.0, ""quality_ge72"": false, ""pressure"": false, ""retrigger"": false, ""fast_confirm"": false, ""fast_break"": false, ""h1_price_above_ema20"": true, ""h1_rsi_ge50"": true, ""near_20h_high_le4_5"": true, ""m15_near_prev_high6_ge_m0_2"": false}",3.2815198618307395,-0.3454231433505983,-0.3454231433505983,3.2815198618307395,-1.0362694300518172,0.8635578583765069,3.2815198618307395,-1.0362694300518172,0.3454231433505983,3.2815198618307395,-1.2089810017271163,-0.5181347150259086,1.0,,,,1.0,,1
ff6f4464f9929a24c69d0c27,2026-10-06T00:00:00+00:00,2026-10-06T00:47:03.315632+00:00,C09,CONFIRMED_REVERSAL,HMSTRUSDT,0.0001718,BULL,BULL,"{""btc_ret_24h"": -0.8819253438113961, ""breadth_ret72_delta72"": 26.184538653366587, ""btc_h1_ema50_slope3"": 0.03843535155219069}","{""last_pivot_low_age_h"": 6.0, ""pivot1_low"": 0.0001718, ""pivot2_low"": 0.0001694, ""pivot_hours"": 8.0, ""multi_bull_div"": 0.0, ""h1_rsi"": 49.301758339379525, ""h1_dist_ema20"": -0.038663154657769816, ""dist_high_20h"": 1.2643678160919491}","{""available"": true, ""label"": ""V11_DIAGNOSTIC_PROXY"", ""quality"": 0.0, ""quality_ge72"": false, ""pressure"": false, ""retrigger"": false, ""fast_confirm"": false, ""fast_break"": false, ""h1_price_above_ema20"": false, ""h1_rsi_ge50"": false, ""near_20h_high_le4_5"": true, ""m15_near_prev_high6_ge_m0_2"": false}",0.465657741559955,-1.3387660069848706,-1.1641443538998764,0.465657741559955,-2.037252619324803,-0.9895227008149043,0.5238649592549383,-2.037252619324803,0.29103608847496076,0.5238649592549383,-2.037252619324803,-0.7566938300349269,,4.0,,,0.0,,1
232136d0018c0e48f0bfcf2c,2026-10-06T00:00:00+00:00,2026-10-06T00:47:03.725293+00:00,C09,CONFIRMED_REVERSAL,HOLOUSDT,0.0664,BULL,BULL,"{""btc_ret_24h"": -0.8819253438113961, ""breadth_ret72_delta72"": 26.184538653366587, ""btc_h1_ema50_slope3"": 0.03843535155219069}","{""last_pivot_low_age_h"": 6.0, ""pivot1_low"": 0.0658, ""pivot2_low"": 0.0643, ""pivot_hours"": 7.0, ""multi_bull_div"": 0.0, ""h1_rsi"": 57.53185111536387, ""h1_dist_ema20"": 0.9781124577263656, ""dist_high_20h"": 0.5988023952095745}","{""available"": true, ""label"": ""V11_DIAGNOSTIC_PROXY"", ""quality"": 0.0, ""quality_ge72"": false, ""pressure"": false, ""retrigger"": false, ""fast_confirm"": false, ""fast_break"": false, ""h1_price_above_ema20"": true, ""h1_rsi_ge50"": true, ""near_20h_high_le4_5"": true, ""m15_near_prev_high6_ge_m0_2"": false}",0.3012048192771122,-2.259036144578319,-2.108433734939752,0.3012048192771122,-2.8614457831325324,-1.3554216867469826,0.9036144578313365,-2.8614457831325324,0.3012048192771122,0.9036144578313365,-2.8614457831325324,-1.6566265060241059,,3.0,,,0.0,,1
f1ddd841b0aa3f7184caac8d,2026-10-06T00:00:00+00:00,2026-10-06T00:47:04.144536+00:00,C09,CONFIRMED_REVERSAL,HOMEUSDT,0.00573,BULL,BULL,"{""btc_ret_24h"": -0.8819253438113961, ""breadth_ret72_delta72"": 26.184538653366587, ""btc_h1_ema50_slope3"": 0.03843535155219069}","{""last_pivot_low_age_h"": 7.0, ""pivot1_low"": 0.00566, ""pivot2_low"": 0.00558, ""pivot_hours"": 7.0, ""multi_bull_div"": 0.0, ""h1_rsi"": 55.371375559416634, ""h1_dist_ema20"": 0.710833034557945, ""dist_high_20h"": 1.7152658662092701}","{""available"": true, ""label"": ""V11_DIAGNOSTIC_PROXY"", ""quality"": 0.0, ""quality_ge72"": false, ""pressure"": false, ""retrigger"": false, ""fast_confirm"": false, ""fast_break"": false, ""h1_price_above_ema20"": true, ""h1_rsi_ge50"": true, ""near_20h_high_le4_5"": true, ""m15_near_prev_high6_ge_m0_2"": false}",0.698080279232105,-2.094240837696326,-1.9197207678883,0.698080279232105,-2.2687609075043635,-0.17452006980802626,5.933682373472959,-2.2687609075043635,2.2687609075043635,5.933682373472959,-2.2687609075043635,2.9668411867364686,11.0,3.0,11.0,,0.0,1.0,1
fbdc5ada675471a6227dcde6,2026-10-06T00:00:00+00:00,2026-10-06T00:47:04.719789+00:00,C09,CONFIRMED_REVERSAL,HYPERUSDT,0.0726,BULL,BULL,"{""btc_ret_24h"": -0.8819253438113961, ""breadth_ret72_delta72"": 26.184538653366587, ""btc_h1_ema50_slope3"": 0.03843535155219069}","{""last_pivot_low_age_h"": 6.0, ""pivot1_low"": 0.0713, ""pivot2_low"": 0.0713, ""pivot_hours"": 1.0, ""multi_bull_div"": 0.0, ""h1_rsi"": 55.229300363596316, ""h1_dist_ema20"": 0.44185447163480607, ""dist_high_20h"": 1.4925373134328401}","{""available"": true, ""label"": ""V11_DIAGNOSTIC_PROXY"", ""quality"": 0.0, ""quality_ge72"": false, ""pressure"": false, ""retrigger"": false, ""fast_confirm"": false, ""fast_break"": false, ""h1_price_above_ema20"": true, ""h1_rsi_ge50"": true, ""near_20h_high_le4_5"": true, ""m15_near_prev_high6_ge_m0_2"": false}",0.8264462809917328,-1.6528925619834656,-1.377410468319562,0.8264462809917328,-1.9283746556473802,-0.8264462809917439,0.8264462809917328,-1.9283746556473802,0.4132231404958775,0.8264462809917328,-1.9283746556473802,-0.8264462809917439,,,,,,,1
640674753d00055688a9096f,2026-10-06T00:00:00+00:00,2026-10-06T00:47:09.663948+00:00,C09,CONFIRMED_REVERSAL,IDUSDT,0.0382,BULL,BULL,"{""btc_ret_24h"": -0.8819253438113961, ""breadth_ret72_delta72"": 26.184538653366587, ""btc_h1_ema50_slope3"": 0.03843535155219069}","{""last_pivot_low_age_h"": 7.0, ""pivot1_low"": 0.0368, ""pivot2_low"": 0.0368, ""pivot_hours"": 1.0, ""multi_bull_div"": 0.0, ""h1_rsi"": 66.90857237101737, ""h1_dist_ema20"": 1.8677658348899229, ""dist_high_20h"": 0.5208333333333259}","{""available"": true, ""label"": ""V11_DIAGNOSTIC_PROXY"", ""quality"": 0.0, ""quality_ge72"": false, ""pressure"": false, ""retrigger"": false, ""fast_confirm"": false, ""fast_break"": false, ""h1_price_above_ema20"": true, ""h1_rsi_ge50"": true, ""near_20h_high_le4_5"": true, ""m15_near_prev_high6_ge_m0_2"": false}",0.5235602094240788,-1.308900523560208,-1.308900523560208,0.5235602094240788,-2.3560209424083767,-1.0471204188481575,3.141361256544495,-2.3560209424083767,2.0942408376963373,3.141361256544495,-2.3560209424083767,2.0942408376963373,12.0,4.0,,,0.0,,1
e80e7bf12391186d93d43fbb,2026-10-06T00:00:00+00:00,2026-10-06T00:47:05.129199+00:00,C09,CONFIRMED_REVERSAL,ILVUSDT,4.1,BULL,BULL,"{""btc_ret_24h"": -0.8819253438113961, ""breadth_ret72_delta72"": 26.184538653366587, ""btc_h1_ema50_slope3"": 0.03843535155219069}","{""last_pivot_low_age_h"": 7.0, ""pivot1_low"": 3.99, ""pivot2_low"": 3.99, ""pivot_hours"": 1.0, ""multi_bull_div"": 0.0, ""h1_rsi"": 52.18959891878145, ""h1_dist_ema20"": 0.36009162959396157, ""dist_high_20h"": 1.4423076923077094}","{""available"": true, ""label"": ""V11_DIAGNOSTIC_PROXY"", ""quality"": 0.0, ""quality_ge72"": false, ""pressure"": false, ""retrigger"": false, ""fast_confirm"": false, ""fast_break"": false, ""h1_price_above_ema20"": true, ""h1_rsi_ge50"": true, ""near_20h_high_le4_5"": true, ""m15_near_prev_high6_ge_m0_2"": false}",0.7317073170731714,-2.195121951219514,-2.195121951219514,0.7317073170731714,-2.195121951219514,-0.24390243902439046,3.658536585365857,-2.195121951219514,1.9512195121951237,3.658536585365857,-2.195121951219514,0.24390243902441266,9.0,3.0,,,0.0,,1
aff9434d09498e478fc0fc2e,2026-10-06T00:00:00+00:00,2026-10-06T00:47:05.544140+00:00,C09,CONFIRMED_REVERSAL,IMXUSDT,0.1878,BULL,BULL,"{""btc_ret_24h"": -0.8819253438113961, ""breadth_ret72_delta72"": 26.184538653366587, ""btc_h1_ema50_slope3"": 0.03843535155219069}","{""last_pivot_low_age_h"": 8.0, ""pivot1_low"": 0.1797, ""pivot2_low"": 0.1793, ""pivot_hours"": 11.0, ""multi_bull_div"": 1.0, ""h1_rsi"": 61.07391262668574, ""h1_dist_ema20"": 1.7435443516027105, ""dist_high_20h"": 0.582318687136063}","{""available"": true, ""label"": ""V11_DIAGNOSTIC_PROXY"", ""quality"": 0.0, ""quality_ge72"": false, ""pressure"": false, ""retrigger"": false, ""fast_confirm"": false, ""fast_break"": true, ""h1_price_above_ema20"": true, ""h1_rsi_ge50"": true, ""near_20h_high_le4_5"": true, ""m15_near_prev_high6_ge_m0_2"": true}",0.42598509052182987,-3.83386581469648,-3.6741214057507965,0.42598509052182987,-3.940362087326943,-2.396166134185307,0.42598509052182987,-3.940362087326943,-1.757188498402551,2.1299254526091715,-3.940362087326943,1.7039403620873417,,1.0,,2.0,0.0,0.0,1
e31d959c854985a0eb2d67f0,2026-10-06T00:00:00+00:00,2026-10-06T00:47:05.957551+00:00,C09,CONFIRMED_REVERSAL,INITUSDT,0.11869,BULL,BULL,"{""btc_ret_24h"": -0.8819253438113961, ""breadth_ret72_delta72"": 26.184538653366587, ""btc_h1_ema50_slope3"": 0.03843535155219069}","{""last_pivot_low_age_h"": 7.0, ""pivot1_low"": 0.11141, ""pivot2_low"": 0.11146, ""pivot_hours"": 3.0, ""multi_bull_div"": 0.0, ""h1_rsi"": 60.18296967598391, ""h1_dist_ema20"": 2.3882522351720947, ""dist_high_20h"": 2.7768676277850513}","{""available"": true, ""label"": ""V11_DIAGNOSTIC_PROXY"", ""quality"": 76.0, ""quality_ge72"": true, ""pressure"": true, ""retrigger"": false, ""fast_confirm"": false, ""fast_break"": false, ""h1_price_above_ema20"": true, ""h1_rsi_ge50"": true, ""near_20h_high_le4_5"": true, ""m15_near_prev_high6_ge_m0_2"": false}",0.5981969837391521,-2.274833600134807,-1.7777403319572005,0.5981969837391521,-2.4433397927373868,-0.5560704355885182,2.5528688179290437,-2.4433397927373868,1.0615890133962358,2.5528688179290437,-5.105737635858121,-5.02148453955683,,3.0,,20.0,0.0,0.0,1
3ee776512d388f77f96cecdb,2026-10-06T00:00:00+00:00,2026-10-06T00:47:06.371253+00:00,C09,CONFIRMED_REVERSAL,INJUSDT,7.681,BULL,BULL,"{""btc_ret_24h"": -0.8819253438113961, ""breadth_ret72_delta72"": 26.184538653366587, ""btc_h1_ema50_slope3"": 0.03843535155219069}","{""last_pivot_low_age_h"": 9.0, ""pivot1_low"": 7.495, ""pivot2_low"": 7.427, ""pivot_hours"": 4.0, ""multi_bull_div"": 0.0, ""h1_rsi"": 59.02400828053587, ""h1_dist_ema20"": 1.0708451026500976, ""dist_high_20h"": 0.8903225806451642}","{""available"": true, ""label"": ""V11_DIAGNOSTIC_PROXY"", ""quality"": 0.0, ""quality_ge72"": false, ""pressure"": false, ""retrigger"": false, ""fast_confirm"": false, ""fast_break"": false, ""h1_price_above_ema20"": true, ""h1_rsi_ge50"": true, ""near_20h_high_le4_5"": true, ""m15_near_prev_high6_ge_m0_2"": false}",0.42963155839084166,-2.070042963155838,-1.822679338627775,0.42963155839084166,-2.1351386538211115,-1.5492774378336072,1.4972008853013863,-2.3304257258169536,1.0415310506444397,8.39734409582087,-2.3304257258169536,5.62426767348001,14.0,3.0,21.0,,0.0,1.0,1
cb621703f98acc06b8c9160c,2026-10-06T00:00:00+00:00,2026-10-06T00:47:06.781971+00:00,C09,CONFIRMED_REVERSAL,IOSTUSDT,0.000873,BULL,BULL,"{""btc_ret_24h"": -0.8819253438113961, ""breadth_ret72_delta72"": 26.184538653366587, ""btc_h1_ema50_slope3"": 0.03843535155219069}","{""last_pivot_low_age_h"": 7.0, ""pivot1_low"": 0.00085, ""pivot2_low"": 0.000848, ""pivot_hours"": 6.0, ""multi_bull_div"": 1.0, ""h1_rsi"": 66.41478754585629, ""h1_dist_ema20"": 1.4135030919946168, ""dist_high_20h"": 0.6825938566552892}","{""available"": true, ""label"": ""V11_DIAGNOSTIC_PROXY"", ""quality"": 0.0, ""quality_ge72"": false, ""pressure"": false, ""retrigger"": false, ""fast_confirm"": false, ""fast_break"": false, ""h1_price_above_ema20"": true, ""h1_rsi_ge50"": true, ""near_20h_high_le4_5"": true, ""m15_near_prev_high6_ge_m0_2"": false}",0.572737686139746,-2.86368843069873,-2.7491408934707806,0.572737686139746,-3.0927835051546393,-2.86368843069873,0.572737686139746,-3.2073310423825774,-1.4891179839633395,0.572737686139746,-3.436426116838487,-1.3745704467353903,,3.0,,4.0,0.0,0.0,1
a24c70db447e46798ac8ed2f,2026-10-06T00:00:00+00:00,2026-10-06T00:47:07.195120+00:00,C09,CONFIRMED_REVERSAL,IOTXUSDT,0.00367,BULL,BULL,"{""btc_ret_24h"": -0.8819253438113961, ""breadth_ret72_delta72"": 26.184538653366587, ""btc_h1_ema50_slope3"": 0.03843535155219069}","{""last_pivot_low_age_h"": 7.0, ""pivot1_low"": 0.003636, ""pivot2_low"": 0.003551, ""pivot_hours"": 7.0, ""multi_bull_div"": 0.0, ""h1_rsi"": 59.154286437257774, ""h1_dist_ema20"": 0.9645596233294862, ""dist_high_20h"": 0.2175095160413254}","{""available"": true, ""label"": ""V11_DIAGNOSTIC_PROXY"", ""quality"": 0.0, ""quality_ge72"": false, ""pressure"": false, ""retrigger"": false, ""fast_confirm"": true, ""fast_break"": false, ""h1_price_above_ema20"": true, ""h1_rsi_ge50"": true, ""near_20h_high_le4_5"": true, ""m15_near_prev_high6_ge_m0_2"": false}",0.5449591280654031,-2.915531335149857,-2.833787465940052,0.5449591280654031,-3.4332425068119954,-1.0899182561307952,6.702997275204359,-3.4332425068119954,2.6430517711171664,8.855585831062672,-3.4332425068119954,6.321525885558588,8.0,2.0,8.0,4.0,0.0,0.0,1
9ca4a2f11120ad2933c701c6,2026-10-06T00:00:00+00:00,2026-10-06T00:47:07.608645+00:00,C09,CONFIRMED_REVERSAL,IOUSDT,0.1721,BULL,BULL,"{""btc_ret_24h"": -0.8819253438113961, ""breadth_ret72_delta72"": 26.184538653366587, ""btc_h1_ema50_slope3"": 0.03843535155219069}","{""last_pivot_low_age_h"": 6.0, ""pivot1_low"": 0.1687, ""pivot2_low"": 0.1675, ""pivot_hours"": 13.0, ""multi_bull_div"": 2.0, ""h1_rsi"": 51.205337525653746, ""h1_dist_ema20"": 0.1516138392658517, ""dist_high_20h"": 1.6009148084619729}","{""available"": true, ""label"": ""V11_DIAGNOSTIC_PROXY"", ""quality"": 0.0, ""quality_ge72"": false, ""pressure"": false, ""retrigger"": false, ""fast_confirm"": true, ""fast_break"": false, ""h1_price_above_ema20"": true, ""h1_rsi_ge50"": true, ""near_20h_high_le4_5"": true, ""m15_near_prev_high6_ge_m0_2"": false}",0.34863451481697005,-3.1958163858222033,-3.0214991284137183,0.34863451481697005,-3.1958163858222033,-2.5566531086577693,1.104009296920383,-3.1958163858222033,0.6391632771644229,2.382335851249273,-3.1958163858222033,0.34863451481697005,,3.0,,3.0,0.0,0.0,1
8e4cb4da3e4baae3cf8b4dce,2026-10-06T00:00:00+00:00,2026-10-06T00:47:08.019439+00:00,C09,CONFIRMED_REVERSAL,IQUSDT,0.000904,BULL,BULL,"{""btc_ret_24h"": -0.8819253438113961, ""breadth_ret72_delta72"": 26.184538653366587, ""btc_h1_ema50_slope3"": 0.03843535155219069}","{""last_pivot_low_age_h"": 6.0, ""pivot1_low"": 0.000898, ""pivot2_low"": 0.000898, ""pivot_hours"": 1.0, ""multi_bull_div"": 0.0, ""h1_rsi"": 48.08057384681796, ""h1_dist_ema20"": -0.1349577399630597, ""dist_high_20h"": 0.7683863885839859}","{""available"": true, ""label"": ""V11_DIAGNOSTIC_PROXY"", ""quality"": 0.0, ""quality_ge72"": false, ""pressure"": false, ""retrigger"": false, ""fast_confirm"": false, ""fast_break"": false, ""h1_price_above_ema20"": false, ""h1_rsi_ge50"": false, ""near_20h_high_le4_5"": true, ""m15_near_prev_high6_ge_m0_2"": false}",0.22123893805310324,-1.6592920353982188,-1.5486725663716783,0.22123893805310324,-2.101769911504414,-0.553097345132747,0.22123893805310324,-2.212389380530966,-0.8849557522123908,0.22123893805310324,-3.539823008849552,-3.539823008849552,,5.0,,23.0,0.0,0.0,1
d333c4be009fe1d68c4615af,2026-10-06T00:00:00+00:00,2026-10-06T00:47:08.432409+00:00,C09,CONFIRMED_REVERSAL,JASMYUSDT,0.00532,BULL,BULL,"{""btc_ret_24h"": -0.8819253438113961, ""breadth_ret72_delta72"": 26.184538653366587, ""btc_h1_ema50_slope3"": 0.03843535155219069}","{""last_pivot_low_age_h"": 8.0, ""pivot1_low"": 0.00533, ""pivot2_low"": 0.00518, ""pivot_hours"": 11.0, ""multi_bull_div"": 0.0, ""h1_rsi"": 47.620913527522575, ""h1_dist_ema20"": -0.14086187511752613, ""dist_high_20h"": 3.2727272727272605}","{""available"": true, ""label"": ""V11_DIAGNOSTIC_PROXY"", ""quality"": 0.0, ""quality_ge72"": false, ""pressure"": false, ""retrigger"": false, ""fast_confirm"": false, ""fast_break"": false, ""h1_price_above_ema20"": false, ""h1_rsi_ge50"": false, ""near_20h_high_le4_5"": true, ""m15_near_prev_high6_ge_m0_2"": false}",-0.187969924812037,-2.6315789473684292,-2.4436090225563922,-0.187969924812037,-3.383458646616555,-2.4436090225563922,-0.187969924812037,-3.383458646616555,-0.187969924812037,0.1879699248120259,-3.57142857142857,-3.195488721804507,,3.0,,4.0,0.0,0.0,1
88dd6010cc9cdee2f376091e,2026-10-06T00:00:00+00:00,2026-10-06T00:47:08.842519+00:00,C09,CONFIRMED_REVERSAL,JOEUSDT,0.0415,BULL,BULL,"{""btc_ret_24h"": -0.8819253438113961, ""breadth_ret72_delta72"": 26.184538653366587, ""btc_h1_ema50_slope3"": 0.03843535155219069}","{""last_pivot_low_age_h"": 6.0, ""pivot1_low"": 0.0404, ""pivot2_low"": 0.0405, ""pivot_hours"": 3.0, ""multi_bull_div"": 0.0, ""h1_rsi"": 60.969626420047334, ""h1_dist_ema20"": 1.1445886411906248, ""dist_high_20h"": 1.6587677725118488}","{""available"": true, ""label"": ""V11_DIAGNOSTIC_PROXY"", ""quality"": 0.0, ""quality_ge72"": false, ""pressure"": false, ""retrigger"": false, ""fast_confirm"": false, ""fast_break"": false, ""h1_price_above_ema20"": true, ""h1_rsi_ge50"": true, ""near_20h_high_le4_5"": true, ""m15_near_prev_high6_ge_m0_2"": false}",0.24096385542167198,-1.927710843373498,-1.6867469879518038,0.9638554216867323,-2.168674698795192,0.24096385542167198,0.9638554216867323,-2.168674698795192,-0.24096385542169418,1.4457831325301207,-2.168674698795192,-0.7228915662650603,,4.0,,,0.0,,1
49796ac894d502b0c858c690,2026-10-06T00:00:00+00:00,2026-10-06T00:47:09.254074+00:00,C09,CONFIRMED_REVERSAL,JTOUSDT,0.583,BULL,BULL,"{""btc_ret_24h"": -0.8819253438113961, ""breadth_ret72_delta72"": 26.184538653366587, ""btc_h1_ema50_slope3"": 0.03843535155219069}","{""last_pivot_low_age_h"": 6.0, ""pivot1_low"": 0.5582, ""pivot2_low"": 0.5576, ""pivot_hours"": 13.0, ""multi_bull_div"": 1.0, ""h1_rsi"": 60.251131372357875, ""h1_dist_ema20"": 1.645888126876982, ""dist_high_20h"": 1.3369436452868588}","{""available"": true, ""label"": ""V11_DIAGNOSTIC_PROXY"", ""quality"": 0.0, ""quality_ge72"": false, ""pressure"": false, ""retrigger"": false, ""fast_confirm"": false, ""fast_break"": false, ""h1_price_above_ema20"": true, ""h1_rsi_ge50"": true, ""near_20h_high_le4_5"": true, ""m15_near_prev_high6_ge_m0_2"": false}",0.06861063464838058,-3.0360205831903797,-1.7324185248713597,0.06861063464838058,-3.3276157804459694,-3.0531732418524693,0.06861063464838058,-4.030874785591765,-1.3893653516295013,1.8867924528301883,-6.963979416809596,-6.41509433962264,,2.0,,3.0,0.0,0.0,1
3ed8d84095992fa39d08d0f6,2026-10-06T00:00:00+00:00,2026-10-06T00:47:10.076620+00:00,C09,CONFIRMED_REVERSAL,KAITOUSDT,0.3463,BULL,BULL,"{""btc_ret_24h"": -0.8819253438113961, ""breadth_ret72_delta72"": 26.184538653366587, ""btc_h1_ema50_slope3"": 0.03843535155219069}","{""last_pivot_low_age_h"": 6.0, ""pivot1_low"": 0.339, ""pivot2_low"": 0.3394, ""pivot_hours"": 3.0, ""multi_bull_div"": 0.0, ""h1_rsi"": 50.28517267479397, ""h1_dist_ema20"": 0.03414625714230901, ""dist_high_20h"": 1.8145732917493662}","{""available"": true, ""label"": ""V11_DIAGNOSTIC_PROXY"", ""quality"": 0.0, ""quality_ge72"": false, ""pressure"": false, ""retrigger"": false, ""fast_confirm"": false, ""fast_break"": false, ""h1_price_above_ema20"": true, ""h1_rsi_ge50"": true, ""near_20h_high_le4_5"": true, ""m15_near_prev_high6_ge_m0_2"": false}",0.3465203580710341,-2.945423043603812,-2.7432861680623755,0.3465203580710341,-3.4363268842044548,-2.3967658099913303,0.3465203580710341,-3.4363268842044548,-1.7037250938492732,0.3465203580710341,-3.956107421310995,-3.5807103667340523,,2.0,,4.0,0.0,0.0,1
8693e036c570d574d180b285,2026-10-06T00:00:00+00:00,2026-10-06T00:47:10.479742+00:00,C09,CONFIRMED_REVERSAL,KATUSDT,0.00484,BULL,BULL,"{""btc_ret_24h"": -0.8819253438113961, ""breadth_ret72_delta72"": 26.184538653366587, ""btc_h1_ema50_slope3"": 0.03843535155219069}","{""last_pivot_low_age_h"": 7.0, ""pivot1_low"": 0.00483, ""pivot2_low"": 0.00472, ""pivot_hours"": 7.0, ""multi_bull_div"": 0.0, ""h1_rsi"": 53.39119481658358, ""h1_dist_ema20"": 0.33004672558996084, ""dist_high_20h"": 1.224489795918371}","{""available"": true, ""label"": ""V11_DIAGNOSTIC_PROXY"", ""quality"": 0.0, ""quality_ge72"": false, ""pressure"": false, ""retrigger"": false, ""fast_confirm"": false, ""fast_break"": false, ""h1_price_above_ema20"": true, ""h1_rsi_ge50"": true, ""near_20h_high_le4_5"": true, ""m15_near_prev_high6_ge_m0_2"": false}",0.20661157024794985,-2.685950413223137,-2.685950413223137,0.20661157024794985,-3.0991735537190035,-2.4793388429751984,0.6198347107438051,-3.0991735537190035,-0.4132231404958664,0.6198347107438051,-3.0991735537190035,-2.2727272727272707,,3.0,,4.0,0.0,0.0,1
51e68a12eedc46f8919b39f3,2026-10-06T00:00:00+00:00,2026-10-06T00:47:10.890388+00:00,C09,CONFIRMED_REVERSAL,KERNELUSDT,0.0545,BULL,BULL,"{""btc_ret_24h"": -0.8819253438113961, ""breadth_ret72_delta72"": 26.184538653366587, ""btc_h1_ema50_slope3"": 0.03843535155219069}","{""last_pivot_low_age_h"": 6.0, ""pivot1_low"": 0.0537, ""pivot2_low"": 0.0537, ""pivot_hours"": 1.0, ""multi_bull_div"": 0.0, ""h1_rsi"": 50.753835511170266, ""h1_dist_ema20"": 0.09221664244449812, ""dist_high_20h"": 1.26811594202898}","{""available"": true, ""label"": ""V11_DIAGNOSTIC_PROXY"", ""quality"": 0.0, ""quality_ge72"": false, ""pressure"": false, ""retrigger"": false, ""fast_confirm"": false, ""fast_break"": false, ""h1_price_above_ema20"": true, ""h1_rsi_ge50"": true, ""near_20h_high_le4_5"": true, ""m15_near_prev_high6_ge_m0_2"": false}",2.752293577981657,-2.0183486238532056,-2.0183486238532056,2.752293577981657,-2.5688073394495414,-1.1009174311926495,2.752293577981657,-2.5688073394495414,-0.7339449541284404,2.752293577981657,-2.5688073394495414,-0.9174311926605561,,3.0,,,0.0,,1
bb6ff65d3c3b9bfd6265cc80,2026-10-06T00:00:00+00:00,2026-10-06T00:47:11.293144+00:00,C09,CONFIRMED_REVERSAL,KGSTUSDT,0.011371,BULL,BULL,"{""btc_ret_24h"": -0.8819253438113961, ""breadth_ret72_delta72"": 26.184538653366587, ""btc_h1_ema50_slope3"": 0.03843535155219069}","{""last_pivot_low_age_h"": 9.0, ""pivot1_low"": 0.011303, ""pivot2_low"": 0.011303, ""pivot_hours"": 1.0, ""multi_bull_div"": 0.0, ""h1_rsi"": 58.25138732181413, ""h1_dist_ema20"": 0.3178153497573888, ""dist_high_20h"": 1.0356832027850427}","{""available"": true, ""label"": ""V11_DIAGNOSTIC_PROXY"", ""quality"": 0.0, ""quality_ge72"": false, ""pressure"": false, ""retrigger"": false, ""fast_confirm"": true, ""fast_break"": true, ""h1_price_above_ema20"": true, ""h1_rsi_ge50"": true, ""near_20h_high_le4_5"": true, ""m15_near_prev_high6_ge_m0_2"": true}",0.430920763345366,-0.5276580775657291,0.16709172456250698,0.430920763345366,-0.5276580775657291,0.07035441034211054,0.430920763345366,-0.5276580775657291,-0.3957435581742996,0.430920763345366,-1.5038255210623408,-0.7475156098847968,,,,,,,1
3b441afd2a5f5ea9d4dc3a47,2026-10-06T00:00:00+00:00,2026-10-06T00:47:11.699609+00:00,C09,CONFIRMED_REVERSAL,KITEUSDT,0.141,BULL,BULL,"{""btc_ret_24h"": -0.8819253438113961, ""breadth_ret72_delta72"": 26.184538653366587, ""btc_h1_ema50_slope3"": 0.03843535155219069}","{""last_pivot_low_age_h"": 6.0, ""pivot1_low"": 0.1381, ""pivot2_low"": 0.138, ""pivot_hours"": 3.0, ""multi_bull_div"": 2.0, ""h1_rsi"": 40.80478050803645, ""h1_dist_ema20"": -0.8107430616591915, ""dist_high_20h"": 3.0261348005502176}","{""available"": true, ""label"": ""V11_DIAGNOSTIC_PROXY"", ""quality"": 0.0, ""quality_ge72"": false, ""pressure"": false, ""retrigger"": false, ""fast_confirm"": false, ""fast_break"": false, ""h1_price_above_ema20"": false, ""h1_rsi_ge50"": false, ""near_20h_high_le4_5"": true, ""m15_near_prev_high6_ge_m0_2"": false}",0.14184397163121698,-1.134751773049636,-0.8510638297872242,0.14184397163121698,-1.9858156028368823,-1.9858156028368823,0.7801418439716379,-2.6950354609929117,-0.42553191489360653,1.8439716312056875,-2.6950354609929117,0.35460992907800915,,7.0,,,0.0,,1
db56f65e2b0a458840d4c312,2026-10-06T00:00:00+00:00,2026-10-06T00:47:12.108638+00:00,C09,CONFIRMED_REVERSAL,KMNOUSDT,0.041,BULL,BULL,"{""btc_ret_24h"": -0.8819253438113961, ""breadth_ret72_delta72"": 26.184538653366587, ""btc_h1_ema50_slope3"": 0.03843535155219069}","{""last_pivot_low_age_h"": 6.0, ""pivot1_low"": 0.0394, ""pivot2_low"": 0.03993, ""pivot_hours"": 4.0, ""multi_bull_div"": 0.0, ""h1_rsi"": 57.86060900704864, ""h1_dist_ema20"": 1.197957537183858, ""dist_high_20h"": 2.287893231649174}","{""available"": true, ""label"": ""V11_DIAGNOSTIC_PROXY"", ""quality"": 0.0, ""quality_ge72"": false, ""pressure"": false, ""retrigger"": false, ""fast_confirm"": false, ""fast_break"": false, ""h1_price_above_ema20"": true, ""h1_rsi_ge50"": true, ""near_20h_high_le4_5"": true, ""m15_near_prev_high6_ge_m0_2"": false}",0.07317073170729493,-1.8048780487805005,-1.024390243902451,0.07317073170729493,-2.2926829268292814,-2.1951219512195252,0.07317073170729493,-3.073170731707331,-2.3170731707317094,0.07317073170729493,-5.317073170731712,-4.731707317073186,,4.0,,10.0,0.0,0.0,1
9f03d2e4cc7962c0f990fdfa,2026-10-06T00:00:00+00:00,2026-10-06T00:47:12.518584+00:00,C09,CONFIRMED_REVERSAL,KNCUSDT,0.1438,BULL,BULL,"{""btc_ret_24h"": -0.8819253438113961, ""breadth_ret72_delta72"": 26.184538653366587, ""btc_h1_ema50_slope3"": 0.03843535155219069}","{""last_pivot_low_age_h"": 7.0, ""pivot1_low"": 0.141, ""pivot2_low"": 0.1404, ""pivot_hours"": 5.0, ""multi_bull_div"": 0.0, ""h1_rsi"": 59.411758843162, ""h1_dist_ema20"": 0.778148760421149, ""dist_high_20h"": 0.5532503457814641}","{""available"": true, ""label"": ""V11_DIAGNOSTIC_PROXY"", ""quality"": 0.0, ""quality_ge72"": false, ""pressure"": false, ""retrigger"": false, ""fast_confirm"": false, ""fast_break"": false, ""h1_price_above_ema20"": true, ""h1_rsi_ge50"": true, ""near_20h_high_le4_5"": true, ""m15_near_prev_high6_ge_m0_2"": false}",0.48678720445061163,-1.5299026425591111,-1.4603616133518904,0.48678720445061163,-1.9471488178025242,-0.48678720445063384,2.9902642559109793,-1.9471488178025242,2.712100139082052,3.3379694019471495,-1.9471488178025242,3.2684283727399066,24.0,,,,1.0,,1
7f182cdb9ed603a0a1a8280a,2026-10-06T00:00:00+00:00,2026-10-06T00:47:12.927739+00:00,C09,CONFIRMED_REVERSAL,KSMUSDT,5.24,BULL,BULL,"{""btc_ret_24h"": -0.8819253438113961, ""breadth_ret72_delta72"": 26.184538653366587, ""btc_h1_ema50_slope3"": 0.03843535155219069}","{""last_pivot_low_age_h"": 8.0, ""pivot1_low"": 5.13, ""pivot2_low"": 5.05, ""pivot_hours"": 11.0, ""multi_bull_div"": 0.0, ""h1_rsi"": 58.39971863835899, ""h1_dist_ema20"": 1.0747573009829647, ""dist_high_20h"": 0.9451795841209809}","{""available"": true, ""label"": ""V11_DIAGNOSTIC_PROXY"", ""quality"": 0.0, ""quality_ge72"": false, ""pressure"": false, ""retrigger"": false, ""fast_confirm"": false, ""fast_break"": false, ""h1_price_above_ema20"": true, ""h1_rsi_ge50"": true, ""near_20h_high_le4_5"": true, ""m15_near_prev_high6_ge_m0_2"": false}",0.190839694656475,-2.862595419847336,-2.862595419847336,0.190839694656475,-3.6259541984732913,-2.2900763358778664,0.190839694656475,-4.007633587786263,-1.717557251908397,0.190839694656475,-6.679389312977113,-4.961832061068694,,3.0,,4.0,0.0,0.0,1
4c7f556cf21d70bbd3b8d0a9,2026-10-06T00:00:00+00:00,2026-10-06T00:47:13.338545+00:00,C09,CONFIRMED_REVERSAL,LAUSDT,0.0704,BULL,BULL,"{""btc_ret_24h"": -0.8819253438113961, ""breadth_ret72_delta72"": 26.184538653366587, ""btc_h1_ema50_slope3"": 0.03843535155219069}","{""last_pivot_low_age_h"": 6.0, ""pivot1_low"": 0.0692, ""pivot2_low"": 0.0696, ""pivot_hours"": 3.0, ""multi_bull_div"": 0.0, ""h1_rsi"": 56.06386310753955, ""h1_dist_ema20"": 0.36357190143470053, ""dist_high_20h"": 2.3578363384188505}","{""available"": true, ""label"": ""V11_DIAGNOSTIC_PROXY"", ""quality"": 0.0, ""quality_ge72"": false, ""pressure"": false, ""retrigger"": false, ""fast_confirm"": false, ""fast_break"": false, ""h1_price_above_ema20"": true, ""h1_rsi_ge50"": true, ""near_20h_high_le4_5"": true, ""m15_near_prev_high6_ge_m0_2"": false}",0.42613636363635354,-2.840909090909094,-2.840909090909094,0.42613636363635354,-3.6931818181818232,-2.4147727272727404,0.42613636363635354,-3.6931818181818232,-0.7102272727272707,0.42613636363635354,-3.6931818181818232,-2.9829545454545525,,3.0,,4.0,0.0,0.0,1
1f0a30677658f58405e6b53d,2026-10-06T00:00:00+00:00,2026-10-06T00:47:13.747663+00:00,C09,CONFIRMED_REVERSAL,LAYERUSDT,0.0784,BULL,BULL,"{""btc_ret_24h"": -0.8819253438113961, ""breadth_ret72_delta72"": 26.184538653366587, ""btc_h1_ema50_slope3"": 0.03843535155219069}","{""last_pivot_low_age_h"": 7.0, ""pivot1_low"": 0.0776, ""pivot2_low"": 0.0765, ""pivot_hours"": 7.0, ""multi_bull_div"": 0.0, ""h1_rsi"": 55.631277764445144, ""h1_dist_ema20"": 0.5287324917584213, ""dist_high_20h"": 0.8849557522124019}","{""available"": true, ""label"": ""V11_DIAGNOSTIC_PROXY"", ""quality"": 0.0, ""quality_ge72"": false, ""pressure"": false, ""retrigger"": false, ""fast_confirm"": false, ""fast_break"": false, ""h1_price_above_ema20"": true, ""h1_rsi_ge50"": true, ""near_20h_high_le4_5"": true, ""m15_near_prev_high6_ge_m0_2"": false}",0.25510204081633514,-2.0408163265306145,-2.0408163265306145,0.25510204081633514,-2.8061224489795866,-1.6581632653061118,0.6377551020408267,-2.8061224489795866,-0.12755102040816757,0.6377551020408267,-2.8061224489795866,-1.1479591836734637,,3.0,,,0.0,,1
23c2d30f0fb91238674142b3,2026-10-06T00:00:00+00:00,2026-10-06T00:47:14.157385+00:00,C09,CONFIRMED_REVERSAL,LAZIOUSDT,0.386,BULL,BULL,"{""btc_ret_24h"": -0.8819253438113961, ""breadth_ret72_delta72"": 26.184538653366587, ""btc_h1_ema50_slope3"": 0.03843535155219069}","{""last_pivot_low_age_h"": 7.0, ""pivot1_low"": 0.386, ""pivot2_low"": 0.379, ""pivot_hours"": 7.0, ""multi_bull_div"": 0.0, ""h1_rsi"": 47.584341808030565, ""h1_dist_ema20"": -0.15140928356740524, ""dist_high_20h"": 1.5306122448979553}","{""available"": true, ""label"": ""V11_DIAGNOSTIC_PROXY"", ""quality"": 0.0, ""quality_ge72"": false, ""pressure"": false, ""retrigger"": false, ""fast_confirm"": false, ""fast_break"": false, ""h1_price_above_ema20"": false, ""h1_rsi_ge50"": false, ""near_20h_high_le4_5"": true, ""m15_near_prev_high6_ge_m0_2"": false}",0.5181347150259086,-0.2590673575129543,0.0,0.5181347150259086,-0.2590673575129543,0.2590673575129543,5.181347150259064,-0.2590673575129543,1.2953367875647714,28.238341968911907,-0.2590673575129543,3.3678756476684057,10.0,,12.0,,1.0,1.0,1
cab4e5aedaa26b0510f4c7c4,2026-10-06T00:00:00+00:00,2026-10-06T00:47:14.583057+00:00,C09,CONFIRMED_REVERSAL,LDOUSDT,0.4717,BULL,BULL,"{""btc_ret_24h"": -0.8819253438113961, ""breadth_ret72_delta72"": 26.184538653366587, ""btc_h1_ema50_slope3"": 0.03843535155219069}","{""last_pivot_low_age_h"": 6.0, ""pivot1_low"": 0.4559, ""pivot2_low"": 0.4573, ""pivot_hours"": 3.0, ""multi_bull_div"": 0.0, ""h1_rsi"": 57.585662805396105, ""h1_dist_ema20"": 1.0664083809964975, ""dist_high_20h"": 1.667708984782157}","{""available"": true, ""label"": ""V11_DIAGNOSTIC_PROXY"", ""quality"": 0.0, ""quality_ge72"": false, ""pressure"": false, ""retrigger"": false, ""fast_confirm"": false, ""fast_break"": false, ""h1_price_above_ema20"": true, ""h1_rsi_ge50"": true, ""near_20h_high_le4_5"": true, ""m15_near_prev_high6_ge_m0_2"": false}",0.23319906720373762,-4.557981768072928,-4.303582785668858,0.23319906720373762,-4.557981768072928,-2.8195887216451165,0.6995972016111907,-4.557981768072928,-0.46639813440747524,1.5475938096247477,-4.557981768072928,0.5299978800084704,,2.0,,3.0,0.0,0.0,1
44db1f15e30bfaf1a4b3db31,2026-10-06T00:00:00+00:00,2026-10-06T00:47:14.992151+00:00,C09,CONFIRMED_REVERSAL,LINEAUSDT,0.002902,BULL,BULL,"{""btc_ret_24h"": -0.8819253438113961, ""breadth_ret72_delta72"": 26.184538653366587, ""btc_h1_ema50_slope3"": 0.03843535155219069}","{""last_pivot_low_age_h"": 7.0, ""pivot1_low"": 0.002879, ""pivot2_low"": 0.002841, ""pivot_hours"": 7.0, ""multi_bull_div"": 0.0, ""h1_rsi"": 56.85536936816828, ""h1_dist_ema20"": 0.5827589937517752, ""dist_high_20h"": 0.5483207676490687}","{""available"": true, ""label"": ""V11_DIAGNOSTIC_PROXY"", ""quality"": 0.0, ""quality_ge72"": false, ""pressure"": false, ""retrigger"": false, ""fast_confirm"": false, ""fast_break"": false, ""h1_price_above_ema20"": true, ""h1_rsi_ge50"": true, ""near_20h_high_le4_5"": true, ""m15_near_prev_high6_ge_m0_2"": false}",0.4135079255685792,-1.6884906960716761,-1.619572708476913,0.4135079255685792,-2.2053756030324,-1.447277739490005,0.4135079255685792,-2.2053756030324,-0.9993108201240553,0.4135079255685792,-2.4121295658166897,-1.2060647829083337,,4.0,,,0.0,,1
491a8964a98f243d3a42cd57,2026-10-06T00:00:00+00:00,2026-10-06T00:47:15.403319+00:00,C09,CONFIRMED_REVERSAL,LINKUSDT,13.854,BULL,BULL,"{""btc_ret_24h"": -0.8819253438113961, ""breadth_ret72_delta72"": 26.184538653366587, ""btc_h1_ema50_slope3"": 0.03843535155219069}","{""last_pivot_low_age_h"": 9.0, ""pivot1_low"": 14.099, ""pivot2_low"": 13.66, ""pivot_hours"": 6.0, ""multi_bull_div"": 0.0, ""h1_rsi"": 37.638362784257026, ""h1_dist_ema20"": -0.9057097623309973, ""dist_high_20h"": 2.989986695609559}","{""available"": true, ""label"": ""V11_DIAGNOSTIC_PROXY"", ""quality"": 0.0, ""quality_ge72"": false, ""pressure"": false, ""retrigger"": false, ""fast_confirm"": false, ""fast_break"": false, ""h1_price_above_ema20"": false, ""h1_rsi_ge50"": false, ""near_20h_high_le4_5"": true, ""m15_near_prev_high6_ge_m0_2"": false}",0.5341417641114621,-0.6351956113757717,-0.5991049516385072,0.5341417641114621,-0.967229680958559,-0.2237620903710047,1.7395697993359382,-0.967229680958559,1.5158077089649336,1.9488956258120416,-0.967229680958559,0.7579038544824668,,,,,,,1
7e0b920e288f151f6edab5f4,2026-10-06T00:00:00+00:00,2026-10-06T00:47:15.813416+00:00,C09,CONFIRMED_REVERSAL,LISTAUSDT,0.0847,BULL,BULL,"{""btc_ret_24h"": -0.8819253438113961, ""breadth_ret72_delta72"": 26.184538653366587, ""btc_h1_ema50_slope3"": 0.03843535155219069}","{""last_pivot_low_age_h"": 6.0, ""pivot1_low"": 0.0834, ""pivot2_low"": 0.0836, ""pivot_hours"": 3.0, ""multi_bull_div"": 0.0, ""h1_rsi"": 44.64273043042571, ""h1_dist_ema20"": -0.6033294047903648, ""dist_high_20h"": 2.1939953810623525}","{""available"": true, ""label"": ""V11_DIAGNOSTIC_PROXY"", ""quality"": 0.0, ""quality_ge72"": false, ""pressure"": false, ""retrigger"": false, ""fast_confirm"": true, ""fast_break"": false, ""h1_price_above_ema20"": false, ""h1_rsi_ge50"": false, ""near_20h_high_le4_5"": true, ""m15_near_prev_high6_ge_m0_2"": false}",0.35419126328217754,-2.4793388429751984,-2.2432113341204207,0.35419126328217754,-2.715466351829987,-1.7709563164108655,0.35419126328217754,-2.715466351829987,0.23612750885477762,0.35419126328217754,-3.3057851239669422,-2.4793388429751984,,3.0,,20.0,0.0,0.0,1
1e4f7438aed70c758d3e3d2d,2026-10-06T00:00:00+00:00,2026-10-06T00:47:16.223940+00:00,C09,CONFIRMED_REVERSAL,LPTUSDT,1.774,BULL,BULL,"{""btc_ret_24h"": -0.8819253438113961, ""breadth_ret72_delta72"": 26.184538653366587, ""btc_h1_ema50_slope3"": 0.03843535155219069}","{""last_pivot_low_age_h"": 6.0, ""pivot1_low"": 1.714, ""pivot2_low"": 1.722, ""pivot_hours"": 3.0, ""multi_bull_div"": 0.0, ""h1_rsi"": 56.85699769382175, ""h1_dist_ema20"": 1.2519798706022822, ""dist_high_20h"": 0.893854748603351}","{""available"": true, ""label"": ""V11_DIAGNOSTIC_PROXY"", ""quality"": 0.0, ""quality_ge72"": false, ""pressure"": false, ""retrigger"": false, ""fast_confirm"": true, ""fast_break"": false, ""h1_price_above_ema20"": true, ""h1_rsi_ge50"": true, ""near_20h_high_le4_5"": true, ""m15_near_prev_high6_ge_m0_2"": false}",-0.11273957158962622,-2.649379932356255,-2.2547914317925577,0.901916572717032,-2.9875986471251337,0.901916572717032,6.20067643742952,-2.9875986471251337,4.622322435174753,6.369785794813976,-2.9875986471251337,2.19842164599775,8.0,3.0,8.0,,0.0,1.0,1
a41ffaf3c30cef524d419502,2026-10-06T00:00:00+00:00,2026-10-06T00:47:16.632310+00:00,C09,CONFIRMED_REVERSAL,LQTYUSDT,0.241,BULL,BULL,"{""btc_ret_24h"": -0.8819253438113961, ""breadth_ret72_delta72"": 26.184538653366587, ""btc_h1_ema50_slope3"": 0.03843535155219069}","{""last_pivot_low_age_h"": 6.0, ""pivot1_low"": 0.2355, ""pivot2_low"": 0.233, ""pivot_hours"": 6.0, ""multi_bull_div"": 0.0, ""h1_rsi"": 63.27769641521917, ""h1_dist_ema20"": 1.3753615428382382, ""dist_high_20h"": 0.9046052631578982}","{""available"": true, ""label"": ""V11_DIAGNOSTIC_PROXY"", ""quality"": 0.0, ""quality_ge72"": false, ""pressure"": false, ""retrigger"": false, ""fast_confirm"": false, ""fast_break"": false, ""h1_price_above_ema20"": true, ""h1_rsi_ge50"": true, ""near_20h_high_le4_5"": true, ""m15_near_prev_high6_ge_m0_2"": false}",2.0746887966804906,-1.7012448132780023,-1.7012448132780023,2.0746887966804906,-2.199170124481331,0.6224066390041472,2.7800829875518795,-2.199170124481331,2.489626556016611,6.929460580912861,-2.199170124481331,3.983402489626564,15.0,4.0,16.0,,0.0,1.0,1
30c845ef0a68609380238a0e,2026-10-06T00:00:00+00:00,2026-10-06T00:47:17.042513+00:00,C09,CONFIRMED_REVERSAL,LUNAUSDT,0.0514,BULL,BULL,"{""btc_ret_24h"": -0.8819253438113961, ""breadth_ret72_delta72"": 26.184538653366587, ""btc_h1_ema50_slope3"": 0.03843535155219069}","{""last_pivot_low_age_h"": 6.0, ""pivot1_low"": 0.051, ""pivot2_low"": 0.0506, ""pivot_hours"": 7.0, ""multi_bull_div"": 0.0, ""h1_rsi"": 57.604065547742486, ""h1_dist_ema20"": 0.42660175422624125, ""dist_high_20h"": 0.5802707930367523}","{""available"": true, ""label"": ""V11_DIAGNOSTIC_PROXY"", ""quality"": 0.0, ""quality_ge72"": false, ""pressure"": false, ""retrigger"": false, ""fast_confirm"": false, ""fast_break"": false, ""h1_price_above_ema20"": true, ""h1_rsi_ge50"": true, ""near_20h_high_le4_5"": true, ""m15_near_prev_high6_ge_m0_2"": false}",0.3891050583657574,-1.945525291828798,-1.7509727626459082,0.3891050583657574,-1.945525291828798,-0.7782101167315258,0.7782101167315147,-1.945525291828798,-0.1945525291828898,0.7782101167315147,-1.945525291828798,-0.3891050583657574,,,,,,,1
7726722a7ad1da177d71dc6a,2026-10-06T00:00:00+00:00,2026-10-06T00:47:17.466617+00:00,C09,CONFIRMED_REVERSAL,LUNCUSDT,5.299e-05,BULL,BULL,"{""btc_ret_24h"": -0.8819253438113961, ""breadth_ret72_delta72"": 26.184538653366587, ""btc_h1_ema50_slope3"": 0.03843535155219069}","{""last_pivot_low_age_h"": 7.0, ""pivot1_low"": 5.287e-05, ""pivot2_low"": 5.239e-05, ""pivot_hours"": 6.0, ""multi_bull_div"": 0.0, ""h1_rsi"": 50.59883346553303, ""h1_dist_ema20"": -0.023459323068020232, ""dist_high_20h"": 0.8606173994387234}","{""available"": true, ""label"": ""V11_DIAGNOSTIC_PROXY"", ""quality"": 0.0, ""quality_ge72"": false, ""pressure"": false, ""retrigger"": false, ""fast_confirm"": false, ""fast_break"": false, ""h1_price_above_ema20"": false, ""h1_rsi_ge50"": true, ""near_20h_high_le4_5"": true, ""m15_near_prev_high6_ge_m0_2"": false}",0.09435742592942553,-0.8303453481789069,-0.7737308926212494,0.09435742592942553,-1.0945461407812718,-0.26420079260238705,0.5095301000188845,-1.0945461407812718,-0.09435742592942553,0.9624457444801005,-1.0945461407812718,0.2453293074164975,,,,,,,1
3be8ffb1467d1cc925f9927d,2026-10-06T00:00:00+00:00,2026-10-06T00:47:17.879164+00:00,C09,CONFIRMED_REVERSAL,MAGICUSDT,0.0617,BULL,BULL,"{""btc_ret_24h"": -0.8819253438113961, ""breadth_ret72_delta72"": 26.184538653366587, ""btc_h1_ema50_slope3"": 0.03843535155219069}","{""last_pivot_low_age_h"": 9.0, ""pivot1_low"": 0.0609, ""pivot2_low"": 0.0609, ""pivot_hours"": 1.0, ""multi_bull_div"": 0.0, ""h1_rsi"": 52.028196491469245, ""h1_dist_ema20"": -0.015724330466448944, ""dist_high_20h"": 2.0634920634920673}","{""available"": true, ""label"": ""V11_DIAGNOSTIC_PROXY"", ""quality"": 72.0, ""quality_ge72"": true, ""pressure"": false, ""retrigger"": true, ""fast_confirm"": false, ""fast_break"": false, ""h1_price_above_ema20"": false, ""h1_rsi_ge50"": true, ""near_20h_high_le4_5"": true, ""m15_near_prev_high6_ge_m0_2"": false}",3.889789303079416,0.0,2.1069692058346856,3.889789303079416,-1.7828200972447306,-0.9724473257698429,3.889789303079416,-1.7828200972447306,1.6207455429497752,19.124797406807126,-1.7828200972447306,16.855753646677464,2.0,,13.0,,1.0,1.0,1
e64b4179097a7e808ce06f21,2026-10-06T00:00:00+00:00,2026-10-06T00:47:18.293173+00:00,C09,CONFIRMED_REVERSAL,MANTAUSDT,0.06983,BULL,BULL,"{""btc_ret_24h"": -0.8819253438113961, ""breadth_ret72_delta72"": 26.184538653366587, ""btc_h1_ema50_slope3"": 0.03843535155219069}","{""last_pivot_low_age_h"": 7.0, ""pivot1_low"": 0.07056, ""pivot2_low"": 0.06874, ""pivot_hours"": 7.0, ""multi_bull_div"": 0.0, ""h1_rsi"": 43.57985299479819, ""h1_dist_ema20"": -0.6700473401483498, ""dist_high_20h"": 3.1215316315205355}","{""available"": true, ""label"": ""V11_DIAGNOSTIC_PROXY"", ""quality"": 0.0, ""quality_ge72"": false, ""pressure"": false, ""retrigger"": false, ""fast_confirm"": false, ""fast_break"": false, ""h1_price_above_ema20"": false, ""h1_rsi_ge50"": false, ""near_20h_high_le4_5"": true, ""m15_near_prev_high6_ge_m0_2"": false}",0.27208935987397265,-1.904625519117853,-1.8759845338679693,0.27208935987397265,-2.362881283116136,-1.3461263067449436,1.2888443362451651,-2.362881283116136,0.4439352713733191,1.2888443362451651,-2.362881283116136,-0.27208935987399485,,4.0,,,0.0,,1
4d39ebfdd9418e313ad10f24,2026-10-06T00:00:00+00:00,2026-10-06T00:47:18.696550+00:00,C09,CONFIRMED_REVERSAL,MANTRAUSDT,0.00456,BULL,BULL,"{""btc_ret_24h"": -0.8819253438113961, ""breadth_ret72_delta72"": 26.184538653366587, ""btc_h1_ema50_slope3"": 0.03843535155219069}","{""last_pivot_low_age_h"": 6.0, ""pivot1_low"": 0.00443, ""pivot2_low"": 0.00443, ""pivot_hours"": 3.0, ""multi_bull_div"": 0.0, ""h1_rsi"": 54.99458559112846, ""h1_dist_ema20"": 0.5720345065420851, ""dist_high_20h"": 0.6535947712418388}","{""available"": true, ""label"": ""V11_DIAGNOSTIC_PROXY"", ""quality"": 0.0, ""quality_ge72"": false, ""pressure"": false, ""retrigger"": false, ""fast_confirm"": false, ""fast_break"": false, ""h1_price_above_ema20"": true, ""h1_rsi_ge50"": true, ""near_20h_high_le4_5"": true, ""m15_near_prev_high6_ge_m0_2"": false}",1.0964912280701844,-0.6578947368421018,0.21929824561404132,1.0964912280701844,-1.5350877192982448,0.43859649122806044,2.412280701754388,-1.5350877192982448,1.0964912280701844,2.412280701754388,-1.7543859649122862,-0.21929824561403022,,,,,,,1
d9e455e229bc9cfaa2373bae,2026-10-06T00:00:00+00:00,2026-10-06T00:47:19.104613+00:00,C09,CONFIRMED_REVERSAL,MASKUSDT,0.49,BULL,BULL,"{""btc_ret_24h"": -0.8819253438113961, ""breadth_ret72_delta72"": 26.184538653366587, ""btc_h1_ema50_slope3"": 0.03843535155219069}","{""last_pivot_low_age_h"": 7.0, ""pivot1_low"": 0.479, ""pivot2_low"": 0.479, ""pivot_hours"": 2.0, ""multi_bull_div"": 0.0, ""h1_rsi"": 50.51153132245867, ""h1_dist_ema20"": 0.10719799703970967, ""dist_high_20h"": 1.4084507042253502}","{""available"": true, ""label"": ""V11_DIAGNOSTIC_PROXY"", ""quality"": 0.0, ""quality_ge72"": false, ""pressure"": false, ""retrigger"": false, ""fast_confirm"": false, ""fast_break"": false, ""h1_price_above_ema20"": true, ""h1_rsi_ge50"": true, ""near_20h_high_le4_5"": true, ""m15_near_prev_high6_ge_m0_2"": false}",0.40816326530612734,-1.8367346938775508,-1.8367346938775508,0.40816326530612734,-2.244897959183678,-0.40816326530612734,1.6326530612244872,-2.244897959183678,1.2244897959183598,2.0408163265306145,-2.244897959183678,-0.8163265306122436,,4.0,,,0.0,,1
6e0ae069bb1577cf0ed25280,2026-10-06T00:00:00+00:00,2026-10-06T00:47:19.515114+00:00,C09,CONFIRMED_REVERSAL,MAVUSDT,0.01205,BULL,BULL,"{""btc_ret_24h"": -0.8819253438113961, ""breadth_ret72_delta72"": 26.184538653366587, ""btc_h1_ema50_slope3"": 0.03843535155219069}","{""last_pivot_low_age_h"": 6.0, ""pivot1_low"": 0.01139, ""pivot2_low"": 0.01154, ""pivot_hours"": 13.0, ""multi_bull_div"": 0.0, ""h1_rsi"": 68.03690224268875, ""h1_dist_ema20"": 2.2534347827916745, ""dist_high_20h"": 1.1484823625922846}","{""available"": true, ""label"": ""V11_DIAGNOSTIC_PROXY"", ""quality"": 0.0, ""quality_ge72"": false, ""pressure"": false, ""retrigger"": false, ""fast_confirm"": false, ""fast_break"": false, ""h1_price_above_ema20"": true, ""h1_rsi_ge50"": true, ""near_20h_high_le4_5"": true, ""m15_near_prev_high6_ge_m0_2"": false}",0.49792531120331773,-2.904564315352698,-2.8215767634854783,0.49792531120331773,-3.8174273858921137,-1.4937759336099532,3.983402489626542,-3.8174273858921137,1.6597510373443924,3.983402489626542,-3.8174273858921137,3.0705394190871482,8.0,2.0,,4.0,0.0,0.0,1
7e80002aa0ed8c0f52b4c781,2026-10-06T00:00:00+00:00,2026-10-06T00:47:19.926322+00:00,C09,CONFIRMED_REVERSAL,MBLUSDT,0.000805,BULL,BULL,"{""btc_ret_24h"": -0.8819253438113961, ""breadth_ret72_delta72"": 26.184538653366587, ""btc_h1_ema50_slope3"": 0.03843535155219069}","{""last_pivot_low_age_h"": 7.0, ""pivot1_low"": 0.000813, ""pivot2_low"": 0.000791, ""pivot_hours"": 6.0, ""multi_bull_div"": 0.0, ""h1_rsi"": 44.465136810381814, ""h1_dist_ema20"": -0.3659591240800619, ""dist_high_20h"": 2.30582524271844}","{""available"": true, ""label"": ""V11_DIAGNOSTIC_PROXY"", ""quality"": 0.0, ""quality_ge72"": false, ""pressure"": false, ""retrigger"": false, ""fast_confirm"": false, ""fast_break"": false, ""h1_price_above_ema20"": false, ""h1_rsi_ge50"": false, ""near_20h_high_le4_5"": true, ""m15_near_prev_high6_ge_m0_2"": false}",0.3726708074534013,-1.1180124223602483,-0.7453416149068359,0.3726708074534013,-1.2422360248447228,-0.8695652173913104,0.4968944099378758,-1.2422360248447228,0.2484472049689268,0.4968944099378758,-2.2360248447204967,-1.9875776397515588,,23.0,,,0.0,,1
e11ba519eae349c83e4468e0,2026-10-06T00:00:00+00:00,2026-10-06T00:47:20.329808+00:00,C09,CONFIRMED_REVERSAL,MEGAUSDT,0.05005,BULL,BULL,"{""btc_ret_24h"": -0.8819253438113961, ""breadth_ret72_delta72"": 26.184538653366587, ""btc_h1_ema50_slope3"": 0.03843535155219069}","{""last_pivot_low_age_h"": 6.0, ""pivot1_low"": 0.0484, ""pivot2_low"": 0.04847, ""pivot_hours"": 16.0, ""multi_bull_div"": 0.0, ""h1_rsi"": 53.06094867939991, ""h1_dist_ema20"": 0.5674039210283643, ""dist_high_20h"": 7.194511403671433}","{""available"": true, ""label"": ""V11_DIAGNOSTIC_PROXY"", ""quality"": 0.0, ""quality_ge72"": false, ""pressure"": false, ""retrigger"": false, ""fast_confirm"": false, ""fast_break"": false, ""h1_price_above_ema20"": true, ""h1_rsi_ge50"": true, ""near_20h_high_le4_5"": false, ""m15_near_prev_high6_ge_m0_2"": false}",0.23976023976024496,-4.05594405594405,-3.736263736263734,0.23976023976024496,-5.054945054945048,-4.255744255744254,0.23976023976024496,-5.774225774225772,-4.835164835164829,0.23976023976024496,-7.952047952047947,-7.6123876123876055,,2.0,,3.0,0.0,0.0,1
26c3f0a1fc092b6deacd627c,2026-10-06T00:00:00+00:00,2026-10-06T00:47:20.743059+00:00,C09,CONFIRMED_REVERSAL,MEMEUSDT,0.000621,BULL,BULL,"{""btc_ret_24h"": -0.8819253438113961, ""breadth_ret72_delta72"": 26.184538653366587, ""btc_h1_ema50_slope3"": 0.03843535155219069}","{""last_pivot_low_age_h"": 6.0, ""pivot1_low"": 0.000607, ""pivot2_low"": 0.000607, ""pivot_hours"": 1.0, ""multi_bull_div"": 0.0, ""h1_rsi"": 55.3624336105689, ""h1_dist_ema20"": 0.4807010186451688, ""dist_high_20h"": 1.2718600953894987}","{""available"": true, ""label"": ""V11_DIAGNOSTIC_PROXY"", ""quality"": 0.0, ""quality_ge72"": false, ""pressure"": false, ""retrigger"": false, ""fast_confirm"": false, ""fast_break"": false, ""h1_price_above_ema20"": true, ""h1_rsi_ge50"": true, ""near_20h_high_le4_5"": true, ""m15_near_prev_high6_ge_m0_2"": false}",0.16103059581320522,-2.254428341384862,-2.254428341384862,0.16103059581320522,-2.7375201288244777,-1.1272141706924366,0.9661835748792091,-2.7375201288244777,0.32206119162641045,1.449275362318847,-2.7375201288244777,-1.1272141706924366,,3.0,,,0.0,,1
ff313c215641cba99c317cd2,2026-10-06T00:00:00+00:00,2026-10-06T00:47:21.154668+00:00,C09,CONFIRMED_REVERSAL,METISUSDT,3.43,BULL,BULL,"{""btc_ret_24h"": -0.8819253438113961, ""breadth_ret72_delta72"": 26.184538653366587, ""btc_h1_ema50_slope3"": 0.03843535155219069}","{""last_pivot_low_age_h"": 6.0, ""pivot1_low"": 3.36, ""pivot2_low"": 3.38, ""pivot_hours"": 3.0, ""multi_bull_div"": 0.0, ""h1_rsi"": 52.93930931193597, ""h1_dist_ema20"": 0.1945345216976646, ""dist_high_20h"": 1.9999999999999907}","{""available"": true, ""label"": ""V11_DIAGNOSTIC_PROXY"", ""quality"": 0.0, ""quality_ge72"": false, ""pressure"": false, ""retrigger"": false, ""fast_confirm"": true, ""fast_break"": false, ""h1_price_above_ema20"": true, ""h1_rsi_ge50"": true, ""near_20h_high_le4_5"": true, ""m15_near_prev_high6_ge_m0_2"": false}",0.2915451895043608,-3.2069970845481133,-2.3323615160349864,0.2915451895043608,-4.373177842565612,-1.7492711370262426,3.206997084548102,-4.373177842565612,2.3323615160349753,3.790087463556846,-4.373177842565612,0.0,12.0,2.0,,2.0,0.0,0.0,1
71e2ec95b0477cbbda429248,2026-10-06T00:00:00+00:00,2026-10-06T00:47:21.561144+00:00,C09,CONFIRMED_REVERSAL,METUSDT,0.2965,BULL,BULL,"{""btc_ret_24h"": -0.8819253438113961, ""breadth_ret72_delta72"": 26.184538653366587, ""btc_h1_ema50_slope3"": 0.03843535155219069}","{""last_pivot_low_age_h"": 6.0, ""pivot1_low"": 0.2942, ""pivot2_low"": 0.289, ""pivot_hours"": 13.0, ""multi_bull_div"": 1.0, ""h1_rsi"": 50.90725350230577, ""h1_dist_ema20"": 0.3869474634183856, ""dist_high_20h"": 2.563259940847862}","{""available"": true, ""label"": ""V11_DIAGNOSTIC_PROXY"", ""quality"": 0.0, ""quality_ge72"": false, ""pressure"": false, ""retrigger"": false, ""fast_confirm"": false, ""fast_break"": false, ""h1_price_above_ema20"": true, ""h1_rsi_ge50"": true, ""near_20h_high_le4_5"": true, ""m15_near_prev_high6_ge_m0_2"": false}",0.47217537942665366,-2.4957841483979615,-2.32715008431702,0.47217537942665366,-3.204047217537942,-3.0016863406407968,7.251264755480613,-3.642495784148392,7.18381112984825,16.998313659359198,-3.642495784148392,10.590219224283315,10.0,3.0,10.0,5.0,0.0,0.0,1
2aec99adf20d05fcd642f78e,2026-10-06T00:00:00+00:00,2026-10-06T00:47:21.973023+00:00,C09,CONFIRMED_REVERSAL,MEUSDT,0.07824,BULL,BULL,"{""btc_ret_24h"": -0.8819253438113961, ""breadth_ret72_delta72"": 26.184538653366587, ""btc_h1_ema50_slope3"": 0.03843535155219069}","{""last_pivot_low_age_h"": 9.0, ""pivot1_low"": 0.07624, ""pivot2_low"": 0.0757, ""pivot_hours"": 4.0, ""multi_bull_div"": 2.0, ""h1_rsi"": 61.569427922473395, ""h1_dist_ema20"": 1.1984259265828578, ""dist_high_20h"": 0.4453492810789994}","{""available"": true, ""label"": ""V11_DIAGNOSTIC_PROXY"", ""quality"": 0.0, ""quality_ge72"": false, ""pressure"": false, ""retrigger"": false, ""fast_confirm"": false, ""fast_break"": false, ""h1_price_above_ema20"": true, ""h1_rsi_ge50"": true, ""near_20h_high_le4_5"": true, ""m15_near_prev_high6_ge_m0_2"": false}",0.15337423312882237,-3.64263803680982,-3.5787321063394772,0.15337423312882237,-4.383946830265851,-3.5403885480572717,0.15337423312882237,-4.383946830265851,-2.364519427402867,0.15337423312882237,-4.498977505112489,-4.192229038854811,,2.0,,3.0,0.0,0.0,1
ea3b75924045833cb133650f,2026-10-06T00:00:00+00:00,2026-10-06T00:47:22.382462+00:00,C09,CONFIRMED_REVERSAL,MIRAUSDT,0.05315,BULL,BULL,"{""btc_ret_24h"": -0.8819253438113961, ""breadth_ret72_delta72"": 26.184538653366587, ""btc_h1_ema50_slope3"": 0.03843535155219069}","{""last_pivot_low_age_h"": 6.0, ""pivot1_low"": 0.05166, ""pivot2_low"": 0.05164, ""pivot_hours"": 3.0, ""multi_bull_div"": 2.0, ""h1_rsi"": 60.035996162223995, ""h1_dist_ema20"": 0.9432277812520873, ""dist_high_20h"": 0.6727714445897925}","{""available"": true, ""label"": ""V11_DIAGNOSTIC_PROXY"", ""quality"": 0.0, ""quality_ge72"": false, ""pressure"": false, ""retrigger"": false, ""fast_confirm"": false, ""fast_break"": false, ""h1_price_above_ema20"": true, ""h1_rsi_ge50"": true, ""near_20h_high_le4_5"": true, ""m15_near_prev_high6_ge_m0_2"": false}",0.43273753527750536,-2.59642521166511,-2.483537158984006,0.43273753527750536,-3.744120413922869,-2.35183443085607,0.43273753527750536,-3.744120413922869,-0.018814675446854334,9.595484477892757,-3.744120413922869,4.214487300094061,14.0,2.0,14.0,4.0,0.0,0.0,1
a0c66233bd70cdf63ec53333,2026-10-06T00:00:00+00:00,2026-10-06T00:47:22.792084+00:00,C09,CONFIRMED_REVERSAL,MMTUSDT,0.1844,BULL,BULL,"{""btc_ret_24h"": -0.8819253438113961, ""breadth_ret72_delta72"": 26.184538653366587, ""btc_h1_ema50_slope3"": 0.03843535155219069}","{""last_pivot_low_age_h"": 7.0, ""pivot1_low"": 0.186, ""pivot2_low"": 0.1809, ""pivot_hours"": 12.0, ""multi_bull_div"": 0.0, ""h1_rsi"": 44.37218707932544, ""h1_dist_ema20"": -0.4945035874568737, ""dist_high_20h"": 3.757828810020869}","{""available"": true, ""label"": ""V11_DIAGNOSTIC_PROXY"", ""quality"": 0.0, ""quality_ge72"": false, ""pressure"": false, ""retrigger"": false, ""fast_confirm"": false, ""fast_break"": false, ""h1_price_above_ema20"": false, ""h1_rsi_ge50"": false, ""near_20h_high_le4_5"": true, ""m15_near_prev_high6_ge_m0_2"": false}",-0.05422993492408823,-3.52494577006508,-2.711496746203912,-0.05422993492408823,-3.958785249457697,-2.9826464208242975,-0.05422993492408823,-4.338394793926248,-2.2234273318872178,-0.05422993492408823,-5.260303687635581,-3.199566160520617,,3.0,,3.0,0.0,0.0,1
5d29ba40981ceb6a76da9cff,2026-10-06T00:00:00+00:00,2026-10-06T00:47:23.199880+00:00,C09,CONFIRMED_REVERSAL,MORPHOUSDT,2.707,BULL,BULL,"{""btc_ret_24h"": -0.8819253438113961, ""breadth_ret72_delta72"": 26.184538653366587, ""btc_h1_ema50_slope3"": 0.03843535155219069}","{""last_pivot_low_age_h"": 7.0, ""pivot1_low"": 2.668, ""pivot2_low"": 2.647, ""pivot_hours"": 11.0, ""multi_bull_div"": 3.0, ""h1_rsi"": 52.22836882714167, ""h1_dist_ema20"": 0.27291233118644787, ""dist_high_20h"": 0.5510653930933196}","{""available"": true, ""label"": ""V11_DIAGNOSTIC_PROXY"", ""quality"": 0.0, ""quality_ge72"": false, ""pressure"": false, ""retrigger"": false, ""fast_confirm"": false, ""fast_break"": false, ""h1_price_above_ema20"": true, ""h1_rsi_ge50"": true, ""near_20h_high_le4_5"": true, ""m15_near_prev_high6_ge_m0_2"": false}",4.211304026597729,-0.036941263391199186,1.4407092722571235,4.211304026597729,-0.8127077946065708,-0.7757665312153605,4.211304026597729,-1.2190616919098618,-0.14776505356483005,4.211304026597729,-1.6254155892131528,-0.5541189508681099,2.0,,,,1.0,,1
bd7e3a5def699b55f344dbee,2026-10-06T00:00:00+00:00,2026-10-06T00:47:23.609381+00:00,C09,CONFIRMED_REVERSAL,MOVEUSDT,0.010056,BULL,BULL,"{""btc_ret_24h"": -0.8819253438113961, ""breadth_ret72_delta72"": 26.184538653366587, ""btc_h1_ema50_slope3"": 0.03843535155219069}","{""last_pivot_low_age_h"": 6.0, ""pivot1_low"": 0.009842, ""pivot2_low"": 0.009834, ""pivot_hours"": 3.0, ""multi_bull_div"": 2.0, ""h1_rsi"": 48.96992276447839, ""h1_dist_ema20"": 0.0543256959537608, ""dist_high_20h"": 2.0360448124695507}","{""available"": true, ""label"": ""V11_DIAGNOSTIC_PROXY"", ""quality"": 0.0, ""quality_ge72"": false, ""pressure"": false, ""retrigger"": false, ""fast_confirm"": false, ""fast_break"": false, ""h1_price_above_ema20"": true, ""h1_rsi_ge50"": false, ""near_20h_high_le4_5"": true, ""m15_near_prev_high6_ge_m0_2"": false}",0.12927605409704945,-3.2020684168655666,-3.0926809864757376,0.12927605409704945,-4.534606205250613,-3.132458233890223,0.12927605409704945,-4.534606205250613,-2.287191726332549,0.12927605409704945,-4.534606205250613,-2.963404932378688,,2.0,,3.0,0.0,0.0,1
a3bfddfb825da508f33bcf89,2026-10-06T00:00:00+00:00,2026-10-06T00:47:24.020692+00:00,C09,CONFIRMED_REVERSAL,MTLUSDT,0.3229,BULL,BULL,"{""btc_ret_24h"": -0.8819253438113961, ""breadth_ret72_delta72"": 26.184538653366587, ""btc_h1_ema50_slope3"": 0.03843535155219069}","{""last_pivot_low_age_h"": 6.0, ""pivot1_low"": 0.3147, ""pivot2_low"": 0.3155, ""pivot_hours"": 3.0, ""multi_bull_div"": 0.0, ""h1_rsi"": 61.838612741567374, ""h1_dist_ema20"": 0.9240197266046968, ""dist_high_20h"": 0.4316990440949575}","{""available"": true, ""label"": ""V11_DIAGNOSTIC_PROXY"", ""quality"": 0.0, ""quality_ge72"": false, ""pressure"": false, ""retrigger"": false, ""fast_confirm"": false, ""fast_break"": false, ""h1_price_above_ema20"": true, ""h1_rsi_ge50"": true, ""near_20h_high_le4_5"": true, ""m15_near_prev_high6_ge_m0_2"": false}",4.180860947661791,-1.7962217404769332,-1.7652524001238845,4.180860947661791,-2.1368844843604906,-1.3626509755342298,4.180860947661791,-2.1368844843604906,-0.24775472282441147,4.180860947661791,-2.756271291421497,-1.517497677299473,1.0,4.0,,,1.0,,1
2bad9551a80c73f42bfcd693,2026-10-06T00:00:00+00:00,2026-10-06T00:47:24.418694+00:00,C09,CONFIRMED_REVERSAL,MVLLBUSDT,37.98,BULL,BULL,"{""btc_ret_24h"": -0.8819253438113961, ""breadth_ret72_delta72"": 26.184538653366587, ""btc_h1_ema50_slope3"": 0.03843535155219069}","{""last_pivot_low_age_h"": 6.0, ""pivot1_low"": 36.72, ""pivot2_low"": 37.03, ""pivot_hours"": 4.0, ""multi_bull_div"": 0.0, ""h1_rsi"": 48.48256886556093, ""h1_dist_ema20"": -0.014487363654969165, ""dist_high_20h"": 4.644740145618886}","{""available"": true, ""label"": ""V11_DIAGNOSTIC_PROXY"", ""quality"": 0.0, ""quality_ge72"": false, ""pressure"": false, ""retrigger"": false, ""fast_confirm"": false, ""fast_break"": true, ""h1_price_above_ema20"": false, ""h1_rsi_ge50"": false, ""near_20h_high_le4_5"": false, ""m15_near_prev_high6_ge_m0_2"": true}",0.789889415481837,-1.237493417588198,-0.974196945760919,0.789889415481837,-1.3691416535018375,-0.05265929436544248,1.0795155344918372,-1.3691416535018375,0.21063717746183652,20.958399157451304,-8.10953133228014,11.374407582938396,14.0,14.0,14.0,14.0,0.0,0.0,1
0cae10a93c63dcc3a33d0b41,2026-10-06T00:00:00+00:00,2026-10-06T00:47:24.830240+00:00,C09,CONFIRMED_REVERSAL,NEARUSDT,5.294,BULL,BULL,"{""btc_ret_24h"": -0.8819253438113961, ""breadth_ret72_delta72"": 26.184538653366587, ""btc_h1_ema50_slope3"": 0.03843535155219069}","{""last_pivot_low_age_h"": 8.0, ""pivot1_low"": 4.811, ""pivot2_low"": 4.923, ""pivot_hours"": 11.0, ""multi_bull_div"": 0.0, ""h1_rsi"": 70.68673999424232, ""h1_dist_ema20"": 3.650568316891345, ""dist_high_20h"": 0.5074234166510094}","{""available"": true, ""label"": ""V11_DIAGNOSTIC_PROXY"", ""quality"": 76.0, ""quality_ge72"": true, ""pressure"": true, ""retrigger"": false, ""fast_confirm"": true, ""fast_break"": false, ""h1_price_above_ema20"": true, ""h1_rsi_ge50"": true, ""near_20h_high_le4_5"": true, ""m15_near_prev_high6_ge_m0_2"": false}",1.4355874574990546,-1.303362296939936,-0.17000377786171583,1.4355874574990546,-1.7755950132225085,-1.5867019267094773,1.4355874574990546,-2.8900642236494023,-0.7933509633547331,1.4355874574990546,-5.081224027200593,-4.306762372497164,,7.0,,15.0,0.0,0.0,1
83abffaa7a5b64b7b86f2d00,2026-10-06T00:00:00+00:00,2026-10-06T00:47:25.239478+00:00,C09,CONFIRMED_REVERSAL,NEIROUSDT,9.281e-05,BULL,BULL,"{""btc_ret_24h"": -0.8819253438113961, ""breadth_ret72_delta72"": 26.184538653366587, ""btc_h1_ema50_slope3"": 0.03843535155219069}","{""last_pivot_low_age_h"": 6.0, ""pivot1_low"": 9.11e-05, ""pivot2_low"": 9.116e-05, ""pivot_hours"": 3.0, ""multi_bull_div"": 0.0, ""h1_rsi"": 52.333980296837034, ""h1_dist_ema20"": 0.08865885086961622, ""dist_high_20h"": 2.0991561181434637}","{""available"": true, ""label"": ""V11_DIAGNOSTIC_PROXY"", ""quality"": 0.0, ""quality_ge72"": false, ""pressure"": false, ""retrigger"": false, ""fast_confirm"": false, ""fast_break"": false, ""h1_price_above_ema20"": true, ""h1_rsi_ge50"": true, ""near_20h_high_le4_5"": true, ""m15_near_prev_high6_ge_m0_2"": false}",-0.12929641202457098,-3.0276909815752595,-2.909169270552736,-0.12929641202457098,-4.51459971985777,-2.4674065294688186,-0.12929641202457098,-4.51459971985777,-1.7347268613296052,-0.12929641202457098,-4.51459971985777,-2.9845921775670803,,3.0,,3.0,0.0,0.0,1
2e2a9887a5d03aefce0b517d,2026-10-06T00:00:00+00:00,2026-10-06T00:47:25.653091+00:00,C09,CONFIRMED_REVERSAL,NEOUSDT,2.584,BULL,BULL,"{""btc_ret_24h"": -0.8819253438113961, ""breadth_ret72_delta72"": 26.184538653366587, ""btc_h1_ema50_slope3"": 0.03843535155219069}","{""last_pivot_low_age_h"": 6.0, ""pivot1_low"": 2.557, ""pivot2_low"": 2.525, ""pivot_hours"": 8.0, ""multi_bull_div"": 0.0, ""h1_rsi"": 57.91416446143582, ""h1_dist_ema20"": 0.6976929877702931, ""dist_high_20h"": 0.30864197530864335}","{""available"": true, ""label"": ""V11_DIAGNOSTIC_PROXY"", ""quality"": 0.0, ""quality_ge72"": false, ""pressure"": false, ""retrigger"": false, ""fast_confirm"": false, ""fast_break"": true, ""h1_price_above_ema20"": true, ""h1_rsi_ge50"": true, ""near_20h_high_le4_5"": true, ""m15_near_prev_high6_ge_m0_2"": true}",0.0,-2.4767801857585203,-2.3219814241486114,0.0,-2.90247678018577,-2.051083591331271,0.0,-2.90247678018577,-0.5417956656346812,0.0,-2.90247678018577,-1.8188854489164186,,3.0,,,0.0,,1
6b5b36b3597df0ea279f521f,2026-10-06T00:00:00+00:00,2026-10-06T00:47:26.063574+00:00,C09,CONFIRMED_REVERSAL,NEWTUSDT,0.0509,BULL,BULL,"{""btc_ret_24h"": -0.8819253438113961, ""breadth_ret72_delta72"": 26.184538653366587, ""btc_h1_ema50_slope3"": 0.03843535155219069}","{""last_pivot_low_age_h"": 7.0, ""pivot1_low"": 0.0509, ""pivot2_low"": 0.05011, ""pivot_hours"": 8.0, ""multi_bull_div"": 0.0, ""h1_rsi"": 50.06844881195119, ""h1_dist_ema20"": 0.021127699135181643, ""dist_high_20h"": 1.3565891472868241}","{""available"": true, ""label"": ""V11_DIAGNOSTIC_PROXY"", ""quality"": 0.0, ""quality_ge72"": false, ""pressure"": false, ""retrigger"": false, ""fast_confirm"": false, ""fast_break"": false, ""h1_price_above_ema20"": true, ""h1_rsi_ge50"": true, ""near_20h_high_le4_5"": true, ""m15_near_prev_high6_ge_m0_2"": false}",0.19646365422396617,-1.846758349705313,-1.630648330058937,0.19646365422396617,-2.4165029469548127,-1.532416502946965,0.19646365422396617,-2.6719056974459754,-1.5717092337917515,0.19646365422396617,-4.007858546168963,-3.1827111984283007,,4.0,,17.0,0.0,0.0,1
50391d34b95685c21410504f,2026-10-06T00:00:00+00:00,2026-10-06T00:47:26.472673+00:00,C09,CONFIRMED_REVERSAL,NEXOUSDT,0.85,BULL,BULL,"{""btc_ret_24h"": -0.8819253438113961, ""breadth_ret72_delta72"": 26.184538653366587, ""btc_h1_ema50_slope3"": 0.03843535155219069}","{""last_pivot_low_age_h"": 7.0, ""pivot1_low"": 0.84, ""pivot2_low"": 0.84, ""pivot_hours"": 1.0, ""multi_bull_div"": 0.0, ""h1_rsi"": 47.38061524540818, ""h1_dist_ema20"": -0.20705361766258923, ""dist_high_20h"": 3.409090909090917}","{""available"": true, ""label"": ""V11_DIAGNOSTIC_PROXY"", ""quality"": 0.0, ""quality_ge72"": false, ""pressure"": false, ""retrigger"": false, ""fast_confirm"": false, ""fast_break"": false, ""h1_price_above_ema20"": false, ""h1_rsi_ge50"": false, ""near_20h_high_le4_5"": true, ""m15_near_prev_high6_ge_m0_2"": false}",0.9411764705882453,-0.23529411764705577,0.588235294117645,0.9411764705882453,-0.23529411764705577,-0.11764705882353343,2.5882352941176467,-0.588235294117645,0.3529411764705781,2.5882352941176467,-1.0588235294117676,0.3529411764705781,,,,,,,1
056c982dd7594fe8697d8468,2026-10-06T00:00:00+00:00,2026-10-06T00:47:26.876012+00:00,C09,CONFIRMED_REVERSAL,NIGHTUSDT,0.05209,BULL,BULL,"{""btc_ret_24h"": -0.8819253438113961, ""breadth_ret72_delta72"": 26.184538653366587, ""btc_h1_ema50_slope3"": 0.03843535155219069}","{""last_pivot_low_age_h"": 5.0, ""pivot1_low"": 0.04645, ""pivot2_low"": 0.04649, ""pivot_hours"": 3.0, ""multi_bull_div"": 0.0, ""h1_rsi"": 68.36717257811264, ""h1_dist_ema20"": 7.605063484940278, ""dist_high_20h"": 1.063627730294403}","{""available"": true, ""label"": ""V11_DIAGNOSTIC_PROXY"", ""quality"": 89.0, ""quality_ge72"": true, ""pressure"": true, ""retrigger"": false, ""fast_confirm"": true, ""fast_break"": false, ""h1_price_above_ema20"": true, ""h1_rsi_ge50"": true, ""near_20h_high_le4_5"": true, ""m15_near_prev_high6_ge_m0_2"": false}",0.115185256287198,-5.068151276636579,-4.012286427337286,0.115185256287198,-5.068151276636579,-3.993088884622764,0.115185256287198,-5.068151276636579,-3.666730658475703,0.115185256287198,-8.101363025532727,-3.7819159147629122,,1.0,,2.0,0.0,0.0,1
864f3219fda1a949d0d3c0a0,2026-10-06T00:00:00+00:00,2026-10-06T00:47:27.282775+00:00,C09,CONFIRMED_REVERSAL,NOMUSDT,0.00245,BULL,BULL,"{""btc_ret_24h"": -0.8819253438113961, ""breadth_ret72_delta72"": 26.184538653366587, ""btc_h1_ema50_slope3"": 0.03843535155219069}","{""last_pivot_low_age_h"": 5.0, ""pivot1_low"": 0.002414, ""pivot2_low"": 0.002362, ""pivot_hours"": 10.0, ""multi_bull_div"": 2.0, ""h1_rsi"": 49.390137665024035, ""h1_dist_ema20"": 0.2965614459302435, ""dist_high_20h"": 4.184591317950714}","{""available"": true, ""label"": ""V11_DIAGNOSTIC_PROXY"", ""quality"": 0.0, ""quality_ge72"": false, ""pressure"": false, ""retrigger"": false, ""fast_confirm"": false, ""fast_break"": false, ""h1_price_above_ema20"": true, ""h1_rsi_ge50"": false, ""near_20h_high_le4_5"": true, ""m15_near_prev_high6_ge_m0_2"": false}",1.4285714285714235,-0.6938775510204165,-0.20408163265305257,1.4285714285714235,-2.0408163265306145,-0.8571428571428452,1.4285714285714235,-2.8163265306122454,-2.244897959183667,1.4285714285714235,-5.755102040816329,-4.448979591836721,,6.0,,15.0,0.0,0.0,1
a6bbd8515411ab94e3e17c1f,2026-10-06T00:00:00+00:00,2026-10-06T00:47:27.698315+00:00,C09,CONFIRMED_REVERSAL,NOTUSDT,0.000499,BULL,BULL,"{""btc_ret_24h"": -0.8819253438113961, ""breadth_ret72_delta72"": 26.184538653366587, ""btc_h1_ema50_slope3"": 0.03843535155219069}","{""last_pivot_low_age_h"": 6.0, ""pivot1_low"": 0.000492, ""pivot2_low"": 0.00049, ""pivot_hours"": 13.0, ""multi_bull_div"": 1.0, ""h1_rsi"": 46.75484533224994, ""h1_dist_ema20"": -0.281852419401718, ""dist_high_20h"": 2.5390625}","{""available"": true, ""label"": ""V11_DIAGNOSTIC_PROXY"", ""quality"": 0.0, ""quality_ge72"": false, ""pressure"": false, ""retrigger"": false, ""fast_confirm"": false, ""fast_break"": false, ""h1_price_above_ema20"": false, ""h1_rsi_ge50"": false, ""near_20h_high_le4_5"": true, ""m15_near_prev_high6_ge_m0_2"": false}",0.20040080160321772,-2.605210420841686,-2.4048096192384683,0.20040080160321772,-3.006012024048088,-1.8036072144288595,0.4008016032064132,-3.006012024048088,-0.2004008016032066,0.4008016032064132,-3.006012024048088,-1.4028056112224352,,3.0,,4.0,0.0,0.0,1
863cfceb314bef266cebb99f,2026-10-06T00:00:00+00:00,2026-10-06T00:47:28.109751+00:00,C09,CONFIRMED_REVERSAL,NXPCUSDT,0.2374,BULL,BULL,"{""btc_ret_24h"": -0.8819253438113961, ""breadth_ret72_delta72"": 26.184538653366587, ""btc_h1_ema50_slope3"": 0.03843535155219069}","{""last_pivot_low_age_h"": 6.0, ""pivot1_low"": 0.2327, ""pivot2_low"": 0.2338, ""pivot_hours"": 3.0, ""multi_bull_div"": 0.0, ""h1_rsi"": 54.29195697046888, ""h1_dist_ema20"": 0.3289766237367653, ""dist_high_20h"": 0.835421888053467}","{""available"": true, ""label"": ""V11_DIAGNOSTIC_PROXY"", ""quality"": 0.0, ""quality_ge72"": false, ""pressure"": false, ""retrigger"": false, ""fast_confirm"": false, ""fast_break"": false, ""h1_price_above_ema20"": true, ""h1_rsi_ge50"": true, ""near_20h_high_le4_5"": true, ""m15_near_prev_high6_ge_m0_2"": false}",0.5054759898904804,-1.6427969671440557,-1.6006739679865212,0.5054759898904804,-1.979780960404387,-1.3900589721988155,0.5054759898904804,-2.4010109519797873,-0.2106149957877057,0.5054759898904804,-2.4010109519797873,-1.6006739679865212,,7.0,,,0.0,,1
c575aa6a1c13fdd657f578a0,2026-10-06T00:00:00+00:00,2026-10-06T00:47:28.521709+00:00,C09,CONFIRMED_REVERSAL,ONDOUSDT,0.4993,BULL,BULL,"{""btc_ret_24h"": -0.8819253438113961, ""breadth_ret72_delta72"": 26.184538653366587, ""btc_h1_ema50_slope3"": 0.03843535155219069}","{""last_pivot_low_age_h"": 7.0, ""pivot1_low"": 0.4932, ""pivot2_low"": 0.4832, ""pivot_hours"": 12.0, ""multi_bull_div"": 0.0, ""h1_rsi"": 54.34670274374194, ""h1_dist_ema20"": 0.5908450596895154, ""dist_high_20h"": 2.1364170913367286}","{""available"": true, ""label"": ""V11_DIAGNOSTIC_PROXY"", ""quality"": 0.0, ""quality_ge72"": false, ""pressure"": false, ""retrigger"": false, ""fast_confirm"": false, ""fast_break"": false, ""h1_price_above_ema20"": true, ""h1_rsi_ge50"": true, ""near_20h_high_le4_5"": true, ""m15_near_prev_high6_ge_m0_2"": false}",0.4606449028640158,-1.5021029441217748,-1.4420188263569056,0.4606449028640158,-2.283196475065097,-2.102944121770478,1.1215701982775883,-2.9641498097336294,0.3004205888243572,2.7238133386741525,-2.9641498097336294,-1.5822151011416041,,4.0,,,0.0,,1
eaf8cea9281e36f7ce39421e,2026-10-06T00:00:00+00:00,2026-10-06T00:47:28.934097+00:00,C09,CONFIRMED_REVERSAL,ONEUSDT,0.002317,BULL,BULL,"{""btc_ret_24h"": -0.8819253438113961, ""breadth_ret72_delta72"": 26.184538653366587, ""btc_h1_ema50_slope3"": 0.03843535155219069}","{""last_pivot_low_age_h"": 6.0, ""pivot1_low"": 0.00235, ""pivot2_low"": 0.002262, ""pivot_hours"": 4.0, ""multi_bull_div"": 1.0, ""h1_rsi"": 40.20012002428272, ""h1_dist_ema20"": -1.6604813031569021, ""dist_high_20h"": 6.232294617563738}","{""available"": true, ""label"": ""V11_DIAGNOSTIC_PROXY"", ""quality"": 0.0, ""quality_ge72"": false, ""pressure"": false, ""retrigger"": false, ""fast_confirm"": false, ""fast_break"": false, ""h1_price_above_ema20"": false, ""h1_rsi_ge50"": false, ""near_20h_high_le4_5"": false, ""m15_near_prev_high6_ge_m0_2"": false}",1.7263703064307245,-0.34527406128614935,1.5537332757876499,3.409581355200686,-0.34527406128614935,1.4242555028053605,3.409581355200686,-0.776866637893836,-0.2157962883038489,3.409581355200686,-3.193785066896848,-2.7190332326284095,5.0,21.0,,24.0,1.0,0.0,1
10cc58456ca51b26b37833b1,2026-10-06T00:00:00+00:00,2026-10-06T00:47:29.344952+00:00,C09,CONFIRMED_REVERSAL,ONGUSDT,0.09049,BULL,BULL,"{""btc_ret_24h"": -0.8819253438113961, ""breadth_ret72_delta72"": 26.184538653366587, ""btc_h1_ema50_slope3"": 0.03843535155219069}","{""last_pivot_low_age_h"": 9.0, ""pivot1_low"": 0.08971, ""pivot2_low"": 0.0893, ""pivot_hours"": 3.0, ""multi_bull_div"": 1.0, ""h1_rsi"": 52.93492293662379, ""h1_dist_ema20"": 0.18153881703599772, ""dist_high_20h"": 1.4484861685907235}","{""available"": true, ""label"": ""V11_DIAGNOSTIC_PROXY"", ""quality"": 0.0, ""quality_ge72"": false, ""pressure"": false, ""retrigger"": false, ""fast_confirm"": false, ""fast_break"": false, ""h1_price_above_ema20"": true, ""h1_rsi_ge50"": true, ""near_20h_high_le4_5"": true, ""m15_near_prev_high6_ge_m0_2"": false}",0.23206984197148284,-2.851143772792575,-2.530666371974799,0.23206984197148284,-2.851143772792575,-1.0940435407227334,0.23206984197148284,-2.851143772792575,-1.5029285003867798,0.23206984197148284,-3.215824953033475,-3.0279588904851384,,3.0,,24.0,0.0,0.0,1
a52b0289ddb2c3c55ba5dfc1,2026-10-06T00:00:00+00:00,2026-10-06T00:47:29.753393+00:00,C09,CONFIRMED_REVERSAL,OPENUSDT,0.1216,BULL,BULL,"{""btc_ret_24h"": -0.8819253438113961, ""breadth_ret72_delta72"": 26.184538653366587, ""btc_h1_ema50_slope3"": 0.03843535155219069}","{""last_pivot_low_age_h"": 9.0, ""pivot1_low"": 0.12, ""pivot2_low"": 0.1181, ""pivot_hours"": 6.0, ""multi_bull_div"": 0.0, ""h1_rsi"": 54.61851856595114, ""h1_dist_ema20"": 0.5681828064702632, ""dist_high_20h"": 1.8563357546408366}","{""available"": true, ""label"": ""V11_DIAGNOSTIC_PROXY"", ""quality"": 0.0, ""quality_ge72"": false, ""pressure"": false, ""retrigger"": false, ""fast_confirm"": false, ""fast_break"": false, ""h1_price_above_ema20"": true, ""h1_rsi_ge50"": true, ""near_20h_high_le4_5"": true, ""m15_near_prev_high6_ge_m0_2"": false}",0.3289473684210398,-1.6447368421052655,-0.9868421052631637,0.3289473684210398,-2.1381578947368474,-1.5625,0.3289473684210398,-2.96052631578948,-1.5625,0.3289473684210398,-3.618421052631582,-1.8092105263157854,,4.0,,17.0,0.0,0.0,1
7148ef9e479dd089f36ab024,2026-10-06T00:00:00+00:00,2026-10-06T00:47:30.158289+00:00,C09,CONFIRMED_REVERSAL,OPGUSDT,0.135,BULL,BULL,"{""btc_ret_24h"": -0.8819253438113961, ""breadth_ret72_delta72"": 26.184538653366587, ""btc_h1_ema50_slope3"": 0.03843535155219069}","{""last_pivot_low_age_h"": 5.0, ""pivot1_low"": 0.1322, ""pivot2_low"": 0.1325, ""pivot_hours"": 4.0, ""multi_bull_div"": 0.0, ""h1_rsi"": 50.993190142760525, ""h1_dist_ema20"": 0.08736509601725562, ""dist_high_20h"": 3.2258064516129004}","{""available"": true, ""label"": ""V11_DIAGNOSTIC_PROXY"", ""quality"": 0.0, ""quality_ge72"": false, ""pressure"": false, ""retrigger"": false, ""fast_confirm"": false, ""fast_break"": true, ""h1_price_above_ema20"": true, ""h1_rsi_ge50"": true, ""near_20h_high_le4_5"": true, ""m15_near_prev_high6_ge_m0_2"": true}",0.22222222222221255,-2.518518518518531,-2.0740740740740726,0.22222222222221255,-2.9629629629629672,-1.7037037037036962,0.8888888888888724,-2.9629629629629672,0.518518518518496,1.3333333333333197,-2.9629629629629672,-0.7407407407407418,,3.0,,,0.0,,1
c73fed1dfd50c3811b87cb25,2026-10-06T00:00:00+00:00,2026-10-06T00:47:30.564633+00:00,C09,CONFIRMED_REVERSAL,OPNUSDT,0.058,BULL,BULL,"{""btc_ret_24h"": -0.8819253438113961, ""breadth_ret72_delta72"": 26.184538653366587, ""btc_h1_ema50_slope3"": 0.03843535155219069}","{""last_pivot_low_age_h"": 8.0, ""pivot1_low"": 0.0554, ""pivot2_low"": 0.057, ""pivot_hours"": 9.0, ""multi_bull_div"": 0.0, ""h1_rsi"": 53.56017359994658, ""h1_dist_ema20"": 0.28935051299538994, ""dist_high_20h"": 2.684563758389258}","{""available"": true, ""label"": ""V11_DIAGNOSTIC_PROXY"", ""quality"": 0.0, ""quality_ge72"": false, ""pressure"": false, ""retrigger"": false, ""fast_confirm"": false, ""fast_break"": false, ""h1_price_above_ema20"": true, ""h1_rsi_ge50"": true, ""near_20h_high_le4_5"": true, ""m15_near_prev_high6_ge_m0_2"": false}",0.8620689655172376,-2.931034482758621,-2.5862068965517238,0.8620689655172376,-3.103448275862075,-1.8965517241379404,0.8620689655172376,-3.103448275862075,-1.0344827586206917,1.724137931034475,-3.103448275862075,0.6896551724137945,,3.0,,4.0,0.0,0.0,1
a7528f5bc333aaa74afac977,2026-10-06T00:00:00+00:00,2026-10-06T00:47:30.979057+00:00,C09,CONFIRMED_REVERSAL,OPUSDT,0.1386,BULL,BULL,"{""btc_ret_24h"": -0.8819253438113961, ""breadth_ret72_delta72"": 26.184538653366587, ""btc_h1_ema50_slope3"": 0.03843535155219069}","{""last_pivot_low_age_h"": 9.0, ""pivot1_low"": 0.13, ""pivot2_low"": 0.1319, ""pivot_hours"": 10.0, ""multi_bull_div"": 0.0, ""h1_rsi"": 60.056504945151325, ""h1_dist_ema20"": 1.6523928086213724, ""dist_high_20h"": 1.7021276595744594}","{""available"": true, ""label"": ""V11_DIAGNOSTIC_PROXY"", ""quality"": 0.0, ""quality_ge72"": false, ""pressure"": false, ""retrigger"": false, ""fast_confirm"": true, ""fast_break"": false, ""h1_price_above_ema20"": true, ""h1_rsi_ge50"": true, ""near_20h_high_le4_5"": true, ""m15_near_prev_high6_ge_m0_2"": false}",0.28860028860029363,-4.18470418470418,-3.607503607503615,0.28860028860029363,-4.401154401154395,-3.1024531024531066,0.28860028860029363,-4.545454545454541,-2.886002886002892,0.28860028860029363,-6.349206349206349,-5.844155844155841,,2.0,,3.0,0.0,0.0,1
6c15960fcac1e3fb37ed2b46,2026-10-06T00:00:00+00:00,2026-10-06T00:47:31.391158+00:00,C09,CONFIRMED_REVERSAL,ORCAUSDT,2.415,BULL,BULL,"{""btc_ret_24h"": -0.8819253438113961, ""breadth_ret72_delta72"": 26.184538653366587, ""btc_h1_ema50_slope3"": 0.03843535155219069}","{""last_pivot_low_age_h"": 8.0, ""pivot1_low"": 1.956, ""pivot2_low"": 1.957, ""pivot_hours"": 4.0, ""multi_bull_div"": 0.0, ""h1_rsi"": 79.29806141958892, ""h1_dist_ema20"": 14.25908468908752, ""dist_high_20h"": 1.4285714285714346}","{""available"": true, ""label"": ""V11_DIAGNOSTIC_PROXY"", ""quality"": 100.0, ""quality_ge72"": true, ""pressure"": true, ""retrigger"": true, ""fast_confirm"": false, ""fast_break"": true, ""h1_price_above_ema20"": true, ""h1_rsi_ge50"": true, ""near_20h_high_le4_5"": true, ""m15_near_prev_high6_ge_m0_2"": true}",3.809523809523818,-5.714285714285705,-2.650103519668734,3.9337474120082705,-5.714285714285705,1.2836438923395477,13.871635610766052,-5.714285714285705,6.459627329192563,37.47412008281572,-5.714285714285705,32.2567287784679,1.0,1.0,8.0,1.0,0.0,0.0,1
01d6bc79e4f8781b6913efc6,2026-10-06T00:00:00+00:00,2026-10-06T00:47:31.804511+00:00,C09,CONFIRMED_REVERSAL,ORDIUSDT,4.608,BULL,BULL,"{""btc_ret_24h"": -0.8819253438113961, ""breadth_ret72_delta72"": 26.184538653366587, ""btc_h1_ema50_slope3"": 0.03843535155219069}","{""last_pivot_low_age_h"": 6.0, ""pivot1_low"": 4.47, ""pivot2_low"": 4.468, ""pivot_hours"": 13.0, ""multi_bull_div"": 0.0, ""h1_rsi"": 56.8449522450183, ""h1_dist_ema20"": 0.8538083859079393, ""dist_high_20h"": 1.158301158301167}","{""available"": true, ""label"": ""V11_DIAGNOSTIC_PROXY"", ""quality"": 0.0, ""quality_ge72"": false, ""pressure"": false, ""retrigger"": false, ""fast_confirm"": false, ""fast_break"": false, ""h1_price_above_ema20"": true, ""h1_rsi_ge50"": true, ""near_20h_high_le4_5"": true, ""m15_near_prev_high6_ge_m0_2"": false}",0.10850694444446418,-2.452256944444431,-2.061631944444442,0.10850694444446418,-2.756076388888884,-1.497395833333337,0.2821180555555802,-2.756076388888884,0.10850694444446418,4.014756944444464,-2.756076388888884,-0.021701388888872852,13.0,3.0,,,0.0,,1
83e84fe084bb1228f68052f6,2026-10-06T00:00:00+00:00,2026-10-06T00:47:32.214091+00:00,C09,CONFIRMED_REVERSAL,PENDLEUSDT,2.452,BULL,BULL,"{""btc_ret_24h"": -0.8819253438113961, ""breadth_ret72_delta72"": 26.184538653366587, ""btc_h1_ema50_slope3"": 0.03843535155219069}","{""last_pivot_low_age_h"": 8.0, ""pivot1_low"": 2.452, ""pivot2_low"": 2.416, ""pivot_hours"": 6.0, ""multi_bull_div"": 0.0, ""h1_rsi"": 47.73346959818862, ""h1_dist_ema20"": -0.589315799920509, ""dist_high_20h"": 5.474171164225128}","{""available"": true, ""label"": ""V11_DIAGNOSTIC_PROXY"", ""quality"": 0.0, ""quality_ge72"": false, ""pressure"": false, ""retrigger"": false, ""fast_confirm"": false, ""fast_break"": false, ""h1_price_above_ema20"": false, ""h1_rsi_ge50"": false, ""near_20h_high_le4_5"": false, ""m15_near_prev_high6_ge_m0_2"": false}",0.9380097879282179,-0.5301794453507314,-0.4078303425774754,0.9380097879282179,-0.815660685154973,-0.5301794453507314,0.978792822185981,-1.3866231647634453,0.815660685154973,1.3458401305057155,-3.6296900489396378,-2.691680261011409,,17.0,,20.0,0.0,0.0,1
57cff53465a5d25de59d74e1,2026-10-06T00:00:00+00:00,2026-10-06T00:47:32.627403+00:00,C09,CONFIRMED_REVERSAL,PENGUUSDT,0.009666,BULL,BULL,"{""btc_ret_24h"": -0.8819253438113961, ""breadth_ret72_delta72"": 26.184538653366587, ""btc_h1_ema50_slope3"": 0.03843535155219069}","{""last_pivot_low_age_h"": 6.0, ""pivot1_low"": 0.009694, ""pivot2_low"": 0.009455, ""pivot_hours"": 7.0, ""multi_bull_div"": 0.0, ""h1_rsi"": 50.29642307735737, ""h1_dist_ema20"": -0.22020296193671074, ""dist_high_20h"": 3.7730214036834298}","{""available"": true, ""label"": ""V11_DIAGNOSTIC_PROXY"", ""quality"": 0.0, ""quality_ge72"": false, ""pressure"": false, ""retrigger"": false, ""fast_confirm"": false, ""fast_break"": false, ""h1_price_above_ema20"": false, ""h1_rsi_ge50"": true, ""near_20h_high_le4_5"": true, ""m15_near_prev_high6_ge_m0_2"": false}",0.18621973929238145,-2.607076350093096,-2.57603972687771,0.18621973929238145,-3.5588661286985235,-2.327746741154557,0.18621973929238145,-3.5588661286985235,-0.6724601696668664,0.8690254500310468,-7.097041175253461,-5.7624663769915045,,3.0,,4.0,0.0,0.0,1
0d15f4213abc1c0e02afd7b4,2026-10-06T00:00:00+00:00,2026-10-06T00:47:33.039841+00:00,C09,CONFIRMED_REVERSAL,PEOPLEUSDT,0.00893,BULL,BULL,"{""btc_ret_24h"": -0.8819253438113961, ""breadth_ret72_delta72"": 26.184538653366587, ""btc_h1_ema50_slope3"": 0.03843535155219069}","{""last_pivot_low_age_h"": 6.0, ""pivot1_low"": 0.00881, ""pivot2_low"": 0.00866, ""pivot_hours"": 13.0, ""multi_bull_div"": 0.0, ""h1_rsi"": 51.85044994069769, ""h1_dist_ema20"": 0.31143416372554356, ""dist_high_20h"": 2.083333333333326}","{""available"": true, ""label"": ""V11_DIAGNOSTIC_PROXY"", ""quality"": 0.0, ""quality_ge72"": false, ""pressure"": false, ""retrigger"": false, ""fast_confirm"": false, ""fast_break"": false, ""h1_price_above_ema20"": true, ""h1_rsi_ge50"": true, ""near_20h_high_le4_5"": true, ""m15_near_prev_high6_ge_m0_2"": false}",0.11198208286673506,-2.911534154535267,-2.6875699888017968,0.11198208286673506,-3.2474804031355053,-2.1276595744680993,1.1198208286674172,-3.2474804031355053,0.7838745800671676,1.903695408734607,-3.2474804031355053,-1.903695408734607,,3.0,,4.0,0.0,0.0,1
f2b9f01c49c698b4088651d1,2026-10-06T00:00:00+00:00,2026-10-06T00:47:33.488894+00:00,C09,CONFIRMED_REVERSAL,PIXELUSDT,0.00627,BULL,BULL,"{""btc_ret_24h"": -0.8819253438113961, ""breadth_ret72_delta72"": 26.184538653366587, ""btc_h1_ema50_slope3"": 0.03843535155219069}","{""last_pivot_low_age_h"": 7.0, ""pivot1_low"": 0.00613, ""pivot2_low"": 0.00606, ""pivot_hours"": 12.0, ""multi_bull_div"": 1.0, ""h1_rsi"": 53.046583489384204, ""h1_dist_ema20"": 0.590521203658545, ""dist_high_20h"": 1.2598425196850283}","{""available"": true, ""label"": ""V11_DIAGNOSTIC_PROXY"", ""quality"": 0.0, ""quality_ge72"": false, ""pressure"": false, ""retrigger"": false, ""fast_confirm"": false, ""fast_break"": false, ""h1_price_above_ema20"": true, ""h1_rsi_ge50"": true, ""near_20h_high_le4_5"": true, ""m15_near_prev_high6_ge_m0_2"": false}",0.31897926634767426,-2.551834130781505,-2.0733652312599826,0.31897926634767426,-3.0303030303030276,-2.392344497607668,1.9138755980861122,-3.0303030303030276,1.594896331738438,1.9138755980861122,-3.0303030303030276,0.6379585326953707,,3.0,,4.0,0.0,0.0,1
2b478ae9974a6098a960867a,2026-10-06T00:00:00+00:00,2026-10-06T00:47:33.902515+00:00,C09,CONFIRMED_REVERSAL,PLUMEUSDT,0.0197,BULL,BULL,"{""btc_ret_24h"": -0.8819253438113961, ""breadth_ret72_delta72"": 26.184538653366587, ""btc_h1_ema50_slope3"": 0.03843535155219069}","{""last_pivot_low_age_h"": 9.0, ""pivot1_low"": 0.0186, ""pivot2_low"": 0.01897, ""pivot_hours"": 6.0, ""multi_bull_div"": 0.0, ""h1_rsi"": 59.06780661223331, ""h1_dist_ema20"": 1.288036266886361, ""dist_high_20h"": 2.4752475247524774}","{""available"": true, ""label"": ""V11_DIAGNOSTIC_PROXY"", ""quality"": 96.0, ""quality_ge72"": true, ""pressure"": false, ""retrigger"": true, ""fast_confirm"": true, ""fast_break"": false, ""h1_price_above_ema20"": true, ""h1_rsi_ge50"": true, ""near_20h_high_le4_5"": true, ""m15_near_prev_high6_ge_m0_2"": false}",0.35532994923859196,-2.4365482233502433,-2.1827411167512634,0.35532994923859196,-3.9593908629441565,-3.248730964466995,0.35532994923859196,-3.9593908629441565,-2.233502538071064,0.35532994923859196,-5.78680203045685,-2.4365482233502433,,3.0,,4.0,0.0,0.0,1
482255f8be9ccf67400cc7df,2026-10-06T00:00:00+00:00,2026-10-06T00:47:34.317084+00:00,C09,CONFIRMED_REVERSAL,PNUTUSDT,0.0548,BULL,BULL,"{""btc_ret_24h"": -0.8819253438113961, ""breadth_ret72_delta72"": 26.184538653366587, ""btc_h1_ema50_slope3"": 0.03843535155219069}","{""last_pivot_low_age_h"": 6.0, ""pivot1_low"": 0.0537, ""pivot2_low"": 0.0535, ""pivot_hours"": 3.0, ""multi_bull_div"": 0.0, ""h1_rsi"": 55.82600671877773, ""h1_dist_ema20"": 0.5239653283840351, ""dist_high_20h"": 1.0830324909747224}","{""available"": true, ""label"": ""V11_DIAGNOSTIC_PROXY"", ""quality"": 0.0, ""quality_ge72"": false, ""pressure"": false, ""retrigger"": false, ""fast_confirm"": true, ""fast_break"": false, ""h1_price_above_ema20"": true, ""h1_rsi_ge50"": true, ""near_20h_high_le4_5"": true, ""m15_near_prev_high6_ge_m0_2"": false}",0.18248175182480342,-2.919708029197088,-2.737226277372262,0.18248175182480342,-3.4671532846715314,-2.007299270073004,0.18248175182480342,-3.4671532846715314,0.0,0.7299270072992581,-3.4671532846715314,-2.007299270073004,,3.0,,4.0,0.0,0.0,1
7bb315b733cdcb57b4a832ff,2026-10-06T00:00:00+00:00,2026-10-06T00:47:34.730141+00:00,C09,CONFIRMED_REVERSAL,POLUSDT,0.10911,BULL,BULL,"{""btc_ret_24h"": -0.8819253438113961, ""breadth_ret72_delta72"": 26.184538653366587, ""btc_h1_ema50_slope3"": 0.03843535155219069}","{""last_pivot_low_age_h"": 7.0, ""pivot1_low"": 0.1066, ""pivot2_low"": 0.10537, ""pivot_hours"": 4.0, ""multi_bull_div"": 1.0, ""h1_rsi"": 52.98092489876655, ""h1_dist_ema20"": 0.4813436486046152, ""dist_high_20h"": 2.4671493698042335}","{""available"": true, ""label"": ""V11_DIAGNOSTIC_PROXY"", ""quality"": 0.0, ""quality_ge72"": false, ""pressure"": false, ""retrigger"": false, ""fast_confirm"": true, ""fast_break"": false, ""h1_price_above_ema20"": true, ""h1_rsi_ge50"": true, ""near_20h_high_le4_5"": true, ""m15_near_prev_high6_ge_m0_2"": false}",0.6598845202089532,-0.5224085784987675,-0.009165062780680522,0.6598845202089532,-0.5224085784987675,-0.03666025112272209,1.7230318027678493,-1.008156905874813,1.5855558610576415,1.7780221794519324,-2.0621391256530175,-1.53973054715425,,18.0,,,0.0,,1
53face8680332e822f571d0f,2026-10-06T00:00:00+00:00,2026-10-06T00:47:35.140827+00:00,C09,CONFIRMED_REVERSAL,POLYXUSDT,0.0426,BULL,BULL,"{""btc_ret_24h"": -0.8819253438113961, ""breadth_ret72_delta72"": 26.184538653366587, ""btc_h1_ema50_slope3"": 0.03843535155219069}","{""last_pivot_low_age_h"": 6.0, ""pivot1_low"": 0.0416, ""pivot2_low"": 0.0416, ""pivot_hours"": 1.0, ""multi_bull_div"": 0.0, ""h1_rsi"": 56.35226784073955, ""h1_dist_ema20"": 0.5931362406028429, ""dist_high_20h"": 0.6993006993006978}","{""available"": true, ""label"": ""V11_DIAGNOSTIC_PROXY"", ""quality"": 0.0, ""quality_ge72"": false, ""pressure"": false, ""retrigger"": false, ""fast_confirm"": false, ""fast_break"": false, ""h1_price_above_ema20"": true, ""h1_rsi_ge50"": true, ""near_20h_high_le4_5"": true, ""m15_near_prev_high6_ge_m0_2"": false}",0.46948356807512415,-1.6431924882629123,-1.6431924882629123,0.46948356807512415,-2.1126760563380254,-0.9389671361502261,1.4084507042253502,-2.1126760563380254,0.7042253521126751,3.9906103286384997,-2.1126760563380254,-0.23474178403755097,16.0,4.0,,,0.0,,1
79051abd4798ab1b942117f4,2026-10-06T00:00:00+00:00,2026-10-06T00:47:35.551781+00:00,C09,CONFIRMED_REVERSAL,PORTALUSDT,0.01803,BULL,BULL,"{""btc_ret_24h"": -0.8819253438113961, ""breadth_ret72_delta72"": 26.184538653366587, ""btc_h1_ema50_slope3"": 0.03843535155219069}","{""last_pivot_low_age_h"": 7.0, ""pivot1_low"": 0.01771, ""pivot2_low"": 0.01759, ""pivot_hours"": 7.0, ""multi_bull_div"": 1.0, ""h1_rsi"": 49.461936542767795, ""h1_dist_ema20"": -0.05879284195005052, ""dist_high_20h"": 3.4279592929833846}","{""available"": true, ""label"": ""V11_DIAGNOSTIC_PROXY"", ""quality"": 0.0, ""quality_ge72"": false, ""pressure"": false, ""retrigger"": false, ""fast_confirm"": false, ""fast_break"": false, ""h1_price_above_ema20"": false, ""h1_rsi_ge50"": false, ""near_20h_high_le4_5"": true, ""m15_near_prev_high6_ge_m0_2"": false}",0.5546311702717688,-0.6655574043261336,-0.4991680532445919,0.9983361064891838,-1.331114808652245,0.88740987243483,0.9983361064891838,-1.331114808652245,0.38824181919023815,0.9983361064891838,-2.1075984470327325,-1.386577925679422,,18.0,,,0.0,,1
35649d211573d71c3f16cb34,2026-10-06T00:00:00+00:00,2026-10-06T00:47:35.961218+00:00,C09,CONFIRMED_REVERSAL,POWRUSDT,0.0672,BULL,BULL,"{""btc_ret_24h"": -0.8819253438113961, ""breadth_ret72_delta72"": 26.184538653366587, ""btc_h1_ema50_slope3"": 0.03843535155219069}","{""last_pivot_low_age_h"": 7.0, ""pivot1_low"": 0.067, ""pivot2_low"": 0.0651, ""pivot_hours"": 8.0, ""multi_bull_div"": 0.0, ""h1_rsi"": 48.383918035197816, ""h1_dist_ema20"": 0.00339656853050041, ""dist_high_20h"": 2.3255813953488413}","{""available"": true, ""label"": ""V11_DIAGNOSTIC_PROXY"", ""quality"": 0.0, ""quality_ge72"": false, ""pressure"": false, ""retrigger"": false, ""fast_confirm"": false, ""fast_break"": false, ""h1_price_above_ema20"": true, ""h1_rsi_ge50"": false, ""near_20h_high_le4_5"": true, ""m15_near_prev_high6_ge_m0_2"": false}",2.529761904761907,-2.8273809523809534,-2.5297619047618958,2.529761904761907,-2.8273809523809534,-1.636904761904745,2.529761904761907,-2.8273809523809534,-0.44642857142855874,2.529761904761907,-2.9761904761904767,-2.8273809523809534,,3.0,,,0.0,,1
14f6ab98c36a62b430134f7d,2026-10-06T00:00:00+00:00,2026-10-06T00:47:36.375584+00:00,C09,CONFIRMED_REVERSAL,PROMUSDT,6.168,BULL,BULL,"{""btc_ret_24h"": -0.8819253438113961, ""breadth_ret72_delta72"": 26.184538653366587, ""btc_h1_ema50_slope3"": 0.03843535155219069}","{""last_pivot_low_age_h"": 9.0, ""pivot1_low"": 6.017, ""pivot2_low"": 6.004, ""pivot_hours"": 7.0, ""multi_bull_div"": 3.0, ""h1_rsi"": 53.30760770563571, ""h1_dist_ema20"": 0.5526503095476087, ""dist_high_20h"": 1.406649616368283}","{""available"": true, ""label"": ""V11_DIAGNOSTIC_PROXY"", ""quality"": 0.0, ""quality_ge72"": false, ""pressure"": false, ""retrigger"": false, ""fast_confirm"": true, ""fast_break"": true, ""h1_price_above_ema20"": true, ""h1_rsi_ge50"": true, ""near_20h_high_le4_5"": true, ""m15_near_prev_high6_ge_m0_2"": true}",0.8754863813229541,-0.6809338521400754,-0.1621271076523989,0.8754863813229541,-0.6809338521400754,-0.06485084306097066,1.0700389105058328,-1.1186770428015524,-1.021400778210113,5.755512321660183,-22.762645914396884,-17.931258106355386,14.0,15.0,15.0,15.0,1.0,0.0,1
c4dbd6e8d787a7b27baa0366,2026-10-06T00:00:00+00:00,2026-10-06T00:47:36.790154+00:00,C09,CONFIRMED_REVERSAL,PROVEUSDT,0.2164,BULL,BULL,"{""btc_ret_24h"": -0.8819253438113961, ""breadth_ret72_delta72"": 26.184538653366587, ""btc_h1_ema50_slope3"": 0.03843535155219069}","{""last_pivot_low_age_h"": 7.0, ""pivot1_low"": 0.2105, ""pivot2_low"": 0.2122, ""pivot_hours"": 12.0, ""multi_bull_div"": 0.0, ""h1_rsi"": 58.271117592562845, ""h1_dist_ema20"": 0.6955055443950364, ""dist_high_20h"": 0.5971520440973821}","{""available"": true, ""label"": ""V11_DIAGNOSTIC_PROXY"", ""quality"": 0.0, ""quality_ge72"": false, ""pressure"": false, ""retrigger"": false, ""fast_confirm"": false, ""fast_break"": false, ""h1_price_above_ema20"": true, ""h1_rsi_ge50"": true, ""near_20h_high_le4_5"": true, ""m15_near_prev_high6_ge_m0_2"": false}",0.4158964879852123,-1.5249537892791154,-0.7393715341959428,3.465804066543421,-2.310536044362299,-1.8484288354898348,3.465804066543421,-2.5415896487985257,-0.23105360443622658,3.465804066543421,-2.5415896487985257,-1.5711645101663674,4.0,5.0,,,1.0,,1
a05b80ff5e731dc8fe3b31e6,2026-10-06T00:00:00+00:00,2026-10-06T00:47:37.200329+00:00,C09,CONFIRMED_REVERSAL,PUMPUSDT,0.006466,BULL,BULL,"{""btc_ret_24h"": -0.8819253438113961, ""breadth_ret72_delta72"": 26.184538653366587, ""btc_h1_ema50_slope3"": 0.03843535155219069}","{""last_pivot_low_age_h"": 6.0, ""pivot1_low"": 0.006349, ""pivot2_low"": 0.006173, ""pivot_hours"": 5.0, ""multi_bull_div"": 0.0, ""h1_rsi"": 55.55954470482715, ""h1_dist_ema20"": 0.9349922241763453, ""dist_high_20h"": 3.406035255452644}","{""available"": true, ""label"": ""V11_DIAGNOSTIC_PROXY"", ""quality"": 84.0, ""quality_ge72"": true, ""pressure"": true, ""retrigger"": false, ""fast_confirm"": true, ""fast_break"": false, ""h1_price_above_ema20"": true, ""h1_rsi_ge50"": true, ""near_20h_high_le4_5"": true, ""m15_near_prev_high6_ge_m0_2"": false}",0.5258274048870915,-2.4435508815341844,-1.6238787503866425,0.5258274048870915,-3.3714815960408373,-2.7373956077946238,0.5258274048870915,-3.4488091555830547,-1.6084132384782013,0.5258274048870915,-5.536653263223023,-4.361274358181255,,1.0,,6.0,0.0,0.0,1
4d8dd1a99d1ecc256816ea64,2026-10-06T00:00:00+00:00,2026-10-06T00:47:37.618665+00:00,C09,CONFIRMED_REVERSAL,PUNDIXUSDT,0.1246,BULL,BULL,"{""btc_ret_24h"": -0.8819253438113961, ""breadth_ret72_delta72"": 26.184538653366587, ""btc_h1_ema50_slope3"": 0.03843535155219069}","{""last_pivot_low_age_h"": 6.0, ""pivot1_low"": 0.1212, ""pivot2_low"": 0.1215, ""pivot_hours"": 3.0, ""multi_bull_div"": 0.0, ""h1_rsi"": 62.388135971859725, ""h1_dist_ema20"": 1.0127358341999182, ""dist_high_20h"": 0.3996802557953538}","{""available"": true, ""label"": ""V11_DIAGNOSTIC_PROXY"", ""quality"": 0.0, ""quality_ge72"": false, ""pressure"": false, ""retrigger"": false, ""fast_confirm"": false, ""fast_break"": false, ""h1_price_above_ema20"": true, ""h1_rsi_ge50"": true, ""near_20h_high_le4_5"": true, ""m15_near_prev_high6_ge_m0_2"": false}",0.16051364365969878,-2.4077046548956704,-2.2471910112359494,0.16051364365969878,-2.6484751203852297,-2.32744783306581,0.16051364365969878,-3.2905296950240803,-1.8459069020866692,0.16051364365969878,-3.77207062600321,-3.04975922953451,,3.0,,10.0,0.0,0.0,1
9ffbceef7e7da046061e8ded,2026-10-06T00:00:00+00:00,2026-10-06T00:47:38.034493+00:00,C09,CONFIRMED_REVERSAL,PYTHUSDT,0.07932,BULL,BULL,"{""btc_ret_24h"": -0.8819253438113961, ""breadth_ret72_delta72"": 26.184538653366587, ""btc_h1_ema50_slope3"": 0.03843535155219069}","{""last_pivot_low_age_h"": 6.0, ""pivot1_low"": 0.07636, ""pivot2_low"": 0.07533, ""pivot_hours"": 13.0, ""multi_bull_div"": 0.0, ""h1_rsi"": 56.52914393962113, ""h1_dist_ema20"": 1.3620095427440804, ""dist_high_20h"": 2.1706956092747864}","{""available"": true, ""label"": ""V11_DIAGNOSTIC_PROXY"", ""quality"": 0.0, ""quality_ge72"": false, ""pressure"": false, ""retrigger"": false, ""fast_confirm"": false, ""fast_break"": false, ""h1_price_above_ema20"": true, ""h1_rsi_ge50"": true, ""near_20h_high_le4_5"": true, ""m15_near_prev_high6_ge_m0_2"": false}",-0.1260716086737279,-3.466969238527484,-2.4205748865355536,-0.1260716086737279,-3.466969238527484,-2.3575390821986897,1.613716591023695,-3.466969238527484,0.8572869389813498,1.8658598083711508,-4.538577912254171,-4.450327786182562,,2.0,,2.0,0.0,0.0,1
1bbf405f55be249c39a3d562,2026-10-06T00:00:00+00:00,2026-10-06T00:47:38.446269+00:00,C09,CONFIRMED_REVERSAL,QIUSDT,0.002938,BULL,BULL,"{""btc_ret_24h"": -0.8819253438113961, ""breadth_ret72_delta72"": 26.184538653366587, ""btc_h1_ema50_slope3"": 0.03843535155219069}","{""last_pivot_low_age_h"": 8.0, ""pivot1_low"": 0.002817, ""pivot2_low"": 0.002793, ""pivot_hours"": 6.0, ""multi_bull_div"": 1.0, ""h1_rsi"": 55.659109127617896, ""h1_dist_ema20"": 1.5987865894991016, ""dist_high_20h"": 2.8117763810784013}","{""available"": true, ""label"": ""V11_DIAGNOSTIC_PROXY"", ""quality"": 0.0, ""quality_ge72"": false, ""pressure"": false, ""retrigger"": false, ""fast_confirm"": true, ""fast_break"": true, ""h1_price_above_ema20"": true, ""h1_rsi_ge50"": true, ""near_20h_high_le4_5"": true, ""m15_near_prev_high6_ge_m0_2"": true}",3.6759700476514556,-1.0211027910142945,-1.0211027910142945,3.6759700476514556,-2.5187202178352686,-2.450646698434311,3.6759700476514556,-3.6419332879509825,-1.5316541865214361,3.6759700476514556,-3.6419332879509825,-1.293396868618113,2.0,4.0,,7.0,1.0,0.0,1
d0d9524369075186da7a1cae,2026-10-06T00:00:00+00:00,2026-10-06T00:47:38.860254+00:00,C09,CONFIRMED_REVERSAL,QKCUSDT,0.0028,BULL,BULL,"{""btc_ret_24h"": -0.8819253438113961, ""breadth_ret72_delta72"": 26.184538653366587, ""btc_h1_ema50_slope3"": 0.03843535155219069}","{""last_pivot_low_age_h"": 5.0, ""pivot1_low"": 0.002786, ""pivot2_low"": 0.002755, ""pivot_hours"": 8.0, ""multi_bull_div"": 0.0, ""h1_rsi"": 54.976484164656185, ""h1_dist_ema20"": 0.5089396359658327, ""dist_high_20h"": 0.6739978715856632}","{""available"": true, ""label"": ""V11_DIAGNOSTIC_PROXY"", ""quality"": 0.0, ""quality_ge72"": false, ""pressure"": false, ""retrigger"": false, ""fast_confirm"": true, ""fast_break"": false, ""h1_price_above_ema20"": true, ""h1_rsi_ge50"": true, ""near_20h_high_le4_5"": true, ""m15_near_prev_high6_ge_m0_2"": false}",3.857142857142848,0.03571428571429447,2.857142857142869,11.00000000000001,-0.6071428571428616,2.8214285714285747,11.00000000000001,-0.6071428571428616,2.1428571428571574,11.00000000000001,-0.6071428571428616,4.107142857142865,1.0,,4.0,,1.0,1.0,1
3b20ebe8d6890be89dee8e44,2026-10-06T00:00:00+00:00,2026-10-06T00:47:39.269427+00:00,C09,CONFIRMED_REVERSAL,QTUMUSDT,0.996,BULL,BULL,"{""btc_ret_24h"": -0.8819253438113961, ""breadth_ret72_delta72"": 26.184538653366587, ""btc_h1_ema50_slope3"": 0.03843535155219069}","{""last_pivot_low_age_h"": 6.0, ""pivot1_low"": 0.977, ""pivot2_low"": 0.982, ""pivot_hours"": 3.0, ""multi_bull_div"": 0.0, ""h1_rsi"": 53.148508370257986, ""h1_dist_ema20"": 0.24119646364288982, ""dist_high_20h"": 0.697906281156524}","{""available"": true, ""label"": ""V11_DIAGNOSTIC_PROXY"", ""quality"": 0.0, ""quality_ge72"": false, ""pressure"": false, ""retrigger"": false, ""fast_confirm"": false, ""fast_break"": false, ""h1_price_above_ema20"": true, ""h1_rsi_ge50"": true, ""near_20h_high_le4_5"": true, ""m15_near_prev_high6_ge_m0_2"": false}",0.10040160642570406,-2.008032128514059,-1.8072289156626509,0.10040160642570406,-2.6104417670682722,-1.6064257028112428,0.10040160642570406,-2.6104417670682722,-0.5020080321285092,0.10040160642570406,-2.6104417670682722,-2.108433734939763,,3.0,,,0.0,,1
78bf7216333af15a29bb8c62,2026-10-06T00:00:00+00:00,2026-10-06T00:47:39.682292+00:00,C09,CONFIRMED_REVERSAL,QUICKUSDT,0.01069,BULL,BULL,"{""btc_ret_24h"": -0.8819253438113961, ""breadth_ret72_delta72"": 26.184538653366587, ""btc_h1_ema50_slope3"": 0.03843535155219069}","{""last_pivot_low_age_h"": 5.0, ""pivot1_low"": 0.01044, ""pivot2_low"": 0.01042, ""pivot_hours"": 3.0, ""multi_bull_div"": 3.0, ""h1_rsi"": 52.342105927192335, ""h1_dist_ema20"": 0.5697389838031253, ""dist_high_20h"": 9.329940627650558}","{""available"": true, ""label"": ""V11_DIAGNOSTIC_PROXY"", ""quality"": 0.0, ""quality_ge72"": false, ""pressure"": false, ""retrigger"": false, ""fast_confirm"": true, ""fast_break"": true, ""h1_price_above_ema20"": true, ""h1_rsi_ge50"": true, ""near_20h_high_le4_5"": false, ""m15_near_prev_high6_ge_m0_2"": true}",0.280636108512633,-0.8419083255378879,-0.7483629560336769,0.280636108512633,-1.0289990645462987,-1.0289990645462987,2.9934518241347075,-1.3096351730589317,1.4031805425631427,19.644527595884,-1.3096351730589317,0.8419083255378768,20.0,,21.0,,1.0,1.0,1
fb17c3183a764aed26a73dd5,2026-10-06T00:00:00+00:00,2026-10-06T00:47:40.119677+00:00,C09,CONFIRMED_REVERSAL,RAREUSDT,0.01691,BULL,BULL,"{""btc_ret_24h"": -0.8819253438113961, ""breadth_ret72_delta72"": 26.184538653366587, ""btc_h1_ema50_slope3"": 0.03843535155219069}","{""last_pivot_low_age_h"": 9.0, ""pivot1_low"": 0.01653, ""pivot2_low"": 0.01662, ""pivot_hours"": 10.0, ""multi_bull_div"": 0.0, ""h1_rsi"": 45.617367702097965, ""h1_dist_ema20"": -0.6654826591527385, ""dist_high_20h"": 2.084539664157492}","{""available"": true, ""label"": ""V11_DIAGNOSTIC_PROXY"", ""quality"": 0.0, ""quality_ge72"": false, ""pressure"": false, ""retrigger"": false, ""fast_confirm"": false, ""fast_break"": false, ""h1_price_above_ema20"": false, ""h1_rsi_ge50"": false, ""near_20h_high_le4_5"": true, ""m15_near_prev_high6_ge_m0_2"": false}",0.47309284447072386,-2.2471910112359605,-2.188054405677131,0.47309284447072386,-2.661147250147855,-2.06978119455945,0.47309284447072386,-2.661147250147855,-1.1827321111768319,0.47309284447072386,-3.8438793613246647,-2.6020106445890145,,3.0,,18.0,0.0,0.0,1
f06a3b20114edd5379a060b9,2026-10-06T00:00:00+00:00,2026-10-06T00:47:40.533326+00:00,C09,CONFIRMED_REVERSAL,RAYUSDT,2.2232,BULL,BULL,"{""btc_ret_24h"": -0.8819253438113961, ""breadth_ret72_delta72"": 26.184538653366587, ""btc_h1_ema50_slope3"": 0.03843535155219069}","{""last_pivot_low_age_h"": 8.0, ""pivot1_low"": 2.04, ""pivot2_low"": 1.9957, ""pivot_hours"": 6.0, ""multi_bull_div"": 0.0, ""h1_rsi"": 72.11105373699333, ""h1_dist_ema20"": 4.71920876463332, ""dist_high_20h"": 0.8606465997770485}","{""available"": true, ""label"": ""V11_DIAGNOSTIC_PROXY"", ""quality"": 76.0, ""quality_ge72"": true, ""pressure"": true, ""retrigger"": false, ""fast_confirm"": false, ""fast_break"": false, ""h1_price_above_ema20"": true, ""h1_rsi_ge50"": true, ""near_20h_high_le4_5"": true, ""m15_near_prev_high6_ge_m0_2"": false}",1.6237855343648855,-3.64339690536164,-3.2970492983087296,1.6237855343648855,-4.565491183879078,-4.367578265563143,1.6237855343648855,-5.298668585822231,-0.8051457358762115,5.154731917956101,-5.298668585822231,-1.3808924073407725,17.0,2.0,17.0,3.0,0.0,0.0,1
dd974d3e355fe018760117e1,2026-10-06T00:00:00+00:00,2026-10-06T00:47:40.945150+00:00,C09,CONFIRMED_REVERSAL,REDUSDT,0.1716,BULL,BULL,"{""btc_ret_24h"": -0.8819253438113961, ""breadth_ret72_delta72"": 26.184538653366587, ""btc_h1_ema50_slope3"": 0.03843535155219069}","{""last_pivot_low_age_h"": 6.0, ""pivot1_low"": 0.1677, ""pivot2_low"": 0.1673, ""pivot_hours"": 3.0, ""multi_bull_div"": 2.0, ""h1_rsi"": 49.09519953045102, ""h1_dist_ema20"": 0.1022474787979899, ""dist_high_20h"": 2.7210884353741527}","{""available"": true, ""label"": ""V11_DIAGNOSTIC_PROXY"", ""quality"": 0.0, ""quality_ge72"": false, ""pressure"": false, ""retrigger"": false, ""fast_confirm"": true, ""fast_break"": false, ""h1_price_above_ema20"": true, ""h1_rsi_ge50"": false, ""near_20h_high_le4_5"": true, ""m15_near_prev_high6_ge_m0_2"": false}",0.2913752913752843,-2.7972027972027913,-2.7972027972027913,0.2913752913752843,-3.4965034965035002,-2.7972027972027913,0.2913752913752843,-4.370629370629375,-3.4965034965035002,0.2913752913752843,-6.93473193473193,-6.759906759906764,,3.0,,4.0,0.0,0.0,1
6aa594674b11b069a808144b,2026-10-06T00:00:00+00:00,2026-10-06T00:47:41.355245+00:00,C09,CONFIRMED_REVERSAL,RENDERUSDT,2.065,BULL,BULL,"{""btc_ret_24h"": -0.8819253438113961, ""breadth_ret72_delta72"": 26.184538653366587, ""btc_h1_ema50_slope3"": 0.03843535155219069}","{""last_pivot_low_age_h"": 9.0, ""pivot1_low"": 1.958, ""pivot2_low"": 1.955, ""pivot_hours"": 10.0, ""multi_bull_div"": 0.0, ""h1_rsi"": 63.32890057418333, ""h1_dist_ema20"": 2.257231022321715, ""dist_high_20h"": 3.369209171736076}","{""available"": true, ""label"": ""V11_DIAGNOSTIC_PROXY"", ""quality"": 0.0, ""quality_ge72"": false, ""pressure"": false, ""retrigger"": false, ""fast_confirm"": true, ""fast_break"": false, ""h1_price_above_ema20"": true, ""h1_rsi_ge50"": true, ""near_20h_high_le4_5"": true, ""m15_near_prev_high6_ge_m0_2"": false}",0.3874092009685137,-1.646489104116211,-1.5012106537530379,1.4527845036319764,-2.4213075060532607,0.5326876513317202,5.375302663438264,-2.4213075060532607,4.745762711864399,6.585956416464889,-2.4213075060532607,3.6803874092009803,9.0,4.0,12.0,,0.0,1.0,1
9ce93682df690a51039bd4f7,2026-10-06T00:00:00+00:00,2026-10-06T00:47:41.765751+00:00,C09,CONFIRMED_REVERSAL,RESOLVUSDT,0.01913,BULL,BULL,"{""btc_ret_24h"": -0.8819253438113961, ""breadth_ret72_delta72"": 26.184538653366587, ""btc_h1_ema50_slope3"": 0.03843535155219069}","{""last_pivot_low_age_h"": 7.0, ""pivot1_low"": 0.01911, ""pivot2_low"": 0.0186, ""pivot_hours"": 11.0, ""multi_bull_div"": 0.0, ""h1_rsi"": 48.14329602579432, ""h1_dist_ema20"": -0.19887682576478216, ""dist_high_20h"": 4.349999999999998}","{""available"": true, ""label"": ""V11_DIAGNOSTIC_PROXY"", ""quality"": 0.0, ""quality_ge72"": false, ""pressure"": false, ""retrigger"": false, ""fast_confirm"": false, ""fast_break"": false, ""h1_price_above_ema20"": false, ""h1_rsi_ge50"": false, ""near_20h_high_le4_5"": true, ""m15_near_prev_high6_ge_m0_2"": false}",0.3659174072137894,-2.456874019864097,-2.1432305279665442,0.3659174072137894,-2.927339257710415,-0.3136434918975528,3.659174072138005,-2.927339257710415,3.3455305802404522,16.93674856246732,-2.927339257710415,16.832200731834803,9.0,2.0,14.0,,0.0,1.0,1
9c2b5b371846a4f824781061,2026-10-06T00:00:00+00:00,2026-10-06T00:47:42.168822+00:00,C09,CONFIRMED_REVERSAL,REUSDT,0.5049,BULL,BULL,"{""btc_ret_24h"": -0.8819253438113961, ""breadth_ret72_delta72"": 26.184538653366587, ""btc_h1_ema50_slope3"": 0.03843535155219069}","{""last_pivot_low_age_h"": 9.0, ""pivot1_low"": 0.5127, ""pivot2_low"": 0.4973, ""pivot_hours"": 8.0, ""multi_bull_div"": 0.0, ""h1_rsi"": 44.0094781196028, ""h1_dist_ema20"": -0.6782155855586169, ""dist_high_20h"": 3.64503816793893}","{""available"": true, ""label"": ""V11_DIAGNOSTIC_PROXY"", ""quality"": 0.0, ""quality_ge72"": false, ""pressure"": false, ""retrigger"": false, ""fast_confirm"": false, ""fast_break"": false, ""h1_price_above_ema20"": false, ""h1_rsi_ge50"": false, ""near_20h_high_le4_5"": true, ""m15_near_prev_high6_ge_m0_2"": false}",0.15844721727074074,-2.2380669439493017,-1.8617548029312814,0.15844721727074074,-2.7332144979203887,-1.9211725094078091,0.15844721727074074,-3.1887502475737795,-2.7530204000792313,0.15844721727074074,-5.129728659140431,-4.476133887898593,,3.0,,12.0,0.0,0.0,1
0b4508258704daf8f53da944,2026-10-06T00:00:00+00:00,2026-10-06T00:47:42.581415+00:00,C09,CONFIRMED_REVERSAL,REZUSDT,0.004156,BULL,BULL,"{""btc_ret_24h"": -0.8819253438113961, ""breadth_ret72_delta72"": 26.184538653366587, ""btc_h1_ema50_slope3"": 0.03843535155219069}","{""last_pivot_low_age_h"": 9.0, ""pivot1_low"": 0.004162, ""pivot2_low"": 0.004024, ""pivot_hours"": 5.0, ""multi_bull_div"": 0.0, ""h1_rsi"": 51.62951021948373, ""h1_dist_ema20"": 0.3763898262202803, ""dist_high_20h"": 2.3037141513869264}","{""available"": true, ""label"": ""V11_DIAGNOSTIC_PROXY"", ""quality"": 0.0, ""quality_ge72"": false, ""pressure"": false, ""retrigger"": false, ""fast_confirm"": false, ""fast_break"": false, ""h1_price_above_ema20"": true, ""h1_rsi_ge50"": true, ""near_20h_high_le4_5"": true, ""m15_near_prev_high6_ge_m0_2"": false}",0.4812319538017418,-2.2858517805582235,-2.117420596727637,0.4812319538017418,-3.15206929740135,-1.3955726660250245,0.4812319538017418,-3.15206929740135,-2.1896053897978773,0.4812319538017418,-4.210779595765157,-3.224254090471601,,3.0,,4.0,0.0,0.0,1
76e60b6184c2bd57f70a16f3,2026-10-06T00:00:00+00:00,2026-10-06T00:47:42.991282+00:00,C09,CONFIRMED_REVERSAL,RIFUSDT,0.0831,BULL,BULL,"{""btc_ret_24h"": -0.8819253438113961, ""breadth_ret72_delta72"": 26.184538653366587, ""btc_h1_ema50_slope3"": 0.03843535155219069}","{""last_pivot_low_age_h"": 5.0, ""pivot1_low"": 0.0819, ""pivot2_low"": 0.0825, ""pivot_hours"": 4.0, ""multi_bull_div"": 0.0, ""h1_rsi"": 56.08760891328258, ""h1_dist_ema20"": 0.5368300040114571, ""dist_high_20h"": 1.3064133016627122}","{""available"": true, ""label"": ""V11_DIAGNOSTIC_PROXY"", ""quality"": 0.0, ""quality_ge72"": false, ""pressure"": false, ""retrigger"": false, ""fast_confirm"": false, ""fast_break"": false, ""h1_price_above_ema20"": true, ""h1_rsi_ge50"": true, ""near_20h_high_le4_5"": true, ""m15_near_prev_high6_ge_m0_2"": false}",-0.12033694344162349,-1.4440433212996262,-1.4440433212996262,-0.12033694344162349,-1.9253910950661757,-0.7220216606498076,0.1203369434416457,-1.9253910950661757,0.0,1.0830324909747446,-1.9253910950661757,-0.9626955475330878,,,,,,,1
2ab1637f8cd0b2b1c561de22,2026-10-06T00:00:00+00:00,2026-10-06T00:47:43.398251+00:00,C09,CONFIRMED_REVERSAL,ROBOUSDT,0.00859,BULL,BULL,"{""btc_ret_24h"": -0.8819253438113961, ""breadth_ret72_delta72"": 26.184538653366587, ""btc_h1_ema50_slope3"": 0.03843535155219069}","{""last_pivot_low_age_h"": 9.0, ""pivot1_low"": 0.00802, ""pivot2_low"": 0.00832, ""pivot_hours"": 10.0, ""multi_bull_div"": 0.0, ""h1_rsi"": 53.29409237791365, ""h1_dist_ema20"": 0.4615350892888559, ""dist_high_20h"": 1.4908256880733939}","{""available"": true, ""label"": ""V11_DIAGNOSTIC_PROXY"", ""quality"": 0.0, ""quality_ge72"": false, ""pressure"": false, ""retrigger"": false, ""fast_confirm"": false, ""fast_break"": false, ""h1_price_above_ema20"": true, ""h1_rsi_ge50"": true, ""near_20h_high_le4_5"": true, ""m15_near_prev_high6_ge_m0_2"": false}",-0.11641443538998875,-3.0267753201396963,-1.7462165308498312,-0.11641443538998875,-3.9580908032596063,-2.4447031431897526,-0.11641443538998875,-3.9580908032596063,-1.396973224679865,3.8416763678696286,-3.9580908032596063,2.56111757857973,14.0,2.0,,3.0,0.0,0.0,1
825604e63c4689013f227a82,2026-10-06T00:00:00+00:00,2026-10-06T00:47:43.813046+00:00,C09,CONFIRMED_REVERSAL,RONINUSDT,0.0681,BULL,BULL,"{""btc_ret_24h"": -0.8819253438113961, ""breadth_ret72_delta72"": 26.184538653366587, ""btc_h1_ema50_slope3"": 0.03843535155219069}","{""last_pivot_low_age_h"": 6.0, ""pivot1_low"": 0.0657, ""pivot2_low"": 0.0657, ""pivot_hours"": 3.0, ""multi_bull_div"": 0.0, ""h1_rsi"": 57.558377070264804, ""h1_dist_ema20"": 1.0588475234450945, ""dist_high_20h"": 0.5839416058394331}","{""available"": true, ""label"": ""V11_DIAGNOSTIC_PROXY"", ""quality"": 0.0, ""quality_ge72"": false, ""pressure"": false, ""retrigger"": false, ""fast_confirm"": false, ""fast_break"": false, ""h1_price_above_ema20"": true, ""h1_rsi_ge50"": true, ""near_20h_high_le4_5"": true, ""m15_near_prev_high6_ge_m0_2"": false}",0.4405286343612369,-3.3773861967694496,-3.083700440528625,0.4405286343612369,-3.3773861967694496,-2.202643171806151,2.3494860499265746,-3.3773861967694496,1.468428781204123,2.6431718061674214,-3.3773861967694496,1.7621145374449476,,2.0,,3.0,0.0,0.0,1
3ad36f760723352a494586f1,2026-10-06T00:00:00+00:00,2026-10-06T00:47:44.226712+00:00,C09,CONFIRMED_REVERSAL,ROSEUSDT,0.00836,BULL,BULL,"{""btc_ret_24h"": -0.8819253438113961, ""breadth_ret72_delta72"": 26.184538653366587, ""btc_h1_ema50_slope3"": 0.03843535155219069}","{""last_pivot_low_age_h"": 7.0, ""pivot1_low"": 0.00835, ""pivot2_low"": 0.00818, ""pivot_hours"": 7.0, ""multi_bull_div"": 0.0, ""h1_rsi"": 48.39328715422235, ""h1_dist_ema20"": -0.12429115329655183, ""dist_high_20h"": 2.1077283372365474}","{""available"": true, ""label"": ""V11_DIAGNOSTIC_PROXY"", ""quality"": 0.0, ""quality_ge72"": false, ""pressure"": false, ""retrigger"": false, ""fast_confirm"": false, ""fast_break"": false, ""h1_price_above_ema20"": false, ""h1_rsi_ge50"": false, ""near_20h_high_le4_5"": true, ""m15_near_prev_high6_ge_m0_2"": false}",0.0,-2.511961722488043,-2.2727272727272596,0.0,-2.9904306220095767,-2.0334928229665095,1.5550239234449759,-2.9904306220095767,0.837320574162681,3.9473684210526327,-2.9904306220095767,0.0,15.0,2.0,,,0.0,,1
e9118cff08f430a0b9e57cf5,2026-10-06T00:00:00+00:00,2026-10-06T00:47:44.638365+00:00,C09,CONFIRMED_REVERSAL,RPLUSDT,1.942,BULL,BULL,"{""btc_ret_24h"": -0.8819253438113961, ""breadth_ret72_delta72"": 26.184538653366587, ""btc_h1_ema50_slope3"": 0.03843535155219069}","{""last_pivot_low_age_h"": 6.0, ""pivot1_low"": 1.925, ""pivot2_low"": 1.892, ""pivot_hours"": 8.0, ""multi_bull_div"": 0.0, ""h1_rsi"": 54.2348609025422, ""h1_dist_ema20"": 0.5103714417751481, ""dist_high_20h"": 1.4213197969543123}","{""available"": true, ""label"": ""V11_DIAGNOSTIC_PROXY"", ""quality"": 0.0, ""quality_ge72"": false, ""pressure"": false, ""retrigger"": false, ""fast_confirm"": false, ""fast_break"": false, ""h1_price_above_ema20"": true, ""h1_rsi_ge50"": true, ""near_20h_high_le4_5"": true, ""m15_near_prev_high6_ge_m0_2"": false}",0.3089598352214118,-2.2657054582904235,-2.162718846549949,0.3089598352214118,-3.038105046343975,-1.5447991761071034,0.3089598352214118,-3.038105046343975,-0.3604531410916545,0.3089598352214118,-3.038105046343975,-2.626158599382078,,3.0,,4.0,0.0,0.0,1
04b6a2ec69a762c0d78076bb,2026-10-06T00:00:00+00:00,2026-10-06T00:47:45.048959+00:00,C09,CONFIRMED_REVERSAL,RSRUSDT,0.001745,BULL,BULL,"{""btc_ret_24h"": -0.8819253438113961, ""breadth_ret72_delta72"": 26.184538653366587, ""btc_h1_ema50_slope3"": 0.03843535155219069}","{""last_pivot_low_age_h"": 6.0, ""pivot1_low"": 0.001741, ""pivot2_low"": 0.001692, ""pivot_hours"": 6.0, ""multi_bull_div"": 0.0, ""h1_rsi"": 53.468477877797845, ""h1_dist_ema20"": 0.4432485309885381, ""dist_high_20h"": 5.77753779697624}","{""available"": true, ""label"": ""V11_DIAGNOSTIC_PROXY"", ""quality"": 0.0, ""quality_ge72"": false, ""pressure"": false, ""retrigger"": false, ""fast_confirm"": false, ""fast_break"": false, ""h1_price_above_ema20"": true, ""h1_rsi_ge50"": true, ""near_20h_high_le4_5"": false, ""m15_near_prev_high6_ge_m0_2"": false}",0.2865329512893977,-2.4641833810888247,-2.2349570200573043,0.2865329512893977,-2.865329512893988,-1.8911174785100293,4.756446991404006,-2.865329512893988,4.297994269340966,4.756446991404006,-2.865329512893988,-0.17191977077363196,12.0,3.0,,,0.0,,1
5d534324f49a0a08b78717a8,2026-10-06T00:00:00+00:00,2026-10-06T00:47:45.459771+00:00,C09,CONFIRMED_REVERSAL,RVNUSDT,0.002451,BULL,BULL,"{""btc_ret_24h"": -0.8819253438113961, ""breadth_ret72_delta72"": 26.184538653366587, ""btc_h1_ema50_slope3"": 0.03843535155219069}","{""last_pivot_low_age_h"": 6.0, ""pivot1_low"": 0.002354, ""pivot2_low"": 0.002419, ""pivot_hours"": 8.0, ""multi_bull_div"": 0.0, ""h1_rsi"": 51.88906072653909, ""h1_dist_ema20"": 0.06111051641575216, ""dist_high_20h"": 14.599303135888508}","{""available"": true, ""label"": ""V11_DIAGNOSTIC_PROXY"", ""quality"": 0.0, ""quality_ge72"": false, ""pressure"": false, ""retrigger"": false, ""fast_confirm"": false, ""fast_break"": false, ""h1_price_above_ema20"": true, ""h1_rsi_ge50"": true, ""near_20h_high_le4_5"": false, ""m15_near_prev_high6_ge_m0_2"": false}",0.1223990208078396,-3.100775193798455,-2.61117911056713,0.6119951040391536,-3.4679722562219517,0.0,1.2647898816809278,-3.4679722562219517,-1.509587923296618,1.2647898816809278,-6.283149734802129,-5.140758873929019,,2.0,,3.0,0.0,0.0,1
96bbeb108353f98953af340e,2026-10-06T00:00:00+00:00,2026-10-06T00:47:45.870422+00:00,C09,CONFIRMED_REVERSAL,SAHARAUSDT,0.00935,BULL,BULL,"{""btc_ret_24h"": -0.8819253438113961, ""breadth_ret72_delta72"": 26.184538653366587, ""btc_h1_ema50_slope3"": 0.03843535155219069}","{""last_pivot_low_age_h"": 6.0, ""pivot1_low"": 0.00915, ""pivot2_low"": 0.00914, ""pivot_hours"": 3.0, ""multi_bull_div"": 1.0, ""h1_rsi"": 57.28328585845336, ""h1_dist_ema20"": 0.6198395611426211, ""dist_high_20h"": 0.6376195536663021}","{""available"": true, ""label"": ""V11_DIAGNOSTIC_PROXY"", ""quality"": 0.0, ""quality_ge72"": false, ""pressure"": false, ""retrigger"": false, ""fast_confirm"": false, ""fast_break"": false, ""h1_price_above_ema20"": true, ""h1_rsi_ge50"": true, ""near_20h_high_le4_5"": true, ""m15_near_prev_high6_ge_m0_2"": false}",0.10695187165774556,-1.8181818181818188,-1.6042780748663166,0.10695187165774556,-2.032085561497332,-0.9625668449197988,0.10695187165774556,-2.032085561497332,-0.64171122994654,0.10695187165774556,-2.99465240641712,-2.7807486631016065,,4.0,,,0.0,,1
5d213263ab182bc51fa05b0d,2026-10-06T00:00:00+00:00,2026-10-06T00:47:46.279799+00:00,C09,CONFIRMED_REVERSAL,SANDUSDT,0.06981,BULL,BULL,"{""btc_ret_24h"": -0.8819253438113961, ""breadth_ret72_delta72"": 26.184538653366587, ""btc_h1_ema50_slope3"": 0.03843535155219069}","{""last_pivot_low_age_h"": 6.0, ""pivot1_low"": 0.07215, ""pivot2_low"": 0.06629, ""pivot_hours"": 9.0, ""multi_bull_div"": 0.0, ""h1_rsi"": 44.31303681395452, ""h1_dist_ema20"": -0.8446635642125666, ""dist_high_20h"": 6.608695652173912}","{""available"": true, ""label"": ""V11_DIAGNOSTIC_PROXY"", ""quality"": 0.0, ""quality_ge72"": false, ""pressure"": false, ""retrigger"": false, ""fast_confirm"": false, ""fast_break"": false, ""h1_price_above_ema20"": false, ""h1_rsi_ge50"": false, ""near_20h_high_le4_5"": false, ""m15_near_prev_high6_ge_m0_2"": false}",0.5586592178770999,-5.142529723535305,-4.068185073771657,0.5586592178770999,-6.5033662799026,-6.3744449219309445,0.5586592178770999,-7.033376307119321,-5.013608365563682,0.5586592178770999,-7.033376307119321,-4.397650766365857,,1.0,,1.0,0.0,0.0,1
3b3416ed20947d78b5f2fb92,2026-10-06T00:00:00+00:00,2026-10-06T00:47:46.691004+00:00,C09,CONFIRMED_REVERSAL,SANTOSUSDT,0.523,BULL,BULL,"{""btc_ret_24h"": -0.8819253438113961, ""breadth_ret72_delta72"": 26.184538653366587, ""btc_h1_ema50_slope3"": 0.03843535155219069}","{""last_pivot_low_age_h"": 7.0, ""pivot1_low"": 0.518, ""pivot2_low"": 0.518, ""pivot_hours"": 2.0, ""multi_bull_div"": 0.0, ""h1_rsi"": 55.36483685915458, ""h1_dist_ema20"": 0.24914942518916572, ""dist_high_20h"": 0.5703422053231932}","{""available"": true, ""label"": ""V11_DIAGNOSTIC_PROXY"", ""quality"": 0.0, ""quality_ge72"": false, ""pressure"": false, ""retrigger"": false, ""fast_confirm"": false, ""fast_break"": false, ""h1_price_above_ema20"": true, ""h1_rsi_ge50"": true, ""near_20h_high_le4_5"": true, ""m15_near_prev_high6_ge_m0_2"": true}",0.19120458891013214,-0.9560229445506718,-0.9560229445506718,0.3824091778202643,-0.9560229445506718,0.3824091778202643,2.294455066921608,-0.9560229445506718,0.19120458891013214,3.441682600382423,-0.9560229445506718,0.5736137667303964,20.0,,,,1.0,,1
cc0d8531dd6af6ed15163454,2026-10-06T00:00:00+00:00,2026-10-06T00:47:47.097239+00:00,C09,CONFIRMED_REVERSAL,SAPIENUSDT,0.076,BULL,BULL,"{""btc_ret_24h"": -0.8819253438113961, ""breadth_ret72_delta72"": 26.184538653366587, ""btc_h1_ema50_slope3"": 0.03843535155219069}","{""last_pivot_low_age_h"": 7.0, ""pivot1_low"": 0.0755, ""pivot2_low"": 0.0745, ""pivot_hours"": 7.0, ""multi_bull_div"": 0.0, ""h1_rsi"": 54.554412754670786, ""h1_dist_ema20"": 0.39481362179207835, ""dist_high_20h"": 0.7832898172323799}","{""available"": true, ""label"": ""V11_DIAGNOSTIC_PROXY"", ""quality"": 0.0, ""quality_ge72"": false, ""pressure"": false, ""retrigger"": false, ""fast_confirm"": false, ""fast_break"": false, ""h1_price_above_ema20"": true, ""h1_rsi_ge50"": true, ""near_20h_high_le4_5"": true, ""m15_near_prev_high6_ge_m0_2"": false}",0.0,-1.9736842105263164,-1.9736842105263164,0.0,-2.500000000000002,-1.5789473684210464,1.3157894736842035,-2.500000000000002,0.5263157894736858,1.3157894736842035,-2.500000000000002,-0.2631578947368318,,4.0,,,0.0,,1
145b836b7ad124bbc6be404d,2026-10-06T00:00:00+00:00,2026-10-06T00:47:47.510018+00:00,C09,CONFIRMED_REVERSAL,SCUSDT,0.001027,BULL,BULL,"{""btc_ret_24h"": -0.8819253438113961, ""breadth_ret72_delta72"": 26.184538653366587, ""btc_h1_ema50_slope3"": 0.03843535155219069}","{""last_pivot_low_age_h"": 6.0, ""pivot1_low"": 0.001015, ""pivot2_low"": 0.001006, ""pivot_hours"": 5.0, ""multi_bull_div"": 0.0, ""h1_rsi"": 54.04732631896429, ""h1_dist_ema20"": 0.5334416543889331, ""dist_high_20h"": 0.5808325266214998}","{""available"": true, ""label"": ""V11_DIAGNOSTIC_PROXY"", ""quality"": 0.0, ""quality_ge72"": false, ""pressure"": false, ""retrigger"": false, ""fast_confirm"": false, ""fast_break"": false, ""h1_price_above_ema20"": true, ""h1_rsi_ge50"": true, ""near_20h_high_le4_5"": true, ""m15_near_prev_high6_ge_m0_2"": false}",7.205452775073029,-0.19474196689385215,4.479065238558921,8.763388510223958,-0.19474196689385215,4.868549172346648,8.763388510223958,-0.19474196689385215,4.479065238558921,8.763388510223958,-0.19474196689385215,5.452775073028238,1.0,,2.0,,1.0,1.0,1
d728b1e3853103ef5c86e766,2026-10-06T00:00:00+00:00,2026-10-06T00:47:47.924434+00:00,C09,CONFIRMED_REVERSAL,SEIUSDT,0.074,BULL,BULL,"{""btc_ret_24h"": -0.8819253438113961, ""breadth_ret72_delta72"": 26.184538653366587, ""btc_h1_ema50_slope3"": 0.03843535155219069}","{""last_pivot_low_age_h"": 6.0, ""pivot1_low"": 0.07388, ""pivot2_low"": 0.07153, ""pivot_hours"": 9.0, ""multi_bull_div"": 0.0, ""h1_rsi"": 55.35461592467499, ""h1_dist_ema20"": 0.7700038297319134, ""dist_high_20h"": 2.1164021164021274}","{""available"": true, ""label"": ""V11_DIAGNOSTIC_PROXY"", ""quality"": 0.0, ""quality_ge72"": false, ""pressure"": false, ""retrigger"": false, ""fast_confirm"": false, ""fast_break"": false, ""h1_price_above_ema20"": true, ""h1_rsi_ge50"": true, ""near_20h_high_le4_5"": true, ""m15_near_prev_high6_ge_m0_2"": false}",0.9864864864864931,-0.5270270270270272,0.2702702702702675,0.9864864864864931,-0.9189189189189206,-0.8648648648648671,1.0945945945946,-1.3513513513513487,-0.17567567567566833,1.0945945945946,-2.864864864864858,-2.729729729729724,,17.0,,,0.0,,1
cfc9c3d5bd02fa05a36e0539,2026-10-06T00:00:00+00:00,2026-10-06T00:47:48.330325+00:00,C09,CONFIRMED_REVERSAL,SENTUSDT,0.02505,BULL,BULL,"{""btc_ret_24h"": -0.8819253438113961, ""breadth_ret72_delta72"": 26.184538653366587, ""btc_h1_ema50_slope3"": 0.03843535155219069}","{""last_pivot_low_age_h"": 5.0, ""pivot1_low"": 0.02342, ""pivot2_low"": 0.02362, ""pivot_hours"": 6.0, ""multi_bull_div"": 0.0, ""h1_rsi"": 68.85585155039848, ""h1_dist_ema20"": 3.787647478084799, ""dist_high_20h"": 2.0336331638639016}","{""available"": true, ""label"": ""V11_DIAGNOSTIC_PROXY"", ""quality"": 81.0, ""quality_ge72"": true, ""pressure"": true, ""retrigger"": false, ""fast_confirm"": false, ""fast_break"": false, ""h1_price_above_ema20"": true, ""h1_rsi_ge50"": true, ""near_20h_high_le4_5"": true, ""m15_near_prev_high6_ge_m0_2"": false}",2.7145708582834382,-1.1177644710578805,2.6347305389221587,3.8323353293413076,-1.1177644710578805,0.5588822355289569,6.347305389221569,-1.1177644710578805,3.952095808383249,6.347305389221569,-1.1177644710578805,2.914171656686637,4.0,,9.0,,1.0,1.0,1
183bab0d0408a462c1538254,2026-10-06T00:00:00+00:00,2026-10-06T00:47:48.740181+00:00,C09,CONFIRMED_REVERSAL,SFPUSDT,0.3017,BULL,BULL,"{""btc_ret_24h"": -0.8819253438113961, ""breadth_ret72_delta72"": 26.184538653366587, ""btc_h1_ema50_slope3"": 0.03843535155219069}","{""last_pivot_low_age_h"": 7.0, ""pivot1_low"": 0.2959, ""pivot2_low"": 0.2962, ""pivot_hours"": 12.0, ""multi_bull_div"": 0.0, ""h1_rsi"": 56.58299299559588, ""h1_dist_ema20"": 0.5119535401370001, ""dist_high_20h"": 0.7239223428759378}","{""available"": true, ""label"": ""V11_DIAGNOSTIC_PROXY"", ""quality"": 0.0, ""quality_ge72"": false, ""pressure"": false, ""retrigger"": false, ""fast_confirm"": false, ""fast_break"": false, ""h1_price_above_ema20"": true, ""h1_rsi_ge50"": true, ""near_20h_high_le4_5"": true, ""m15_near_prev_high6_ge_m0_2"": false}",0.13258203513422107,-2.0550215445807263,-1.8892940006629222,0.13258203513422107,-2.5190586675505666,-1.4915478952601924,0.13258203513422107,-2.5190586675505666,-0.6960556844547772,0.13258203513422107,-2.5190586675505666,-1.3258203513423994,,3.0,,,0.0,,1
dbb7d79c61a4d7959cc9a49f,2026-10-06T00:00:00+00:00,2026-10-06T00:47:49.151778+00:00,C09,CONFIRMED_REVERSAL,SHELLUSDT,0.02397,BULL,BULL,"{""btc_ret_24h"": -0.8819253438113961, ""breadth_ret72_delta72"": 26.184538653366587, ""btc_h1_ema50_slope3"": 0.03843535155219069}","{""last_pivot_low_age_h"": 7.0, ""pivot1_low"": 0.02385, ""pivot2_low"": 0.02344, ""pivot_hours"": 7.0, ""multi_bull_div"": 0.0, ""h1_rsi"": 51.267928815683895, ""h1_dist_ema20"": 0.1422450349104043, ""dist_high_20h"": 1.2360939431396711}","{""available"": true, ""label"": ""V11_DIAGNOSTIC_PROXY"", ""quality"": 0.0, ""quality_ge72"": false, ""pressure"": false, ""retrigger"": false, ""fast_confirm"": false, ""fast_break"": false, ""h1_price_above_ema20"": true, ""h1_rsi_ge50"": true, ""near_20h_high_le4_5"": true, ""m15_near_prev_high6_ge_m0_2"": false}",0.4171881518564957,-1.8773466833541974,-1.7521902377972465,1.3350020859407508,-2.294534835210693,1.042970379641206,4.255319148936154,-2.294534835210693,3.462661660408828,5.1314142678347885,-2.294534835210693,3.295786399666256,11.0,4.0,16.0,,0.0,1.0,1
3c6e04177c740fb85b9fbb04,2026-10-06T00:00:00+00:00,2026-10-06T00:47:49.564811+00:00,C09,CONFIRMED_REVERSAL,SHIBUSDT,5.88e-06,BULL,BULL,"{""btc_ret_24h"": -0.8819253438113961, ""breadth_ret72_delta72"": 26.184538653366587, ""btc_h1_ema50_slope3"": 0.03843535155219069}","{""last_pivot_low_age_h"": 7.0, ""pivot1_low"": 5.93e-06, ""pivot2_low"": 5.84e-06, ""pivot_hours"": 6.0, ""multi_bull_div"": 0.0, ""h1_rsi"": 47.99145363889268, ""h1_dist_ema20"": -0.31029298822210505, ""dist_high_20h"": 2.1630615640599093}","{""available"": true, ""label"": ""V11_DIAGNOSTIC_PROXY"", ""quality"": 0.0, ""quality_ge72"": false, ""pressure"": false, ""retrigger"": false, ""fast_confirm"": false, ""fast_break"": false, ""h1_price_above_ema20"": false, ""h1_rsi_ge50"": false, ""near_20h_high_le4_5"": true, ""m15_near_prev_high6_ge_m0_2"": false}",0.3401360544217802,-1.0204081632652962,-0.8503401360544172,0.3401360544217802,-1.3605442176870652,-0.6802721088435271,0.6802721088435382,-1.3605442176870652,0.5102040816326703,0.6802721088435382,-2.3809523809523725,-1.5306122448979553,,20.0,,,0.0,,1
e116b62e7fefdaa6289d4734,2026-10-06T00:00:00+00:00,2026-10-06T00:47:49.975183+00:00,C09,CONFIRMED_REVERSAL,SIGNUSDT,0.01274,BULL,BULL,"{""btc_ret_24h"": -0.8819253438113961, ""breadth_ret72_delta72"": 26.184538653366587, ""btc_h1_ema50_slope3"": 0.03843535155219069}","{""last_pivot_low_age_h"": 6.0, ""pivot1_low"": 0.01254, ""pivot2_low"": 0.01246, ""pivot_hours"": 13.0, ""multi_bull_div"": 0.0, ""h1_rsi"": 52.891812140704204, ""h1_dist_ema20"": 0.32928517449910544, ""dist_high_20h"": 2.450229709035223}","{""available"": true, ""label"": ""V11_DIAGNOSTIC_PROXY"", ""quality"": 0.0, ""quality_ge72"": false, ""pressure"": false, ""retrigger"": false, ""fast_confirm"": false, ""fast_break"": false, ""h1_price_above_ema20"": true, ""h1_rsi_ge50"": true, ""near_20h_high_le4_5"": true, ""m15_near_prev_high6_ge_m0_2"": false}",0.23547880690737433,-2.1193092621664023,-1.9623233908948268,0.31397174254317317,-2.590266875981162,0.07849293563579884,0.784929356357944,-2.590266875981162,-0.23547880690736323,0.9419152276295195,-2.590266875981162,-1.0204081632653073,,3.0,,,0.0,,1
e4d27484a4b53bbafea56b6a,2026-10-06T00:00:00+00:00,2026-10-06T00:47:50.384969+00:00,C09,CONFIRMED_REVERSAL,SKLUSDT,0.00488,BULL,BULL,"{""btc_ret_24h"": -0.8819253438113961, ""breadth_ret72_delta72"": 26.184538653366587, ""btc_h1_ema50_slope3"": 0.03843535155219069}","{""last_pivot_low_age_h"": 9.0, ""pivot1_low"": 0.00464, ""pivot2_low"": 0.00462, ""pivot_hours"": 5.0, ""multi_bull_div"": 0.0, ""h1_rsi"": 62.36907143795743, ""h1_dist_ema20"": 2.602933790183304, ""dist_high_20h"": 5.2427184466019465}","{""available"": true, ""label"": ""V11_DIAGNOSTIC_PROXY"", ""quality"": 0.0, ""quality_ge72"": false, ""pressure"": false, ""retrigger"": false, ""fast_confirm"": true, ""fast_break"": false, ""h1_price_above_ema20"": true, ""h1_rsi_ge50"": true, ""near_20h_high_le4_5"": false, ""m15_near_prev_high6_ge_m0_2"": false}",0.0,-2.254098360655732,-2.049180327868838,1.8442622950819665,-2.4590163934426146,0.819672131147553,1.8442622950819665,-3.0737704918032738,-1.43442622950819,1.8442622950819665,-3.0737704918032738,-1.2295081967213184,,3.0,,10.0,0.0,0.0,1
2721a0f1af5e5886e5cad0de,2026-10-06T00:00:00+00:00,2026-10-06T00:47:50.793606+00:00,C09,CONFIRMED_REVERSAL,SKYUSDT,0.08766,BULL,BULL,"{""btc_ret_24h"": -0.8819253438113961, ""breadth_ret72_delta72"": 26.184538653366587, ""btc_h1_ema50_slope3"": 0.03843535155219069}","{""last_pivot_low_age_h"": 5.0, ""pivot1_low"": 0.09331, ""pivot2_low"": 0.08861, ""pivot_hours"": 9.0, ""multi_bull_div"": 1.0, ""h1_rsi"": 32.22432426058636, ""h1_dist_ema20"": -4.348453855038937, ""dist_high_20h"": 14.126175548589348}","{""available"": true, ""label"": ""V11_DIAGNOSTIC_PROXY"", ""quality"": 0.0, ""quality_ge72"": false, ""pressure"": false, ""retrigger"": false, ""fast_confirm"": false, ""fast_break"": false, ""h1_price_above_ema20"": false, ""h1_rsi_ge50"": false, ""near_20h_high_le4_5"": false, ""m15_near_prev_high6_ge_m0_2"": false}",2.110426648414343,-0.5361624458133707,0.28519279032626077,2.110426648414343,-0.9696554871092888,0.3194159251654227,3.490759753593431,-0.9696554871092888,2.5895505361624327,3.6048368697239264,-1.5172256445357024,1.870864704540276,12.0,,,,1.0,,1
7c12e8631bd2e23b0064af60,2026-10-06T00:00:00+00:00,2026-10-06T00:47:51.204713+00:00,C09,CONFIRMED_REVERSAL,SLPUSDT,0.000697,BULL,BULL,"{""btc_ret_24h"": -0.8819253438113961, ""breadth_ret72_delta72"": 26.184538653366587, ""btc_h1_ema50_slope3"": 0.03843535155219069}","{""last_pivot_low_age_h"": 7.0, ""pivot1_low"": 0.000694, ""pivot2_low"": 0.000678, ""pivot_hours"": 8.0, ""multi_bull_div"": 0.0, ""h1_rsi"": 50.11452265330343, ""h1_dist_ema20"": 0.20661308493170605, ""dist_high_20h"": 1.134751773049647}","{""available"": true, ""label"": ""V11_DIAGNOSTIC_PROXY"", ""quality"": 0.0, ""quality_ge72"": false, ""pressure"": false, ""retrigger"": false, ""fast_confirm"": false, ""fast_break"": false, ""h1_price_above_ema20"": true, ""h1_rsi_ge50"": true, ""near_20h_high_le4_5"": true, ""m15_near_prev_high6_ge_m0_2"": false}",0.43041606886655703,-1.7216642754662947,-1.434720229555242,0.43041606886655703,-2.152080344332863,-0.8608321377331474,0.5738880918220834,-2.152080344332863,-0.2869440459110528,0.7173601147776099,-2.869440459110484,-2.4390243902439046,,4.0,,,0.0,,1
aec4945e2721bac0205e6398,2026-10-06T00:00:00+00:00,2026-10-06T00:47:51.616315+00:00,C09,CONFIRMED_REVERSAL,SNXUSDT,0.2525,BULL,BULL,"{""btc_ret_24h"": -0.8819253438113961, ""breadth_ret72_delta72"": 26.184538653366587, ""btc_h1_ema50_slope3"": 0.03843535155219069}","{""last_pivot_low_age_h"": 6.0, ""pivot1_low"": 0.248, ""pivot2_low"": 0.2483, ""pivot_hours"": 3.0, ""multi_bull_div"": 0.0, ""h1_rsi"": 49.415959440483164, ""h1_dist_ema20"": 0.03161217506397751, ""dist_high_20h"": 1.3286440015631173}","{""available"": true, ""label"": ""V11_DIAGNOSTIC_PROXY"", ""quality"": 0.0, ""quality_ge72"": false, ""pressure"": false, ""retrigger"": false, ""fast_confirm"": false, ""fast_break"": false, ""h1_price_above_ema20"": true, ""h1_rsi_ge50"": false, ""near_20h_high_le4_5"": true, ""m15_near_prev_high6_ge_m0_2"": false}",0.43564356435643603,-1.9009900990099027,-1.7425742574257441,0.43564356435643603,-2.099009900990101,-0.8316831683168324,2.3762376237623783,-2.099009900990101,2.3366336633663387,3.2475247524752504,-2.099009900990101,1.3465346534653477,13.0,4.0,,,0.0,,1
969b57093e7f5663703ea43b,2026-10-06T00:00:00+00:00,2026-10-06T00:47:52.027247+00:00,C09,CONFIRMED_REVERSAL,SOLUSDT,120.78,BULL,BULL,"{""btc_ret_24h"": -0.8819253438113961, ""breadth_ret72_delta72"": 26.184538653366587, ""btc_h1_ema50_slope3"": 0.03843535155219069}","{""last_pivot_low_age_h"": 7.0, ""pivot1_low"": 120.0, ""pivot2_low"": 118.93, ""pivot_hours"": 11.0, ""multi_bull_div"": 1.0, ""h1_rsi"": 52.18613324675472, ""h1_dist_ema20"": 0.17194154388724403, ""dist_high_20h"": 1.0648754914809988}","{""available"": true, ""label"": ""V11_DIAGNOSTIC_PROXY"", ""quality"": 0.0, ""quality_ge72"": false, ""pressure"": false, ""retrigger"": false, ""fast_confirm"": false, ""fast_break"": false, ""h1_price_above_ema20"": true, ""h1_rsi_ge50"": true, ""near_20h_high_le4_5"": true, ""m15_near_prev_high6_ge_m0_2"": false}",0.41397582381188514,-0.5133300215267478,-0.48021195562178987,0.41397582381188514,-0.8776287464812071,-0.8031130981950629,0.41397582381188514,-1.573108130485179,-0.37257824143069884,1.0101010101010166,-1.573108130485179,-0.05795661533366525,,,,,,,1
e2dd411e923b3d39d4edb93a,2026-10-06T00:00:00+00:00,2026-10-06T00:47:52.435302+00:00,C09,CONFIRMED_REVERSAL,SOMIUSDT,0.2163,BULL,BULL,"{""btc_ret_24h"": -0.8819253438113961, ""breadth_ret72_delta72"": 26.184538653366587, ""btc_h1_ema50_slope3"": 0.03843535155219069}","{""last_pivot_low_age_h"": 6.0, ""pivot1_low"": 0.2073, ""pivot2_low"": 0.2064, ""pivot_hours"": 3.0, ""multi_bull_div"": 1.0, ""h1_rsi"": 63.41071464678958, ""h1_dist_ema20"": 2.0998070792889623, ""dist_high_20h"": 0.1845869866174521}","{""available"": true, ""label"": ""V11_DIAGNOSTIC_PROXY"", ""quality"": 0.0, ""quality_ge72"": false, ""pressure"": false, ""retrigger"": false, ""fast_confirm"": false, ""fast_break"": false, ""h1_price_above_ema20"": true, ""h1_rsi_ge50"": true, ""near_20h_high_le4_5"": true, ""m15_near_prev_high6_ge_m0_2"": true}",0.2311604253351751,-2.0342117429495987,-1.3407304669440512,0.3698566805362846,-2.0342117429495987,-0.1386962552011095,1.987979657882577,-2.0342117429495987,1.6181229773462702,1.987979657882577,-3.374942209893672,-2.542764678687015,,2.0,,23.0,0.0,0.0,1
f545d415e445bf8b4b768ea7,2026-10-06T00:00:00+00:00,2026-10-06T00:47:52.843575+00:00,C09,CONFIRMED_REVERSAL,SOPHUSDT,0.00382,BULL,BULL,"{""btc_ret_24h"": -0.8819253438113961, ""breadth_ret72_delta72"": 26.184538653366587, ""btc_h1_ema50_slope3"": 0.03843535155219069}","{""last_pivot_low_age_h"": 9.0, ""pivot1_low"": 0.00382, ""pivot2_low"": 0.00375, ""pivot_hours"": 4.0, ""multi_bull_div"": 0.0, ""h1_rsi"": 52.791084719896176, ""h1_dist_ema20"": 0.19507220119301394, ""dist_high_20h"": 1.5463917525773252}","{""available"": true, ""label"": ""V11_DIAGNOSTIC_PROXY"", ""quality"": 0.0, ""quality_ge72"": false, ""pressure"": false, ""retrigger"": false, ""fast_confirm"": false, ""fast_break"": false, ""h1_price_above_ema20"": true, ""h1_rsi_ge50"": true, ""near_20h_high_le4_5"": true, ""m15_near_prev_high6_ge_m0_2"": false}",0.2617801047120505,-2.0942408376963373,-2.0942408376963373,0.2617801047120505,-2.617801047120416,-1.832460732984298,0.2617801047120505,-2.617801047120416,-0.2617801047120394,0.2617801047120505,-2.8795811518324554,-2.0942408376963373,,3.0,,,0.0,,1
be0d7530a80a5250552d1157,2026-10-06T00:00:00+00:00,2026-10-06T00:47:53.250935+00:00,C09,CONFIRMED_REVERSAL,SPELLUSDT,9.86e-05,BULL,BULL,"{""btc_ret_24h"": -0.8819253438113961, ""breadth_ret72_delta72"": 26.184538653366587, ""btc_h1_ema50_slope3"": 0.03843535155219069}","{""last_pivot_low_age_h"": 9.0, ""pivot1_low"": 9.79e-05, ""pivot2_low"": 9.68e-05, ""pivot_hours"": 4.0, ""multi_bull_div"": 0.0, ""h1_rsi"": 53.462087425185224, ""h1_dist_ema20"": 0.23312664408434713, ""dist_high_20h"": 0.6048387096774244}","{""available"": true, ""label"": ""V11_DIAGNOSTIC_PROXY"", ""quality"": 0.0, ""quality_ge72"": false, ""pressure"": false, ""retrigger"": false, ""fast_confirm"": false, ""fast_break"": false, ""h1_price_above_ema20"": true, ""h1_rsi_ge50"": true, ""near_20h_high_le4_5"": true, ""m15_near_prev_high6_ge_m0_2"": false}",0.40567951318457585,-1.6227180527383367,-1.6227180527383367,0.40567951318457585,-1.7241379310344862,-0.6085192697768749,8.519269776876271,-1.7241379310344862,-0.30425963488842633,8.519269776876271,-1.7241379310344862,-0.10141987829614951,9.0,,9.0,,1.0,1.0,1
ea9a35bade73098bbe9ab916,2026-10-06T00:00:00+00:00,2026-10-06T00:47:53.660063+00:00,C09,CONFIRMED_REVERSAL,SPKUSDT,0.025094,BULL,BULL,"{""btc_ret_24h"": -0.8819253438113961, ""breadth_ret72_delta72"": 26.184538653366587, ""btc_h1_ema50_slope3"": 0.03843535155219069}","{""last_pivot_low_age_h"": 9.0, ""pivot1_low"": 0.02458, ""pivot2_low"": 0.024531, ""pivot_hours"": 3.0, ""multi_bull_div"": 3.0, ""h1_rsi"": 54.108175522615426, ""h1_dist_ema20"": 0.33567679223938107, ""dist_high_20h"": 1.8308426570690872}","{""available"": true, ""label"": ""V11_DIAGNOSTIC_PROXY"", ""quality"": 0.0, ""quality_ge72"": false, ""pressure"": false, ""retrigger"": false, ""fast_confirm"": false, ""fast_break"": false, ""h1_price_above_ema20"": true, ""h1_rsi_ge50"": true, ""near_20h_high_le4_5"": true, ""m15_near_prev_high6_ge_m0_2"": false}",0.6615127122021169,-2.3511596397545187,-2.275444329321763,0.6615127122021169,-4.447278233840768,-3.6941101458516035,0.6615127122021169,-4.447278233840768,-2.120028692117637,0.6615127122021169,-4.562843707659203,-3.6064397864031372,,3.0,,4.0,0.0,0.0,1
cef97d50a533b071a9295998,2026-10-06T00:00:00+00:00,2026-10-06T00:47:54.074000+00:00,C09,CONFIRMED_REVERSAL,SSVUSDT,3.14,BULL,BULL,"{""btc_ret_24h"": -0.8819253438113961, ""breadth_ret72_delta72"": 26.184538653366587, ""btc_h1_ema50_slope3"": 0.03843535155219069}","{""last_pivot_low_age_h"": 6.0, ""pivot1_low"": 3.132, ""pivot2_low"": 3.069, ""pivot_hours"": 8.0, ""multi_bull_div"": 0.0, ""h1_rsi"": 54.37453911650339, ""h1_dist_ema20"": 0.4573998099304477, ""dist_high_20h"": 0.8525418377012817}","{""available"": true, ""label"": ""V11_DIAGNOSTIC_PROXY"", ""quality"": 0.0, ""quality_ge72"": false, ""pressure"": false, ""retrigger"": false, ""fast_confirm"": false, ""fast_break"": false, ""h1_price_above_ema20"": true, ""h1_rsi_ge50"": true, ""near_20h_high_le4_5"": true, ""m15_near_prev_high6_ge_m0_2"": false}",0.2547770700636942,-3.2802547770700685,-2.898089171974527,0.2547770700636942,-3.3757961783439594,-2.388535031847139,0.2547770700636942,-3.3757961783439594,-0.9554140127388644,0.2547770700636942,-3.3757961783439594,-2.0063694267515975,,1.0,,3.0,0.0,0.0,1
fde48c06569aae4e3ebce3f5,2026-10-06T00:00:00+00:00,2026-10-06T00:47:54.491244+00:00,C09,CONFIRMED_REVERSAL,STEEMUSDT,0.06312,BULL,BULL,"{""btc_ret_24h"": -0.8819253438113961, ""breadth_ret72_delta72"": 26.184538653366587, ""btc_h1_ema50_slope3"": 0.03843535155219069}","{""last_pivot_low_age_h"": 6.0, ""pivot1_low"": 0.06218, ""pivot2_low"": 0.06231, ""pivot_hours"": 11.0, ""multi_bull_div"": 0.0, ""h1_rsi"": 50.81862645545812, ""h1_dist_ema20"": 0.08771431048286704, ""dist_high_20h"": 0.6922592825676643}","{""available"": true, ""label"": ""V11_DIAGNOSTIC_PROXY"", ""quality"": 0.0, ""quality_ge72"": false, ""pressure"": false, ""retrigger"": false, ""fast_confirm"": false, ""fast_break"": false, ""h1_price_above_ema20"": true, ""h1_rsi_ge50"": true, ""near_20h_high_le4_5"": true, ""m15_near_prev_high6_ge_m0_2"": false}",5.640050697084931,-1.3941698352344711,-1.3307984790874472,5.640050697084931,-1.8377693282636165,-0.6178707224334667,5.640050697084931,-1.8377693282636165,0.23764258555134532,5.640050697084931,-3.1844106463878252,-2.1387832699619747,1.0,19.0,1.0,20.0,1.0,1.0,1
2c92dd32a340852800349da8,2026-10-06T00:00:00+00:00,2026-10-06T00:47:54.905905+00:00,C09,CONFIRMED_REVERSAL,STGUSDT,0.1871,BULL,BULL,"{""btc_ret_24h"": -0.8819253438113961, ""breadth_ret72_delta72"": 26.184538653366587, ""btc_h1_ema50_slope3"": 0.03843535155219069}","{""last_pivot_low_age_h"": 12.0, ""pivot1_low"": 0.1639, ""pivot2_low"": 0.1667, ""pivot_hours"": 5.0, ""multi_bull_div"": 0.0, ""h1_rsi"": 70.82520976230529, ""h1_dist_ema20"": 6.424869521805321, ""dist_high_20h"": 0.10678056593700358}","{""available"": true, ""label"": ""V11_DIAGNOSTIC_PROXY"", ""quality"": 92.0, ""quality_ge72"": true, ""pressure"": true, ""retrigger"": false, ""fast_confirm"": true, ""fast_break"": true, ""h1_price_above_ema20"": true, ""h1_rsi_ge50"": true, ""near_20h_high_le4_5"": true, ""m15_near_prev_high6_ge_m0_2"": true}",0.5879208979155726,-6.57402458578299,-1.6568679850347379,,,,,,,,,,,,,,,,0
06b11d923318731b5e18b4c5,2026-10-06T00:00:00+00:00,2026-10-06T00:47:55.314309+00:00,C09,CONFIRMED_REVERSAL,STOUSDT,0.0414,BULL,BULL,"{""btc_ret_24h"": -0.8819253438113961, ""breadth_ret72_delta72"": 26.184538653366587, ""btc_h1_ema50_slope3"": 0.03843535155219069}","{""last_pivot_low_age_h"": 6.0, ""pivot1_low"": 0.0405, ""pivot2_low"": 0.0407, ""pivot_hours"": 3.0, ""multi_bull_div"": 0.0, ""h1_rsi"": 56.012242235354364, ""h1_dist_ema20"": 0.5332157120243153, ""dist_high_20h"": 0.9569377990430561}","{""available"": true, ""label"": ""V11_DIAGNOSTIC_PROXY"", ""quality"": 0.0, ""quality_ge72"": false, ""pressure"": false, ""retrigger"": false, ""fast_confirm"": false, ""fast_break"": false, ""h1_price_above_ema20"": true, ""h1_rsi_ge50"": true, ""near_20h_high_le4_5"": true, ""m15_near_prev_high6_ge_m0_2"": false}",1.449275362318847,-1.2077294685990392,-1.2077294685990392,1.449275362318847,-2.4154589371980673,-0.24154589371979673,1.6908212560386549,-2.4154589371980673,1.449275362318847,2.1739130434782483,-2.4154589371980673,1.449275362318847,,4.0,,,0.0,,1
6abcb2a93857f31f8c792f0a,2026-10-06T00:00:00+00:00,2026-10-06T00:47:55.724184+00:00,C09,CONFIRMED_REVERSAL,STRAXUSDT,0.01135,BULL,BULL,"{""btc_ret_24h"": -0.8819253438113961, ""breadth_ret72_delta72"": 26.184538653366587, ""btc_h1_ema50_slope3"": 0.03843535155219069}","{""last_pivot_low_age_h"": 7.0, ""pivot1_low"": 0.0114, ""pivot2_low"": 0.01117, ""pivot_hours"": 11.0, ""multi_bull_div"": 0.0, ""h1_rsi"": 47.534985755997255, ""h1_dist_ema20"": -0.08407242546235594, ""dist_high_20h"": 1.304347826086949}","{""available"": true, ""label"": ""V11_DIAGNOSTIC_PROXY"", ""quality"": 0.0, ""quality_ge72"": false, ""pressure"": false, ""retrigger"": false, ""fast_confirm"": false, ""fast_break"": false, ""h1_price_above_ema20"": false, ""h1_rsi_ge50"": false, ""near_20h_high_le4_5"": true, ""m15_near_prev_high6_ge_m0_2"": false}",1.1453744493391982,-0.35242290748899174,-0.17621145374450142,1.1453744493391982,-0.35242290748899174,-0.08810572687225626,1.1453744493391982,-0.7048458149779724,0.35242290748898064,1.1453744493391982,-0.8810572687224738,-0.6167400881057272,,,,,,,1
14bc5438580ce9ae5946dc9d,2026-10-06T00:00:00+00:00,2026-10-06T00:47:56.137789+00:00,C09,CONFIRMED_REVERSAL,STRKUSDT,0.05285,BULL,BULL,"{""btc_ret_24h"": -0.8819253438113961, ""breadth_ret72_delta72"": 26.184538653366587, ""btc_h1_ema50_slope3"": 0.03843535155219069}","{""last_pivot_low_age_h"": 6.0, ""pivot1_low"": 0.05659, ""pivot2_low"": 0.05135, ""pivot_hours"": 10.0, ""multi_bull_div"": 0.0, ""h1_rsi"": 40.821208404462695, ""h1_dist_ema20"": -2.5626848120300916, ""dist_high_20h"": 11.355249916135524}","{""available"": true, ""label"": ""V11_DIAGNOSTIC_PROXY"", ""quality"": 0.0, ""quality_ge72"": false, ""pressure"": false, ""retrigger"": false, ""fast_confirm"": false, ""fast_break"": false, ""h1_price_above_ema20"": false, ""h1_rsi_ge50"": false, ""near_20h_high_le4_5"": false, ""m15_near_prev_high6_ge_m0_2"": false}",0.8703878902554418,-1.343424787133396,-0.9839167455061526,0.8703878902554418,-2.213812677388849,-1.9110690633869498,0.8703878902554418,-2.535477767265848,-1.5704824976348286,0.8703878902554418,-4.124881740775788,-2.213812677388849,,5.0,,18.0,0.0,0.0,1
3fe384715f762f67c67f59bc,2026-10-06T00:00:00+00:00,2026-10-06T00:47:56.550156+00:00,C09,CONFIRMED_REVERSAL,SUIUSDT,1.2138,BULL,BULL,"{""btc_ret_24h"": -0.8819253438113961, ""breadth_ret72_delta72"": 26.184538653366587, ""btc_h1_ema50_slope3"": 0.03843535155219069}","{""last_pivot_low_age_h"": 7.0, ""pivot1_low"": 1.2228, ""pivot2_low"": 1.176, ""pivot_hours"": 7.0, ""multi_bull_div"": 0.0, ""h1_rsi"": 50.832663143771214, ""h1_dist_ema20"": 0.09323143474879725, ""dist_high_20h"": 3.2443204463929787}","{""available"": true, ""label"": ""V11_DIAGNOSTIC_PROXY"", ""quality"": 0.0, ""quality_ge72"": false, ""pressure"": false, ""retrigger"": false, ""fast_confirm"": false, ""fast_break"": false, ""h1_price_above_ema20"": true, ""h1_rsi_ge50"": true, ""near_20h_high_le4_5"": true, ""m15_near_prev_high6_ge_m0_2"": false}",0.36249794035261296,-1.87015982863733,-1.6394793211402248,0.36249794035261296,-2.3974295600593054,-1.903114186851207,0.36249794035261296,-2.644587246663377,-0.7414730598121477,0.36249794035261296,-3.2295271049596175,-2.941176470588236,,4.0,,24.0,0.0,0.0,1
267f213c743fd7506af4a3a6,2026-10-06T00:00:00+00:00,2026-10-06T00:47:56.958513+00:00,C09,CONFIRMED_REVERSAL,SUPERUSDT,0.2369,BULL,BULL,"{""btc_ret_24h"": -0.8819253438113961, ""breadth_ret72_delta72"": 26.184538653366587, ""btc_h1_ema50_slope3"": 0.03843535155219069}","{""last_pivot_low_age_h"": 6.0, ""pivot1_low"": 0.2349, ""pivot2_low"": 0.2319, ""pivot_hours"": 5.0, ""multi_bull_div"": 1.0, ""h1_rsi"": 42.35288862668839, ""h1_dist_ema20"": -0.7241149381117418, ""dist_high_20h"": 5.088141025641024}","{""available"": true, ""label"": ""V11_DIAGNOSTIC_PROXY"", ""quality"": 0.0, ""quality_ge72"": false, ""pressure"": false, ""retrigger"": false, ""fast_confirm"": false, ""fast_break"": false, ""h1_price_above_ema20"": false, ""h1_rsi_ge50"": false, ""near_20h_high_le4_5"": false, ""m15_near_prev_high6_ge_m0_2"": false}",1.815111861544949,-0.042211903756850244,0.33769523005486857,1.815111861544949,-0.042211903756850244,1.5196285352469419,1.8573237653018104,-1.2241452089489124,0.42211903756859126,4.854368932038833,-1.2241452089489124,-0.12663571127057294,13.0,,,,1.0,,1
dde484d20258c03b59e35fb0,2026-10-06T00:00:00+00:00,2026-10-06T00:47:57.370300+00:00,C09,CONFIRMED_REVERSAL,SUSHIUSDT,0.2542,BULL,BULL,"{""btc_ret_24h"": -0.8819253438113961, ""breadth_ret72_delta72"": 26.184538653366587, ""btc_h1_ema50_slope3"": 0.03843535155219069}","{""last_pivot_low_age_h"": 6.0, ""pivot1_low"": 0.2551, ""pivot2_low"": 0.2497, ""pivot_hours"": 8.0, ""multi_bull_div"": 0.0, ""h1_rsi"": 48.90808426750264, ""h1_dist_ema20"": -0.09669171174717661, ""dist_high_20h"": 1.9668337832626226}","{""available"": true, ""label"": ""V11_DIAGNOSTIC_PROXY"", ""quality"": 0.0, ""quality_ge72"": false, ""pressure"": false, ""retrigger"": false, ""fast_confirm"": true, ""fast_break"": false, ""h1_price_above_ema20"": false, ""h1_rsi_ge50"": false, ""near_20h_high_le4_5"": true, ""m15_near_prev_high6_ge_m0_2"": false}",0.2753737214791663,-2.281667977970092,-2.084972462627843,0.2753737214791663,-2.5177025963807997,-0.8261211644374433,1.8095987411486991,-2.5177025963807997,1.45554681353266,1.8882769472856165,-2.5177025963807997,-0.5114083398898406,,3.0,,,0.0,,1
d1432a0602d60a3badde4e80,2026-10-06T00:00:00+00:00,2026-10-06T00:47:57.793619+00:00,C09,CONFIRMED_REVERSAL,SXTUSDT,0.00956,BULL,BULL,"{""btc_ret_24h"": -0.8819253438113961, ""breadth_ret72_delta72"": 26.184538653366587, ""btc_h1_ema50_slope3"": 0.03843535155219069}","{""last_pivot_low_age_h"": 9.0, ""pivot1_low"": 0.0094, ""pivot2_low"": 0.0094, ""pivot_hours"": 5.0, ""multi_bull_div"": 0.0, ""h1_rsi"": 52.509225126272, ""h1_dist_ema20"": 0.2527145941683573, ""dist_high_20h"": 1.6460905349794053}","{""available"": true, ""label"": ""V11_DIAGNOSTIC_PROXY"", ""quality"": 0.0, ""quality_ge72"": false, ""pressure"": false, ""retrigger"": false, ""fast_confirm"": true, ""fast_break"": false, ""h1_price_above_ema20"": true, ""h1_rsi_ge50"": true, ""near_20h_high_le4_5"": true, ""m15_near_prev_high6_ge_m0_2"": false}",0.10460251046024993,-2.6150627615062816,-2.6150627615062816,0.10460251046024993,-2.9288702928870314,-2.092050209205021,0.10460251046024993,-2.9288702928870314,-1.673640167364021,0.10460251046024993,-3.870292887029292,-1.987447698744782,,3.0,,17.0,0.0,0.0,1
9b3838b58abcc93666455eb3,2026-10-06T00:00:00+00:00,2026-10-06T00:47:59.028149+00:00,C09,CONFIRMED_REVERSAL,SYNUSDT,0.18495,BULL,BULL,"{""btc_ret_24h"": -0.8819253438113961, ""breadth_ret72_delta72"": 26.184538653366587, ""btc_h1_ema50_slope3"": 0.03843535155219069}","{""last_pivot_low_age_h"": 7.0, ""pivot1_low"": 0.18317, ""pivot2_low"": 0.1815, ""pivot_hours"": 7.0, ""multi_bull_div"": 0.0, ""h1_rsi"": 51.030722956307834, ""h1_dist_ema20"": 0.15054611379956562, ""dist_high_20h"": 2.013245033112576}","{""available"": true, ""label"": ""V11_DIAGNOSTIC_PROXY"", ""quality"": 0.0, ""quality_ge72"": false, ""pressure"": false, ""retrigger"": false, ""fast_confirm"": false, ""fast_break"": false, ""h1_price_above_ema20"": true, ""h1_rsi_ge50"": true, ""near_20h_high_le4_5"": true, ""m15_near_prev_high6_ge_m0_2"": false}",1.2814274128142733,-1.7356042173560349,-0.6758583400919171,1.2814274128142733,-2.3790213571235563,-2.341173290078402,1.2814274128142733,-5.574479589078141,-5.077047850770489,7.596647742633156,-5.574479589078141,3.406326034063256,16.0,6.0,16.0,7.0,0.0,0.0,1
728a9137cce70822a1726dba,2026-10-06T00:00:00+00:00,2026-10-06T00:47:58.203353+00:00,C09,CONFIRMED_REVERSAL,TAOUSDT,305.9,BULL,BULL,"{""btc_ret_24h"": -0.8819253438113961, ""breadth_ret72_delta72"": 26.184538653366587, ""btc_h1_ema50_slope3"": 0.03843535155219069}","{""last_pivot_low_age_h"": 7.0, ""pivot1_low"": 295.9, ""pivot2_low"": 296.8, ""pivot_hours"": 12.0, ""multi_bull_div"": 0.0, ""h1_rsi"": 55.506261040595156, ""h1_dist_ema20"": 0.7316296216606677, ""dist_high_20h"": 1.0672703751617107}","{""available"": true, ""label"": ""V11_DIAGNOSTIC_PROXY"", ""quality"": 0.0, ""quality_ge72"": false, ""pressure"": false, ""retrigger"": false, ""fast_confirm"": true, ""fast_break"": false, ""h1_price_above_ema20"": true, ""h1_rsi_ge50"": true, ""near_20h_high_le4_5"": true, ""m15_near_prev_high6_ge_m0_2"": false}",0.35959463877084374,-1.5364498202026788,-1.4710689767898022,0.35959463877084374,-2.0921869892121525,-1.2422360248447006,0.35959463877084374,-2.615233736515199,-0.6211180124223503,1.046093494606093,-2.615233736515199,1.0134030728996546,,4.0,,,0.0,,1
272cdbff0ca4c11b446841e3,2026-10-06T00:00:00+00:00,2026-10-06T00:47:58.614108+00:00,C09,CONFIRMED_REVERSAL,TFUELUSDT,0.01057,BULL,BULL,"{""btc_ret_24h"": -0.8819253438113961, ""breadth_ret72_delta72"": 26.184538653366587, ""btc_h1_ema50_slope3"": 0.03843535155219069}","{""last_pivot_low_age_h"": 8.0, ""pivot1_low"": 0.01042, ""pivot2_low"": 0.01038, ""pivot_hours"": 6.0, ""multi_bull_div"": 2.0, ""h1_rsi"": 52.88338406221035, ""h1_dist_ema20"": 0.2892614092161683, ""dist_high_20h"": 1.1225444340505208}","{""available"": true, ""label"": ""V11_DIAGNOSTIC_PROXY"", ""quality"": 0.0, ""quality_ge72"": false, ""pressure"": false, ""retrigger"": false, ""fast_confirm"": false, ""fast_break"": false, ""h1_price_above_ema20"": true, ""h1_rsi_ge50"": true, ""near_20h_high_le4_5"": true, ""m15_near_prev_high6_ge_m0_2"": false}",1.1352885525071077,-0.47303689687795414,-0.37842951750236553,1.1352885525071077,-1.1352885525070966,0.37842951750237663,1.324503311258285,-1.8921475875118166,-1.4191106906338624,8.798486281929986,-8.987701040681173,-2.081362346263005,13.0,13.0,13.0,13.0,0.0,0.0,1
7863cfa05229060bd962b2cc,2026-10-06T00:00:00+00:00,2026-10-06T00:47:59.439165+00:00,C09,CONFIRMED_REVERSAL,THETAUSDT,0.2327,BULL,BULL,"{""btc_ret_24h"": -0.8819253438113961, ""breadth_ret72_delta72"": 26.184538653366587, ""btc_h1_ema50_slope3"": 0.03843535155219069}","{""last_pivot_low_age_h"": 6.0, ""pivot1_low"": 0.2265, ""pivot2_low"": 0.2259, ""pivot_hours"": 3.0, ""multi_bull_div"": 1.0, ""h1_rsi"": 55.84834724206543, ""h1_dist_ema20"": 0.6115232302826623, ""dist_high_20h"": 1.6067653276955585}","{""available"": true, ""label"": ""V11_DIAGNOSTIC_PROXY"", ""quality"": 0.0, ""quality_ge72"": false, ""pressure"": false, ""retrigger"": false, ""fast_confirm"": false, ""fast_break"": false, ""h1_price_above_ema20"": true, ""h1_rsi_ge50"": true, ""near_20h_high_le4_5"": true, ""m15_near_prev_high6_ge_m0_2"": false}",0.3008165019338316,-2.406532015470564,-2.019767941555639,0.3008165019338316,-2.406532015470564,-0.5586592178770888,5.629565964761496,-2.406532015470564,4.383326171035673,5.629565964761496,-2.406532015470564,1.5470562956596545,12.0,3.0,12.0,,0.0,1.0,1
25b7e53f95478a44d4c232e2,2026-10-06T00:00:00+00:00,2026-10-06T00:47:59.851109+00:00,C09,CONFIRMED_REVERSAL,THEUSDT,0.0747,BULL,BULL,"{""btc_ret_24h"": -0.8819253438113961, ""breadth_ret72_delta72"": 26.184538653366587, ""btc_h1_ema50_slope3"": 0.03843535155219069}","{""last_pivot_low_age_h"": 6.0, ""pivot1_low"": 0.0733, ""pivot2_low"": 0.0733, ""pivot_hours"": 1.0, ""multi_bull_div"": 0.0, ""h1_rsi"": 58.517079753894585, ""h1_dist_ema20"": 0.6500582335814187, ""dist_high_20h"": 0.9283819628647105}","{""available"": true, ""label"": ""V11_DIAGNOSTIC_PROXY"", ""quality"": 0.0, ""quality_ge72"": false, ""pressure"": false, ""retrigger"": false, ""fast_confirm"": false, ""fast_break"": false, ""h1_price_above_ema20"": true, ""h1_rsi_ge50"": true, ""near_20h_high_le4_5"": true, ""m15_near_prev_high6_ge_m0_2"": false}",0.5354752342704217,-1.7402945113788482,-1.7402945113788482,0.5354752342704217,-2.27576974564927,-0.5354752342704105,2.677376171352086,-2.27576974564927,2.008032128514059,2.677376171352086,-2.27576974564927,0.9370816599732157,,4.0,,,0.0,,1
02bb055fcc45edb099e1bcf6,2026-10-06T00:00:00+00:00,2026-10-06T00:48:00.264526+00:00,C09,CONFIRMED_REVERSAL,TIAUSDT,0.4781,BULL,BULL,"{""btc_ret_24h"": -0.8819253438113961, ""breadth_ret72_delta72"": 26.184538653366587, ""btc_h1_ema50_slope3"": 0.03843535155219069}","{""last_pivot_low_age_h"": 6.0, ""pivot1_low"": 0.4589, ""pivot2_low"": 0.4627, ""pivot_hours"": 3.0, ""multi_bull_div"": 0.0, ""h1_rsi"": 54.56550120654157, ""h1_dist_ema20"": 0.7798207376749522, ""dist_high_20h"": 1.1373035566583867}","{""available"": true, ""label"": ""V11_DIAGNOSTIC_PROXY"", ""quality"": 0.0, ""quality_ge72"": false, ""pressure"": false, ""retrigger"": false, ""fast_confirm"": false, ""fast_break"": false, ""h1_price_above_ema20"": true, ""h1_rsi_ge50"": true, ""near_20h_high_le4_5"": true, ""m15_near_prev_high6_ge_m0_2"": false}",0.1673290106672276,-3.2838318343442863,-3.2001673290106725,0.1673290106672276,-3.743986613679151,-2.760928676009211,0.1673290106672276,-3.9949801296799814,-1.1713030746705821,3.325664087011071,-3.9949801296799814,2.426270654674756,23.0,2.0,,3.0,0.0,0.0,1
4c5765c803d1edfdcb45e3b9,2026-10-06T00:00:00+00:00,2026-10-06T00:48:00.680290+00:00,C09,CONFIRMED_REVERSAL,TLMUSDT,0.001556,BULL,BULL,"{""btc_ret_24h"": -0.8819253438113961, ""breadth_ret72_delta72"": 26.184538653366587, ""btc_h1_ema50_slope3"": 0.03843535155219069}","{""last_pivot_low_age_h"": 7.0, ""pivot1_low"": 0.00155, ""pivot2_low"": 0.001509, ""pivot_hours"": 12.0, ""multi_bull_div"": 0.0, ""h1_rsi"": 49.079330911266226, ""h1_dist_ema20"": 0.08873877285959786, ""dist_high_20h"": 1.643489254108721}","{""available"": true, ""label"": ""V11_DIAGNOSTIC_PROXY"", ""quality"": 0.0, ""quality_ge72"": false, ""pressure"": false, ""retrigger"": false, ""fast_confirm"": false, ""fast_break"": false, ""h1_price_above_ema20"": true, ""h1_rsi_ge50"": false, ""near_20h_high_le4_5"": true, ""m15_near_prev_high6_ge_m0_2"": false}",0.1928020565552746,-2.185089974293075,-2.185089974293075,0.1928020565552746,-3.084832904884327,-1.4781491002570757,0.1928020565552746,-3.084832904884327,-0.3856041131105492,0.44987146529562594,-3.084832904884327,-1.4781491002570757,,3.0,,4.0,0.0,0.0,1
940c60945ad83efc9b5ad4c2,2026-10-06T00:00:00+00:00,2026-10-06T00:48:01.091736+00:00,C09,CONFIRMED_REVERSAL,TNSRUSDT,0.0393,BULL,BULL,"{""btc_ret_24h"": -0.8819253438113961, ""breadth_ret72_delta72"": 26.184538653366587, ""btc_h1_ema50_slope3"": 0.03843535155219069}","{""last_pivot_low_age_h"": 6.0, ""pivot1_low"": 0.0388, ""pivot2_low"": 0.0388, ""pivot_hours"": 1.0, ""multi_bull_div"": 0.0, ""h1_rsi"": 47.86533147741901, ""h1_dist_ema20"": -0.16781468939026656, ""dist_high_20h"": 1.2562814070351758}","{""available"": true, ""label"": ""V11_DIAGNOSTIC_PROXY"", ""quality"": 0.0, ""quality_ge72"": false, ""pressure"": false, ""retrigger"": false, ""fast_confirm"": false, ""fast_break"": false, ""h1_price_above_ema20"": false, ""h1_rsi_ge50"": false, ""near_20h_high_le4_5"": true, ""m15_near_prev_high6_ge_m0_2"": false}",0.5089058524172962,-1.526717557251922,-1.2722646310432628,0.5089058524172962,-1.781170483460559,-1.0178117048346147,1.0178117048345925,-1.781170483460559,1.0178117048345925,3.307888040712448,-1.781170483460559,1.0178117048345925,13.0,,,,1.0,,1
76dae17b53e5b0870e1059e5,2026-10-06T00:00:00+00:00,2026-10-06T00:48:01.502777+00:00,C09,CONFIRMED_REVERSAL,TOWNSUSDT,0.002133,BULL,BULL,"{""btc_ret_24h"": -0.8819253438113961, ""breadth_ret72_delta72"": 26.184538653366587, ""btc_h1_ema50_slope3"": 0.03843535155219069}","{""last_pivot_low_age_h"": 5.0, ""pivot1_low"": 0.00221, ""pivot2_low"": 0.002106, ""pivot_hours"": 9.0, ""multi_bull_div"": 0.0, ""h1_rsi"": 36.914399010394284, ""h1_dist_ema20"": -1.9324072651745183, ""dist_high_20h"": 6.076618229854692}","{""available"": true, ""label"": ""V11_DIAGNOSTIC_PROXY"", ""quality"": 0.0, ""quality_ge72"": false, ""pressure"": false, ""retrigger"": false, ""fast_confirm"": false, ""fast_break"": false, ""h1_price_above_ema20"": false, ""h1_rsi_ge50"": false, ""near_20h_high_le4_5"": false, ""m15_near_prev_high6_ge_m0_2"": false}",0.046882325363339916,-2.390998593530236,-1.87529301453353,0.046882325363339916,-3.3286451007969897,-1.4533520862634708,0.046882325363339916,-3.3286451007969897,-0.14064697609000865,0.2812939521800173,-5.625879043600557,-4.219409282700415,,3.0,,4.0,0.0,0.0,1
3bc614f9ab4b28d1dd59f528,2026-10-06T00:00:00+00:00,2026-10-06T00:48:01.915052+00:00,C09,CONFIRMED_REVERSAL,TRBUSDT,20.53,BULL,BULL,"{""btc_ret_24h"": -0.8819253438113961, ""breadth_ret72_delta72"": 26.184538653366587, ""btc_h1_ema50_slope3"": 0.03843535155219069}","{""last_pivot_low_age_h"": 9.0, ""pivot1_low"": 20.0, ""pivot2_low"": 19.73, ""pivot_hours"": 5.0, ""multi_bull_div"": 0.0, ""h1_rsi"": 65.46870884780805, ""h1_dist_ema20"": 2.0221404049063363, ""dist_high_20h"": 0.1944579484686404}","{""available"": true, ""label"": ""V11_DIAGNOSTIC_PROXY"", ""quality"": 0.0, ""quality_ge72"": false, ""pressure"": false, ""retrigger"": false, ""fast_confirm"": true, ""fast_break"": true, ""h1_price_above_ema20"": true, ""h1_rsi_ge50"": true, ""near_20h_high_le4_5"": true, ""m15_near_prev_high6_ge_m0_2"": true}",0.0,-3.312226010716024,-3.214807598636138,0.0,-3.555772040915739,-1.9970774476376074,6.186069167072583,-3.555772040915739,4.822211397954201,14.953726254262056,-3.555772040915739,11.397954213346328,11.0,1.0,12.0,3.0,0.0,0.0,1
4f95e3c2a26a75ae5878aeb5,2026-10-06T00:00:00+00:00,2026-10-06T00:48:02.323621+00:00,C09,CONFIRMED_REVERSAL,TREEUSDT,0.0466,BULL,BULL,"{""btc_ret_24h"": -0.8819253438113961, ""breadth_ret72_delta72"": 26.184538653366587, ""btc_h1_ema50_slope3"": 0.03843535155219069}","{""last_pivot_low_age_h"": 6.0, ""pivot1_low"": 0.0455, ""pivot2_low"": 0.0455, ""pivot_hours"": 1.0, ""multi_bull_div"": 0.0, ""h1_rsi"": 52.99102758151603, ""h1_dist_ema20"": 0.3661523595531735, ""dist_high_20h"": 0.8510638297872242}","{""available"": true, ""label"": ""V11_DIAGNOSTIC_PROXY"", ""quality"": 0.0, ""quality_ge72"": false, ""pressure"": false, ""retrigger"": false, ""fast_confirm"": true, ""fast_break"": false, ""h1_price_above_ema20"": true, ""h1_rsi_ge50"": true, ""near_20h_high_le4_5"": true, ""m15_near_prev_high6_ge_m0_2"": false}",0.21459227467810482,-3.2188841201716722,-3.2188841201716722,0.21459227467810482,-5.364806866952798,-3.648068669527893,0.21459227467810482,-5.364806866952798,-1.93133047210301,0.21459227467810482,-5.364806866952798,-1.716738197424894,,3.0,,3.0,0.0,0.0,1
672e9136b1ee27fed7baee9b,2026-10-06T00:00:00+00:00,2026-10-06T00:48:02.734559+00:00,C09,CONFIRMED_REVERSAL,TRUMPUSDT,2.057,BULL,BULL,"{""btc_ret_24h"": -0.8819253438113961, ""breadth_ret72_delta72"": 26.184538653366587, ""btc_h1_ema50_slope3"": 0.03843535155219069}","{""last_pivot_low_age_h"": 7.0, ""pivot1_low"": 2.038, ""pivot2_low"": 2.018, ""pivot_hours"": 12.0, ""multi_bull_div"": 0.0, ""h1_rsi"": 50.87010772390266, ""h1_dist_ema20"": 0.06881510380873923, ""dist_high_20h"": 1.2007684918347694}","{""available"": true, ""label"": ""V11_DIAGNOSTIC_PROXY"", ""quality"": 0.0, ""quality_ge72"": false, ""pressure"": false, ""retrigger"": false, ""fast_confirm"": true, ""fast_break"": false, ""h1_price_above_ema20"": true, ""h1_rsi_ge50"": true, ""near_20h_high_le4_5"": true, ""m15_near_prev_high6_ge_m0_2"": false}",0.1458434613514914,-1.5070491006319964,-1.361205639280505,0.1458434613514914,-2.9654837141468104,-1.847350510452106,0.1458434613514914,-2.9654837141468104,-1.5070491006319964,0.1458434613514914,-3.1113271754982907,-2.284880894506569,,4.0,,23.0,0.0,0.0,1
a6247bc3a08a0401d2f9c584,2026-10-06T00:00:00+00:00,2026-10-06T00:48:03.146966+00:00,C09,CONFIRMED_REVERSAL,TURBOUSDT,0.001056,BULL,BULL,"{""btc_ret_24h"": -0.8819253438113961, ""breadth_ret72_delta72"": 26.184538653366587, ""btc_h1_ema50_slope3"": 0.03843535155219069}","{""last_pivot_low_age_h"": 7.0, ""pivot1_low"": 0.001048, ""pivot2_low"": 0.001036, ""pivot_hours"": 7.0, ""multi_bull_div"": 0.0, ""h1_rsi"": 53.8273780239049, ""h1_dist_ema20"": 0.30371696488900035, ""dist_high_20h"": 1.0309278350515427}","{""available"": true, ""label"": ""V11_DIAGNOSTIC_PROXY"", ""quality"": 0.0, ""quality_ge72"": false, ""pressure"": false, ""retrigger"": false, ""fast_confirm"": false, ""fast_break"": false, ""h1_price_above_ema20"": true, ""h1_rsi_ge50"": true, ""near_20h_high_le4_5"": true, ""m15_near_prev_high6_ge_m0_2"": false}",0.18939393939392257,-2.367424242424243,-2.367424242424243,0.18939393939392257,-3.125,-1.9886363636363757,0.37878787878786735,-3.125,-0.09469696969698349,0.47348484848483974,-3.125,-2.083333333333348,,3.0,,4.0,0.0,0.0,1
e42f99e85e155fe83626d7ea,2026-10-06T00:00:00+00:00,2026-10-06T00:48:03.559881+00:00,C09,CONFIRMED_REVERSAL,TUSDT,0.00559,BULL,BULL,"{""btc_ret_24h"": -0.8819253438113961, ""breadth_ret72_delta72"": 26.184538653366587, ""btc_h1_ema50_slope3"": 0.03843535155219069}","{""last_pivot_low_age_h"": 6.0, ""pivot1_low"": 0.00544, ""pivot2_low"": 0.00547, ""pivot_hours"": 8.0, ""multi_bull_div"": 0.0, ""h1_rsi"": 63.90837133125274, ""h1_dist_ema20"": 1.0238037611961293, ""dist_high_20h"": 2.6132404181184676}","{""available"": true, ""label"": ""V11_DIAGNOSTIC_PROXY"", ""quality"": 0.0, ""quality_ge72"": false, ""pressure"": false, ""retrigger"": false, ""fast_confirm"": false, ""fast_break"": false, ""h1_price_above_ema20"": true, ""h1_rsi_ge50"": true, ""near_20h_high_le4_5"": true, ""m15_near_prev_high6_ge_m0_2"": true}",5.545617173524131,-3.0411449016100156,-2.683363148479423,5.545617173524131,-3.5778175313059157,-3.220035778175323,5.545617173524131,-3.756708407871201,-1.610017889087667,5.545617173524131,-3.756708407871201,-3.0411449016100156,1.0,3.0,1.0,3.0,1.0,1.0,1
43301d6262be8970b626d7c8,2026-10-06T00:00:00+00:00,2026-10-06T00:48:03.973893+00:00,C09,CONFIRMED_REVERSAL,TWTUSDT,0.5776,BULL,BULL,"{""btc_ret_24h"": -0.8819253438113961, ""breadth_ret72_delta72"": 26.184538653366587, ""btc_h1_ema50_slope3"": 0.03843535155219069}","{""last_pivot_low_age_h"": 6.0, ""pivot1_low"": 0.5705, ""pivot2_low"": 0.5658, ""pivot_hours"": 8.0, ""multi_bull_div"": 0.0, ""h1_rsi"": 58.82918076805833, ""h1_dist_ema20"": 0.8109592172151014, ""dist_high_20h"": 0.3794411866160696}","{""available"": true, ""label"": ""V11_DIAGNOSTIC_PROXY"", ""quality"": 0.0, ""quality_ge72"": false, ""pressure"": false, ""retrigger"": false, ""fast_confirm"": false, ""fast_break"": false, ""h1_price_above_ema20"": true, ""h1_rsi_ge50"": true, ""near_20h_high_le4_5"": true, ""m15_near_prev_high6_ge_m0_2"": false}",0.7790858725761574,-2.008310249307488,-1.9044321329639957,0.7790858725761574,-2.4930747922437657,-0.8483379501385113,0.7790858725761574,-2.4930747922437657,-0.13850415512465242,0.7790858725761574,-2.4930747922437657,-0.7790858725761685,,3.0,,,0.0,,1
e0891f948e46ec4bad7e7f66,2026-10-06T00:00:00+00:00,2026-10-06T00:48:04.385750+00:00,C09,CONFIRMED_REVERSAL,UMAUSDT,0.431,BULL,BULL,"{""btc_ret_24h"": -0.8819253438113961, ""breadth_ret72_delta72"": 26.184538653366587, ""btc_h1_ema50_slope3"": 0.03843535155219069}","{""last_pivot_low_age_h"": 8.0, ""pivot1_low"": 0.407, ""pivot2_low"": 0.409, ""pivot_hours"": 6.0, ""multi_bull_div"": 0.0, ""h1_rsi"": 59.238402616888635, ""h1_dist_ema20"": 2.2683665024590294, ""dist_high_20h"": 12.576064908722106}","{""available"": true, ""label"": ""V11_DIAGNOSTIC_PROXY"", ""quality"": 87.0, ""quality_ge72"": true, ""pressure"": false, ""retrigger"": true, ""fast_confirm"": false, ""fast_break"": false, ""h1_price_above_ema20"": true, ""h1_rsi_ge50"": true, ""near_20h_high_le4_5"": false, ""m15_near_prev_high6_ge_m0_2"": false}",0.23201856148491462,-3.0162412993039456,-3.0162412993039456,8.120649651972167,-3.0162412993039456,2.78422273781902,13.921113689095122,-3.0162412993039456,2.78422273781902,13.921113689095122,-3.0162412993039456,0.46403712296982924,6.0,3.0,6.0,3.0,0.0,0.0,1
df1a04200de14797082c1953,2026-10-06T00:00:00+00:00,2026-10-06T00:48:04.798099+00:00,C09,CONFIRMED_REVERSAL,UNIUSDT,9.083,BULL,BULL,"{""btc_ret_24h"": -0.8819253438113961, ""breadth_ret72_delta72"": 26.184538653366587, ""btc_h1_ema50_slope3"": 0.03843535155219069}","{""last_pivot_low_age_h"": 7.0, ""pivot1_low"": 8.956, ""pivot2_low"": 8.841, ""pivot_hours"": 12.0, ""multi_bull_div"": 0.0, ""h1_rsi"": 53.02651009961973, ""h1_dist_ema20"": 0.3505789293961392, ""dist_high_20h"": 1.0997386759581729}","{""available"": true, ""label"": ""V11_DIAGNOSTIC_PROXY"", ""quality"": 0.0, ""quality_ge72"": false, ""pressure"": false, ""retrigger"": false, ""fast_confirm"": true, ""fast_break"": false, ""h1_price_above_ema20"": true, ""h1_rsi_ge50"": true, ""near_20h_high_le4_5"": true, ""m15_near_prev_high6_ge_m0_2"": false}",0.2862490366619008,-1.7835516899702863,-1.563360123307267,0.2862490366619008,-2.9725861499504513,-2.6312892216228234,0.2862490366619008,-3.6441704282725973,-1.9707145216338207,0.2862490366619008,-6.41858416822636,-5.73599031157107,,4.0,,7.0,0.0,0.0,1
3c59c19c210a26e0e43e70c0,2026-10-06T00:00:00+00:00,2026-10-06T00:48:05.214684+00:00,C09,CONFIRMED_REVERSAL,USUALUSDT,0.01343,BULL,BULL,"{""btc_ret_24h"": -0.8819253438113961, ""breadth_ret72_delta72"": 26.184538653366587, ""btc_h1_ema50_slope3"": 0.03843535155219069}","{""last_pivot_low_age_h"": 9.0, ""pivot1_low"": 0.01308, ""pivot2_low"": 0.01303, ""pivot_hours"": 3.0, ""multi_bull_div"": 0.0, ""h1_rsi"": 61.62268174344486, ""h1_dist_ema20"": 1.088591130552219, ""dist_high_20h"": 0.9587020648967548}","{""available"": true, ""label"": ""V11_DIAGNOSTIC_PROXY"", ""quality"": 0.0, ""quality_ge72"": false, ""pressure"": false, ""retrigger"": false, ""fast_confirm"": false, ""fast_break"": false, ""h1_price_above_ema20"": true, ""h1_rsi_ge50"": true, ""near_20h_high_le4_5"": true, ""m15_near_prev_high6_ge_m0_2"": false}",0.5212211466865346,-2.084884586746083,-1.93596425912137,0.5212211466865346,-2.7550260610573307,-1.93596425912137,0.5212211466865346,-3.4251675353685673,-1.7870439314966458,2.6061057334326287,-3.4251675353685673,-1.7125837676842837,,3.0,,10.0,0.0,0.0,1
4a836e306b352673eaf33ab4,2026-10-06T00:00:00+00:00,2026-10-06T00:48:05.626581+00:00,C09,CONFIRMED_REVERSAL,VANAUSDT,1.096,BULL,BULL,"{""btc_ret_24h"": -0.8819253438113961, ""breadth_ret72_delta72"": 26.184538653366587, ""btc_h1_ema50_slope3"": 0.03843535155219069}","{""last_pivot_low_age_h"": 6.0, ""pivot1_low"": 1.072, ""pivot2_low"": 1.073, ""pivot_hours"": 3.0, ""multi_bull_div"": 0.0, ""h1_rsi"": 54.53825171046257, ""h1_dist_ema20"": 0.44855977606785835, ""dist_high_20h"": 1.0830324909747335}","{""available"": true, ""label"": ""V11_DIAGNOSTIC_PROXY"", ""quality"": 0.0, ""quality_ge72"": false, ""pressure"": false, ""retrigger"": false, ""fast_confirm"": false, ""fast_break"": true, ""h1_price_above_ema20"": true, ""h1_rsi_ge50"": true, ""near_20h_high_le4_5"": true, ""m15_near_prev_high6_ge_m0_2"": true}",0.27372262773721623,-2.1897810218978075,-2.098540145985417,0.27372262773721623,-2.6459854014598716,-1.0948905109489093,1.0036496350364965,-2.6459854014598716,0.45620437956204185,1.0036496350364965,-2.6459854014598716,-1.3686131386861478,,3.0,,,0.0,,1
b496f3cbe07d16ed3895260d,2026-10-06T00:00:00+00:00,2026-10-06T00:48:06.042169+00:00,C09,CONFIRMED_REVERSAL,VELODROMEUSDT,0.03668,BULL,BULL,"{""btc_ret_24h"": -0.8819253438113961, ""breadth_ret72_delta72"": 26.184538653366587, ""btc_h1_ema50_slope3"": 0.03843535155219069}","{""last_pivot_low_age_h"": 6.0, ""pivot1_low"": 0.03697, ""pivot2_low"": 0.03697, ""pivot_hours"": 1.0, ""multi_bull_div"": 0.0, ""h1_rsi"": 37.89294624139388, ""h1_dist_ema20"": -1.4025711336735802, ""dist_high_20h"": 3.1423290203327237}","{""available"": true, ""label"": ""V11_DIAGNOSTIC_PROXY"", ""quality"": 0.0, ""quality_ge72"": false, ""pressure"": false, ""retrigger"": false, ""fast_confirm"": false, ""fast_break"": false, ""h1_price_above_ema20"": false, ""h1_rsi_ge50"": false, ""near_20h_high_le4_5"": true, ""m15_near_prev_high6_ge_m0_2"": false}",1.2268266085060153,-1.3358778625954137,-0.9269356597600864,1.2268266085060153,-1.3358778625954137,-0.7633587786259444,1.4176663031624903,-1.3358778625954137,0.10905125408944283,1.4176663031624903,-5.070883315158126,-4.580152671755711,,16.0,,17.0,0.0,0.0,1
81f8213c3280754ee6db0f3c,2026-10-06T00:00:00+00:00,2026-10-06T00:48:06.456139+00:00,C09,CONFIRMED_REVERSAL,VETUSDT,0.008767,BULL,BULL,"{""btc_ret_24h"": -0.8819253438113961, ""breadth_ret72_delta72"": 26.184538653366587, ""btc_h1_ema50_slope3"": 0.03843535155219069}","{""last_pivot_low_age_h"": 6.0, ""pivot1_low"": 0.008568, ""pivot2_low"": 0.008568, ""pivot_hours"": 1.0, ""multi_bull_div"": 0.0, ""h1_rsi"": 53.65002167045488, ""h1_dist_ema20"": 0.35397319725805065, ""dist_high_20h"": 1.1166253101737023}","{""available"": true, ""label"": ""V11_DIAGNOSTIC_PROXY"", ""quality"": 0.0, ""quality_ge72"": false, ""pressure"": false, ""retrigger"": false, ""fast_confirm"": false, ""fast_break"": false, ""h1_price_above_ema20"": true, ""h1_rsi_ge50"": true, ""near_20h_high_le4_5"": true, ""m15_near_prev_high6_ge_m0_2"": false}",0.6843846241587626,-2.06456028287898,-1.6425230979810634,0.6843846241587626,-2.06456028287898,-0.4334435953005533,1.2889243754990343,-2.06456028287898,-0.1368769248317525,1.2889243754990343,-2.144405155697504,-1.96190258925516,,3.0,,,0.0,,1
1499c73c5fa6daa112d211e6,2026-10-06T00:00:00+00:00,2026-10-06T00:48:06.867080+00:00,C09,CONFIRMED_REVERSAL,VIRTUALUSDT,0.8577,BULL,BULL,"{""btc_ret_24h"": -0.8819253438113961, ""breadth_ret72_delta72"": 26.184538653366587, ""btc_h1_ema50_slope3"": 0.03843535155219069}","{""last_pivot_low_age_h"": 8.0, ""pivot1_low"": 0.854, ""pivot2_low"": 0.827, ""pivot_hours"": 11.0, ""multi_bull_div"": 0.0, ""h1_rsi"": 57.159962723733024, ""h1_dist_ema20"": 0.6430423829754783, ""dist_high_20h"": 3.2050558627694348}","{""available"": true, ""label"": ""V11_DIAGNOSTIC_PROXY"", ""quality"": 95.0, ""quality_ge72"": true, ""pressure"": true, ""retrigger"": true, ""fast_confirm"": false, ""fast_break"": false, ""h1_price_above_ema20"": true, ""h1_rsi_ge50"": true, ""near_20h_high_le4_5"": true, ""m15_near_prev_high6_ge_m0_2"": true}",1.5739769150052485,-0.897749795965963,-0.6179316777428001,1.5739769150052485,-1.8421359449691033,-1.5856360032645567,1.5739769150052485,-2.5183630640084,-0.5479771481870177,1.5739769150052485,-6.867202984726606,-6.365862189576776,,7.0,,17.0,0.0,0.0,1
193f80e2db71ec39e670f737,2026-10-06T00:00:00+00:00,2026-10-06T00:48:07.278528+00:00,C09,CONFIRMED_REVERSAL,VTHOUSDT,0.000667,BULL,BULL,"{""btc_ret_24h"": -0.8819253438113961, ""breadth_ret72_delta72"": 26.184538653366587, ""btc_h1_ema50_slope3"": 0.03843535155219069}","{""last_pivot_low_age_h"": 7.0, ""pivot1_low"": 0.000648, ""pivot2_low"": 0.000631, ""pivot_hours"": 7.0, ""multi_bull_div"": 0.0, ""h1_rsi"": 65.62575648630202, ""h1_dist_ema20"": 2.002290989662603, ""dist_high_20h"": 0.8915304606240793}","{""available"": true, ""label"": ""V11_DIAGNOSTIC_PROXY"", ""quality"": 0.0, ""quality_ge72"": false, ""pressure"": false, ""retrigger"": false, ""fast_confirm"": true, ""fast_break"": true, ""h1_price_above_ema20"": true, ""h1_rsi_ge50"": true, ""near_20h_high_le4_5"": true, ""m15_near_prev_high6_ge_m0_2"": true}",14.24287856071964,-0.7496251874062776,10.194902548725636,14.24287856071964,-0.7496251874062776,11.244377811094463,17.24137931034484,-0.7496251874062776,7.346326836581718,17.24137931034484,-0.7496251874062776,9.595202398800605,1.0,,1.0,,1.0,1.0,1
f07ca9d73e10f7e52092d170,2026-10-06T00:00:00+00:00,2026-10-06T00:48:07.683112+00:00,C09,CONFIRMED_REVERSAL,WALUSDT,0.03688,BULL,BULL,"{""btc_ret_24h"": -0.8819253438113961, ""breadth_ret72_delta72"": 26.184538653366587, ""btc_h1_ema50_slope3"": 0.03843535155219069}","{""last_pivot_low_age_h"": 7.0, ""pivot1_low"": 0.03599, ""pivot2_low"": 0.03554, ""pivot_hours"": 7.0, ""multi_bull_div"": 0.0, ""h1_rsi"": 61.610151228350716, ""h1_dist_ema20"": 1.5515148821152458, ""dist_high_20h"": 0.4588394062078227}","{""available"": true, ""label"": ""V11_DIAGNOSTIC_PROXY"", ""quality"": 0.0, ""quality_ge72"": false, ""pressure"": false, ""retrigger"": false, ""fast_confirm"": false, ""fast_break"": false, ""h1_price_above_ema20"": true, ""h1_rsi_ge50"": true, ""near_20h_high_le4_5"": true, ""m15_near_prev_high6_ge_m0_2"": false}",0.867678958785234,-3.1724511930585786,-3.1182212581345015,0.867678958785234,-3.823210412147504,-3.0368763557483858,1.301518438177851,-3.9316702819956584,0.9761388286334105,2.2234273318871844,-3.9316702819956584,0.867678958785234,,2.0,,3.0,0.0,0.0,1
de220edb8fb55aa3fff4b346,2026-10-06T00:00:00+00:00,2026-10-06T00:48:08.097301+00:00,C09,CONFIRMED_REVERSAL,WAXPUSDT,0.00627,BULL,BULL,"{""btc_ret_24h"": -0.8819253438113961, ""breadth_ret72_delta72"": 26.184538653366587, ""btc_h1_ema50_slope3"": 0.03843535155219069}","{""last_pivot_low_age_h"": 7.0, ""pivot1_low"": 0.00615, ""pivot2_low"": 0.00613, ""pivot_hours"": 7.0, ""multi_bull_div"": 2.0, ""h1_rsi"": 57.503116139647254, ""h1_dist_ema20"": 0.7008616542300228, ""dist_high_20h"": 0.7911392405063222}","{""available"": true, ""label"": ""V11_DIAGNOSTIC_PROXY"", ""quality"": 0.0, ""quality_ge72"": false, ""pressure"": false, ""retrigger"": false, ""fast_confirm"": false, ""fast_break"": false, ""h1_price_above_ema20"": true, ""h1_rsi_ge50"": true, ""near_20h_high_le4_5"": true, ""m15_near_prev_high6_ge_m0_2"": false}",0.797448165869219,-2.2328548644338198,-2.2328548644338198,0.797448165869219,-2.392344497607668,-1.7543859649122973,0.797448165869219,-2.392344497607668,-1.4354066985646008,0.797448165869219,-3.189792663476887,-2.7113237639553422,,3.0,,20.0,0.0,0.0,1
3ea1d2891072b19886384265,2026-10-06T00:00:00+00:00,2026-10-06T00:48:08.529057+00:00,C09,CONFIRMED_REVERSAL,WCTUSDT,0.04325,BULL,BULL,"{""btc_ret_24h"": -0.8819253438113961, ""breadth_ret72_delta72"": 26.184538653366587, ""btc_h1_ema50_slope3"": 0.03843535155219069}","{""last_pivot_low_age_h"": 6.0, ""pivot1_low"": 0.04205, ""pivot2_low"": 0.0421, ""pivot_hours"": 3.0, ""multi_bull_div"": 0.0, ""h1_rsi"": 55.93293585081653, ""h1_dist_ema20"": 0.6364551647491723, ""dist_high_20h"": 1.345802919708028}","{""available"": true, ""label"": ""V11_DIAGNOSTIC_PROXY"", ""quality"": 0.0, ""quality_ge72"": false, ""pressure"": false, ""retrigger"": false, ""fast_confirm"": false, ""fast_break"": false, ""h1_price_above_ema20"": true, ""h1_rsi_ge50"": true, ""near_20h_high_le4_5"": true, ""m15_near_prev_high6_ge_m0_2"": false}",1.0867052023121548,-2.265895953757213,-2.1271676300578024,1.0867052023121548,-2.93641618497108,-1.9421965317918954,3.0520231213872817,-2.93641618497108,1.6416184971098424,3.0520231213872817,-2.93641618497108,-0.46242774566473965,12.0,3.0,,,0.0,,1
205972ea814bc57e3544d0de,2026-10-06T00:00:00+00:00,2026-10-06T00:48:08.943344+00:00,C09,CONFIRMED_REVERSAL,WIFUSDT,0.2512,BULL,BULL,"{""btc_ret_24h"": -0.8819253438113961, ""breadth_ret72_delta72"": 26.184538653366587, ""btc_h1_ema50_slope3"": 0.03843535155219069}","{""last_pivot_low_age_h"": 9.0, ""pivot1_low"": 0.2475, ""pivot2_low"": 0.2509, ""pivot_hours"": 10.0, ""multi_bull_div"": 0.0, ""h1_rsi"": 42.1039725588342, ""h1_dist_ema20"": -1.367433728667311, ""dist_high_20h"": 4.74023511566174}","{""available"": true, ""label"": ""V11_DIAGNOSTIC_PROXY"", ""quality"": 0.0, ""quality_ge72"": false, ""pressure"": false, ""retrigger"": false, ""fast_confirm"": false, ""fast_break"": false, ""h1_price_above_ema20"": false, ""h1_rsi_ge50"": false, ""near_20h_high_le4_5"": false, ""m15_near_prev_high6_ge_m0_2"": false}",0.3582802547770658,-2.2691082802547724,-2.07006369426751,0.3582802547770658,-2.58757961783439,-1.3933121019108152,1.0748407643312197,-2.58757961783439,0.7165605095541538,1.0748407643312197,-3.1847133757961665,-2.2691082802547724,,3.0,,22.0,0.0,0.0,1
7f0426220cf3726524d8668d,2026-10-06T00:00:00+00:00,2026-10-06T00:48:09.354012+00:00,C09,CONFIRMED_REVERSAL,WINUSDT,5.086e-05,BULL,BULL,"{""btc_ret_24h"": -0.8819253438113961, ""breadth_ret72_delta72"": 26.184538653366587, ""btc_h1_ema50_slope3"": 0.03843535155219069}","{""last_pivot_low_age_h"": 9.0, ""pivot1_low"": 5.007e-05, ""pivot2_low"": 4.919e-05, ""pivot_hours"": 10.0, ""multi_bull_div"": 0.0, ""h1_rsi"": 55.428927463391055, ""h1_dist_ema20"": 0.8012395249603399, ""dist_high_20h"": 3.0868902439024404}","{""available"": true, ""label"": ""V11_DIAGNOSTIC_PROXY"", ""quality"": 0.0, ""quality_ge72"": false, ""pressure"": false, ""retrigger"": false, ""fast_confirm"": true, ""fast_break"": true, ""h1_price_above_ema20"": true, ""h1_rsi_ge50"": true, ""near_20h_high_le4_5"": true, ""m15_near_prev_high6_ge_m0_2"": true}",1.6712544239087634,-1.0813999213527326,-0.19661816751866956,1.6712544239087634,-1.0813999213527326,0.23594180102242124,2.5756979944946856,-1.0813999213527326,1.2386944553676837,4.187966968147849,-1.0813999213527326,2.9492725127801878,19.0,,,,1.0,,1
ff084cc4931415e176892f82,2026-10-06T00:00:00+00:00,2026-10-06T00:48:09.767507+00:00,C09,CONFIRMED_REVERSAL,WLDUSDT,0.5752,BULL,BULL,"{""btc_ret_24h"": -0.8819253438113961, ""breadth_ret72_delta72"": 26.184538653366587, ""btc_h1_ema50_slope3"": 0.03843535155219069}","{""last_pivot_low_age_h"": 5.0, ""pivot1_low"": 0.5581, ""pivot2_low"": 0.5547, ""pivot_hours"": 4.0, ""multi_bull_div"": 0.0, ""h1_rsi"": 52.143865770448244, ""h1_dist_ema20"": 0.6015680897706321, ""dist_high_20h"": 2.6075177785302994}","{""available"": true, ""label"": ""V11_DIAGNOSTIC_PROXY"", ""quality"": 0.0, ""quality_ge72"": false, ""pressure"": false, ""retrigger"": false, ""fast_confirm"": false, ""fast_break"": false, ""h1_price_above_ema20"": true, ""h1_rsi_ge50"": true, ""near_20h_high_le4_5"": true, ""m15_near_prev_high6_ge_m0_2"": false}",0.8692628650904144,-1.2343532684283676,-0.7823365785813774,0.8692628650904144,-2.5556328233657943,-2.347009735744099,0.8692628650904144,-3.616133518776088,-1.4603616133518904,0.8692628650904144,-5.146036161335199,-4.120305980528515,,6.0,,7.0,0.0,0.0,1
0b3b18ba731b5fb6b8cb1c8e,2026-10-06T00:00:00+00:00,2026-10-06T00:48:10.175131+00:00,C09,CONFIRMED_REVERSAL,WLFIUSDT,0.055,BULL,BULL,"{""btc_ret_24h"": -0.8819253438113961, ""breadth_ret72_delta72"": 26.184538653366587, ""btc_h1_ema50_slope3"": 0.03843535155219069}","{""last_pivot_low_age_h"": 7.0, ""pivot1_low"": 0.0552, ""pivot2_low"": 0.0544, ""pivot_hours"": 6.0, ""multi_bull_div"": 0.0, ""h1_rsi"": 46.78720632836961, ""h1_dist_ema20"": -0.20148004149252996, ""dist_high_20h"": 1.0791366906474753}","{""available"": true, ""label"": ""V11_DIAGNOSTIC_PROXY"", ""quality"": 0.0, ""quality_ge72"": false, ""pressure"": false, ""retrigger"": false, ""fast_confirm"": false, ""fast_break"": false, ""h1_price_above_ema20"": false, ""h1_rsi_ge50"": false, ""near_20h_high_le4_5"": true, ""m15_near_prev_high6_ge_m0_2"": false}",0.1818181818181941,-1.090909090909098,-0.181818181818183,2.9090909090909056,-1.090909090909098,2.5454545454545396,3.6363636363636376,-1.090909090909098,2.5454545454545396,3.6363636363636376,-1.090909090909098,2.3636363636363678,7.0,,,,1.0,,1
0d713fac91d04f8d49be7c99,2026-10-06T00:00:00+00:00,2026-10-06T00:48:10.588738+00:00,C09,CONFIRMED_REVERSAL,WOOUSDT,0.01369,BULL,BULL,"{""btc_ret_24h"": -0.8819253438113961, ""breadth_ret72_delta72"": 26.184538653366587, ""btc_h1_ema50_slope3"": 0.03843535155219069}","{""last_pivot_low_age_h"": 6.0, ""pivot1_low"": 0.01325, ""pivot2_low"": 0.01328, ""pivot_hours"": 3.0, ""multi_bull_div"": 0.0, ""h1_rsi"": 53.897888192137984, ""h1_dist_ema20"": 0.5423242542717421, ""dist_high_20h"": 0.9406657018813269}","{""available"": true, ""label"": ""V11_DIAGNOSTIC_PROXY"", ""quality"": 0.0, ""quality_ge72"": false, ""pressure"": false, ""retrigger"": false, ""fast_confirm"": true, ""fast_break"": false, ""h1_price_above_ema20"": true, ""h1_rsi_ge50"": true, ""near_20h_high_le4_5"": true, ""m15_near_prev_high6_ge_m0_2"": false}",0.14609203798392478,-2.118334550766987,-1.5339663988312657,0.43827611395177435,-2.8487947406866443,-1.6800584368152016,0.5843681519356991,-2.8487947406866443,0.21913805697588717,3.2140248356464562,-2.8487947406866443,-0.0730460189919735,18.0,3.0,,,0.0,,1
feb53551e6253d78c754c5bc,2026-10-06T00:00:00+00:00,2026-10-06T00:48:11.003293+00:00,C09,CONFIRMED_REVERSAL,WUSDT,0.01445,BULL,BULL,"{""btc_ret_24h"": -0.8819253438113961, ""breadth_ret72_delta72"": 26.184538653366587, ""btc_h1_ema50_slope3"": 0.03843535155219069}","{""last_pivot_low_age_h"": 6.0, ""pivot1_low"": 0.01437, ""pivot2_low"": 0.01397, ""pivot_hours"": 9.0, ""multi_bull_div"": 0.0, ""h1_rsi"": 49.86843237084362, ""h1_dist_ema20"": -0.14881658685187427, ""dist_high_20h"": 2.298850574712641}","{""available"": true, ""label"": ""V11_DIAGNOSTIC_PROXY"", ""quality"": 0.0, ""quality_ge72"": false, ""pressure"": false, ""retrigger"": false, ""fast_confirm"": false, ""fast_break"": false, ""h1_price_above_ema20"": false, ""h1_rsi_ge50"": false, ""near_20h_high_le4_5"": true, ""m15_near_prev_high6_ge_m0_2"": false}",0.6228373702422241,-3.321799307958473,-2.975778546712804,0.6228373702422241,-3.806228373702425,-1.5916955017300949,2.21453287197233,-3.806228373702425,1.937716262975786,2.906574394463668,-3.806228373702425,1.799307958477514,,2.0,,3.0,0.0,0.0,1
9af0808d49883511193f6597,2026-10-06T00:00:00+00:00,2026-10-06T00:48:11.823059+00:00,C09,CONFIRMED_REVERSAL,XAIUSDT,0.01002,BULL,BULL,"{""btc_ret_24h"": -0.8819253438113961, ""breadth_ret72_delta72"": 26.184538653366587, ""btc_h1_ema50_slope3"": 0.03843535155219069}","{""last_pivot_low_age_h"": 6.0, ""pivot1_low"": 0.00968, ""pivot2_low"": 0.00969, ""pivot_hours"": 3.0, ""multi_bull_div"": 0.0, ""h1_rsi"": 60.47052255841728, ""h1_dist_ema20"": 1.2005580500367596, ""dist_high_20h"": 0.7920792079207928}","{""available"": true, ""label"": ""V11_DIAGNOSTIC_PROXY"", ""quality"": 0.0, ""quality_ge72"": false, ""pressure"": false, ""retrigger"": false, ""fast_confirm"": false, ""fast_break"": false, ""h1_price_above_ema20"": true, ""h1_rsi_ge50"": true, ""near_20h_high_le4_5"": true, ""m15_near_prev_high6_ge_m0_2"": false}",0.0,-2.095808383233533,-1.7964071856287345,0.0,-2.2954091816367206,-0.9980039920159611,0.29940119760478723,-2.2954091816367206,0.09980039920161055,1.1976047904191711,-4.79041916167664,-3.6926147704590684,,3.0,,19.0,0.0,0.0,1
faf885360543538d675fa7c3,2026-10-06T00:00:00+00:00,2026-10-06T00:48:11.410526+00:00,C09,CONFIRMED_REVERSAL,XECUSDT,8.15e-06,BULL,BULL,"{""btc_ret_24h"": -0.8819253438113961, ""breadth_ret72_delta72"": 26.184538653366587, ""btc_h1_ema50_slope3"": 0.03843535155219069}","{""last_pivot_low_age_h"": 7.0, ""pivot1_low"": 8.13e-06, ""pivot2_low"": 7.91e-06, ""pivot_hours"": 6.0, ""multi_bull_div"": 0.0, ""h1_rsi"": 51.271888643181924, ""h1_dist_ema20"": 0.06371555612181279, ""dist_high_20h"": 0.8515815085158085}","{""available"": true, ""label"": ""V11_DIAGNOSTIC_PROXY"", ""quality"": 0.0, ""quality_ge72"": false, ""pressure"": false, ""retrigger"": false, ""fast_confirm"": false, ""fast_break"": false, ""h1_price_above_ema20"": true, ""h1_rsi_ge50"": true, ""near_20h_high_le4_5"": true, ""m15_near_prev_high6_ge_m0_2"": false}",0.24539877300613355,-2.4539877300613466,-2.208588957055213,0.24539877300613355,-2.5766871165644134,-2.33128834355828,0.24539877300613355,-2.5766871165644134,-1.717791411042946,0.24539877300613355,-3.8036809815950923,-2.822085889570547,,3.0,,18.0,0.0,0.0,1
2701665863fdcb362937f986,2026-10-06T00:00:00+00:00,2026-10-06T00:48:12.234568+00:00,C09,CONFIRMED_REVERSAL,XLMUSDT,0.2155,BULL,BULL,"{""btc_ret_24h"": -0.8819253438113961, ""breadth_ret72_delta72"": 26.184538653366587, ""btc_h1_ema50_slope3"": 0.03843535155219069}","{""last_pivot_low_age_h"": 6.0, ""pivot1_low"": 0.2205, ""pivot2_low"": 0.2108, ""pivot_hours"": 8.0, ""multi_bull_div"": 0.0, ""h1_rsi"": 42.817108307119, ""h1_dist_ema20"": -0.6726641080999962, ""dist_high_20h"": 4.222222222222227}","{""available"": true, ""label"": ""V11_DIAGNOSTIC_PROXY"", ""quality"": 0.0, ""quality_ge72"": false, ""pressure"": false, ""retrigger"": false, ""fast_confirm"": false, ""fast_break"": false, ""h1_price_above_ema20"": false, ""h1_rsi_ge50"": false, ""near_20h_high_le4_5"": true, ""m15_near_prev_high6_ge_m0_2"": false}",0.603248259860778,-0.6032482598607891,-0.6032482598607891,0.603248259860778,-0.8352668213457037,-0.27842227378189754,0.6496519721577831,-0.8352668213457037,0.5568445475638173,0.6496519721577831,-1.6241299303944357,-1.5777262180974416,,,,,,,1
e3f550198183e7828729f479,2026-10-06T00:00:00+00:00,2026-10-06T00:48:12.643704+00:00,C09,CONFIRMED_REVERSAL,XNOUSDT,0.363,BULL,BULL,"{""btc_ret_24h"": -0.8819253438113961, ""breadth_ret72_delta72"": 26.184538653366587, ""btc_h1_ema50_slope3"": 0.03843535155219069}","{""last_pivot_low_age_h"": 6.0, ""pivot1_low"": 0.36, ""pivot2_low"": 0.36, ""pivot_hours"": 1.0, ""multi_bull_div"": 0.0, ""h1_rsi"": 50.18291027310149, ""h1_dist_ema20"": -0.021986749792457516, ""dist_high_20h"": 1.0899182561307952}","{""available"": true, ""label"": ""V11_DIAGNOSTIC_PROXY"", ""quality"": 0.0, ""quality_ge72"": false, ""pressure"": false, ""retrigger"": false, ""fast_confirm"": false, ""fast_break"": false, ""h1_price_above_ema20"": false, ""h1_rsi_ge50"": true, ""near_20h_high_le4_5"": true, ""m15_near_prev_high6_ge_m0_2"": false}",0.2754820936639035,-1.377410468319562,-0.8264462809917328,0.2754820936639035,-1.377410468319562,-0.5509641873278293,0.8264462809917328,-1.377410468319562,0.8264462809917328,1.9283746556473913,-1.377410468319562,0.2754820936639035,,,,,,,1
b5f8a7ff3b3c31305b7ac49f,2026-10-06T00:00:00+00:00,2026-10-06T00:48:13.059158+00:00,C09,CONFIRMED_REVERSAL,XPLUSDT,0.09482,BULL,BULL,"{""btc_ret_24h"": -0.8819253438113961, ""breadth_ret72_delta72"": 26.184538653366587, ""btc_h1_ema50_slope3"": 0.03843535155219069}","{""last_pivot_low_age_h"": 6.0, ""pivot1_low"": 0.09276, ""pivot2_low"": 0.0929, ""pivot_hours"": 3.0, ""multi_bull_div"": 0.0, ""h1_rsi"": 47.738219085151854, ""h1_dist_ema20"": -0.24502703819627714, ""dist_high_20h"": 2.967662709783059}","{""available"": true, ""label"": ""V11_DIAGNOSTIC_PROXY"", ""quality"": 0.0, ""quality_ge72"": false, ""pressure"": false, ""retrigger"": false, ""fast_confirm"": false, ""fast_break"": false, ""h1_price_above_ema20"": false, ""h1_rsi_ge50"": false, ""near_20h_high_le4_5"": true, ""m15_near_prev_high6_ge_m0_2"": false}",0.1476481754904002,-3.311537650284757,-2.6365745623286196,0.1476481754904002,-3.733389580257329,-2.815861632566974,0.1476481754904002,-4.471630457709352,-2.6260282640793164,0.1476481754904002,-5.673908458131194,-5.252056528158611,,2.0,,3.0,0.0,0.0,1
7ef099407af061078a5a430c,2026-10-06T00:00:00+00:00,2026-10-06T00:48:13.471955+00:00,C09,CONFIRMED_REVERSAL,XRPUSDT,1.5077,BULL,BULL,"{""btc_ret_24h"": -0.8819253438113961, ""breadth_ret72_delta72"": 26.184538653366587, ""btc_h1_ema50_slope3"": 0.03843535155219069}","{""last_pivot_low_age_h"": 7.0, ""pivot1_low"": 1.5091, ""pivot2_low"": 1.486, ""pivot_hours"": 7.0, ""multi_bull_div"": 0.0, ""h1_rsi"": 51.24710006079898, ""h1_dist_ema20"": 0.08503334221467984, ""dist_high_20h"": 1.238045329490367}","{""available"": true, ""label"": ""V11_DIAGNOSTIC_PROXY"", ""quality"": 0.0, ""quality_ge72"": false, ""pressure"": false, ""retrigger"": false, ""fast_confirm"": false, ""fast_break"": false, ""h1_price_above_ema20"": true, ""h1_rsi_ge50"": true, ""near_20h_high_le4_5"": true, ""m15_near_prev_high6_ge_m0_2"": false}",0.4244876301651601,-0.8224447834449755,-0.7163228759037077,0.4244876301651601,-0.9285666909862766,-0.523976918485114,0.4775485839357829,-1.1275452676261954,0.3448961995091704,1.0811169330768644,-1.1275452676261954,-0.7030576374610242,,,,,,,1
8f99dfb094e0c2b39f3ac06b,2026-10-06T00:00:00+00:00,2026-10-06T00:48:13.883049+00:00,C09,CONFIRMED_REVERSAL,XTZUSDT,0.3366,BULL,BULL,"{""btc_ret_24h"": -0.8819253438113961, ""breadth_ret72_delta72"": 26.184538653366587, ""btc_h1_ema50_slope3"": 0.03843535155219069}","{""last_pivot_low_age_h"": 8.0, ""pivot1_low"": 0.3283, ""pivot2_low"": 0.324, ""pivot_hours"": 5.0, ""multi_bull_div"": 0.0, ""h1_rsi"": 57.22269737236337, ""h1_dist_ema20"": 1.1886843843732287, ""dist_high_20h"": 2.604166666666674}","{""available"": true, ""label"": ""V11_DIAGNOSTIC_PROXY"", ""quality"": 0.0, ""quality_ge72"": false, ""pressure"": false, ""retrigger"": false, ""fast_confirm"": false, ""fast_break"": false, ""h1_price_above_ema20"": true, ""h1_rsi_ge50"": true, ""near_20h_high_le4_5"": true, ""m15_near_prev_high6_ge_m0_2"": false}",0.2376708259061111,-2.1687462863933527,-1.8716577540107027,0.2376708259061111,-2.1984551396316165,-0.5941770647653,0.41592394533571664,-2.1984551396316165,-0.08912655971480277,0.9209744503862138,-2.1984551396316165,-1.0101010101010166,,3.0,,,0.0,,1
71fcd334b9b91d99d029dbe4,2026-10-06T00:00:00+00:00,2026-10-06T00:48:14.299230+00:00,C09,CONFIRMED_REVERSAL,XVGUSDT,0.003146,BULL,BULL,"{""btc_ret_24h"": -0.8819253438113961, ""breadth_ret72_delta72"": 26.184538653366587, ""btc_h1_ema50_slope3"": 0.03843535155219069}","{""last_pivot_low_age_h"": 9.0, ""pivot1_low"": 0.003084, ""pivot2_low"": 0.003079, ""pivot_hours"": 10.0, ""multi_bull_div"": 2.0, ""h1_rsi"": 48.86475317670989, ""h1_dist_ema20"": -0.02215079540194287, ""dist_high_20h"": 1.038062283737029}","{""available"": true, ""label"": ""V11_DIAGNOSTIC_PROXY"", ""quality"": 0.0, ""quality_ge72"": false, ""pressure"": false, ""retrigger"": false, ""fast_confirm"": false, ""fast_break"": false, ""h1_price_above_ema20"": false, ""h1_rsi_ge50"": false, ""near_20h_high_le4_5"": true, ""m15_near_prev_high6_ge_m0_2"": false}",0.4767959313414005,-3.019707565162111,-2.0343293070565704,0.4767959313414005,-3.019707565162111,-1.1443102352193257,0.762873490146232,-3.019707565162111,-0.3814367450731049,0.762873490146232,-3.019707565162111,-2.2886204704386515,,3.0,,3.0,0.0,0.0,1
51f9e39917549adf7f9654b4,2026-10-06T00:00:00+00:00,2026-10-06T00:48:14.709805+00:00,C09,CONFIRMED_REVERSAL,XVSUSDT,3.372,BULL,BULL,"{""btc_ret_24h"": -0.8819253438113961, ""breadth_ret72_delta72"": 26.184538653366587, ""btc_h1_ema50_slope3"": 0.03843535155219069}","{""last_pivot_low_age_h"": 7.0, ""pivot1_low"": 3.404, ""pivot2_low"": 3.331, ""pivot_hours"": 7.0, ""multi_bull_div"": 0.0, ""h1_rsi"": 40.38207261224244, ""h1_dist_ema20"": -0.717544543314852, ""dist_high_20h"": 2.289191538684443}","{""available"": true, ""label"": ""V11_DIAGNOSTIC_PROXY"", ""quality"": 0.0, ""quality_ge72"": false, ""pressure"": false, ""retrigger"": false, ""fast_confirm"": false, ""fast_break"": false, ""h1_price_above_ema20"": false, ""h1_rsi_ge50"": false, ""near_20h_high_le4_5"": true, ""m15_near_prev_high6_ge_m0_2"": false}",0.32621589561092623,-1.542111506524324,-1.542111506524324,0.32621589561092623,-1.690391459074736,-0.8303677342823224,0.32621589561092623,-1.690391459074736,-0.23724792408066353,0.32621589561092623,-2.461447212336887,-2.016607354685651,,20.0,,,0.0,,1
e88964f396a13b170bfe435c,2026-10-06T00:00:00+00:00,2026-10-06T00:48:15.120752+00:00,C09,CONFIRMED_REVERSAL,YBUSDT,0.0864,BULL,BULL,"{""btc_ret_24h"": -0.8819253438113961, ""breadth_ret72_delta72"": 26.184538653366587, ""btc_h1_ema50_slope3"": 0.03843535155219069}","{""last_pivot_low_age_h"": 6.0, ""pivot1_low"": 0.0857, ""pivot2_low"": 0.0851, ""pivot_hours"": 7.0, ""multi_bull_div"": 0.0, ""h1_rsi"": 41.074107040431414, ""h1_dist_ema20"": -0.5246605147996242, ""dist_high_20h"": 2.5930101465614364}","{""available"": true, ""label"": ""V11_DIAGNOSTIC_PROXY"", ""quality"": 0.0, ""quality_ge72"": false, ""pressure"": false, ""retrigger"": false, ""fast_confirm"": false, ""fast_break"": false, ""h1_price_above_ema20"": false, ""h1_rsi_ge50"": false, ""near_20h_high_le4_5"": true, ""m15_near_prev_high6_ge_m0_2"": false}",0.11574074074072183,-2.777777777777779,-1.85185185185186,0.11574074074072183,-2.777777777777779,-0.8101851851851971,0.11574074074072183,-2.777777777777779,-0.11574074074074403,0.11574074074072183,-2.777777777777779,-1.388888888888895,,3.0,,,0.0,,1
9e2797642483c3a0a8e8a82b,2026-10-06T00:00:00+00:00,2026-10-06T00:48:15.535507+00:00,C09,CONFIRMED_REVERSAL,YFIUSDT,2604.0,BULL,BULL,"{""btc_ret_24h"": -0.8819253438113961, ""breadth_ret72_delta72"": 26.184538653366587, ""btc_h1_ema50_slope3"": 0.03843535155219069}","{""last_pivot_low_age_h"": 7.0, ""pivot1_low"": 2540.0, ""pivot2_low"": 2525.0, ""pivot_hours"": 6.0, ""multi_bull_div"": 2.0, ""h1_rsi"": 55.792624016076076, ""h1_dist_ema20"": 0.9506747063566579, ""dist_high_20h"": 1.7358490566037776}","{""available"": true, ""label"": ""V11_DIAGNOSTIC_PROXY"", ""quality"": 0.0, ""quality_ge72"": false, ""pressure"": false, ""retrigger"": false, ""fast_confirm"": false, ""fast_break"": false, ""h1_price_above_ema20"": true, ""h1_rsi_ge50"": true, ""near_20h_high_le4_5"": true, ""m15_near_prev_high6_ge_m0_2"": false}",0.0,-2.035330261136714,-1.8049155145929308,0.0,-5.952380952380953,-3.686635944700456,0.0,-5.952380952380953,-1.7281105990783363,0.0,-5.952380952380953,-2.726574500768053,,2.0,,4.0,0.0,0.0,1
c88c02efbe2c58db24a6c671,2026-10-06T00:00:00+00:00,2026-10-06T00:48:15.950184+00:00,C09,CONFIRMED_REVERSAL,YGGUSDT,0.02878,BULL,BULL,"{""btc_ret_24h"": -0.8819253438113961, ""breadth_ret72_delta72"": 26.184538653366587, ""btc_h1_ema50_slope3"": 0.03843535155219069}","{""last_pivot_low_age_h"": 6.0, ""pivot1_low"": 0.02791, ""pivot2_low"": 0.02791, ""pivot_hours"": 1.0, ""multi_bull_div"": 0.0, ""h1_rsi"": 59.30514184150461, ""h1_dist_ema20"": 1.2756493509418654, ""dist_high_20h"": 1.0996563573883233}","{""available"": true, ""label"": ""V11_DIAGNOSTIC_PROXY"", ""quality"": 0.0, ""quality_ge72"": false, ""pressure"": false, ""retrigger"": false, ""fast_confirm"": true, ""fast_break"": false, ""h1_price_above_ema20"": true, ""h1_rsi_ge50"": true, ""near_20h_high_le4_5"": true, ""m15_near_prev_high6_ge_m0_2"": false}",6.080611535788738,-2.223766504517033,-1.5983321751216084,6.080611535788738,-2.2932592077831826,-1.5288394718554477,6.080611535788738,-2.2932592077831826,-1.2508686587908269,6.080611535788738,-4.100069492703273,-3.68311327310632,1.0,3.0,1.0,20.0,1.0,1.0,1
754796e4f637380637693f03,2026-10-06T00:00:00+00:00,2026-10-06T00:48:16.359424+00:00,C09,CONFIRMED_REVERSAL,ZBTUSDT,0.0879,BULL,BULL,"{""btc_ret_24h"": -0.8819253438113961, ""breadth_ret72_delta72"": 26.184538653366587, ""btc_h1_ema50_slope3"": 0.03843535155219069}","{""last_pivot_low_age_h"": 7.0, ""pivot1_low"": 0.0862, ""pivot2_low"": 0.0853, ""pivot_hours"": 6.0, ""multi_bull_div"": 0.0, ""h1_rsi"": 63.58491988262618, ""h1_dist_ema20"": 1.1473430896153491, ""dist_high_20h"": 0.2270147559591318}","{""available"": true, ""label"": ""V11_DIAGNOSTIC_PROXY"", ""quality"": 0.0, ""quality_ge72"": false, ""pressure"": false, ""retrigger"": false, ""fast_confirm"": false, ""fast_break"": false, ""h1_price_above_ema20"": true, ""h1_rsi_ge50"": true, ""near_20h_high_le4_5"": true, ""m15_near_prev_high6_ge_m0_2"": false}",0.22753128555175195,-1.3651877133105894,-1.1376564277588153,0.22753128555175195,-1.5927189988623525,-0.34129692832765013,2.0477815699658564,-1.5927189988623525,1.1376564277588264,2.0477815699658564,-1.5927189988623525,1.8202502844141044,,,,,,,1
1254d02bb7f6f65dcff25e01,2026-10-06T00:00:00+00:00,2026-10-06T00:48:16.773387+00:00,C09,CONFIRMED_REVERSAL,ZECUSDT,1337.66,BULL,BULL,"{""btc_ret_24h"": -0.8819253438113961, ""breadth_ret72_delta72"": 26.184538653366587, ""btc_h1_ema50_slope3"": 0.03843535155219069}","{""last_pivot_low_age_h"": 7.0, ""pivot1_low"": 1302.62, ""pivot2_low"": 1278.0, ""pivot_hours"": 6.0, ""multi_bull_div"": 0.0, ""h1_rsi"": 53.14390154760485, ""h1_dist_ema20"": 0.5388923318995209, ""dist_high_20h"": 2.0775379930309423}","{""available"": true, ""label"": ""V11_DIAGNOSTIC_PROXY"", ""quality"": 0.0, ""quality_ge72"": false, ""pressure"": false, ""retrigger"": false, ""fast_confirm"": true, ""fast_break"": false, ""h1_price_above_ema20"": true, ""h1_rsi_ge50"": true, ""near_20h_high_le4_5"": true, ""m15_near_prev_high6_ge_m0_2"": false}",1.6999835533693108,-0.278845147496376,0.34388409610812687,1.6999835533693108,-0.278845147496376,-0.26613638742282175,2.963383819505694,-1.705216572223145,2.6486551141545522,3.539015893425823,-1.705216572223145,2.1672173796031924,13.0,,,,1.0,,1
247ffe58d8d42b4c0af2a62d,2026-10-06T00:00:00+00:00,2026-10-06T00:48:17.183181+00:00,C09,CONFIRMED_REVERSAL,ZENUSDT,7.095,BULL,BULL,"{""btc_ret_24h"": -0.8819253438113961, ""breadth_ret72_delta72"": 26.184538653366587, ""btc_h1_ema50_slope3"": 0.03843535155219069}","{""last_pivot_low_age_h"": 7.0, ""pivot1_low"": 6.96, ""pivot2_low"": 6.809, ""pivot_hours"": 12.0, ""multi_bull_div"": 0.0, ""h1_rsi"": 54.64279129296645, ""h1_dist_ema20"": 0.5727621555573714, ""dist_high_20h"": 1.7313019390581719}","{""available"": true, ""label"": ""V11_DIAGNOSTIC_PROXY"", ""quality"": 0.0, ""quality_ge72"": false, ""pressure"": false, ""retrigger"": false, ""fast_confirm"": true, ""fast_break"": false, ""h1_price_above_ema20"": true, ""h1_rsi_ge50"": true, ""near_20h_high_le4_5"": true, ""m15_near_prev_high6_ge_m0_2"": false}",0.521494009866097,-1.564482029598302,-1.1839323467230378,0.521494009866097,-2.198731501057083,-1.973220577871737,1.099365750528536,-2.9175475687103547,0.9584214235377031,2.1282593375616665,-2.9175475687103547,-1.7195207892882314,,6.0,,,0.0,,1
a3d10eb8902be7e5ac5b6c39,2026-10-06T00:00:00+00:00,2026-10-06T00:48:17.593762+00:00,C09,CONFIRMED_REVERSAL,ZILUSDT,0.003625,BULL,BULL,"{""btc_ret_24h"": -0.8819253438113961, ""breadth_ret72_delta72"": 26.184538653366587, ""btc_h1_ema50_slope3"": 0.03843535155219069}","{""last_pivot_low_age_h"": 6.0, ""pivot1_low"": 0.003559, ""pivot2_low"": 0.003562, ""pivot_hours"": 3.0, ""multi_bull_div"": 0.0, ""h1_rsi"": 55.73713652721846, ""h1_dist_ema20"": 0.5665262502058566, ""dist_high_20h"": 1.9475250202867223}","{""available"": true, ""label"": ""V11_DIAGNOSTIC_PROXY"", ""quality"": 0.0, ""quality_ge72"": false, ""pressure"": false, ""retrigger"": false, ""fast_confirm"": false, ""fast_break"": false, ""h1_price_above_ema20"": true, ""h1_rsi_ge50"": true, ""near_20h_high_le4_5"": true, ""m15_near_prev_high6_ge_m0_2"": false}",0.5517241379310311,-1.1862068965517225,-1.1862068965517225,0.8551724137930927,-1.3241379310344858,0.8275862068965356,1.7379310344827426,-1.3241379310344858,-0.6896551724138056,1.7379310344827426,-4.027586206896561,-3.0068965517241475,,16.0,,18.0,0.0,0.0,1
3bf566252b7c8fc4551bdcbe,2026-10-06T00:00:00+00:00,2026-10-06T00:48:18.002237+00:00,C09,CONFIRMED_REVERSAL,ZKCUSDT,0.0434,BULL,BULL,"{""btc_ret_24h"": -0.8819253438113961, ""breadth_ret72_delta72"": 26.184538653366587, ""btc_h1_ema50_slope3"": 0.03843535155219069}","{""last_pivot_low_age_h"": 9.0, ""pivot1_low"": 0.0422, ""pivot2_low"": 0.0422, ""pivot_hours"": 10.0, ""multi_bull_div"": 0.0, ""h1_rsi"": 55.76066430487754, ""h1_dist_ema20"": 0.6132025429453014, ""dist_high_20h"": 1.3636363636363558}","{""available"": true, ""label"": ""V11_DIAGNOSTIC_PROXY"", ""quality"": 0.0, ""quality_ge72"": false, ""pressure"": false, ""retrigger"": false, ""fast_confirm"": false, ""fast_break"": false, ""h1_price_above_ema20"": true, ""h1_rsi_ge50"": true, ""near_20h_high_le4_5"": true, ""m15_near_prev_high6_ge_m0_2"": false}",0.0,-2.7649769585253448,-2.304147465437789,0.0,-3.9170506912442393,-2.7649769585253448,3.686635944700445,-3.9170506912442393,1.6129032258064502,3.686635944700445,-3.9170506912442393,-0.23041474654378336,11.0,2.0,,4.0,0.0,0.0,1
d89c0c15fb1e5321fd3620cb,2026-10-06T00:00:00+00:00,2026-10-06T00:48:18.408693+00:00,C09,CONFIRMED_REVERSAL,ZKPUSDT,0.0517,BULL,BULL,"{""btc_ret_24h"": -0.8819253438113961, ""breadth_ret72_delta72"": 26.184538653366587, ""btc_h1_ema50_slope3"": 0.03843535155219069}","{""last_pivot_low_age_h"": 7.0, ""pivot1_low"": 0.0509, ""pivot2_low"": 0.0509, ""pivot_hours"": 1.0, ""multi_bull_div"": 0.0, ""h1_rsi"": 50.84599565346251, ""h1_dist_ema20"": -0.10412340758858551, ""dist_high_20h"": 5.999999999999995}","{""available"": true, ""label"": ""V11_DIAGNOSTIC_PROXY"", ""quality"": 0.0, ""quality_ge72"": false, ""pressure"": false, ""retrigger"": false, ""fast_confirm"": false, ""fast_break"": false, ""h1_price_above_ema20"": false, ""h1_rsi_ge50"": true, ""near_20h_high_le4_5"": false, ""m15_near_prev_high6_ge_m0_2"": false}",0.19342359767891004,-3.481624758220514,-3.2882011605415817,0.19342359767891004,-4.642166344294019,-3.481624758220514,0.19342359767891004,-4.642166344294019,-3.0947775628626717,0.19342359767891004,-5.029013539651849,-4.448742746615098,,1.0,,1.0,0.0,0.0,1
87e00f5ab91a313bbe9b1e51,2026-10-06T00:00:00+00:00,2026-10-06T00:48:18.827123+00:00,C09,CONFIRMED_REVERSAL,ZKUSDT,0.01293,BULL,BULL,"{""btc_ret_24h"": -0.8819253438113961, ""breadth_ret72_delta72"": 26.184538653366587, ""btc_h1_ema50_slope3"": 0.03843535155219069}","{""last_pivot_low_age_h"": 7.0, ""pivot1_low"": 0.01278, ""pivot2_low"": 0.01251, ""pivot_hours"": 7.0, ""multi_bull_div"": 1.0, ""h1_rsi"": 49.88703355633742, ""h1_dist_ema20"": 0.060360426867478445, ""dist_high_20h"": 1.2223071046600364}","{""available"": true, ""label"": ""V11_DIAGNOSTIC_PROXY"", ""quality"": 0.0, ""quality_ge72"": false, ""pressure"": false, ""retrigger"": false, ""fast_confirm"": true, ""fast_break"": false, ""h1_price_above_ema20"": true, ""h1_rsi_ge50"": false, ""near_20h_high_le4_5"": true, ""m15_near_prev_high6_ge_m0_2"": false}",0.23201856148491462,-2.784222737819031,-2.784222737819031,0.23201856148491462,-3.8669760247486473,-2.706883217324063,2.3201856148491906,-3.8669760247486473,2.2428460943542117,4.098994586233551,-3.8669760247486473,0.23201856148491462,16.0,3.0,,4.0,0.0,0.0,1
39c183c4b0471f17bf70b8d1,2026-10-06T00:00:00+00:00,2026-10-06T00:48:19.241198+00:00,C09,CONFIRMED_REVERSAL,ZROUSDT,2.168,BULL,BULL,"{""btc_ret_24h"": -0.8819253438113961, ""breadth_ret72_delta72"": 26.184538653366587, ""btc_h1_ema50_slope3"": 0.03843535155219069}","{""last_pivot_low_age_h"": 5.0, ""pivot1_low"": 1.925, ""pivot2_low"": 2.02, ""pivot_hours"": 7.0, ""multi_bull_div"": 0.0, ""h1_rsi"": 71.90493599610016, ""h1_dist_ema20"": 6.3462550724528555, ""dist_high_20h"": 0.41341295360587393}","{""available"": true, ""label"": ""V11_DIAGNOSTIC_PROXY"", ""quality"": 92.0, ""quality_ge72"": true, ""pressure"": true, ""retrigger"": false, ""fast_confirm"": true, ""fast_break"": true, ""h1_price_above_ema20"": true, ""h1_rsi_ge50"": true, ""near_20h_high_le4_5"": true, ""m15_near_prev_high6_ge_m0_2"": true}",1.0147601476014678,-5.765682656826565,-1.1070110701106972,1.0147601476014678,-5.765682656826565,-2.1678966789667964,1.0147601476014678,-5.765682656826565,-0.13837638376383854,6.042435424354231,-5.765682656826565,3.920664206642055,15.0,1.0,16.0,1.0,0.0,0.0,1
2a22dab39d639179cf51afb7,2026-10-06T07:00:00+00:00,2026-10-06T07:32:00.145070+00:00,C09,CONFIRMED_REVERSAL,AAVEUSDT,181.73,BULL,BULL,"{""btc_ret_24h"": -1.1013215859030812, ""breadth_ret72_delta72"": 7.5, ""btc_h1_ema50_slope3"": -0.01918296498985006}","{""last_pivot_low_age_h"": 11.0, ""pivot1_low"": 181.02, ""pivot2_low"": 181.23, ""pivot_hours"": 3.0, ""multi_bull_div"": 0.0, ""h1_rsi"": 47.411379427202, ""h1_dist_ema20"": -0.42192542398209465, ""dist_high_20h"": 3.1238338930646647}","{""available"": true, ""label"": ""V11_DIAGNOSTIC_PROXY"", ""quality"": 0.0, ""quality_ge72"": false, ""pressure"": false, ""retrigger"": false, ""fast_confirm"": true, ""fast_break"": false, ""h1_price_above_ema20"": false, ""h1_rsi_ge50"": false, ""near_20h_high_le4_5"": true, ""m15_near_prev_high6_ge_m0_2"": false}",0.005502668794377108,-1.4912232432729766,-0.8419083255378879,1.9094260716447486,-1.4912232432729766,1.6893193198701528,1.9094260716447486,-1.4912232432729766,0.302646783690097,,,,,,,,,,0
151b9498fe1f4c2018feccc3,2026-10-06T07:00:00+00:00,2026-10-06T07:32:00.744816+00:00,C09,CONFIRMED_REVERSAL,ASRUSDT,0.88,BULL,BULL,"{""btc_ret_24h"": -1.1013215859030812, ""breadth_ret72_delta72"": 7.5, ""btc_h1_ema50_slope3"": -0.01918296498985006}","{""last_pivot_low_age_h"": 9.0, ""pivot1_low"": 0.859, ""pivot2_low"": 0.868, ""pivot_hours"": 5.0, ""multi_bull_div"": 0.0, ""h1_rsi"": 50.12461874200927, ""h1_dist_ema20"": -0.37445681393878383, ""dist_high_20h"": 12.698412698412698}","{""available"": true, ""label"": ""V11_DIAGNOSTIC_PROXY"", ""quality"": 0.0, ""quality_ge72"": false, ""pressure"": false, ""retrigger"": false, ""fast_confirm"": false, ""fast_break"": false, ""h1_price_above_ema20"": false, ""h1_rsi_ge50"": true, ""near_20h_high_le4_5"": false, ""m15_near_prev_high6_ge_m0_2"": false}",2.499999999999991,-1.931818181818179,-0.7954545454545436,2.499999999999991,-1.931818181818179,0.9090909090909038,2.499999999999991,-1.931818181818179,0.454545454545463,,,,,,,,,,0
e19cbe218622c158f275be09,2026-10-06T07:00:00+00:00,2026-10-06T07:32:01.345337+00:00,C09,CONFIRMED_REVERSAL,AUDIOUSDT,0.01689,BULL,BULL,"{""btc_ret_24h"": -1.1013215859030812, ""breadth_ret72_delta72"": 7.5, ""btc_h1_ema50_slope3"": -0.01918296498985006}","{""last_pivot_low_age_h"": 5.0, ""pivot1_low"": 0.01663, ""pivot2_low"": 0.01675, ""pivot_hours"": 6.0, ""multi_bull_div"": 0.0, ""h1_rsi"": 51.27635546057487, ""h1_dist_ema20"": 0.12025598454732389, ""dist_high_20h"": 2.3134759976865316}","{""available"": true, ""label"": ""V11_DIAGNOSTIC_PROXY"", ""quality"": 0.0, ""quality_ge72"": false, ""pressure"": false, ""retrigger"": false, ""fast_confirm"": false, ""fast_break"": false, ""h1_price_above_ema20"": true, ""h1_rsi_ge50"": true, ""near_20h_high_le4_5"": true, ""m15_near_prev_high6_ge_m0_2"": false}",0.769686204854958,-0.5920663114268754,-0.2960331557134266,0.769686204854958,-1.5985790408525768,-0.1184132622853662,0.769686204854958,-1.7761989342806261,-1.7761989342806261,,,,,,,,,,0
9150f6c63fee256011b82b90,2026-10-06T07:00:00+00:00,2026-10-06T07:32:01.944510+00:00,C09,CONFIRMED_REVERSAL,AVAXUSDT,11.293,BULL,BULL,"{""btc_ret_24h"": -1.1013215859030812, ""breadth_ret72_delta72"": 7.5, ""btc_h1_ema50_slope3"": -0.01918296498985006}","{""last_pivot_low_age_h"": 11.0, ""pivot1_low"": 10.792, ""pivot2_low"": 10.855, ""pivot_hours"": 3.0, ""multi_bull_div"": 0.0, ""h1_rsi"": 69.2675205861153, ""h1_dist_ema20"": 1.6747695695878084, ""dist_high_20h"": 0.9385964912280831}","{""available"": true, ""label"": ""V11_DIAGNOSTIC_PROXY"", ""quality"": 0.0, ""quality_ge72"": false, ""pressure"": false, ""retrigger"": false, ""fast_confirm"": true, ""fast_break"": false, ""h1_price_above_ema20"": true, ""h1_rsi_ge50"": true, ""near_20h_high_le4_5"": true, ""m15_near_prev_high6_ge_m0_2"": false}",1.0448950677410807,-0.7792437793323281,0.0,3.5243070928894227,-0.7792437793323281,2.001239706012581,3.5243070928894227,-0.7792437793323281,1.6558930310812014,,,,,,,,,,0
87b57ea38ffcc0a9e8aceadc,2026-10-06T07:00:00+00:00,2026-10-06T07:32:02.548338+00:00,C09,CONFIRMED_REVERSAL,CATIUSDT,0.06914,BULL,BULL,"{""btc_ret_24h"": -1.1013215859030812, ""breadth_ret72_delta72"": 7.5, ""btc_h1_ema50_slope3"": -0.01918296498985006}","{""last_pivot_low_age_h"": 6.0, ""pivot1_low"": 0.06824, ""pivot2_low"": 0.06813, ""pivot_hours"": 4.0, ""multi_bull_div"": 1.0, ""h1_rsi"": 61.546875718152876, ""h1_dist_ema20"": 0.9420566770136807, ""dist_high_20h"": 1.6220830961866883}","{""available"": true, ""label"": ""V11_DIAGNOSTIC_PROXY"", ""quality"": 95.0, ""quality_ge72"": true, ""pressure"": true, ""retrigger"": true, ""fast_confirm"": false, ""fast_break"": false, ""h1_price_above_ema20"": true, ""h1_rsi_ge50"": true, ""near_20h_high_le4_5"": true, ""m15_near_prev_high6_ge_m0_2"": false}",0.2169511136824065,-1.9236332079837992,-1.3161700896731188,0.2169511136824065,-1.9236332079837992,-0.49175585768005403,0.2169511136824065,-1.9236332079837992,-1.619901648828459,,,,,,,,,,0
135e07aac9c84a801283c1de,2026-10-06T07:00:00+00:00,2026-10-06T07:32:03.146753+00:00,C09,CONFIRMED_REVERSAL,EDUUSDT,0.0584,BULL,BULL,"{""btc_ret_24h"": -1.1013215859030812, ""breadth_ret72_delta72"": 7.5, ""btc_h1_ema50_slope3"": -0.01918296498985006}","{""last_pivot_low_age_h"": 9.0, ""pivot1_low"": 0.0567, ""pivot2_low"": 0.0587, ""pivot_hours"": 6.0, ""multi_bull_div"": 0.0, ""h1_rsi"": 51.2465937090947, ""h1_dist_ema20"": -0.16753860257525677, ""dist_high_20h"": 9.034267912772576}","{""available"": true, ""label"": ""V11_DIAGNOSTIC_PROXY"", ""quality"": 95.0, ""quality_ge72"": true, ""pressure"": false, ""retrigger"": true, ""fast_confirm"": true, ""fast_break"": false, ""h1_price_above_ema20"": false, ""h1_rsi_ge50"": true, ""near_20h_high_le4_5"": false, ""m15_near_prev_high6_ge_m0_2"": false}",3.5958904109588907,-1.8835616438356184,-0.171232876712335,9.417808219178081,-1.8835616438356184,8.732876712328764,22.26027397260275,-1.8835616438356184,19.349315068493155,,,,,,,,,,0
2248fa458d9caa880c6f5a5f,2026-10-06T07:00:00+00:00,2026-10-06T07:32:03.746974+00:00,C09,CONFIRMED_REVERSAL,GLMRUSDT,0.010591,BULL,BULL,"{""btc_ret_24h"": -1.1013215859030812, ""breadth_ret72_delta72"": 7.5, ""btc_h1_ema50_slope3"": -0.01918296498985006}","{""last_pivot_low_age_h"": 6.0, ""pivot1_low"": 0.01077, ""pivot2_low"": 0.0109, ""pivot_hours"": 4.0, ""multi_bull_div"": 0.0, ""h1_rsi"": 38.924201456104214, ""h1_dist_ema20"": -4.141803335295535, ""dist_high_20h"": 14.312297734627833}","{""available"": true, ""label"": ""V11_DIAGNOSTIC_PROXY"", ""quality"": 0.0, ""quality_ge72"": false, ""pressure"": false, ""retrigger"": false, ""fast_confirm"": false, ""fast_break"": false, ""h1_price_above_ema20"": false, ""h1_rsi_ge50"": false, ""near_20h_high_le4_5"": false, ""m15_near_prev_high6_ge_m0_2"": false}",2.539892361438967,-5.580209611934661,1.699556226985166,7.166462090454173,-5.580209611934661,1.227457275044852,7.166462090454173,-5.580209611934661,-0.22660749693135251,,,,,,,,,,0
1966f9deb62f7cbe64aab785,2026-10-06T07:00:00+00:00,2026-10-06T07:32:04.335195+00:00,C09,CONFIRMED_REVERSAL,GLWBUSDT,160.14,BULL,BULL,"{""btc_ret_24h"": -1.1013215859030812, ""breadth_ret72_delta72"": 7.5, ""btc_h1_ema50_slope3"": -0.01918296498985006}","{""last_pivot_low_age_h"": 6.0, ""pivot1_low"": 158.66, ""pivot2_low"": 158.17, ""pivot_hours"": 5.0, ""multi_bull_div"": 3.0, ""h1_rsi"": 40.535936191884694, ""h1_dist_ema20"": -0.18540130236458507, ""dist_high_20h"": 2.7509564583712898}","{""available"": true, ""label"": ""V11_DIAGNOSTIC_PROXY"", ""quality"": 0.0, ""quality_ge72"": false, ""pressure"": false, ""retrigger"": false, ""fast_confirm"": false, ""fast_break"": true, ""h1_price_above_ema20"": false, ""h1_rsi_ge50"": false, ""near_20h_high_le4_5"": true, ""m15_near_prev_high6_ge_m0_2"": true}",0.11240164855752521,-0.3559385537654558,0.07493443237167607,0.9366804046459398,-0.3559385537654558,0.9179467965530375,6.50680654427378,-0.3559385537654558,5.064318721119032,,,,,,,,,,0
731fa7f7317bb3b647a428d4,2026-10-06T07:00:00+00:00,2026-10-06T07:32:04.934923+00:00,C09,CONFIRMED_REVERSAL,IOTAUSDT,0.0575,BULL,BULL,"{""btc_ret_24h"": -1.1013215859030812, ""breadth_ret72_delta72"": 7.5, ""btc_h1_ema50_slope3"": -0.01918296498985006}","{""last_pivot_low_age_h"": 8.0, ""pivot1_low"": 0.0581, ""pivot2_low"": 0.058, ""pivot_hours"": 3.0, ""multi_bull_div"": 1.0, ""h1_rsi"": 40.169791825665534, ""h1_dist_ema20"": -1.1315350060685847, ""dist_high_20h"": 3.1986531986532007}","{""available"": true, ""label"": ""V11_DIAGNOSTIC_PROXY"", ""quality"": 0.0, ""quality_ge72"": false, ""pressure"": false, ""retrigger"": false, ""fast_confirm"": true, ""fast_break"": false, ""h1_price_above_ema20"": false, ""h1_rsi_ge50"": false, ""near_20h_high_le4_5"": true, ""m15_near_prev_high6_ge_m0_2"": true}",1.7391304347826209,-0.17391304347826875,1.2173913043478146,5.043478260869572,-0.17391304347826875,3.826086956521735,5.043478260869572,-0.17391304347826875,0.8695652173912993,,,,,,,,,,0
5b9b60d2187b19ccabff4642,2026-10-06T07:00:00+00:00,2026-10-06T07:32:05.535871+00:00,C09,CONFIRMED_REVERSAL,KAVAUSDT,0.06911,BULL,BULL,"{""btc_ret_24h"": -1.1013215859030812, ""breadth_ret72_delta72"": 7.5, ""btc_h1_ema50_slope3"": -0.01918296498985006}","{""last_pivot_low_age_h"": 5.0, ""pivot1_low"": 0.0687, ""pivot2_low"": 0.06864, ""pivot_hours"": 6.0, ""multi_bull_div"": 1.0, ""h1_rsi"": 60.58704981303455, ""h1_dist_ema20"": 0.3654206067870813, ""dist_high_20h"": 0.6326383896477328}","{""available"": true, ""label"": ""V11_DIAGNOSTIC_PROXY"", ""quality"": 0.0, ""quality_ge72"": false, ""pressure"": false, ""retrigger"": false, ""fast_confirm"": false, ""fast_break"": false, ""h1_price_above_ema20"": true, ""h1_rsi_ge50"": true, ""near_20h_high_le4_5"": true, ""m15_near_prev_high6_ge_m0_2"": false}",0.02893937201562391,-1.027347706554771,-1.012878020546959,0.02893937201562391,-1.7074229489220105,-0.9694689625235231,0.02893937201562391,-1.7074229489220105,-0.7524236724063216,,,,,,,,,,0
c635c0c5d37af3388313741b,2026-10-06T07:00:00+00:00,2026-10-06T07:32:06.134970+00:00,C09,CONFIRMED_REVERSAL,LSKUSDT,0.2568,BULL,BULL,"{""btc_ret_24h"": -1.1013215859030812, ""breadth_ret72_delta72"": 7.5, ""btc_h1_ema50_slope3"": -0.01918296498985006}","{""last_pivot_low_age_h"": 7.0, ""pivot1_low"": 0.2687, ""pivot2_low"": 0.2527, ""pivot_hours"": 3.0, ""multi_bull_div"": 0.0, ""h1_rsi"": 34.86580080334258, ""h1_dist_ema20"": -3.092330360985185, ""dist_high_20h"": 9.957924263674622}","{""available"": true, ""label"": ""V11_DIAGNOSTIC_PROXY"", ""quality"": 0.0, ""quality_ge72"": false, ""pressure"": false, ""retrigger"": false, ""fast_confirm"": false, ""fast_break"": false, ""h1_price_above_ema20"": false, ""h1_rsi_ge50"": false, ""near_20h_high_le4_5"": false, ""m15_near_prev_high6_ge_m0_2"": false}",0.15576323987538387,-1.6355140186915862,-0.5062305295949976,0.42834890965732786,-1.6355140186915862,-0.2336448598130758,0.42834890965732786,-3.3489096573208643,-2.9984423676012395,,,,,,,,,,0
236115fa5a86cf4065adcf8a,2026-10-06T07:00:00+00:00,2026-10-06T07:32:06.732492+00:00,C09,CONFIRMED_REVERSAL,MOVRUSDT,1.847,BULL,BULL,"{""btc_ret_24h"": -1.1013215859030812, ""breadth_ret72_delta72"": 7.5, ""btc_h1_ema50_slope3"": -0.01918296498985006}","{""last_pivot_low_age_h"": 11.0, ""pivot1_low"": 1.963, ""pivot2_low"": 1.928, ""pivot_hours"": 6.0, ""multi_bull_div"": 0.0, ""h1_rsi"": 41.38392116648475, ""h1_dist_ema20"": -5.111863333586797, ""dist_high_20h"": 17.360178970917218}","{""available"": true, ""label"": ""V11_DIAGNOSTIC_PROXY"", ""quality"": 0.0, ""quality_ge72"": false, ""pressure"": false, ""retrigger"": false, ""fast_confirm"": false, ""fast_break"": false, ""h1_price_above_ema20"": false, ""h1_rsi_ge50"": false, ""near_20h_high_le4_5"": false, ""m15_near_prev_high6_ge_m0_2"": false}",3.5733622089875405,-0.5414185165132701,2.4905251759610225,7.146724417975103,-0.5414185165132701,4.547915538711433,7.146724417975103,-2.1656740660530582,1.6242555495397992,,,,,,,,,,0
b2598652ac43f9d077d37e59,2026-10-06T07:00:00+00:00,2026-10-06T07:32:07.329378+00:00,C09,CONFIRMED_REVERSAL,MUBARAKUSDT,0.07297,BULL,BULL,"{""btc_ret_24h"": -1.1013215859030812, ""breadth_ret72_delta72"": 7.5, ""btc_h1_ema50_slope3"": -0.01918296498985006}","{""last_pivot_low_age_h"": 6.0, ""pivot1_low"": 0.07273, ""pivot2_low"": 0.07353, ""pivot_hours"": 3.0, ""multi_bull_div"": 0.0, ""h1_rsi"": 47.13467323137148, ""h1_dist_ema20"": -1.5349414587184862, ""dist_high_20h"": 8.455651737548632}","{""available"": true, ""label"": ""V11_DIAGNOSTIC_PROXY"", ""quality"": 72.0, ""quality_ge72"": true, ""pressure"": false, ""retrigger"": true, ""fast_confirm"": false, ""fast_break"": false, ""h1_price_above_ema20"": false, ""h1_rsi_ge50"": false, ""near_20h_high_le4_5"": false, ""m15_near_prev_high6_ge_m0_2"": false}",6.619158558311633,-9.688913252021369,6.495820200082236,6.619158558311633,-9.688913252021369,5.084281211456765,6.619158558311633,-9.688913252021369,4.57722351651364,,,,,,,,,,0
c613edf7d0b1b99725eef546,2026-10-06T07:00:00+00:00,2026-10-06T07:32:07.931390+00:00,C09,CONFIRMED_REVERSAL,NILUSDT,0.10075,BULL,BULL,"{""btc_ret_24h"": -1.1013215859030812, ""breadth_ret72_delta72"": 7.5, ""btc_h1_ema50_slope3"": -0.01918296498985006}","{""last_pivot_low_age_h"": 11.0, ""pivot1_low"": 0.09449, ""pivot2_low"": 0.10613, ""pivot_hours"": 7.0, ""multi_bull_div"": 0.0, ""h1_rsi"": 47.58629067556642, ""h1_dist_ema20"": -2.206761731069107, ""dist_high_20h"": 13.822598580104351}","{""available"": true, ""label"": ""V11_DIAGNOSTIC_PROXY"", ""quality"": 100.0, ""quality_ge72"": true, ""pressure"": false, ""retrigger"": true, ""fast_confirm"": false, ""fast_break"": false, ""h1_price_above_ema20"": false, ""h1_rsi_ge50"": false, ""near_20h_high_le4_5"": false, ""m15_near_prev_high6_ge_m0_2"": false}",1.8660049627791553,-1.310173697270478,-0.5260545905707237,3.116625310173693,-2.0049627791563385,0.8337468982630103,3.7717121588089375,-2.0049627791563385,-1.0223325062034716,,,,,,,,,,0
7c7844ea041562cb15ebea30,2026-10-06T07:00:00+00:00,2026-10-06T07:32:08.528641+00:00,C09,CONFIRMED_REVERSAL,OSMOUSDT,0.0358,BULL,BULL,"{""btc_ret_24h"": -1.1013215859030812, ""breadth_ret72_delta72"": 7.5, ""btc_h1_ema50_slope3"": -0.01918296498985006}","{""last_pivot_low_age_h"": 10.0, ""pivot1_low"": 0.0358, ""pivot2_low"": 0.0358, ""pivot_hours"": 2.0, ""multi_bull_div"": 0.0, ""h1_rsi"": 46.9324422755078, ""h1_dist_ema20"": -0.4356607373199206, ""dist_high_20h"": 4.021447721179627}","{""available"": true, ""label"": ""V11_DIAGNOSTIC_PROXY"", ""quality"": 0.0, ""quality_ge72"": false, ""pressure"": false, ""retrigger"": false, ""fast_confirm"": true, ""fast_break"": true, ""h1_price_above_ema20"": false, ""h1_rsi_ge50"": false, ""near_20h_high_le4_5"": true, ""m15_near_prev_high6_ge_m0_2"": true}",0.0,-1.9553072625698276,-0.8379888268156499,0.27932960893854997,-1.9553072625698276,0.0,0.27932960893854997,-1.9553072625698276,-0.5586592178770888,,,,,,,,,,0
c534f144a501963e8e7cfc0f,2026-10-06T07:00:00+00:00,2026-10-06T07:32:09.129756+00:00,C09,CONFIRMED_REVERSAL,QNTUSDT,257.86,BULL,BULL,"{""btc_ret_24h"": -1.1013215859030812, ""breadth_ret72_delta72"": 7.5, ""btc_h1_ema50_slope3"": -0.01918296498985006}","{""last_pivot_low_age_h"": 10.0, ""pivot1_low"": 250.15, ""pivot2_low"": 250.65, ""pivot_hours"": 9.0, ""multi_bull_div"": 0.0, ""h1_rsi"": 49.61795673671012, ""h1_dist_ema20"": -0.330786131597538, ""dist_high_20h"": 4.343955187891824}","{""available"": true, ""label"": ""V11_DIAGNOSTIC_PROXY"", ""quality"": 0.0, ""quality_ge72"": false, ""pressure"": false, ""retrigger"": false, ""fast_confirm"": false, ""fast_break"": false, ""h1_price_above_ema20"": false, ""h1_rsi_ge50"": false, ""near_20h_high_le4_5"": true, ""m15_near_prev_high6_ge_m0_2"": false}",0.302489723105559,-2.016598154037086,-1.3185449468703925,0.302489723105559,-2.016598154037086,-1.399984487706507,3.5212906228185847,-2.016598154037086,-0.0969518343287068,,,,,,,,,,0
8eb8f6348bf91a6ef51a65bb,2026-10-06T07:00:00+00:00,2026-10-06T07:32:09.726742+00:00,C09,CONFIRMED_REVERSAL,RADUSDT,0.417,BULL,BULL,"{""btc_ret_24h"": -1.1013215859030812, ""breadth_ret72_delta72"": 7.5, ""btc_h1_ema50_slope3"": -0.01918296498985006}","{""last_pivot_low_age_h"": 11.0, ""pivot1_low"": 0.261, ""pivot2_low"": 0.288, ""pivot_hours"": 5.0, ""multi_bull_div"": 0.0, ""h1_rsi"": 77.48423029351741, ""h1_dist_ema20"": 21.135081009030586, ""dist_high_20h"": 4.357798165137616}","{""available"": true, ""label"": ""V11_DIAGNOSTIC_PROXY"", ""quality"": 87.0, ""quality_ge72"": true, ""pressure"": true, ""retrigger"": true, ""fast_confirm"": false, ""fast_break"": false, ""h1_price_above_ema20"": true, ""h1_rsi_ge50"": true, ""near_20h_high_le4_5"": true, ""m15_near_prev_high6_ge_m0_2"": false}",3.1175059952038398,-8.153477218225413,-3.1175059952038287,3.1175059952038398,-17.266187050359715,-16.78657074340528,3.1175059952038398,-24.70023980815348,-19.9040767386091,,,,,,,,,,0
0c8de928f29fb77bf5ec8d9e,2026-10-06T07:00:00+00:00,2026-10-06T07:32:10.325884+00:00,C09,CONFIRMED_REVERSAL,SCRUSDT,0.02684,BULL,BULL,"{""btc_ret_24h"": -1.1013215859030812, ""breadth_ret72_delta72"": 7.5, ""btc_h1_ema50_slope3"": -0.01918296498985006}","{""last_pivot_low_age_h"": 10.0, ""pivot1_low"": 0.02742, ""pivot2_low"": 0.02723, ""pivot_hours"": 4.0, ""multi_bull_div"": 0.0, ""h1_rsi"": 41.2834643056849, ""h1_dist_ema20"": -2.788809144285931, ""dist_high_20h"": 15.063291139240519}","{""available"": true, ""label"": ""V11_DIAGNOSTIC_PROXY"", ""quality"": 0.0, ""quality_ge72"": false, ""pressure"": false, ""retrigger"": false, ""fast_confirm"": true, ""fast_break"": false, ""h1_price_above_ema20"": false, ""h1_rsi_ge50"": false, ""near_20h_high_le4_5"": false, ""m15_near_prev_high6_ge_m0_2"": false}",1.2667660208643738,-1.6020864381520061,-0.2608047690014881,2.6453055141579807,-1.6020864381520061,1.8256333830104277,6.333830104321914,-1.6020864381520061,1.4157973174366623,,,,,,,,,,0
6bd67fa7711f5d11f9ae2d55,2026-10-06T07:00:00+00:00,2026-10-06T07:32:10.916430+00:00,C09,CONFIRMED_REVERSAL,ZAMAUSDT,0.08363,BULL,BULL,"{""btc_ret_24h"": -1.1013215859030812, ""breadth_ret72_delta72"": 7.5, ""btc_h1_ema50_slope3"": -0.01918296498985006}","{""last_pivot_low_age_h"": 11.0, ""pivot1_low"": 0.08238, ""pivot2_low"": 0.08275, ""pivot_hours"": 6.0, ""multi_bull_div"": 0.0, ""h1_rsi"": 45.97329706392108, ""h1_dist_ema20"": -0.7682646507312207, ""dist_high_20h"": 3.4184085922161933}","{""available"": true, ""label"": ""V11_DIAGNOSTIC_PROXY"", ""quality"": 0.0, ""quality_ge72"": false, ""pressure"": false, ""retrigger"": false, ""fast_confirm"": true, ""fast_break"": false, ""h1_price_above_ema20"": false, ""h1_rsi_ge50"": false, ""near_20h_high_le4_5"": true, ""m15_near_prev_high6_ge_m0_2"": false}",0.28697835704891705,-2.056678225517161,-1.805572163099367,0.28697835704891705,-2.056678225517161,-0.7772330503407865,1.6859978476623239,-2.212124835585305,1.1000837020208154,,,,,,,,,,0
