name,feature,side,q,threshold,disc_n,cal_n,disc_keep,cal_keep,disc_imp,cal_imp,stable,score
h1_rvol20_d1:veto_low:Q20:0.0020342265,h1_rvol20_d1,veto_low,0.2,0.002034226506109368,21,36,0.7777777777777778,0.75,"{'mean24': 0.8229019813507299, 'median24': 0.6732205822029602, 'win24': 6.349206349206341, 'loss_reduction': 6.349206349206349, 'q10': 1.8640542253445598}","{'mean24': 0.6270920120419423, 'median24': 0.3032312511659696, 'win24': 6.25, 'loss_reduction': 6.250000000000002, 'q10': 1.219973336848372}",True,1.0570853462540353
h1_cmo_acc:veto_low:Q20:-16.338186,h1_cmo_acc,veto_low,0.2,-16.33818558725197,21,38,0.7777777777777778,0.7916666666666666,"{'mean24': 0.9282090784890271, 'median24': 0.6732205822029602, 'win24': 6.349206349206341, 'loss_reduction': 6.349206349206349, 'q10': 2.51814341883946}","{'mean24': 0.6389779531125357, 'median24': 0.3032312511659696, 'win24': 6.688596491228083, 'loss_reduction': 6.688596491228071, 'q10': 1.1031645468409068}",True,1.0417532168068893
btc1_di_spread:veto_high:Q90:4.7908307,btc1_di_spread,veto_high,0.9,4.790830741816574,23,38,0.8518518518518519,0.7916666666666666,"{'mean24': 0.9629372139623631, 'median24': 0.6732205822029602, 'win24': 11.111111111111114, 'loss_reduction': 11.11111111111111, 'q10': 1.9948720640435398}","{'mean24': 0.6280390458264464, 'median24': 0.3032312511659696, 'win24': 6.688596491228083, 'loss_reduction': 6.688596491228071, 'q10': 1.1031645468409068}",True,1.0376021123612347
btc4_ppo_hist:veto_high:Q90:-0.065269601,btc4_ppo_hist,veto_high,0.9,-0.06526960085781977,24,38,0.8888888888888888,0.7916666666666666,"{'mean24': 0.7652318944970591, 'median24': 0.6502187125681074, 'win24': 6.944444444444457, 'loss_reduction': 6.944444444444445, 'q10': 1.0421114515154861}","{'mean24': 0.6280390458264464, 'median24': 0.3032312511659696, 'win24': 6.688596491228083, 'loss_reduction': 6.688596491228071, 'q10': 1.1031645468409068}",True,1.0223388385298793
h1_bb_width_d1:veto_high:Q80:-0.0029803765,h1_bb_width_d1,veto_high,0.8,-0.002980376536991639,21,32,0.7777777777777778,0.6666666666666666,"{'mean24': 0.7261663833204932, 'median24': 0.6272168429332536, 'win24': 11.111111111111114, 'loss_reduction': 11.11111111111111, 'q10': 1.8640542253445598}","{'mean24': 0.4807526340903885, 'median24': 0.4208788341209413, 'win24': 8.333333333333343, 'loss_reduction': 8.333333333333334, 'q10': 1.2848196880951823}",True,0.9686242227808508
h1_donch_pos_d3:veto_low:Q10:-0.22744619,h1_donch_pos_d3,veto_low,0.1,-0.22744619005001454,24,36,0.8888888888888888,0.75,"{'mean24': 0.6486828828968538, 'median24': 0.6502187125681074, 'win24': 6.944444444444457, 'loss_reduction': 6.944444444444445, 'q10': 0.6572101145290498}","{'mean24': 0.897257728892725, 'median24': 0.3032312511659696, 'win24': 6.25, 'loss_reduction': 6.250000000000002, 'q10': 1.0225899914373546}",True,0.9379854115291163
h1_donch_pos_d3:veto_low:Q20:-0.18543143,h1_donch_pos_d3,veto_low,0.2,-0.18543143174956295,21,31,0.7777777777777778,0.6458333333333334,"{'mean24': 0.6419056627758404, 'median24': 0.6272168429332536, 'win24': 6.349206349206341, 'loss_reduction': 6.349206349206349, 'q10': 0.6898502627315971}","{'mean24': 0.9078562335988178, 'median24': 0.22319244120198034, 'win24': 4.905913978494624, 'loss_reduction': 4.905913978494624, 'q10': 1.2240263799462345}",True,0.9124865080286322
btc1_di_spread:veto_high:Q80:-4.9911537,btc1_di_spread,veto_high,0.8,-4.99115371238803,20,37,0.7407407407407407,0.7708333333333334,"{'mean24': 0.9443008153909589, 'median24': 0.6820956675219874, 'win24': 11.111111111111114, 'loss_reduction': 11.11111111111111, 'q10': 1.746633829083264}","{'mean24': 0.46266119089691715, 'median24': 0.27213076974162975, 'win24': 6.475225225225245, 'loss_reduction': 6.475225225225225, 'q10': 1.0628772691391306}",True,0.8578850126862043
btc1_rvol20_d1:veto_low:Q20:0.022874232,btc1_rvol20_d1,veto_low,0.2,0.0228742316570938,20,37,0.7407407407407407,0.7708333333333334,"{'mean24': 0.9297636982730517, 'median24': 0.6820956675219874, 'win24': 11.111111111111114, 'loss_reduction': 11.11111111111111, 'q10': 1.746633829083264}","{'mean24': 0.46266119089691715, 'median24': 0.27213076974162975, 'win24': 6.475225225225245, 'loss_reduction': 6.475225225225225, 'q10': 1.0628772691391306}",True,0.8578850126862043
h1_atr_pct_d3:veto_high:Q80:0.03774164,h1_atr_pct_d3,veto_high,0.8,0.037741640005110745,21,33,0.7777777777777778,0.6875,"{'mean24': 0.6162088371356913, 'median24': 0.6272168429332536, 'win24': 6.349206349206341, 'loss_reduction': 6.349206349206349, 'q10': 0.6898502627315971}","{'mean24': 0.6974438853395291, 'median24': 0.33433173259030946, 'win24': 2.462121212121218, 'loss_reduction': 2.462121212121213, 'q10': 0.8044365256559072}",True,0.8379138270610149
btc4_adx_acc:veto_high:Q90:0.13268011,btc4_adx_acc,veto_high,0.9,0.13268011426467882,24,39,0.8888888888888888,0.8125,"{'mean24': 0.6040147544303216, 'median24': 0.6502187125681074, 'win24': 6.944444444444457, 'loss_reduction': 6.944444444444445, 'q10': 1.0421114515154861}","{'mean24': 0.5068796994564599, 'median24': 0.27213076974162975, 'win24': 4.326923076923094, 'loss_reduction': 4.326923076923078, 'q10': 0.7664340406849711}",True,0.7850266711661643
btc4_er10:veto_low:Q10:0.086687413,btc4_er10,veto_low,0.1,0.0866874132490491,24,35,0.8888888888888888,0.7291666666666666,"{'mean24': 0.5513008835346334, 'median24': 0.6502187125681074, 'win24': 2.7777777777777715, 'loss_reduction': 2.7777777777777786, 'q10': 1.0421114515154861}","{'mean24': 0.5342424799653895, 'median24': 0.27213076974162975, 'win24': 3.154761904761912, 'loss_reduction': 3.154761904761905, 'q10': 0.6569949161979637}",True,0.7540467645704361
h1_bb_width_d3:veto_high:Q80:-0.019651966,h1_bb_width_d3,veto_high,0.8,-0.019651965794595577,21,27,0.7777777777777778,0.5625,"{'mean24': 0.7261663833204932, 'median24': 0.6272168429332536, 'win24': 11.111111111111114, 'loss_reduction': 11.11111111111111, 'q10': 1.8640542253445598}","{'mean24': 0.24789224360389062, 'median24': 0.27213076974162975, 'win24': 7.175925925925938, 'loss_reduction': 7.175925925925927, 'q10': 1.4276371180328162}",True,0.7483200416306133
btc4_er10:veto_low:Q20:0.16276416,btc4_er10,veto_low,0.2,0.1627641607060111,21,35,0.7777777777777778,0.7291666666666666,"{'mean24': 0.47474674245314485, 'median24': 0.6732205822029602, 'win24': 1.5873015873015959, 'loss_reduction': 1.587301587301587, 'q10': 0.6898502627315971}","{'mean24': 0.5342424799653895, 'median24': 0.27213076974162975, 'win24': 3.154761904761912, 'loss_reduction': 3.154761904761905, 'q10': 0.6569949161979637}",True,0.6707415032486675
btc1_roc12_acc:veto_high:Q90:-0.2624062,btc1_roc12_acc,veto_high,0.9,-0.2624061985072479,23,30,0.8518518518518519,0.625,"{'mean24': 0.43879358408601465, 'median24': 0.6732205822029602, 'win24': 2.4154589371980677, 'loss_reduction': 2.4154589371980677, 'q10': 0.6525472362144001}","{'mean24': 0.4988216296694632, 'median24': 0.184667291564256, 'win24': 4.583333333333343, 'loss_reduction': 4.583333333333334, 'q10': 0.793793821806723}",True,0.6502395718835761
h1_bb_pctb_d3:veto_low:Q20:-0.25384521,h1_bb_pctb_d3,veto_low,0.2,-0.2538452082398863,21,34,0.7777777777777778,0.7083333333333334,"{'mean24': 0.36110897803142006, 'median24': 0.0, 'win24': 6.349206349206341, 'loss_reduction': 6.349206349206349, 'q10': 0.6432214795851009}","{'mean24': 0.8108125930415526, 'median24': 0.3032312511659696, 'win24': 5.759803921568633, 'loss_reduction': 5.759803921568627, 'q10': 1.1243953604806456}",True,0.6371104263590679
h1_cmf_d3:veto_low:Q10:-0.050316133,h1_cmf_d3,veto_low,0.1,-0.05031613313167656,24,40,0.8888888888888888,0.8333333333333334,"{'mean24': 0.4218333856592147, 'median24': 0.6502187125681074, 'win24': 2.7777777777777715, 'loss_reduction': 2.7777777777777786, 'q10': 0.4831917741008661}","{'mean24': 0.5630427100601767, 'median24': 0.184667291564256, 'win24': 4.583333333333343, 'loss_reduction': 4.583333333333334, 'q10': 0.793793821806723}",True,0.5981868847399868
btc1_adx_acc:veto_low:Q10:-0.49979903,btc1_adx_acc,veto_low,0.1,-0.4997990293396199,23,38,0.8518518518518519,0.7916666666666666,"{'mean24': 0.9629372139623631, 'median24': 0.6732205822029602, 'win24': 11.111111111111114, 'loss_reduction': 11.11111111111111, 'q10': 1.9948720640435398}","{'mean24': 0.33172658220293316, 'median24': 0.24766160547180505, 'win24': 4.057017543859658, 'loss_reduction': 4.057017543859651, 'q10': 0.7390742595632191}",True,0.5976354979709311
btc1_adx_acc:veto_low:Q20:-0.11769799,btc1_adx_acc,veto_low,0.2,-0.11769799257001373,21,38,0.7777777777777778,0.7916666666666666,"{'mean24': 0.7508976312888573, 'median24': 0.6272168429332536, 'win24': 11.111111111111114, 'loss_reduction': 11.11111111111111, 'q10': 1.8640542253445598}","{'mean24': 0.33172658220293316, 'median24': 0.24766160547180505, 'win24': 4.057017543859658, 'loss_reduction': 4.057017543859651, 'q10': 0.7390742595632191}",True,0.5976354979709311
btc1_rvol20_d1:veto_low:Q10:-0.10076684,btc1_rvol20_d1,veto_low,0.1,-0.1007668430999272,23,38,0.8518518518518519,0.7916666666666666,"{'mean24': 0.9629372139623631, 'median24': 0.6732205822029602, 'win24': 11.111111111111114, 'loss_reduction': 11.11111111111111, 'q10': 1.9948720640435398}","{'mean24': 0.33172658220293316, 'median24': 0.24766160547180505, 'win24': 4.057017543859658, 'loss_reduction': 4.057017543859651, 'q10': 0.7390742595632191}",True,0.5976354979709311
h4_cmf_d1:veto_low:Q10:-0.013123027,h4_cmf_d1,veto_low,0.1,-0.0131230266507203,24,44,0.8888888888888888,0.9166666666666666,"{'mean24': 0.40716630582896984, 'median24': 0.6502187125681074, 'win24': 2.7777777777777715, 'loss_reduction': 2.7777777777777786, 'q10': 0.6572101145290498}","{'mean24': 0.3565680952841581, 'median24': 0.08545720182742178, 'win24': 3.219696969696983, 'loss_reduction': 3.2196969696969706, 'q10': 0.6296351350762117}",True,0.5695324346087667
h1_bb_width:veto_low:Q20:0.075981543,h1_bb_width,veto_low,0.2,0.07598154264328584,21,36,0.7777777777777778,0.75,"{'mean24': 0.4312709079682029, 'median24': 0.0, 'win24': 6.349206349206341, 'loss_reduction': 6.349206349206349, 'q10': 0.6898502627315971}","{'mean24': 0.2605428866552786, 'median24': 0.2787620868961449, 'win24': 6.25, 'loss_reduction': 6.250000000000002, 'q10': 1.0225899914373546}",True,0.5580054523381779
btc1_chop14:veto_high:Q90:55.010937,btc1_chop14,veto_high,0.9,55.01093720095294,24,36,0.8888888888888888,0.75,"{'mean24': 0.33645563578967286, 'median24': 0.3136084214666264, 'win24': 2.7777777777777715, 'loss_reduction': 2.7777777777777786, 'q10': 0.6572101145290498}","{'mean24': 0.5942877600688905, 'median24': 0.4208788341209413, 'win24': 9.027777777777786, 'loss_reduction': 9.027777777777779, 'q10': 1.5279929206909726}",True,0.5563137199774909
btc4_rvol20_d1:veto_high:Q80:0.0060571583,btc4_rvol20_d1,veto_high,0.8,0.006057158252842,20,34,0.7407407407407407,0.7083333333333334,"{'mean24': 0.6730464851181401, 'median24': 0.6820956675219874, 'win24': 6.111111111111114, 'loss_reduction': 6.111111111111111, 'q10': 1.746633829083264}","{'mean24': 0.33928790128523945, 'median24': 0.24766160547180505, 'win24': 2.818627450980401, 'loss_reduction': 2.8186274509803937, 'q10': 0.6296351350762118}",True,0.5530692340739003
causal_pre_ret_12h:veto_low:Q10:-1.455701,causal_pre_ret_12h,veto_low,0.1,-1.4557010120548575,24,28,0.8888888888888888,0.5833333333333334,"{'mean24': 0.5380637826333676, 'median24': 0.6502187125681074, 'win24': 2.7777777777777715, 'loss_reduction': 2.7777777777777786, 'q10': 1.0421114515154861}","{'mean24': 0.22651122236969723, 'median24': 0.24766160547180505, 'win24': 3.8690476190476346, 'loss_reduction': 3.8690476190476204, 'q10': 1.0210852034756512}",True,0.5373380787941656
m15_bb_width_d1:veto_low:Q10:-0.0014403519,m15_bb_width_d1,veto_low,0.1,-0.00144035190249528,24,36,0.8888888888888888,0.75,"{'mean24': 0.437013352524918, 'median24': 0.6502187125681074, 'win24': 2.7777777777777715, 'loss_reduction': 2.7777777777777786, 'q10': 0.4971804090448151}","{'mean24': 0.476957225119802, 'median24': 0.24766160547180505, 'win24': 3.4722222222222285, 'loss_reduction': 3.472222222222223, 'q10': 0.1646813491385667}",True,0.5337392453651153
h1_mfi_d1:veto_low:Q20:-6.0435644,h1_mfi_d1,veto_low,0.2,-6.0435644154890875,21,45,0.7777777777777778,0.9375,"{'mean24': 0.39567943810014095, 'median24': 0.6732205822029602, 'win24': 1.5873015873015959, 'loss_reduction': 1.587301587301587, 'q10': 0.41460761460762263}","{'mean24': 0.4342489114120891, 'median24': 0.1461421419265312, 'win24': 5.694444444444457, 'loss_reduction': 5.694444444444445, 'q10': 0.9474419185887982}",True,0.5310773734980784
h1_cmf_d3:veto_low:Q20:-0.034480976,h1_cmf_d3,veto_low,0.2,-0.03448097586778894,21,37,0.7777777777777778,0.7708333333333334,"{'mean24': 0.3835993522984902, 'median24': 0.6732205822029602, 'win24': 1.5873015873015959, 'loss_reduction': 1.587301587301587, 'q10': 0.41460761460762263}","{'mean24': 0.5943075282509969, 'median24': 0.1461421419265312, 'win24': 3.772522522522536, 'loss_reduction': 3.7725225225225234, 'q10': 0.9011469519319524}",True,0.5189972876964276
h1_ppo_hist:veto_low:Q20:-0.087117301,h1_ppo_hist,veto_low,0.2,-0.08711730096232148,21,42,0.7777777777777778,0.875,"{'mean24': 0.3606626108621067, 'median24': 0.6272168429332536, 'win24': 6.349206349206341, 'loss_reduction': 6.349206349206349, 'q10': 0.6898502627315971}","{'mean24': 0.23073199823740342, 'median24': 0.184667291564256, 'win24': 5.059523809523824, 'loss_reduction': 5.05952380952381, 'q10': 0.8527256818435557}",True,0.5043850401107789
m15_bb_width_d1:veto_low:Q20:-0.0012299591,m15_bb_width_d1,veto_low,0.2,-0.00122995910133002,21,34,0.7777777777777778,0.7083333333333334,"{'mean24': 0.5585248938144085, 'median24': 0.6732205822029602, 'win24': 6.349206349206341, 'loss_reduction': 6.349206349206349, 'q10': 0.6898502627315971}","{'mean24': 0.4669811366498817, 'median24': 0.14845151573497084, 'win24': 2.818627450980401, 'loss_reduction': 2.8186274509803937, 'q10': -0.09790755237739635}",True,0.4988767975751405
h1_rvol20_d1:veto_low:Q10:-0.22483172,h1_rvol20_d1,veto_low,0.1,-0.22483172127266712,24,37,0.8888888888888888,0.7708333333333334,"{'mean24': 0.31287292785291765, 'median24': 0.3136084214666264, 'win24': 2.7777777777777715, 'loss_reduction': 2.7777777777777786, 'q10': 0.4831917741008661}","{'mean24': 0.8037300159081187, 'median24': 0.33433173259030946, 'win24': 6.475225225225245, 'loss_reduction': 6.475225225225225, 'q10': 1.2997372836323517}",True,0.4892264269336898
h1_bb_width_d1:veto_high:Q90:-0.00033452733,h1_bb_width_d1,veto_high,0.9,-0.0003345273303108467,24,34,0.8888888888888888,0.7083333333333334,"{'mean24': 0.3015786929160891, 'median24': 0.3136084214666264, 'win24': 2.7777777777777715, 'loss_reduction': 2.7777777777777786, 'q10': 0.4971804090448151}","{'mean24': 0.4346820812375456, 'median24': 0.4208788341209413, 'win24': 8.700980392156865, 'loss_reduction': 8.700980392156865, 'q10': 1.4064063043930775}",True,0.4814293507328484
causal_bounce_low_12h:veto_low:Q10:1.7405818,causal_bounce_low_12h,veto_low,0.1,1.7405817835002413,24,38,0.8888888888888888,0.7916666666666666,"{'mean24': 0.29963582695165236, 'median24': 0.3136084214666264, 'win24': 2.7777777777777715, 'loss_reduction': 2.7777777777777786, 'q10': 0.4831917741008661}","{'mean24': 0.6201130563369905, 'median24': 0.24766160547180505, 'win24': 6.688596491228083, 'loss_reduction': 6.688596491228071, 'q10': 1.0421581553340407}",True,0.4759893260324245
h4_cmf_acc:veto_low:Q20:-0.015287754,h4_cmf_acc,veto_low,0.2,-0.01528775406772058,21,42,0.7777777777777778,0.875,"{'mean24': 0.32571156835786974, 'median24': 0.6272168429332536, 'win24': 1.5873015873015959, 'loss_reduction': 1.587301587301587, 'q10': 0.6432214795851009}","{'mean24': 0.29314699581155557, 'median24': 0.08545720182742178, 'win24': 2.6785714285714306, 'loss_reduction': 2.6785714285714306, 'q10': 0.5749155728327082}",True,0.46862192076576437
h1_cmo_d1:veto_low:Q20:-13.228986,h1_cmo_d1,veto_low,0.2,-13.228985754823551,21,43,0.7777777777777778,0.8958333333333334,"{'mean24': 0.6745879157173724, 'median24': 0.6272168429332536, 'win24': 6.349206349206341, 'loss_reduction': 6.349206349206349, 'q10': 1.8640542253445598}","{'mean24': 0.25406208850107337, 'median24': 0.1461421419265312, 'win24': 2.9554263565891574, 'loss_reduction': 2.9554263565891485, 'q10': 0.60227535395446}",True,0.4637394541214714
h1_tsi_d3:veto_low:Q20:1.2243591,h1_tsi_d3,veto_low,0.2,1.2243591445758601,21,33,0.7777777777777778,0.6875,"{'mean24': 0.4537913788323822, 'median24': 0.6272168429332536, 'win24': 6.349206349206341, 'loss_reduction': 6.349206349206349, 'q10': 1.8640542253445598}","{'mean24': 0.1211457740214743, 'median24': 0.1461421419265312, 'win24': 5.492424242424249, 'loss_reduction': 5.492424242424242, 'q10': 0.8842977607586364}",True,0.4520686990596183
h1_bb_pctb:veto_low:Q10:0.13558042,h1_bb_pctb,veto_low,0.1,0.13558041723844513,24,43,0.8888888888888888,0.8958333333333334,"{'mean24': 0.2678659206923877, 'median24': 0.3136084214666264, 'win24': 2.7777777777777715, 'loss_reduction': 2.7777777777777786, 'q10': 0.4971804090448151}","{'mean24': 0.29177124042555347, 'median24': 0.22319244120198034, 'win24': 2.9554263565891574, 'loss_reduction': 2.9554263565891485, 'q10': 0.60227535395446}",True,0.44771657850914703
h1_donch_pos:veto_low:Q10:0.15418605,h1_donch_pos,veto_low,0.1,0.1541860465116273,24,36,0.8888888888888888,0.75,"{'mean24': 0.2678659206923877, 'median24': 0.3136084214666264, 'win24': 2.7777777777777715, 'loss_reduction': 2.7777777777777786, 'q10': 0.4971804090448151}","{'mean24': 0.27463212764653644, 'median24': 0.184667291564256, 'win24': 3.4722222222222285, 'loss_reduction': 3.472222222222223, 'q10': 0.6843546973197154}",True,0.44771657850914703
h1_er10_d3:veto_high:Q90:0.12328706,h1_er10_d3,veto_high,0.9,0.12328705822527453,24,37,0.8888888888888888,0.7708333333333334,"{'mean24': 0.2678659206923877, 'median24': 0.3136084214666264, 'win24': 2.7777777777777715, 'loss_reduction': 2.7777777777777786, 'q10': 0.4971804090448151}","{'mean24': 0.4463843366048419, 'median24': 0.22319244120198034, 'win24': 3.772522522522536, 'loss_reduction': 3.7725225225225234, 'q10': 0.7117144784414673}",True,0.44771657850914703
m15_bb_width_d1:veto_high:Q90:0.0018363939,m15_bb_width_d1,veto_high,0.9,0.0018363938763812412,24,45,0.8888888888888888,0.9375,"{'mean24': 0.3077683188537428, 'median24': 0.6502187125681074, 'win24': 2.7777777777777715, 'loss_reduction': 2.7777777777777786, 'q10': 0.4831917741008661}","{'mean24': 0.26698432233385283, 'median24': 0.1461421419265312, 'win24': 3.4722222222222285, 'loss_reduction': 3.472222222222223, 'q10': 0.6569949161979637}",True,0.44333782141462497
btc1_chop14:veto_high:Q80:47.85989,btc1_chop14,veto_high,0.8,47.85989017803526,21,34,0.7777777777777778,0.7083333333333334,"{'mean24': 0.47474674245314485, 'median24': 0.6732205822029602, 'win24': 1.5873015873015959, 'loss_reduction': 1.587301587301587, 'q10': 0.6898502627315971}","{'mean24': 0.2201365155638384, 'median24': 0.3032312511659696, 'win24': 8.700980392156865, 'loss_reduction': 8.700980392156865, 'q10': 1.4064063043930775}",True,0.42434511299276945
causal_pre_ret_4h:veto_low:Q10:-1.6101273,causal_pre_ret_4h,veto_low,0.1,-1.6101272938189415,24,43,0.8888888888888888,0.8958333333333334,"{'mean24': 0.4310403487405581, 'median24': 0.6502187125681074, 'win24': 2.7777777777777715, 'loss_reduction': 2.7777777777777786, 'q10': 0.6572101145290498}","{'mean24': 0.21805851359965933, 'median24': 0.1461421419265312, 'win24': 2.9554263565891574, 'loss_reduction': 2.9554263565891485, 'q10': 0.60227535395446}",True,0.42418290764382993
h1_cmo_d3:veto_low:Q20:-15.872105,h1_cmo_d3,veto_low,0.2,-15.872105200268745,21,42,0.7777777777777778,0.875,"{'mean24': 0.284658947730406, 'median24': 0.6272168429332536, 'win24': 1.5873015873015959, 'loss_reduction': 1.587301587301587, 'q10': 0.41460761460762263}","{'mean24': 0.2995439887176419, 'median24': 0.08545720182742178, 'win24': 5.059523809523824, 'loss_reduction': 5.05952380952381, 'q10': 0.8527256818435557}",True,0.42005688312834344
h1_ppo_hist:veto_low:Q10:-0.26828461,h1_ppo_hist,veto_low,0.1,-0.2682846135199029,24,45,0.8888888888888888,0.9375,"{'mean24': 0.2678659206923877, 'median24': 0.3136084214666264, 'win24': 2.7777777777777715, 'loss_reduction': 2.7777777777777786, 'q10': 0.4971804090448151}","{'mean24': 0.23549699572130933, 'median24': 0.1461421419265312, 'win24': 3.4722222222222285, 'loss_reduction': 3.472222222222223, 'q10': 0.6569949161979637}",True,0.4153476535380687
h4_donch_pos_d3:veto_low:Q20:0.0070157785,h4_donch_pos_d3,veto_low,0.2,0.007015778465587364,21,44,0.7777777777777778,0.9166666666666666,"{'mean24': 0.22299671107414198, 'median24': 0.6732205822029602, 'win24': 1.5873015873015959, 'loss_reduction': 1.587301587301587, 'q10': 0.6898502627315971}","{'mean24': 0.3445278961209204, 'median24': 0.184667291564256, 'win24': 3.219696969696983, 'loss_reduction': 3.2196969696969706, 'q10': 0.6296351350762117}",True,0.41215152658922666
h1_rvol20_acc:veto_low:Q10:-0.24013262,h1_rvol20_acc,veto_low,0.1,-0.24013262270193172,24,37,0.8888888888888888,0.7708333333333334,"{'mean24': 0.31287292785291765, 'median24': 0.3136084214666264, 'win24': 2.7777777777777715, 'loss_reduction': 2.7777777777777786, 'q10': 0.4831917741008661}","{'mean24': 0.29021459390843996, 'median24': 0.22319244120198034, 'win24': 1.069819819819827, 'loss_reduction': 1.0698198198198199, 'q10': 0.3775239107332683}",True,0.40599196798815346
h1_mfi_acc:veto_low:Q20:-8.7667251,h1_mfi_acc,veto_low,0.2,-8.76672506216261,21,42,0.7777777777777778,0.875,"{'mean24': 0.9003972596484435, 'median24': 0.6732205822029602, 'win24': 6.349206349206341, 'loss_reduction': 6.349206349206349, 'q10': 1.8640542253445598}","{'mean24': 0.20003596941631274, 'median24': 0.08545720182742178, 'win24': 2.6785714285714306, 'loss_reduction': 2.6785714285714306, 'q10': 0.5749155728327082}",True,0.3973362911959184
btc1_di_spread_d3:veto_low:Q20:-4.5178623,btc1_di_spread_d3,veto_low,0.2,-4.517862311523126,21,34,0.7777777777777778,0.7083333333333334,"{'mean24': 0.2566639521592826, 'median24': 0.6272168429332536, 'win24': 1.5873015873015959, 'loss_reduction': 1.587301587301587, 'q10': 0.41460761460762263}","{'mean24': 0.8108125930415526, 'median24': 0.3032312511659696, 'win24': 5.759803921568633, 'loss_reduction': 5.759803921568627, 'q10': 1.1243953604806456}",True,0.39206188755722005
h1_mfi_d3:veto_low:Q20:-13.806963,h1_mfi_d3,veto_low,0.2,-13.806963453886581,21,45,0.7777777777777778,0.9375,"{'mean24': 0.4243133005390489, 'median24': 0.6732205822029602, 'win24': 1.5873015873015959, 'loss_reduction': 1.587301587301587, 'q10': 0.41460761460762263}","{'mean24': 0.24007507045528653, 'median24': 0.1461421419265312, 'win24': 3.4722222222222285, 'loss_reduction': 3.472222222222223, 'q10': 0.6569949161979637}",True,0.37547300585322396
h1_bb_pctb_acc:veto_low:Q20:-0.22757908,h1_bb_pctb_acc,veto_low,0.2,-0.22757908435453433,21,32,0.7777777777777778,0.6666666666666666,"{'mean24': 0.1757677440459382, 'median24': 0.0, 'win24': 1.5873015873015959, 'loss_reduction': 1.587301587301587, 'q10': 0.6432214795851009}","{'mean24': 1.0089392906124721, 'median24': 0.4208788341209413, 'win24': 8.333333333333343, 'loss_reduction': 8.333333333333334, 'q10': 1.8521975085601516}",True,0.3683191456882452
btc1_bb_width:veto_low:Q10:0.023129757,btc1_bb_width,veto_low,0.1,0.0231297565152502,24,45,0.8888888888888888,0.9375,"{'mean24': 0.32434137152475007, 'median24': 0.3136084214666264, 'win24': 2.7777777777777715, 'loss_reduction': 2.7777777777777786, 'q10': 0.6572101145290498}","{'mean24': 0.147443902797324, 'median24': 0.02477226172831193, 'win24': 3.4722222222222285, 'loss_reduction': 3.472222222222223, 'q10': 0.6569949161979637}",True,0.36724818740237053
btc4_cmo_d1:veto_high:Q80:2.3628846,btc4_cmo_d1,veto_high,0.8,2.3628846476896825,20,31,0.7407407407407407,0.6458333333333334,"{'mean24': 0.5135891162138422, 'median24': 0.6502187125681074, 'win24': 6.111111111111114, 'loss_reduction': 6.111111111111111, 'q10': 0.6203600930873531}","{'mean24': 0.19662927501483018, 'median24': 0.1461421419265312, 'win24': 1.6801075268817272, 'loss_reduction': 1.6801075268817218, 'q10': 0.5475557917109561}",True,0.36712037348020365
btc4_cmo_d1:veto_high:Q90:2.8359781,btc4_cmo_d1,veto_high,0.9,2.835978117575828,24,31,0.8888888888888888,0.6458333333333334,"{'mean24': 0.35429256381177865, 'median24': 0.3136084214666264, 'win24': 6.944444444444457, 'loss_reduction': 6.944444444444445, 'q10': 0.6572101145290498}","{'mean24': 0.19662927501483018, 'median24': 0.1461421419265312, 'win24': 1.6801075268817272, 'loss_reduction': 1.6801075268817218, 'q10': 0.5475557917109561}",True,0.36712037348020365
h1_rvol20_acc:veto_low:Q20:-0.022134416,h1_rvol20_acc,veto_low,0.2,-0.02213441623349753,21,36,0.7777777777777778,0.75,"{'mean24': 0.36729207340264347, 'median24': 0.6272168429332536, 'win24': 1.5873015873015959, 'loss_reduction': 1.587301587301587, 'q10': 0.6432214795851009}","{'mean24': 0.2654589853405347, 'median24': 0.184667291564256, 'win24': 0.6944444444444571, 'loss_reduction': 0.6944444444444446, 'q10': 0.3350159404888463}",True,0.36310185935163514
m15_ppo_hist_d3:veto_low:Q10:-0.13108616,m15_ppo_hist_d3,veto_low,0.1,-0.13108615829315187,24,41,0.8888888888888888,0.8541666666666666,"{'mean24': 0.1864647770861083, 'median24': 0.3136084214666264, 'win24': 2.7777777777777715, 'loss_reduction': 2.7777777777777786, 'q10': 0.4831917741008661}","{'mean24': 0.3826000669717704, 'median24': 0.22319244120198034, 'win24': 7.26626016260164, 'loss_reduction': 7.266260162601627, 'q10': 1.1368743920792832}",True,0.36281827616688045
m15_roc12:veto_low:Q20:-1.9463088,m15_roc12,veto_low,0.2,-1.9463087930954992,21,40,0.7777777777777778,0.8333333333333334,"{'mean24': 0.22101283834131014, 'median24': 0.6272168429332536, 'win24': 1.5873015873015959, 'loss_reduction': 1.587301587301587, 'q10': 0.41460761460762263}","{'mean24': 0.3260483461386072, 'median24': 0.08545720182742178, 'win24': 4.583333333333343, 'loss_reduction': 4.583333333333334, 'q10': 0.793793821806723}",True,0.35641077373924757
btc1_cmf_d3:veto_low:Q10:-0.089003142,btc1_cmf_d3,veto_low,0.1,-0.0890031421024102,22,38,0.8148148148148148,0.7916666666666666,"{'mean24': 0.20231374410327607, 'median24': 0.6502187125681074, 'win24': 2.0202020202020208, 'loss_reduction': 2.020202020202019, 'q10': 0.43746900110537046}","{'mean24': 0.2108516857468805, 'median24': 0.3032312511659696, 'win24': 4.057017543859658, 'loss_reduction': 4.057017543859651, 'q10': 0.7390742595632191}",True,0.3520850347836591
h1_bb_pctb_d1:veto_low:Q10:-0.28549945,h1_bb_pctb_d1,veto_low,0.1,-0.28549944620304835,24,34,0.8888888888888888,0.7083333333333334,"{'mean24': 0.17407958770084253, 'median24': 0.3136084214666264, 'win24': 2.7777777777777715, 'loss_reduction': 2.7777777777777786, 'q10': 0.4831917741008661}","{'mean24': 0.2143362393985706, 'median24': 0.24766160547180505, 'win24': 5.759803921568633, 'loss_reduction': 5.759803921568627, 'q10': 1.1243953604806456}",True,0.35043308678161467
h1_bb_pctb_acc:veto_low:Q10:-0.32778187,h1_bb_pctb_acc,veto_low,0.1,-0.32778186502445755,24,36,0.8888888888888888,0.75,"{'mean24': 0.17407958770084253, 'median24': 0.3136084214666264, 'win24': 2.7777777777777715, 'loss_reduction': 2.7777777777777786, 'q10': 0.4831917741008661}","{'mean24': 0.47574527417440704, 'median24': 0.24766160547180505, 'win24': 3.4722222222222285, 'loss_reduction': 3.472222222222223, 'q10': 0.6843546973197154}",True,0.35043308678161467
btc1_rvol20_acc:veto_low:Q10:0.06809159,btc1_rvol20_acc,veto_low,0.1,0.0680915902414633,23,33,0.8518518518518519,0.6875,"{'mean24': 0.1782139069188382, 'median24': 0.6272168429332536, 'win24': 2.4154589371980677, 'loss_reduction': 2.4154589371980677, 'q10': 0.4603303876031183}","{'mean24': 0.4863225025203821, 'median24': 0.27213076974162975, 'win24': 5.492424242424249, 'loss_reduction': 5.492424242424242, 'q10': 1.023314774629922}",True,0.34160568256357915
h1_donch_pos_d1:veto_low:Q10:-0.19889834,h1_donch_pos_d1,veto_low,0.1,-0.19889833714121397,24,31,0.8888888888888888,0.6458333333333334,"{'mean24': 0.17407958770084253, 'median24': 0.3136084214666264, 'win24': 2.7777777777777715, 'loss_reduction': 2.7777777777777786, 'q10': 0.4831917741008661}","{'mean24': 0.16325422059241745, 'median24': 0.27213076974162975, 'win24': 8.131720430107535, 'loss_reduction': 8.131720430107528, 'q10': 1.8319594614357104}",True,0.3396077196731896
m15_donch_pos:veto_low:Q20:0.2602376,m15_donch_pos,veto_low,0.2,0.260237596086653,21,40,0.7777777777777778,0.8333333333333334,"{'mean24': 0.2031983681701095, 'median24': 0.6272168429332536, 'win24': 1.5873015873015959, 'loss_reduction': 1.587301587301587, 'q10': 0.41460761460762263}","{'mean24': 0.2394138745942347, 'median24': 0.184667291564256, 'win24': 2.083333333333343, 'loss_reduction': 2.083333333333334, 'q10': 0.5050478214665344}",True,0.33859630356804693
h4_cmf_d1:veto_low:Q20:-0.0061075578,h4_cmf_d1,veto_low,0.2,-0.006107557803205958,21,43,0.7777777777777778,0.8958333333333334,"{'mean24': 0.1478625717105455, 'median24': 0.6272168429332536, 'win24': 1.5873015873015959, 'loss_reduction': 1.587301587301587, 'q10': 0.6432214795851009}","{'mean24': 0.19828600087005732, 'median24': 0.02477226172831193, 'win24': 2.9554263565891574, 'loss_reduction': 2.9554263565891485, 'q10': 0.60227535395446}",True,0.3301774419451923
btc4_rvol20_d1:veto_high:Q90:0.053163289,btc4_rvol20_d1,veto_high,0.9,0.05316328874104467,24,35,0.8888888888888888,0.7291666666666666,"{'mean24': 0.14036155284935248, 'median24': 0.3136084214666264, 'win24': 2.7777777777777715, 'loss_reduction': 2.7777777777777786, 'q10': 0.4971804090448151}","{'mean24': 0.5223659520547783, 'median24': 0.27213076974162975, 'win24': 3.154761904761912, 'loss_reduction': 3.154761904761905, 'q10': 0.6569949161979637}",True,0.32021221066611183
h1_donch_pos_d1:veto_low:Q20:-0.16569255,h1_donch_pos_d1,veto_low,0.2,-0.16569255012769646,21,28,0.7777777777777778,0.5833333333333334,"{'mean24': 0.1763837107466184, 'median24': 0.0, 'win24': 1.5873015873015959, 'loss_reduction': 1.587301587301587, 'q10': 0.41460761460762263}","{'mean24': 0.3272906814561978, 'median24': 0.4208788341209413, 'win24': 7.440476190476204, 'loss_reduction': 7.440476190476192, 'q10': 1.5287177038835398}",True,0.31178164614455584
btc4_adx_d1:veto_low:Q10:-0.76776707,btc4_adx_d1,veto_low,0.1,-0.767767066931303,24,39,0.8888888888888888,0.8125,"{'mean24': 0.13166163475251702, 'median24': 0.6502187125681074, 'win24': 2.7777777777777715, 'loss_reduction': 2.7777777777777786, 'q10': 0.4831917741008661}","{'mean24': 0.496221276972578, 'median24': 0.27213076974162975, 'win24': 4.326923076923094, 'loss_reduction': 4.326923076923078, 'q10': 0.7664340406849711}",True,0.30801513383328916
btc4_adx_d3:veto_low:Q10:-2.5603024,btc4_adx_d3,veto_low,0.1,-2.5603024219761066,24,39,0.8888888888888888,0.8125,"{'mean24': 0.13166163475251702, 'median24': 0.6502187125681074, 'win24': 2.7777777777777715, 'loss_reduction': 2.7777777777777786, 'q10': 0.4831917741008661}","{'mean24': 0.496221276972578, 'median24': 0.27213076974162975, 'win24': 4.326923076923094, 'loss_reduction': 4.326923076923078, 'q10': 0.7664340406849711}",True,0.30801513383328916
m15_mfi_d1:veto_high:Q80:2.7492436,m15_mfi_d1,veto_high,0.8,2.7492435797369272,21,31,0.7777777777777778,0.6458333333333334,"{'mean24': 0.0983624776687626, 'median24': 0.0, 'win24': 1.5873015873015959, 'loss_reduction': 1.587301587301587, 'q10': 0.6898502627315971}","{'mean24': 0.6901228847942158, 'median24': 0.33433173259030946, 'win24': 11.357526881720446, 'loss_reduction': 11.357526881720432, 'q10': 1.2240263799462345}",True,0.30257107509769365
h1_tsi_d1:veto_low:Q20:-0.77132123,h1_tsi_d1,veto_low,0.2,-0.7713212342901944,21,32,0.7777777777777778,0.6666666666666666,"{'mean24': 0.16125559543088652, 'median24': 0.0, 'win24': 1.5873015873015959, 'loss_reduction': 1.587301587301587, 'q10': 0.41460761460762263}","{'mean24': 0.8271106648041795, 'median24': 0.3032312511659696, 'win24': 8.333333333333343, 'loss_reduction': 8.333333333333334, 'q10': 1.245791085828589}",True,0.29665353082882395
h1_tsi_d1:veto_low:Q10:-1.608113,h1_tsi_d1,veto_low,0.1,-1.6081129961357585,24,40,0.8888888888888888,0.8333333333333334,"{'mean24': 0.2678659206923877, 'median24': 0.3136084214666264, 'win24': 2.7777777777777715, 'loss_reduction': 2.7777777777777786, 'q10': 0.4971804090448151}","{'mean24': 0.11240852334560358, 'median24': 0.08545720182742178, 'win24': 4.583333333333343, 'loss_reduction': 4.583333333333334, 'q10': 0.793793821806723}",True,0.29225918116236294
m15_bb_width_acc:veto_low:Q20:-0.0018573092,m15_bb_width_acc,veto_low,0.2,-0.00185730923625302,21,31,0.7777777777777778,0.6458333333333334,"{'mean24': 0.15657736818778334, 'median24': 0.6272168429332536, 'win24': 1.5873015873015959, 'loss_reduction': 1.587301587301587, 'q10': 0.41460761460762263}","{'mean24': 0.2417329971413369, 'median24': 0.22319244120198034, 'win24': 4.905913978494624, 'loss_reduction': 4.905913978494624, 'q10': 1.1368743920792832}",True,0.29197530358572077
m15_cmf:veto_high:Q80:0.061124781,m15_cmf,veto_high,0.8,0.0611247810020086,20,35,0.7407407407407407,0.7291666666666666,"{'mean24': 0.19192253377506807, 'median24': 0.10779612596689692, 'win24': 1.1111111111111143, 'loss_reduction': 1.1111111111111107, 'q10': 0.31095571095571706}","{'mean24': 0.25825481371493497, 'median24': 0.02477226172831193, 'win24': 3.154761904761912, 'loss_reduction': 3.154761904761905, 'q10': 0.401947094731432}",True,0.29188368373621953
btc1_tsi_d3:veto_low:Q20:-0.42846676,btc1_tsi_d3,veto_low,0.2,-0.42846676390576155,21,33,0.7777777777777778,0.6875,"{'mean24': 0.1508210706334352, 'median24': 0.6272168429332536, 'win24': 1.5873015873015959, 'loss_reduction': 1.587301587301587, 'q10': 0.41460761460762263}","{'mean24': 0.9721358212996134, 'median24': 0.33433173259030946, 'win24': 8.52272727272728, 'loss_reduction': 8.522727272727273, 'q10': 1.8724355556845929}",True,0.2862190060313726
m15_er10:veto_high:Q80:0.42706767,m15_er10,veto_high,0.8,0.4270676691729288,21,42,0.7777777777777778,0.875,"{'mean24': 0.1506938279872294, 'median24': 0.0, 'win24': 1.5873015873015959, 'loss_reduction': 1.587301587301587, 'q10': 0.41460761460762263}","{'mean24': 0.19916348063788947, 'median24': 0.08545720182742178, 'win24': 2.6785714285714306, 'loss_reduction': 2.6785714285714306, 'q10': 0.5749155728327082}",True,0.28609176338516684
h1_cmo:veto_low:Q20:-14.560237,h1_cmo,veto_low,0.2,-14.560236511455976,21,29,0.7777777777777778,0.6041666666666666,"{'mean24': 0.5089766764954629, 'median24': 0.6732205822029602, 'win24': 6.349206349206341, 'loss_reduction': 6.349206349206349, 'q10': 0.6898502627315971}","{'mean24': 0.14094068137639182, 'median24': -0.3667266197034391, 'win24': 0.7902298850574709, 'loss_reduction': 0.7902298850574727, 'q10': 0.46253985122211233}",True,0.27238024188306936
h1_tsi_d3:veto_low:Q10:-0.61067984,h1_tsi_d3,veto_low,0.1,-0.6106798401283778,24,42,0.8888888888888888,0.875,"{'mean24': 0.2678659206923877, 'median24': 0.3136084214666264, 'win24': 2.7777777777777715, 'loss_reduction': 2.7777777777777786, 'q10': 0.4971804090448151}","{'mean24': 0.09225858733473746, 'median24': 0.08545720182742178, 'win24': 5.059523809523824, 'loss_reduction': 5.05952380952381, 'q10': 0.8527256818435557}",True,0.2721092451514968
h1_adx_acc:veto_high:Q90:0.73702977,h1_adx_acc,veto_high,0.9,0.7370297659246668,24,42,0.8888888888888888,0.875,"{'mean24': 0.3167528177308414, 'median24': 0.6502187125681074, 'win24': 2.7777777777777715, 'loss_reduction': 2.7777777777777786, 'q10': 0.4831917741008661}","{'mean24': 0.09653771050256799, 'median24': 0.08545720182742178, 'win24': 2.6785714285714306, 'loss_reduction': 2.6785714285714306, 'q10': 0.5749155728327082}",True,0.27090708259921314
m15_ppo_hist_d3:veto_low:Q20:-0.10532999,m15_ppo_hist_d3,veto_low,0.2,-0.1053299880754197,21,38,0.7777777777777778,0.7916666666666666,"{'mean24': 0.1296594161211111, 'median24': 0.6272168429332536, 'win24': 1.5873015873015959, 'loss_reduction': 1.587301587301587, 'q10': 0.41460761460762263}","{'mean24': 0.6070112703259949, 'median24': 0.3032312511659696, 'win24': 6.688596491228083, 'loss_reduction': 6.688596491228071, 'q10': 1.255517488017388}",True,0.26505735151904847
h1_cmf_d1:veto_low:Q20:-0.027370615,h1_cmf_d1,veto_low,0.2,-0.02737061491630812,21,36,0.7777777777777778,0.75,"{'mean24': 0.4794533811183648, 'median24': 0.6272168429332536, 'win24': 6.349206349206341, 'loss_reduction': 6.349206349206349, 'q10': 1.8640542253445598}","{'mean24': 0.022758354560246552, 'median24': 0.12398235146514613, 'win24': 3.4722222222222285, 'loss_reduction': 3.472222222222223, 'q10': 0.6843546973197154}",True,0.2632914733346199
causal_pre_ret_4h:veto_low:Q20:-1.3242596,causal_pre_ret_4h,veto_low,0.2,-1.324259636337648,21,40,0.7777777777777778,0.8333333333333334,"{'mean24': 0.10184076631111783, 'median24': 0.0, 'win24': 1.5873015873015959, 'loss_reduction': 1.587301587301587, 'q10': 0.6432214795851009}","{'mean24': 0.278775743772516, 'median24': 0.184667291564256, 'win24': 2.083333333333343, 'loss_reduction': 2.083333333333334, 'q10': 0.5050478214665344}",True,0.25984875342378316
h1_roc4:veto_high:Q90:0.3958721,h1_roc4,veto_high,0.9,0.3958720966773085,24,34,0.8888888888888888,0.7083333333333334,"{'mean24': 0.22615017053069142, 'median24': 0.10779612596689692, 'win24': 2.7777777777777715, 'loss_reduction': 2.7777777777777786, 'q10': 0.4831917741008661}","{'mean24': 0.4567574778957626, 'median24': 0.0, 'win24': 2.818627450980401, 'loss_reduction': 2.8186274509803937, 'q10': -0.09790755237739635}",True,0.2572288379918979
h1_chop14_acc:veto_low:Q10:-0.79149894,h1_chop14_acc,veto_low,0.1,-0.7914989420011237,24,30,0.8888888888888888,0.625,"{'mean24': 0.5265953389615352, 'median24': 0.6502187125681074, 'win24': 2.7777777777777715, 'loss_reduction': 2.7777777777777786, 'q10': 0.8494415978287041}","{'mean24': 0.10696252760999325, 'median24': -0.45338532666884257, 'win24': 1.2500000000000142, 'loss_reduction': 1.25, 'q10': 0.4642224583776223}",True,0.24801814220439883
m15_vwap_dist:veto_low:Q20:-1.4390348,m15_vwap_dist,veto_low,0.2,-1.43903479102375,21,32,0.7777777777777778,0.6666666666666666,"{'mean24': 0.4566029205084625, 'median24': 0.6732205822029602, 'win24': 6.349206349206341, 'loss_reduction': 6.349206349206349, 'q10': 0.6898502627315971}","{'mean24': 0.04592277861390803, 'median24': -0.11029223888845374, 'win24': 2.083333333333343, 'loss_reduction': 2.083333333333334, 'q10': 0.606487651747789}",True,0.23921135821752196
btc1_tsi_d3:veto_low:Q10:-0.85917017,btc1_tsi_d3,veto_low,0.1,-0.8591701730086025,24,37,0.8888888888888888,0.7708333333333334,"{'mean24': 0.05302067294742674, 'median24': -0.20581229549973035, 'win24': 2.7777777777777715, 'loss_reduction': 2.7777777777777786, 'q10': 0.4831917741008661}","{'mean24': 0.8959541508892035, 'median24': 0.33433173259030946, 'win24': 9.17792792792794, 'loss_reduction': 9.177927927927929, 'q10': 1.5887862288399202}",True,0.22937417202819885
btc4_cmo_d3:veto_low:Q20:-9.9399651,btc4_cmo_d3,veto_low,0.2,-9.939965055436232,20,42,0.7407407407407407,0.875,"{'mean24': 0.3747768611557447, 'median24': 0.6502187125681074, 'win24': 6.111111111111114, 'loss_reduction': 6.111111111111111, 'q10': 0.6851873844169475}","{'mean24': 0.028445107324788665, 'median24': -0.19574944071587552, 'win24': 2.6785714285714306, 'loss_reduction': 2.6785714285714306, 'q10': 0.5749155728327082}",True,0.22574542910439432
h1_di_spread_d3:veto_low:Q20:-6.4573228,h1_di_spread_d3,veto_low,0.2,-6.457322812992694,21,45,0.7777777777777778,0.9375,"{'mean24': 0.18485031115946038, 'median24': 0.6732205822029602, 'win24': 1.5873015873015959, 'loss_reduction': 1.587301587301587, 'q10': 0.41460761460762263}","{'mean24': 0.08696301368915638, 'median24': 0.02477226172831193, 'win24': 3.4722222222222285, 'loss_reduction': 3.472222222222223, 'q10': 0.6569949161979637}",True,0.22236094908709378
m15_cmf_d1:veto_high:Q80:0.030793069,m15_cmf_d1,veto_high,0.8,0.0307930691852695,20,36,0.7407407407407407,0.75,"{'mean24': 0.21610638902561607, 'median24': 0.6590937978871336, 'win24': 1.1111111111111143, 'loss_reduction': 1.1111111111111107, 'q10': -0.07596542520445115}","{'mean24': 0.3000472133671921, 'median24': 0.24766160547180505, 'win24': 3.4722222222222285, 'loss_reduction': 3.472222222222223, 'q10': 0.8422150918951197}",True,0.2193372549467255
m15_di_spread_d1:veto_high:Q90:8.1833405,m15_di_spread_d1,veto_high,0.9,8.183340521423618,24,43,0.8888888888888888,0.8958333333333334,"{'mean24': 0.26255911155691525, 'median24': 0.6502187125681074, 'win24': 2.7777777777777715, 'loss_reduction': 2.7777777777777786, 'q10': 0.4971804090448151}","{'mean24': 0.15281660435492528, 'median24': 0.1461421419265312, 'win24': 0.6298449612403232, 'loss_reduction': 0.6298449612403108, 'q10': 0.20749202975558045}",True,0.21728651101862662
h1_bb_pctb_d3:veto_low:Q10:-0.44659687,h1_bb_pctb_d3,veto_low,0.1,-0.4465968694871839,24,39,0.8888888888888888,0.8125,"{'mean24': 0.0409064086825035, 'median24': -0.20581229549973035, 'win24': 2.7777777777777715, 'loss_reduction': 2.7777777777777786, 'q10': 0.4831917741008661}","{'mean24': 0.6328091641296045, 'median24': 0.22319244120198034, 'win24': 4.326923076923094, 'loss_reduction': 4.326923076923078, 'q10': 0.7664340406849711}",True,0.2172599077632756
btc1_di_spread_d3:veto_low:Q10:-5.0411932,btc1_di_spread_d3,veto_low,0.1,-5.041193199312905,24,35,0.8888888888888888,0.7291666666666666,"{'mean24': 0.0409064086825035, 'median24': -0.20581229549973035, 'win24': 2.7777777777777715, 'loss_reduction': 2.7777777777777786, 'q10': 0.4831917741008661}","{'mean24': 0.9804185097609106, 'median24': 0.33433173259030946, 'win24': 6.011904761904773, 'loss_reduction': 6.011904761904763, 'q10': 1.2254759463313694}",True,0.2172599077632756
btc1_atr_pct:veto_low:Q20:1.0162251,btc1_atr_pct,veto_low,0.2,1.0162251121125891,21,44,0.7777777777777778,0.9166666666666666,"{'mean24': 0.24702274789193224, 'median24': 0.0, 'win24': 6.349206349206341, 'loss_reduction': 6.349206349206349, 'q10': 0.6898502627315971}","{'mean24': -0.011993693845702147, 'median24': 0.0, 'win24': 3.219696969696983, 'loss_reduction': 3.2196969696969706, 'q10': 0.6296351350762117}",False,0.2098090293172902
btc4_chop14_d1:veto_high:Q80:1.0731457,btc4_chop14_d1,veto_high,0.8,1.0731456802015502,21,34,0.7777777777777778,0.7083333333333334,"{'mean24': 0.07241579208301152, 'median24': 0.6272168429332536, 'win24': 1.5873015873015959, 'loss_reduction': 1.587301587301587, 'q10': 0.41460761460762263}","{'mean24': 0.6826864923018552, 'median24': 0.3032312511659696, 'win24': 5.759803921568633, 'loss_reduction': 5.759803921568627, 'q10': 1.1243953604806456}",True,0.20781372748094892
h1_di_spread_d3:veto_high:Q90:3.2361206,h1_di_spread_d3,veto_high,0.9,3.2361206141047676,24,42,0.8888888888888888,0.875,"{'mean24': 0.32498719211784044, 'median24': 0.3136084214666264, 'win24': 2.7777777777777715, 'loss_reduction': 2.7777777777777786, 'q10': 0.4831917741008661}","{'mean24': 0.19788449986430479, 'median24': 0.0, 'win24': 2.6785714285714306, 'loss_reduction': 2.6785714285714306, 'q10': -0.17508442716729866}",True,0.20768482164390872
btc4_mfi_d3:veto_low:Q20:-5.3710154,btc4_mfi_d3,veto_low,0.2,-5.371015396171221,21,42,0.7777777777777778,0.875,"{'mean24': 0.17683556047190407, 'median24': 0.6272168429332536, 'win24': 1.5873015873015959, 'loss_reduction': 1.587301587301587, 'q10': 0.6432214795851009}","{'mean24': 0.028445107324788665, 'median24': -0.19574944071587552, 'win24': 2.6785714285714306, 'loss_reduction': 2.6785714285714306, 'q10': 0.5749155728327082}",True,0.20392003227899747
btc1_atr_pct:veto_low:Q10:0.90386023,btc1_atr_pct,veto_low,0.1,0.9038602307353175,24,44,0.8888888888888888,0.9166666666666666,"{'mean24': 0.32434137152475007, 'median24': 0.3136084214666264, 'win24': 2.7777777777777715, 'loss_reduction': 2.7777777777777786, 'q10': 0.6572101145290498}","{'mean24': -0.011993693845702147, 'median24': 0.0, 'win24': 3.219696969696983, 'loss_reduction': 3.2196969696969706, 'q10': 0.6296351350762117}",False,0.20097064547890636
m15_atr_pct_acc:veto_high:Q90:0.054299244,m15_atr_pct_acc,veto_high,0.9,0.05429924364174329,24,45,0.8888888888888888,0.9375,"{'mean24': 0.13166163475251702, 'median24': 0.6502187125681074, 'win24': 2.7777777777777715, 'loss_reduction': 2.7777777777777786, 'q10': 0.4831917741008661}","{'mean24': 0.09430224742476945, 'median24': 0.02477226172831193, 'win24': 1.2500000000000142, 'loss_reduction': 1.25, 'q10': 0.29250797024442443}",True,0.19242923998587555
btc1_bb_width:veto_low:Q20:0.031901604,btc1_bb_width,veto_low,0.2,0.0319016043949045,20,34,0.7407407407407407,0.7083333333333334,"{'mean24': 0.039168801669057896, 'median24': 0.10779612596689692, 'win24': 1.1111111111111143, 'loss_reduction': 1.1111111111111107, 'q10': 0.5167081894354476}","{'mean24': 0.2201365155638384, 'median24': 0.3032312511659696, 'win24': 8.700980392156865, 'loss_reduction': 8.700980392156865, 'q10': 1.4064063043930775}",True,0.19056807125014202
m15_donch_pos:veto_low:Q10:0.22902758,m15_donch_pos,veto_low,0.1,0.22902757619738798,24,42,0.8888888888888888,0.875,"{'mean24': 0.2462391847939216, 'median24': 0.3136084214666264, 'win24': 2.7777777777777715, 'loss_reduction': 2.7777777777777786, 'q10': 0.4831917741008661}","{'mean24': 0.14300111009784056, 'median24': 0.184667291564256, 'win24': 0.297619047619051, 'loss_reduction': 0.2976190476190492, 'q10': 0.16498405951115858}",True,0.1901995059280112
m15_bb_width_d3:veto_high:Q80:0.0046134119,m15_bb_width_d3,veto_high,0.8,0.00461341191053376,21,36,0.7777777777777778,0.75,"{'mean24': 0.051410047791596636, 'median24': 0.0, 'win24': 1.5873015873015959, 'loss_reduction': 1.587301587301587, 'q10': 0.41460761460762263}","{'mean24': 0.47117080828659663, 'median24': 0.184667291564256, 'win24': 3.4722222222222285, 'loss_reduction': 3.472222222222223, 'q10': 0.6843546973197154}",True,0.18680798318953404
causal_bounce_low_12h:veto_low:Q20:2.5509704,causal_bounce_low_12h,veto_low,0.2,2.550970444966052,21,32,0.7777777777777778,0.6666666666666666,"{'mean24': 0.3104815946337225, 'median24': 0.6272168429332536, 'win24': 1.5873015873015959, 'loss_reduction': 1.587301587301587, 'q10': 0.41460761460762263}","{'mean24': 0.03535141582438195, 'median24': 0.24766160547180505, 'win24': 5.208333333333343, 'loss_reduction': 5.208333333333334, 'q10': 0.8614408806302507}",True,0.17074935122231935
h1_rvol20_d3:veto_low:Q10:-0.27362006,h1_rvol20_d3,veto_low,0.1,-0.27362005509412324,24,31,0.8888888888888888,0.6458333333333334,"{'mean24': 0.4204034067302347, 'median24': 0.6502187125681074, 'win24': 2.7777777777777715, 'loss_reduction': 2.7777777777777786, 'q10': 0.6572101145290498}","{'mean24': 0.3242890732818777, 'median24': 0.1461421419265312, 'win24': -1.5456989247311697, 'loss_reduction': -1.545698924731182, 'q10': -0.49179090465134145}",True,0.1704273686244187
m15_bb_width_d1:veto_high:Q80:0.0014261345,m15_bb_width_d1,veto_high,0.8,0.0014261345478368001,21,44,0.7777777777777778,0.9166666666666666,"{'mean24': 0.03125965008297715, 'median24': 0.0, 'win24': 1.5873015873015959, 'loss_reduction': 1.587301587301587, 'q10': 0.41460761460762263}","{'mean24': 0.30229245472477073, 'median24': 0.184667291564256, 'win24': 3.219696969696983, 'loss_reduction': 3.2196969696969706, 'q10': 0.6296351350762117}",True,0.16665758548091456
h4_di_spread_d1:veto_low:Q20:0.21573989,h4_di_spread_d1,veto_low,0.2,0.21573988929529472,21,38,0.7777777777777778,0.7916666666666666,"{'mean24': 0.030502000571202004, 'median24': 0.0, 'win24': 1.5873015873015959, 'loss_reduction': 1.587301587301587, 'q10': 0.41460761460762263}","{'mean24': 0.13087636699119098, 'median24': 0.184667291564256, 'win24': 4.057017543859658, 'loss_reduction': 4.057017543859651, 'q10': 0.7390742595632191}",True,0.1658999359691394
h1_ppo_hist_d3:veto_high:Q90:0.26571741,h1_ppo_hist_d3,veto_high,0.9,0.26571741412134725,24,34,0.8888888888888888,0.7083333333333334,"{'mean24': 0.13166163475251702, 'median24': 0.6502187125681074, 'win24': 2.7777777777777715, 'loss_reduction': 2.7777777777777786, 'q10': 0.4831917741008661}","{'mean24': 0.3363587881969998, 'median24': -0.19574944071587552, 'win24': 2.818627450980401, 'loss_reduction': 2.8186274509803937, 'q10': -0.09790755237739635}",True,0.16274030221372351
h1_vwap_dist_d3:veto_low:Q20:-2.4876307,h1_vwap_dist_d3,veto_low,0.2,-2.4876307224548433,21,37,0.7777777777777778,0.7708333333333334,"{'mean24': 0.5330755765919597, 'median24': 0.6272168429332536, 'win24': 6.349206349206341, 'loss_reduction': 6.349206349206349, 'q10': 0.6898502627315971}","{'mean24': 0.04529435144064875, 'median24': 0.02477226172831193, 'win24': 1.069819819819827, 'loss_reduction': 1.0698198198198199, 'q10': 0.3775239107332683}",True,0.16107172552036222
h1_vwap_dist_d3:veto_low:Q10:-3.0939743,h1_vwap_dist_d3,veto_low,0.1,-3.0939742699952206,24,42,0.8888888888888888,0.875,"{'mean24': 0.16084248679957724, 'median24': 0.3136084214666264, 'win24': 2.7777777777777715, 'loss_reduction': 2.7777777777777786, 'q10': 0.4831917741008661}","{'mean24': -0.01424975042257648, 'median24': 0.0, 'win24': 2.6785714285714306, 'loss_reduction': 2.6785714285714306, 'q10': 0.5749155728327082}",False,0.16011962167406865
m15_di_spread_d3:veto_low:Q10:-2.0885517,m15_di_spread_d3,veto_low,0.1,-2.088551656343074,24,44,0.8888888888888888,0.9166666666666666,"{'mean24': 0.4871957515600571, 'median24': 0.6502187125681074, 'win24': 2.7777777777777715, 'loss_reduction': 2.7777777777777786, 'q10': 0.6572101145290498}","{'mean24': -0.059348550821204604, 'median24': 0.08545720182742178, 'win24': 3.219696969696983, 'loss_reduction': 3.2196969696969706, 'q10': 0.6296351350762117}",False,0.1536157885034039
h1_di_spread_d3:veto_high:Q80:0.504166,h1_di_spread_d3,veto_high,0.8,0.5041660041092585,21,31,0.7777777777777778,0.6458333333333334,"{'mean24': 0.5029722737319466, 'median24': 0.6732205822029602, 'win24': 1.5873015873015959, 'loss_reduction': 1.587301587301587, 'q10': 0.6432214795851009}","{'mean24': 0.3064459573623144, 'median24': -0.3931276090457847, 'win24': -1.5456989247311697, 'loss_reduction': -1.545698924731182, 'q10': -0.49179090465134145}",True,0.15258425270485537
m15_er10:veto_high:Q90:0.49340951,m15_er10,veto_high,0.9,0.49340950826362123,24,43,0.8888888888888888,0.8958333333333334,"{'mean24': 0.32687652652561816, 'median24': 0.6502187125681074, 'win24': 2.7777777777777715, 'loss_reduction': 2.7777777777777786, 'q10': 0.4831917741008661}","{'mean24': 0.08479067172762633, 'median24': 0.02477226172831193, 'win24': 0.6298449612403232, 'loss_reduction': 0.6298449612403108, 'q10': 0.20749202975558045}",True,0.14926057839132767
causal_bounce_low_12h:veto_high:Q90:6.3294014,causal_bounce_low_12h,veto_high,0.9,6.329401437427995,24,37,0.8888888888888888,0.7708333333333334,"{'mean24': 0.25172668552345634, 'median24': 0.3136084214666264, 'win24': 2.7777777777777715, 'loss_reduction': 2.7777777777777786, 'q10': 0.4831917741008661}","{'mean24': 0.21980798004815982, 'median24': -0.02477226172831193, 'win24': 1.069819819819827, 'loss_reduction': 1.0698198198198199, 'q10': -0.3681828868339677}",True,0.1491586547360643
h1_roc12_acc:veto_low:Q10:-4.8456154,h1_roc12_acc,veto_low,0.1,-4.8456154390709845,24,44,0.8888888888888888,0.9166666666666666,"{'mean24': 0.5944891767229272, 'median24': 0.6502187125681074, 'win24': 6.944444444444457, 'loss_reduction': 6.944444444444445, 'q10': 1.0421114515154861}","{'mean24': 0.06730956237120944, 'median24': 0.08545720182742178, 'win24': 0.9469696969697026, 'loss_reduction': 0.946969696969699, 'q10': 0.2500000000000022}",True,0.14874895631060397
h4_cmf_acc:veto_low:Q10:-0.030764407,h4_cmf_acc,veto_low,0.1,-0.03076440687636452,24,43,0.8888888888888888,0.8958333333333334,"{'mean24': 0.3791154482371799, 'median24': 0.3136084214666264, 'win24': 2.7777777777777715, 'loss_reduction': 2.7777777777777786, 'q10': 0.6572101145290498}","{'mean24': 0.08007052231305112, 'median24': 0.02477226172831193, 'win24': 0.6298449612403232, 'loss_reduction': 0.6298449612403108, 'q10': 0.20749202975558045}",True,0.14454042897675246
btc4_rvol20_acc:veto_high:Q80:0.11366298,btc4_rvol20_acc,veto_high,0.8,0.11366298028712454,21,29,0.7777777777777778,0.6041666666666666,"{'mean24': 0.005101793098538199, 'median24': 0.6272168429332536, 'win24': 1.5873015873015959, 'loss_reduction': 1.587301587301587, 'q10': 0.41460761460762263}","{'mean24': 0.13314971678328025, 'median24': 0.1461421419265312, 'win24': 4.238505747126453, 'loss_reduction': 4.238505747126437, 'q10': 0.7664340406849711}",True,0.1404997284964756
m15_di_spread_acc:veto_high:Q80:9.2741018,m15_di_spread_acc,veto_high,0.8,9.2741017993008,21,42,0.7777777777777778,0.875,"{'mean24': 0.12700996631508277, 'median24': 0.6272168429332536, 'win24': 1.5873015873015959, 'loss_reduction': 1.587301587301587, 'q10': 0.41460761460762263}","{'mean24': 0.004139773576766093, 'median24': 0.184667291564256, 'win24': 5.059523809523824, 'loss_reduction': 5.05952380952381, 'q10': 0.8527256818435557}",True,0.1395377089747035
m15_rvol20:veto_low:Q20:0.49552523,m15_rvol20,veto_low,0.2,0.49552522574695296,21,42,0.7777777777777778,0.875,"{'mean24': 0.6516891980947368, 'median24': 0.6272168429332536, 'win24': 6.349206349206341, 'loss_reduction': 6.349206349206349, 'q10': 0.6898502627315971}","{'mean24': 0.08652663761798784, 'median24': 0.08545720182742178, 'win24': 0.297619047619051, 'loss_reduction': 0.2976190476190492, 'q10': 0.16498405951115858}",True,0.13372503344815848
btc1_mfi_d1:veto_low:Q20:-1.5469572,btc1_mfi_d1,veto_low,0.2,-1.5469572212098002,21,30,0.7777777777777778,0.625,"{'mean24': 0.5762906754799366, 'median24': 0.6732205822029602, 'win24': 6.349206349206341, 'loss_reduction': 6.349206349206349, 'q10': 0.6432214795851009}","{'mean24': -0.021717071758644124, 'median24': 0.08545720182742178, 'win24': 1.2500000000000142, 'loss_reduction': 1.25, 'q10': 0.5050478214665344}",False,0.12954488360798946
btc4_roc4_d1:veto_high:Q80:0.37892219,btc4_roc4_d1,veto_high,0.8,0.378922192613973,20,30,0.7407407407407407,0.625,"{'mean24': 0.6875836022360473, 'median24': 0.6820956675219874, 'win24': 6.111111111111114, 'loss_reduction': 6.111111111111111, 'q10': 1.746633829083264}","{'mean24': -0.021717071758644124, 'median24': 0.08545720182742178, 'win24': 1.2500000000000142, 'loss_reduction': 1.25, 'q10': 0.5050478214665344}",False,0.12954488360798946
btc4_roc4_d1:veto_high:Q90:0.49828313,btc4_roc4_d1,veto_high,0.9,0.4982831310669767,24,30,0.8888888888888888,0.625,"{'mean24': 0.1524758171142757, 'median24': 0.3136084214666264, 'win24': 2.7777777777777715, 'loss_reduction': 2.7777777777777786, 'q10': 0.4971804090448151}","{'mean24': -0.021717071758644124, 'median24': 0.08545720182742178, 'win24': 1.2500000000000142, 'loss_reduction': 1.25, 'q10': 0.5050478214665344}",False,0.12757803050255964
h4_roc4_d3:veto_low:Q10:-2.5141064,h4_roc4_d3,veto_low,0.1,-2.514106366378372,24,40,0.8888888888888888,0.8333333333333334,"{'mean24': -0.0530391442137903, 'median24': -0.20581229549973035, 'win24': 2.7777777777777715, 'loss_reduction': 2.7777777777777786, 'q10': 0.4831917741008661}","{'mean24': 0.6628831989255244, 'median24': 0.3032312511659696, 'win24': 4.583333333333343, 'loss_reduction': 4.583333333333334, 'q10': 0.793793821806723}",False,0.1233143548669818
h1_cmf_d3:veto_high:Q90:0.097067554,h1_cmf_d3,veto_high,0.9,0.09706755438603323,24,45,0.8888888888888888,0.9375,"{'mean24': 0.2775060096194175, 'median24': 0.3136084214666264, 'win24': 2.7777777777777715, 'loss_reduction': 2.7777777777777786, 'q10': 0.4831917741008661}","{'mean24': 0.021924488819532684, 'median24': 0.02477226172831193, 'win24': 1.2500000000000142, 'loss_reduction': 1.25, 'q10': 0.29250797024442443}",True,0.12005148138063879
m15_bb_width_d3:veto_high:Q90:0.010263499,m15_bb_width_d3,veto_high,0.9,0.010263498979942783,24,43,0.8888888888888888,0.8958333333333334,"{'mean24': 0.16084248679957724, 'median24': 0.3136084214666264, 'win24': 2.7777777777777715, 'loss_reduction': 2.7777777777777786, 'q10': 0.4831917741008661}","{'mean24': 0.04651011663666482, 'median24': 0.02477226172831193, 'win24': 0.6298449612403232, 'loss_reduction': 0.6298449612403108, 'q10': 0.20749202975558045}",True,0.11098002330036615
decision_close:veto_low:Q20:0.015782,decision_close,veto_low,0.2,0.015782,21,38,0.7777777777777778,0.7916666666666666,"{'mean24': -0.0218667329890172, 'median24': -0.41162459099946025, 'win24': 1.5873015873015959, 'loss_reduction': 1.587301587301587, 'q10': 0.41460761460762263}","{'mean24': 0.18860687841966595, 'median24': 0.08545720182742178, 'win24': 1.4254385964912473, 'loss_reduction': 1.4254385964912295, 'q10': 0.4200318809776903}",False,0.11029394259271305
h4_chop14_d1:veto_high:Q90:2.2611086,h4_chop14_d1,veto_high,0.9,2.26110864509174,24,30,0.8888888888888888,0.625,"{'mean24': 0.27326474059763095, 'median24': 0.6502187125681074, 'win24': -1.3888888888888857, 'loss_reduction': -1.3888888888888893, 'q10': -0.22838291651852455}","{'mean24': 0.3544286228830589, 'median24': 0.0, 'win24': -2.0833333333333144, 'loss_reduction': -2.0833333333333304, 'q10': -0.4929613401202172}",True,0.10835773890091005
h4_di_spread_d1:veto_low:Q10:-0.20526838,h4_di_spread_d1,veto_low,0.1,-0.20526837710900445,24,40,0.8888888888888888,0.8333333333333334,"{'mean24': 0.4237762516236523, 'median24': 0.6502187125681074, 'win24': 2.7777777777777715, 'loss_reduction': 2.7777777777777786, 'q10': 0.4971804090448151}","{'mean24': -0.05884621709804927, 'median24': 0.08545720182742178, 'win24': 2.083333333333343, 'loss_reduction': 2.083333333333334, 'q10': 0.5050478214665344}",False,0.10711555182982119
h4_mfi:veto_high:Q90:64.820566,h4_mfi,veto_high,0.9,64.82056649509987,24,44,0.8888888888888888,0.9166666666666666,"{'mean24': 0.5380637826333676, 'median24': 0.6502187125681074, 'win24': 2.7777777777777715, 'loss_reduction': 2.7777777777777786, 'q10': 1.0421114515154861}","{'mean24': -0.10605209628733814, 'median24': 0.0, 'win24': 3.219696969696983, 'loss_reduction': 3.2196969696969706, 'q10': 0.6296351350762117}",False,0.10691224303727037
m15_rvol20:veto_high:Q80:1.4174765,m15_rvol20,veto_high,0.8,1.4174764838618688,21,38,0.7777777777777778,0.7916666666666666,"{'mean24': -0.03483639273147121, 'median24': 0.0, 'win24': 1.5873015873015959, 'loss_reduction': 1.587301587301587, 'q10': 0.41460761460762263}","{'mean24': 0.1116025513255341, 'median24': 0.0, 'win24': 4.057017543859658, 'loss_reduction': 4.057017543859651, 'q10': 0.7390742595632191}",False,0.10056154266646619
m15_tsi:veto_high:Q90:9.434299,m15_tsi,veto_high,0.9,9.434299029514037,24,45,0.8888888888888888,0.9375,"{'mean24': 0.19809931293890104, 'median24': -0.20581229549973035, 'win24': 2.7777777777777715, 'loss_reduction': 2.7777777777777786, 'q10': 0.4831917741008661}","{'mean24': 0.10424090153244636, 'median24': 0.02477226172831193, 'win24': 1.2500000000000142, 'loss_reduction': 1.25, 'q10': -0.12247608926673648}",True,0.09862187921576224
btc4_rvol20:veto_low:Q10:0.48496687,btc4_rvol20,veto_low,0.1,0.4849668670972852,24,44,0.8888888888888888,0.9166666666666666,"{'mean24': 0.33645563578967286, 'median24': 0.3136084214666264, 'win24': 2.7777777777777715, 'loss_reduction': 2.7777777777777786, 'q10': 0.6572101145290498}","{'mean24': -0.11638564987592925, 'median24': 0.08545720182742178, 'win24': 3.219696969696983, 'loss_reduction': 3.2196969696969706, 'q10': 0.6296351350762117}",False,0.09657868944867926
m15_adx_acc:veto_low:Q10:-1.2709997,m15_adx_acc,veto_low,0.1,-1.2709997219018665,24,44,0.8888888888888888,0.9166666666666666,"{'mean24': 0.26255911155691525, 'median24': 0.6502187125681074, 'win24': 2.7777777777777715, 'loss_reduction': 2.7777777777777786, 'q10': 0.4971804090448151}","{'mean24': 0.009594939841160777, 'median24': 0.08545720182742178, 'win24': 0.9469696969697026, 'loss_reduction': 0.946969696969699, 'q10': 0.2500000000000022}",True,0.09103433378055531
m15_chop14:veto_low:Q20:43.96797,m15_chop14,veto_low,0.2,43.96797044160192,21,44,0.7777777777777778,0.9166666666666666,"{'mean24': -0.046526918947449314, 'median24': 0.0, 'win24': 1.5873015873015959, 'loss_reduction': 1.587301587301587, 'q10': 0.41460761460762263}","{'mean24': 0.4684103817884737, 'median24': 0.184667291564256, 'win24': 5.492424242424249, 'loss_reduction': 5.492424242424242, 'q10': 0.9158698396737173}",False,0.08887101645048809
h1_roc4:veto_high:Q80:0.092690196,h1_roc4,veto_high,0.8,0.09269019550029137,21,29,0.7777777777777778,0.6041666666666666,"{'mean24': 0.19460815128416709, 'median24': 0.6272168429332536, 'win24': 1.5873015873015959, 'loss_reduction': 1.587301587301587, 'q10': 0.41460761460762263}","{'mean24': 0.5886442891206367, 'median24': -0.02477226172831193, 'win24': 0.7902298850574709, 'loss_reduction': 0.7902298850574727, 'q10': -0.49413177558909294}",True,0.0868798050880433
h1_roc4:veto_low:Q20:-1.2312889,h1_roc4,veto_low,0.2,-1.2312888810903888,21,38,0.7777777777777778,0.7916666666666666,"{'mean24': 0.1539928189415103, 'median24': 0.6272168429332536, 'win24': 1.5873015873015959, 'loss_reduction': 1.587301587301587, 'q10': 0.41460761460762263}","{'mean24': 0.1088952049278471, 'median24': 0.08545720182742178, 'win24': -1.2061403508771917, 'loss_reduction': -1.2061403508771917, 'q10': 0.0}",True,0.08477239791030326
h1_roc12_acc:veto_low:Q20:-4.0902096,h1_roc12_acc,veto_low,0.2,-4.090209577960951,21,42,0.7777777777777778,0.875,"{'mean24': 0.46194571730026635, 'median24': 0.6272168429332536, 'win24': 6.349206349206341, 'loss_reduction': 6.349206349206349, 'q10': 0.6898502627315971}","{'mean24': 0.03708047606495235, 'median24': 0.0, 'win24': 0.297619047619051, 'loss_reduction': 0.2976190476190492, 'q10': 0.16498405951115858}",True,0.08427887189512298
m15_rvol20_d3:veto_high:Q80:0.10456233,m15_rvol20_d3,veto_high,0.8,0.10456232551526208,21,29,0.7777777777777778,0.6041666666666666,"{'mean24': -0.05464527299484656, 'median24': 0.0, 'win24': 1.5873015873015959, 'loss_reduction': 1.587301587301587, 'q10': 0.41460761460762263}","{'mean24': 0.3583605126341416, 'median24': -0.3667266197034391, 'win24': 4.238505747126453, 'loss_reduction': 4.238505747126437, 'q10': 0.5585647014125119}",False,0.08075266240309084
h4_di_spread:veto_low:Q10:-28.537565,h4_di_spread,veto_low,0.1,-28.53756456198275,24,42,0.8888888888888888,0.875,"{'mean24': 0.18367454945686745, 'median24': 0.6502187125681074, 'win24': -1.3888888888888857, 'loss_reduction': -1.3888888888888893, 'q10': -0.31095571095571695}","{'mean24': 0.2191231070745654, 'median24': 0.184667291564256, 'win24': 0.297619047619051, 'loss_reduction': 0.2976190476190492, 'q10': -0.20244420828905063}",True,0.07815784394016043
decision_close:veto_high:Q80:2.0538,decision_close,veto_high,0.8,2.0538000000000007,21,40,0.7777777777777778,0.8333333333333334,"{'mean24': 0.16211228209551232, 'median24': -0.41162459099946025, 'win24': 6.349206349206341, 'loss_reduction': 6.349206349206349, 'q10': 0.6432214795851009}","{'mean24': 0.1588058188721142, 'median24': 0.08545720182742178, 'win24': -0.4166666666666572, 'loss_reduction': -0.4166666666666661, 'q10': -0.30637887792528085}",True,0.07387776605746067
m15_er10:veto_low:Q10:0.073015873,m15_er10,veto_low,0.1,0.07301587301587445,24,44,0.8888888888888888,0.9166666666666666,"{'mean24': 0.14036155284935248, 'median24': 0.3136084214666264, 'win24': 2.7777777777777715, 'loss_reduction': 2.7777777777777786, 'q10': 0.4971804090448151}","{'mean24': -0.008821277266427341, 'median24': 0.08545720182742178, 'win24': 0.9469696969697026, 'loss_reduction': 0.946969696969699, 'q10': 0.2500000000000022}",False,0.07261811667296719
btc1_adx:veto_low:Q20:22.053333,btc1_adx,veto_low,0.2,22.053332717775408,21,42,0.7777777777777778,0.875,"{'mean24': 0.48261741034693184, 'median24': 0.6732205822029602, 'win24': 6.349206349206341, 'loss_reduction': 6.349206349206349, 'q10': 0.6898502627315971}","{'mean24': 0.02505476681885277, 'median24': 0.0, 'win24': 0.297619047619051, 'loss_reduction': 0.2976190476190492, 'q10': 0.16498405951115858}",True,0.0722531626490234
h1_bb_width_d3:veto_high:Q90:0.0031393076,h1_bb_width_d3,veto_high,0.9,0.003139307586987869,24,44,0.8888888888888888,0.9166666666666666,"{'mean24': 0.7557063167896643, 'median24': 0.6502187125681074, 'win24': 6.944444444444457, 'loss_reduction': 6.944444444444445, 'q10': 1.0421114515154861}","{'mean24': -0.015332984800918936, 'median24': 0.08545720182742178, 'win24': 0.9469696969697026, 'loss_reduction': 0.946969696969699, 'q10': 0.2500000000000022}",False,0.0661064091384756
h1_chop14:veto_low:Q10:42.413498,h1_chop14,veto_low,0.1,42.41349754174835,24,41,0.8888888888888888,0.8541666666666666,"{'mean24': 0.03309714422380683, 'median24': -0.20581229549973035, 'win24': 2.7777777777777715, 'loss_reduction': 2.7777777777777786, 'q10': 0.4831917741008661}","{'mean24': 0.08408332604865709, 'median24': 0.02477226172831193, 'win24': -0.05081300813007772, 'loss_reduction': -0.050813008130079496, 'q10': 0.12247608926673637}",True,0.06269990637788933
h4_cmo_d3:veto_low:Q20:-4.3268534,h4_cmo_d3,veto_low,0.2,-4.326853372011515,21,37,0.7777777777777778,0.7708333333333334,"{'mean24': 0.22299671107414198, 'median24': 0.6732205822029602, 'win24': 1.5873015873015959, 'loss_reduction': 1.587301587301587, 'q10': 0.6898502627315971}","{'mean24': -0.05523992464141747, 'median24': -0.3931276090457847, 'win24': 1.069819819819827, 'loss_reduction': 1.0698198198198199, 'q10': 0.3775239107332683}",False,0.060537449438296004
m15_roc12_d3:veto_low:Q10:-0.37254017,m15_roc12_d3,veto_low,0.1,-0.3725401734791522,24,45,0.8888888888888888,0.9375,"{'mean24': 0.23935407312476897, 'median24': 0.3136084214666264, 'win24': 2.7777777777777715, 'loss_reduction': 2.7777777777777786, 'q10': 0.4831917741008661}","{'mean24': -0.1183676398056166, 'median24': 0.02477226172831193, 'win24': 3.4722222222222285, 'loss_reduction': 3.472222222222223, 'q10': 0.6569949161979637}",False,0.0579858592751555
m15_er10:veto_low:Q20:0.097882638,m15_er10,veto_low,0.2,0.0978826376285544,21,41,0.7777777777777778,0.8541666666666666,"{'mean24': 0.510332764698437, 'median24': 0.6272168429332536, 'win24': 6.349206349206341, 'loss_reduction': 6.349206349206349, 'q10': 0.6898502627315971}","{'mean24': 0.026827183147474454, 'median24': 0.1461421419265312, 'win24': -0.05081300813007772, 'loss_reduction': -0.050813008130079496, 'q10': 0.12247608926673637}",True,0.056429945301556955
btc1_bb_pctb_d3:veto_low:Q10:-0.25257439,btc1_bb_pctb_d3,veto_low,0.1,-0.25257438977710145,24,32,0.8888888888888888,0.6666666666666666,"{'mean24': -0.1203107313842331, 'median24': -0.20581229549973035, 'win24': 2.7777777777777715, 'loss_reduction': 2.7777777777777786, 'q10': 0.4831917741008661}","{'mean24': 0.2832707582741638, 'median24': 0.3032312511659696, 'win24': 5.208333333333343, 'loss_reduction': 5.208333333333334, 'q10': 0.9222341887791984}",False,0.05604276769653901
h4_roc4_d3:veto_low:Q20:-1.20684,h4_roc4_d3,veto_low,0.2,-1.2068399583181129,21,39,0.7777777777777778,0.8125,"{'mean24': -0.08113269194856576, 'median24': 0.6272168429332536, 'win24': 1.5873015873015959, 'loss_reduction': 1.587301587301587, 'q10': 0.41460761460762263}","{'mean24': 0.5068796994564599, 'median24': 0.27213076974162975, 'win24': 4.326923076923094, 'loss_reduction': 4.326923076923078, 'q10': 0.7664340406849711}",False,0.054265243449371635
m15_donch_pos_acc:veto_low:Q20:0.10934881,m15_donch_pos_acc,veto_low,0.2,0.10934880722114762,21,45,0.7777777777777778,0.9375,"{'mean24': 0.14322626931088323, 'median24': 0.6272168429332536, 'win24': 1.5873015873015959, 'loss_reduction': 1.587301587301587, 'q10': 0.41460761460762263}","{'mean24': -0.04415440419654182, 'median24': -0.02477226172831193, 'win24': 1.2500000000000142, 'loss_reduction': 1.25, 'q10': 0.29250797024442443}",False,0.05397258836456429
h4_mfi:veto_high:Q80:57.760559,h4_mfi,veto_high,0.8,57.760559280593206,21,43,0.7777777777777778,0.8958333333333334,"{'mean24': 0.8688364427580875, 'median24': 0.6732205822029602, 'win24': 6.349206349206341, 'loss_reduction': 6.349206349206349, 'q10': 1.8640542253445598}","{'mean24': -0.15648421163875348, 'median24': -0.02477226172831193, 'win24': 2.9554263565891574, 'loss_reduction': 2.9554263565891485, 'q10': 0.60227535395446}",False,0.05319315398164449
h1_bb_pctb_d1:veto_low:Q20:-0.20292291,h1_bb_pctb_d1,veto_low,0.2,-0.2029229134696444,21,29,0.7777777777777778,0.6041666666666666,"{'mean24': -0.08299858869324828, 'median24': -0.41162459099946025, 'win24': 1.5873015873015959, 'loss_reduction': 1.587301587301587, 'q10': 0.41460761460762263}","{'mean24': 0.2629975555060171, 'median24': 0.33433173259030946, 'win24': 7.686781609195407, 'loss_reduction': 7.686781609195403, 'q10': 1.6297982897342633}",False,0.05239934670468912
m15_cmo:veto_low:Q20:-36.703843,m15_cmo,veto_low,0.2,-36.703843334380615,21,42,0.7777777777777778,0.875,"{'mean24': -0.0005126710181553307, 'median24': 0.0, 'win24': 1.5873015873015959, 'loss_reduction': 1.587301587301587, 'q10': 0.41460761460762263}","{'mean24': 0.21747365910184735, 'median24': 0.184667291564256, 'win24': 0.297619047619051, 'loss_reduction': 0.2976190476190492, 'q10': 0.16498405951115858}",False,0.0466857248120153
m15_tsi:veto_low:Q10:-8.4907221,m15_tsi,veto_low,0.1,-8.490722107595694,24,37,0.8888888888888888,0.7708333333333334,"{'mean24': 0.2678659206923877, 'median24': 0.3136084214666264, 'win24': 2.7777777777777715, 'loss_reduction': 2.7777777777777786, 'q10': 0.4971804090448151}","{'mean24': -0.06992882828758695, 'median24': 0.02477226172831193, 'win24': 1.069819819819827, 'loss_reduction': 1.0698198198198199, 'q10': 0.3775239107332683}",False,0.04584854579212652
m15_donch_pos_d1:veto_high:Q80:0.31462578,m15_donch_pos_d1,veto_high,0.8,0.31462577962578475,21,39,0.7777777777777778,0.8125,"{'mean24': 0.41851910318022423, 'median24': 0.6909707528410136, 'win24': 1.5873015873015959, 'loss_reduction': 1.587301587301587, 'q10': 0.41460761460762263}","{'mean24': 0.04546365083466153, 'median24': 0.1461421419265312, 'win24': -0.801282051282044, 'loss_reduction': -0.8012820512820511, 'q10': 0.04082536308891216}",True,0.039644350581248544
h1_chop14_d3:veto_low:Q20:-5.1754272,h1_chop14_d3,veto_low,0.2,-5.175427193842927,21,42,0.7777777777777778,0.875,"{'mean24': 0.05613407536638748, 'median24': -0.41162459099946025, 'win24': 1.5873015873015959, 'loss_reduction': 1.587301587301587, 'q10': 0.41460761460762263}","{'mean24': -0.00817462095925281, 'median24': 0.0, 'win24': 0.297619047619051, 'loss_reduction': 0.2976190476190492, 'q10': 0.16498405951115858}",False,0.03902377487091782
h4_cmo_d3:veto_low:Q10:-11.392639,h4_cmo_d3,veto_low,0.1,-11.392638737566893,24,41,0.8888888888888888,0.8541666666666666,"{'mean24': 0.24594916576223236, 'median24': 0.6502187125681074, 'win24': 2.7777777777777715, 'loss_reduction': 2.7777777777777786, 'q10': 0.6572101145290498}","{'mean24': 0.007758155182306936, 'median24': -0.3667266197034391, 'win24': -0.05081300813007772, 'loss_reduction': -0.050813008130079496, 'q10': 0.12247608926673637}",True,0.03736091733638944
h1_ppo_hist_acc:veto_low:Q10:-0.24386979,h1_ppo_hist_acc,veto_low,0.1,-0.24386979358022873,24,42,0.8888888888888888,0.875,"{'mean24': 0.18238453741343053, 'median24': -0.20581229549973035, 'win24': 2.7777777777777715, 'loss_reduction': 2.7777777777777786, 'q10': 0.4831917741008661}","{'mean24': -0.009885752954389648, 'median24': 0.08545720182742178, 'win24': 0.297619047619051, 'loss_reduction': 0.2976190476190492, 'q10': 0.16498405951115858}",False,0.03731264287578098
m15_bb_pctb_d1:veto_high:Q90:0.44026592,m15_bb_pctb_d1,veto_high,0.9,0.44026591799371495,24,43,0.8888888888888888,0.8958333333333334,"{'mean24': 0.26255911155691525, 'median24': 0.6502187125681074, 'win24': 2.7777777777777715, 'loss_reduction': 2.7777777777777786, 'q10': 0.4971804090448151}","{'mean24': -0.030195282624124076, 'median24': 0.02477226172831193, 'win24': 0.6298449612403232, 'loss_reduction': 0.6298449612403108, 'q10': 0.20749202975558045}",False,0.034274624039577255
causal_pre_ret_8h:veto_low:Q20:-1.7323901,causal_pre_ret_8h,veto_low,0.2,-1.7323901397697459,21,41,0.7777777777777778,0.8541666666666666,"{'mean24': 0.25886962842171135, 'median24': 0.6272168429332536, 'win24': 1.5873015873015959, 'loss_reduction': 1.587301587301587, 'q10': 0.41460761460762263}","{'mean24': 0.002141306456728831, 'median24': 0.02477226172831193, 'win24': -0.05081300813007772, 'loss_reduction': -0.050813008130079496, 'q10': 0.12247608926673637}",True,0.03174406861081133
h1_cmf_d1:veto_low:Q10:-0.036916779,h1_cmf_d1,veto_low,0.1,-0.03691677898542762,24,42,0.8888888888888888,0.875,"{'mean24': -0.1203107313842331, 'median24': -0.20581229549973035, 'win24': 2.7777777777777715, 'loss_reduction': 2.7777777777777786, 'q10': 0.4831917741008661}","{'mean24': -0.1440962332600657, 'median24': 0.08545720182742178, 'win24': 2.6785714285714306, 'loss_reduction': 2.6785714285714306, 'q10': 0.5749155728327082}",False,0.03027313883657943
h1_tsi_acc:veto_low:Q20:-2.4063529,h1_tsi_acc,veto_low,0.2,-2.4063528519260036,21,39,0.7777777777777778,0.8125,"{'mean24': 0.07320729987399721, 'median24': 0.0, 'win24': 1.5873015873015959, 'loss_reduction': 1.587301587301587, 'q10': 0.41460761460762263}","{'mean24': 0.04623022235153229, 'median24': 0.1461421419265312, 'win24': -0.801282051282044, 'loss_reduction': -0.8012820512820511, 'q10': -0.0003773095168789764}",True,0.030110253946671526
h4_cmf_d3:veto_low:Q20:-0.0034576411,h4_cmf_d3,veto_low,0.2,-0.003457641100991799,21,39,0.7777777777777778,0.8125,"{'mean24': 0.6023453569781565, 'median24': 0.6732205822029602, 'win24': 6.349206349206341, 'loss_reduction': 6.349206349206349, 'q10': 1.8640542253445598}","{'mean24': -0.2488403917803601, 'median24': -0.02477226172831193, 'win24': 4.326923076923094, 'loss_reduction': 4.326923076923078, 'q10': 0.7664340406849711}",False,0.02930657992934424
m15_donch_pos_d1:veto_high:Q90:0.39967742,m15_donch_pos_d1,veto_high,0.9,0.39967741935484113,24,43,0.8888888888888888,0.8958333333333334,"{'mean24': 0.26061624559247765, 'median24': 0.6502187125681074, 'win24': 2.7777777777777715, 'loss_reduction': 2.7777777777777786, 'q10': 0.4831917741008661}","{'mean24': -0.038147709553777887, 'median24': 0.02477226172831193, 'win24': 0.6298449612403232, 'loss_reduction': 0.6298449612403108, 'q10': 0.20749202975558045}",False,0.026322197109923444
m15_rvol20_d1:veto_high:Q80:0.31196142,m15_rvol20_d1,veto_high,0.8,0.3119614221235467,21,38,0.7777777777777778,0.7916666666666666,"{'mean24': 0.016381564116849212, 'median24': 0.0, 'win24': 1.5873015873015959, 'loss_reduction': 1.587301587301587, 'q10': 0.41460761460762263}","{'mean24': -0.11031640779023366, 'median24': -0.1709771789875636, 'win24': 4.057017543859658, 'loss_reduction': 4.057017543859651, 'q10': 0.6115503488299534}",False,0.025081527607703734
h4_vwap_dist_d1:veto_high:Q90:2.8260864,h4_vwap_dist_d1,veto_high,0.9,2.8260863582048863,24,29,0.8888888888888888,0.6041666666666666,"{'mean24': 0.14220239959012915, 'median24': -0.20581229549973035, 'win24': 2.7777777777777715, 'loss_reduction': 2.7777777777777786, 'q10': 0.4831917741008661}","{'mean24': 0.13136774245492422, 'median24': -0.6017219630030879, 'win24': 0.7902298850574709, 'loss_reduction': 0.7902298850574727, 'q10': -0.49413177558909294}",True,0.02363939625880044
causal_pre_ret_4h:veto_high:Q90:0.69180613,causal_pre_ret_4h,veto_high,0.9,0.6918061318663731,24,35,0.8888888888888888,0.7291666666666666,"{'mean24': 0.23642358805483799, 'median24': 0.6502187125681074, 'win24': 2.7777777777777715, 'loss_reduction': 2.7777777777777786, 'q10': 0.4971804090448151}","{'mean24': 0.17545132209075032, 'median24': -0.3667266197034391, 'win24': -2.559523809523796, 'loss_reduction': -2.5595238095238084, 'q10': -0.40938555943975896}",True,0.021914456040334408
m15_er10_d1:veto_high:Q80:0.0051130224,m15_er10_d1,veto_high,0.8,0.005113022354401019,21,45,0.7777777777777778,0.9375,"{'mean24': 0.4529544073122205, 'median24': 0.6272168429332536, 'win24': 1.5873015873015959, 'loss_reduction': 1.587301587301587, 'q10': 0.6432214795851009}","{'mean24': -0.08056105233200128, 'median24': -0.02477226172831193, 'win24': 1.2500000000000142, 'loss_reduction': 1.25, 'q10': 0.29250797024442443}",False,0.017565940229104827
m15_er10_acc:veto_high:Q80:0.010458842,m15_er10_acc,veto_high,0.8,0.010458841540537805,21,45,0.7777777777777778,0.9375,"{'mean24': 0.8970619740368888, 'median24': 0.6732205822029602, 'win24': 6.349206349206341, 'loss_reduction': 6.349206349206349, 'q10': 1.8640542253445598}","{'mean24': -0.08056105233200128, 'median24': -0.02477226172831193, 'win24': 1.2500000000000142, 'loss_reduction': 1.25, 'q10': 0.29250797024442443}",False,0.017565940229104827
h1_cmf_d3:veto_high:Q80:0.064579188,h1_cmf_d3,veto_high,0.8,0.06457918838719627,21,44,0.7777777777777778,0.9166666666666666,"{'mean24': 0.026736595604932578, 'median24': -0.41162459099946025, 'win24': 1.5873015873015959, 'loss_reduction': 1.587301587301587, 'q10': 0.41460761460762263}","{'mean24': -0.06676704377785381, 'median24': 0.0, 'win24': 0.9469696969697026, 'loss_reduction': 0.946969696969699, 'q10': 0.2500000000000022}",False,0.01467235016154073
causal_bounce_low_12h:veto_high:Q80:5.5347814,causal_bounce_low_12h,veto_high,0.8,5.534781430578919,21,34,0.7777777777777778,0.7083333333333334,"{'mean24': 0.2749949643686467, 'median24': 0.0, 'win24': 6.349206349206341, 'loss_reduction': 6.349206349206349, 'q10': 0.6432214795851009}","{'mean24': 0.1226424124868628, 'median24': -0.4842242913532635, 'win24': -0.12254901960783116, 'loss_reduction': -0.12254901960784359, 'q10': -0.4299868957426546}",True,0.012694708159042289
h1_vwap_dist_acc:veto_low:Q20:-3.1666616,h1_vwap_dist_acc,veto_low,0.2,-3.16666163268172,21,41,0.7777777777777778,0.8541666666666666,"{'mean24': 0.06480829541333044, 'median24': -0.41162459099946025, 'win24': 1.5873015873015959, 'loss_reduction': 1.587301587301587, 'q10': 0.41460761460762263}","{'mean24': -0.01696838760180608, 'median24': 0.02477226172831193, 'win24': -0.05081300813007772, 'loss_reduction': -0.050813008130079496, 'q10': 0.12247608926673637}",False,0.012634374552276423
h1_vwap_dist_acc:veto_low:Q10:-3.5037745,h1_vwap_dist_acc,veto_low,0.1,-3.5037745018790916,24,43,0.8888888888888888,0.8958333333333334,"{'mean24': 0.25172668552345634, 'median24': 0.3136084214666264, 'win24': 2.7777777777777715, 'loss_reduction': 2.7777777777777786, 'q10': 0.4831917741008661}","{'mean24': -0.060649723005961054, 'median24': 0.02477226172831193, 'win24': 0.6298449612403232, 'loss_reduction': 0.6298449612403108, 'q10': 0.20749202975558045}",False,0.003820183657740275
h1_ppo_hist_acc:veto_low:Q20:-0.21166904,h1_ppo_hist_acc,veto_low,0.2,-0.2116690413197429,21,41,0.7777777777777778,0.8541666666666666,"{'mean24': 0.027400058787371506, 'median24': 0.0, 'win24': 1.5873015873015959, 'loss_reduction': 1.587301587301587, 'q10': 0.41460761460762263}","{'mean24': -0.0271036769167301, 'median24': 0.02477226172831193, 'win24': -0.05081300813007772, 'loss_reduction': -0.050813008130079496, 'q10': 0.12247608926673637}",False,0.0024990852373523997
h1_chop14_acc:veto_high:Q80:3.1883655,h1_chop14_acc,veto_high,0.8,3.1883655352372275,21,40,0.7777777777777778,0.8333333333333334,"{'mean24': -0.13447333603984202, 'median24': -0.41162459099946025, 'win24': 1.5873015873015959, 'loss_reduction': 1.587301587301587, 'q10': 0.41460761460762263}","{'mean24': 0.23170311650835274, 'median24': 0.08545720182742178, 'win24': 2.083333333333343, 'loss_reduction': 2.083333333333334, 'q10': 0.5050478214665344}",False,0.0009245993580953779
m15_bb_pctb_d1:veto_high:Q80:0.36371238,m15_bb_pctb_d1,veto_high,0.8,0.36371237818950825,21,42,0.7777777777777778,0.875,"{'mean24': 0.41851910318022423, 'median24': 0.6909707528410136, 'win24': 1.5873015873015959, 'loss_reduction': 1.587301587301587, 'q10': 0.41460761460762263}","{'mean24': -0.04748681624616369, 'median24': 0.0, 'win24': 0.297619047619051, 'loss_reduction': 0.2976190476190492, 'q10': 0.16498405951115858}",False,-0.00028842041599305875
h1_bb_pctb_acc:veto_high:Q80:-0.078385662,h1_bb_pctb_acc,veto_high,0.8,-0.07838566201654175,21,34,0.7777777777777778,0.7083333333333334,"{'mean24': 0.161357221985428, 'median24': 0.6732205822029602, 'win24': 1.5873015873015959, 'loss_reduction': 1.587301587301587, 'q10': 0.41460761460762263}","{'mean24': 0.10677790318365776, 'median24': -0.19574944071587552, 'win24': -0.12254901960783116, 'loss_reduction': -0.12254901960784359, 'q10': -0.4299868957426546}",True,-0.003169801144162755
m15_roc12:veto_low:Q10:-2.1711984,m15_roc12,veto_low,0.1,-2.171198444689042,24,44,0.8888888888888888,0.9166666666666666,"{'mean24': 0.32687652652561816, 'median24': 0.6502187125681074, 'win24': 2.7777777777777715, 'loss_reduction': 2.7777777777777786, 'q10': 0.4831917741008661}","{'mean24': -0.0148527562610834, 'median24': 0.0, 'win24': 0.9469696969697026, 'loss_reduction': 0.946969696969699, 'q10': -0.035777541622383}",False,-0.004857747727285169
h1_bb_pctb_acc:veto_high:Q90:-0.057572587,h1_bb_pctb_acc,veto_high,0.9,-0.05757258654676657,24,41,0.8888888888888888,0.8541666666666666,"{'mean24': 0.23642358805483799, 'median24': 0.6502187125681074, 'win24': 2.7777777777777715, 'loss_reduction': 2.7777777777777786, 'q10': 0.4971804090448151}","{'mean24': 0.06607893243952923, 'median24': -0.02477226172831193, 'win24': -0.05081300813007772, 'loss_reduction': -0.050813008130079496, 'q10': -0.2857775416223852}",True,-0.00638171312866867
m15_bb_width_d3:veto_low:Q10:-0.0056697412,m15_bb_width_d3,veto_low,0.1,-0.005669741234605039,24,28,0.8888888888888888,0.5833333333333334,"{'mean24': 0.18259340636708687, 'median24': 0.3136084214666264, 'win24': 2.7777777777777715, 'loss_reduction': 2.7777777777777786, 'q10': 0.4971804090448151}","{'mean24': 0.43309863011561855, 'median24': -0.19574944071587552, 'win24': -3.2738095238095184, 'loss_reduction': -3.2738095238095237, 'q10': -0.4953022110579687}",True,-0.006708336873595774
btc4_cmf_d1:veto_low:Q10:-0.0099328023,btc4_cmf_d1,veto_low,0.1,-0.00993280234384192,24,43,0.8888888888888888,0.8958333333333334,"{'mean24': 0.5513008835346334, 'median24': 0.6502187125681074, 'win24': 2.7777777777777715, 'loss_reduction': 2.7777777777777786, 'q10': 1.0421114515154861}","{'mean24': -0.07716649841472778, 'median24': -0.3667266197034391, 'win24': 0.6298449612403232, 'loss_reduction': 0.6298449612403108, 'q10': 0.20749202975558045}",False,-0.012696591751026451
m15_di_spread_d3:veto_low:Q20:-0.74617282,m15_di_spread_d3,veto_low,0.2,-0.7461728178856575,21,40,0.7777777777777778,0.8333333333333334,"{'mean24': 0.33081246269240916, 'median24': 0.6732205822029602, 'win24': 1.5873015873015959, 'loss_reduction': 1.587301587301587, 'q10': 0.6432214795851009}","{'mean24': -0.20555810858237988, 'median24': 0.08545720182742178, 'win24': 4.583333333333343, 'loss_reduction': 4.583333333333334, 'q10': 0.793793821806723}",False,-0.013006706940072922
h1_atr_pct_d1:veto_high:Q80:0.15217122,h1_atr_pct_d1,veto_high,0.8,0.1521712249489296,21,41,0.7777777777777778,0.8541666666666666,"{'mean24': 0.027400058787371506, 'median24': 0.0, 'win24': 1.5873015873015959, 'loss_reduction': 1.587301587301587, 'q10': 0.41460761460762263}","{'mean24': -0.04756214653574631, 'median24': 0.02477226172831193, 'win24': -0.05081300813007772, 'loss_reduction': -0.050813008130079496, 'q10': 0.12247608926673637}",False,-0.017959384381663807
m15_cmo_d1:veto_high:Q90:16.883481,m15_cmo_d1,veto_high,0.9,16.883480916899487,24,38,0.8888888888888888,0.7916666666666666,"{'mean24': 0.06346048743735588, 'median24': 0.3136084214666264, 'win24': -1.3888888888888857, 'loss_reduction': -1.3888888888888893, 'q10': -0.22838291651852455}","{'mean24': 0.1909606033107516, 'median24': 0.06068494009910941, 'win24': 1.4254385964912473, 'loss_reduction': 1.4254385964912295, 'q10': 0.4200318809776903}",True,-0.02141301947005304
causal_dd_high_8h:veto_high:Q80:-1.3312922,causal_dd_high_8h,veto_high,0.8,-1.331292245895579,21,43,0.7777777777777778,0.8958333333333334,"{'mean24': 0.1729816771859829, 'median24': 0.6732205822029602, 'win24': 1.5873015873015959, 'loss_reduction': 1.587301587301587, 'q10': 0.41460761460762263}","{'mean24': -0.08924783168863337, 'median24': -0.02477226172831193, 'win24': 0.6298449612403232, 'loss_reduction': 0.6298449612403108, 'q10': 0.20749202975558045}",False,-0.024777925024932042
causal_dd_high_1h:veto_high:Q90:-0.1523135,causal_dd_high_1h,veto_high,0.9,-0.15231350363742896,24,43,0.8888888888888888,0.8958333333333334,"{'mean24': 0.07700489789239073, 'median24': 0.6502187125681074, 'win24': -1.3888888888888857, 'loss_reduction': -1.3888888888888893, 'q10': -0.31095571095571695}","{'mean24': 0.15927939652031764, 'median24': 0.02477226172831193, 'win24': 0.6298449612403232, 'loss_reduction': 0.6298449612403108, 'q10': 0.20749202975558045}",True,-0.02851180762431629
h1_cmo:veto_low:Q10:-35.537601,h1_cmo,veto_low,0.1,-35.53760099440646,24,43,0.8888888888888888,0.8958333333333334,"{'mean24': 0.4503545990172637, 'median24': 0.6502187125681074, 'win24': 6.944444444444457, 'loss_reduction': 6.944444444444445, 'q10': 0.6572101145290498}","{'mean24': -0.0939595596430105, 'median24': -0.02477226172831193, 'win24': 0.6298449612403232, 'loss_reduction': 0.6298449612403108, 'q10': 0.20749202975558045}",False,-0.029489652979309174
h1_bb_width_acc:veto_high:Q90:0.003778901,h1_bb_width_acc,veto_high,0.9,0.0037789009887507024,24,36,0.8888888888888888,0.75,"{'mean24': 0.3136929571810123, 'median24': 0.3136084214666264, 'win24': 2.7777777777777715, 'loss_reduction': 2.7777777777777786, 'q10': 0.4971804090448151}","{'mean24': -0.127243385278764, 'median24': -0.1709771789875636, 'win24': 0.6944444444444571, 'loss_reduction': 0.6944444444444446, 'q10': 0.3350159404888463}",False,-0.029600511267663526
h4_mfi_d1:veto_low:Q20:0.17996636,h4_mfi_d1,veto_low,0.2,0.1799663595392473,21,40,0.7777777777777778,0.8333333333333334,"{'mean24': 0.3859404102032915, 'median24': 0.6272168429332536, 'win24': 1.5873015873015959, 'loss_reduction': 1.587301587301587, 'q10': 0.6432214795851009}","{'mean24': -0.18868768704158745, 'median24': 0.08545720182742178, 'win24': 2.083333333333343, 'loss_reduction': 2.083333333333334, 'q10': 0.5050478214665344}",False,-0.030679699928922118
h1_chop14_d3:veto_high:Q90:9.3141086,h1_chop14_d3,veto_high,0.9,9.31410858258309,24,39,0.8888888888888888,0.8125,"{'mean24': 0.28725645142586664, 'median24': 0.6502187125681074, 'win24': 2.7777777777777715, 'loss_reduction': 2.7777777777777786, 'q10': 0.4831917741008661}","{'mean24': 0.06646046496962388, 'median24': -0.3667266197034391, 'win24': -0.801282051282044, 'loss_reduction': -0.8012820512820511, 'q10': -0.32698021422817647}",True,-0.03131022961306126
h1_vwap_dist_d1:veto_low:Q20:-2.6450467,h1_vwap_dist_d1,veto_low,0.2,-2.6450467498775025,21,42,0.7777777777777778,0.875,"{'mean24': 0.027400058787371506, 'median24': 0.0, 'win24': 1.5873015873015959, 'loss_reduction': 1.587301587301587, 'q10': 0.41460761460762263}","{'mean24': -0.07866636235137747, 'median24': 0.0, 'win24': 0.297619047619051, 'loss_reduction': 0.2976190476190492, 'q10': 0.16498405951115858}",False,-0.03146796652120684
h1_tsi_acc:veto_low:Q10:-2.5177992,h1_tsi_acc,veto_low,0.1,-2.517799203439634,24,42,0.8888888888888888,0.875,"{'mean24': 0.261791234093947, 'median24': 0.3136084214666264, 'win24': 2.7777777777777715, 'loss_reduction': 2.7777777777777786, 'q10': 0.4831917741008661}","{'mean24': -0.07866636235137747, 'median24': 0.0, 'win24': 0.297619047619051, 'loss_reduction': 0.2976190476190492, 'q10': 0.16498405951115858}",False,-0.03146796652120684
m15_roc12:veto_high:Q90:0.14771657,m15_roc12,veto_high,0.9,0.14771657250470627,24,42,0.8888888888888888,0.875,"{'mean24': 0.5398324398628009, 'median24': 0.6502187125681074, 'win24': 2.7777777777777715, 'loss_reduction': 2.7777777777777786, 'q10': 0.8494415978287041}","{'mean24': 0.023369802421520536, 'median24': 0.0, 'win24': 0.297619047619051, 'loss_reduction': 0.2976190476190492, 'q10': -0.24495217853347284}",True,-0.03191586125946669
m15_rvol20_d1:veto_high:Q90:0.77497669,m15_rvol20_d1,veto_high,0.9,0.7749766941345367,24,43,0.8888888888888888,0.8958333333333334,"{'mean24': 0.14036155284935248, 'median24': 0.3136084214666264, 'win24': 2.7777777777777715, 'loss_reduction': 2.7777777777777786, 'q10': 0.4971804090448151}","{'mean24': -0.09874089723053103, 'median24': -0.02477226172831193, 'win24': 0.6298449612403232, 'loss_reduction': 0.6298449612403108, 'q10': 0.20749202975558045}",False,-0.0342709905668297
h4_vwap_dist_d1:veto_high:Q80:2.6643995,h4_vwap_dist_d1,veto_high,0.8,2.664399471909662,21,27,0.7777777777777778,0.5625,"{'mean24': 0.09392831692896042, 'median24': 0.0, 'win24': 1.5873015873015959, 'loss_reduction': 1.587301587301587, 'q10': 0.41460761460762263}","{'mean24': 0.14199266057561477, 'median24': -0.6017219630030879, 'win24': -0.23148148148146674, 'loss_reduction': -0.23148148148147918, 'q10': -0.4964726465268444}",True,-0.034819474332380265
h1_vwap_dist_d1:veto_low:Q10:-3.0610964,h1_vwap_dist_d1,veto_low,0.1,-3.0610963690118043,24,45,0.8888888888888888,0.9375,"{'mean24': 0.1064399116719934, 'median24': -0.20581229549973035, 'win24': 2.7777777777777715, 'loss_reduction': 2.7777777777777786, 'q10': 0.4831917741008661}","{'mean24': -0.13685594804109202, 'median24': -0.02477226172831193, 'win24': 1.2500000000000142, 'loss_reduction': 1.25, 'q10': 0.29250797024442443}",False,-0.038728955479985915
m15_tsi_d1:veto_high:Q90:1.7529721,m15_tsi_d1,veto_high,0.9,1.7529721155708422,24,44,0.8888888888888888,0.9166666666666666,"{'mean24': 0.23642358805483799, 'median24': 0.6502187125681074, 'win24': 2.7777777777777715, 'loss_reduction': 2.7777777777777786, 'q10': 0.4971804090448151}","{'mean24': -0.13139302653893958, 'median24': -0.19574944071587552, 'win24': 0.9469696969697026, 'loss_reduction': 0.946969696969699, 'q10': 0.2500000000000022}",False,-0.04995363259954505
h4_ppo_hist_d3:veto_low:Q20:-0.89694953,h4_ppo_hist_d3,veto_low,0.2,-0.8969495305771752,21,44,0.7777777777777778,0.9166666666666666,"{'mean24': 0.22299671107414198, 'median24': 0.6732205822029602, 'win24': 1.5873015873015959, 'loss_reduction': 1.587301587301587, 'q10': 0.6898502627315971}","{'mean24': -0.13879940538651692, 'median24': -0.19574944071587552, 'win24': 0.9469696969697026, 'loss_reduction': 0.946969696969699, 'q10': 0.2500000000000022}",False,-0.05736001144712238
h1_chop14_d3:veto_high:Q80:7.1884212,h1_chop14_d3,veto_high,0.8,7.188421182922339,21,38,0.7777777777777778,0.7916666666666666,"{'mean24': 0.052662607123749705, 'median24': 0.6272168429332536, 'win24': 1.5873015873015959, 'loss_reduction': 1.587301587301587, 'q10': 0.41460761460762263}","{'mean24': 0.13123881763767642, 'median24': -0.19574944071587552, 'win24': -1.2061403508771917, 'loss_reduction': -1.2061403508771917, 'q10': -0.3475815505310721}",True,-0.058355587526562155
causal_dd_high_2h:veto_low:Q20:-2.7956762,causal_dd_high_2h,veto_low,0.2,-2.7956762232010224,21,37,0.7777777777777778,0.7708333333333334,"{'mean24': 0.1085214374304897, 'median24': 0.6272168429332536, 'win24': 1.5873015873015959, 'loss_reduction': 1.587301587301587, 'q10': 0.41460761460762263}","{'mean24': -0.19972833735140894, 'median24': 0.1461421419265312, 'win24': 3.772522522522536, 'loss_reduction': 3.7725225225225234, 'q10': 0.7117144784414673}",False,-0.06433040195347153
h1_cmf_acc:veto_low:Q10:-0.054552096,h1_cmf_acc,veto_low,0.1,-0.05455209649034066,24,41,0.8888888888888888,0.8541666666666666,"{'mean24': 0.054143509583769234, 'median24': -0.20581229549973035, 'win24': 2.7777777777777715, 'loss_reduction': 2.7777777777777786, 'q10': 0.4831917741008661}","{'mean24': -0.2331948142525775, 'median24': 0.02477226172831193, 'win24': 2.3882113821138375, 'loss_reduction': 2.3882113821138216, 'q10': 0.5475557917109561}",False,-0.06463264308508453
m15_di_spread_d3:veto_high:Q90:10.559629,m15_di_spread_d3,veto_high,0.9,10.559629245176835,24,43,0.8888888888888888,0.8958333333333334,"{'mean24': 0.26255911155691525, 'median24': 0.6502187125681074, 'win24': 2.7777777777777715, 'loss_reduction': 2.7777777777777786, 'q10': 0.4971804090448151}","{'mean24': -0.12966785979073236, 'median24': -0.3667266197034391, 'win24': 0.6298449612403232, 'loss_reduction': 0.6298449612403108, 'q10': 0.20749202975558045}",False,-0.06519795312703104
btc1_cmo_acc:veto_low:Q10:-23.897157,btc1_cmo_acc,veto_low,0.1,-23.89715693996186,23,40,0.8518518518518519,0.8333333333333334,"{'mean24': 0.07690264316496265, 'median24': 0.6272168429332536, 'win24': -1.9323671497584485, 'loss_reduction': -1.9323671497584538, 'q10': -0.41460761460762274}","{'mean24': 0.6628831989255244, 'median24': 0.3032312511659696, 'win24': 4.583333333333343, 'loss_reduction': 4.583333333333334, 'q10': 0.793793821806723}",True,-0.06539660348211213
h4_atr_pct:veto_low:Q10:3.5810163,h4_atr_pct,veto_low,0.1,3.581016310921101,24,44,0.8888888888888888,0.9166666666666666,"{'mean24': 0.034836784915915686, 'median24': 0.3136084214666264, 'win24': -1.3888888888888857, 'loss_reduction': -1.3888888888888893, 'q10': -0.31095571095571695}","{'mean24': 0.0999521112177737, 'median24': 0.08545720182742178, 'win24': -1.3257575757575637, 'loss_reduction': -1.3257575757575744, 'q10': -0.16330145235564886}",True,-0.07067992060079134
m15_bb_width_acc:veto_high:Q90:0.00040868747,m15_bb_width_acc,veto_high,0.9,0.00040868747268654065,24,27,0.8888888888888888,0.5625,"{'mean24': 0.13172537529377593, 'median24': 0.3136084214666264, 'win24': 2.7777777777777715, 'loss_reduction': 2.7777777777777786, 'q10': 0.4831917741008661}","{'mean24': 0.28991488134545484, 'median24': -0.3667266197034391, 'win24': -3.9351851851851762, 'loss_reduction': -3.935185185185185, 'q10': -0.4964726465268444}",True,-0.07109649004163889
causal_dd_high_12h:veto_high:Q80:-1.3809823,causal_dd_high_12h,veto_high,0.8,-1.380982338643628,21,45,0.7777777777777778,0.9375,"{'mean24': 0.1729816771859829, 'median24': 0.6732205822029602, 'win24': 1.5873015873015959, 'loss_reduction': 1.587301587301587, 'q10': 0.41460761460762263}","{'mean24': -0.023360197800101457, 'median24': -0.02477226172831193, 'win24': -0.9722222222222143, 'loss_reduction': -0.9722222222222214, 'q10': -0.12247608926673648}",False,-0.07342366456123
h4_chop14:veto_low:Q10:33.903731,h4_chop14,veto_low,0.1,33.90373149274321,24,28,0.8888888888888888,0.5833333333333334,"{'mean24': 0.03999669323651833, 'median24': 0.3136084214666264, 'win24': -1.3888888888888857, 'loss_reduction': -1.3888888888888893, 'q10': -0.31095571095571695}","{'mean24': 0.399016363470841, 'median24': -0.19574944071587552, 'win24': 0.297619047619051, 'loss_reduction': 0.2976190476190492, 'q10': -0.3475815505310721}",True,-0.07467647217402748
h1_roc4:veto_low:Q10:-2.1883691,h1_roc4,veto_low,0.1,-2.188369087932416,24,43,0.8888888888888888,0.8958333333333334,"{'mean24': 0.2678659206923877, 'median24': 0.3136084214666264, 'win24': 2.7777777777777715, 'loss_reduction': 2.7777777777777786, 'q10': 0.4971804090448151}","{'mean24': 0.0066073890878843855, 'median24': 0.02477226172831193, 'win24': -1.695736434108511, 'loss_reduction': -1.695736434108527, 'q10': -0.2041268154445608}",True,-0.07833904345542636
btc4_cmf:veto_low:Q10:-0.14135589,btc4_cmf,veto_low,0.1,-0.14135588730729895,24,37,0.8888888888888888,0.7708333333333334,"{'mean24': 0.18367454945686745, 'median24': 0.6502187125681074, 'win24': -1.3888888888888857, 'loss_reduction': -1.3888888888888893, 'q10': -0.31095571095571695}","{'mean24': 0.022963943332188208, 'median24': 0.27213076974162975, 'win24': 3.772522522522536, 'loss_reduction': 3.7725225225225234, 'q10': 0.7117144784414673}",True,-0.08255276218451882
m15_adx_d3:veto_low:Q20:-1.8921914,m15_adx_d3,veto_low,0.2,-1.8921914207772268,21,36,0.7777777777777778,0.75,"{'mean24': 0.3482592886736051, 'median24': 0.6272168429332536, 'win24': 1.5873015873015959, 'loss_reduction': 1.587301587301587, 'q10': 0.41460761460762263}","{'mean24': -0.0022256158294244877, 'median24': -0.19574944071587552, 'win24': 0.6944444444444571, 'loss_reduction': 0.6944444444444446, 'q10': -0.38878422313686334}",False,-0.08553278272475143
h4_rvol20_d3:veto_high:Q90:0.029129963,h4_rvol20_d3,veto_high,0.9,0.02912996333915184,24,35,0.8888888888888888,0.7291666666666666,"{'mean24': 0.054143509583769234, 'median24': -0.20581229549973035, 'win24': 2.7777777777777715, 'loss_reduction': 2.7777777777777786, 'q10': 0.4831917741008661}","{'mean24': -0.26318343403708244, 'median24': 0.02477226172831193, 'win24': 3.154761904761912, 'loss_reduction': 3.154761904761905, 'q10': 0.6569949161979637}",False,-0.08682993495631033
h1_adx:veto_low:Q10:21.162769,h1_adx,veto_low,0.1,21.162768935066165,24,38,0.8888888888888888,0.7916666666666666,"{'mean24': 0.04789583523129659, 'median24': 0.3136084214666264, 'win24': -1.3888888888888857, 'loss_reduction': -1.3888888888888893, 'q10': -0.31095571095571695}","{'mean24': 0.016949755436292513, 'median24': 0.24766160547180505, 'win24': 4.057017543859658, 'loss_reduction': 4.057017543859651, 'q10': 0.7390742595632191}",True,-0.08856695008041451
btc1_roc4_d3:veto_low:Q20:-1.4900659,btc1_roc4_d3,veto_low,0.2,-1.4900659267487668,21,44,0.7777777777777778,0.9166666666666666,"{'mean24': 0.07241579208301152, 'median24': 0.6272168429332536, 'win24': 1.5873015873015959, 'loss_reduction': 1.587301587301587, 'q10': 0.41460761460762263}","{'mean24': -0.024314124545755877, 'median24': 0.0, 'win24': -1.3257575757575637, 'loss_reduction': -1.3257575757575744, 'q10': -0.16330145235564886}",False,-0.09165463914981958
btc4_atr_pct_acc:veto_high:Q90:0.027595249,btc4_atr_pct_acc,veto_high,0.9,0.0275952487465389,23,44,0.8518518518518519,0.9166666666666666,"{'mean24': 0.44787175949140856, 'median24': 0.6272168429332536, 'win24': 2.4154589371980677, 'loss_reduction': 2.4154589371980677, 'q10': 0.9246910552541899}","{'mean24': -0.024314124545755877, 'median24': 0.0, 'win24': -1.3257575757575637, 'loss_reduction': -1.3257575757575744, 'q10': -0.16330145235564886}",False,-0.09165463914981958
btc4_er10_d3:veto_low:Q10:-0.36165142,btc4_er10_d3,veto_low,0.1,-0.3616514199712043,24,44,0.8888888888888888,0.9166666666666666,"{'mean24': 0.33645563578967286, 'median24': 0.3136084214666264, 'win24': 2.7777777777777715, 'loss_reduction': 2.7777777777777786, 'q10': 0.6572101145290498}","{'mean24': -0.024314124545755877, 'median24': 0.0, 'win24': -1.3257575757575637, 'loss_reduction': -1.3257575757575744, 'q10': -0.16330145235564886}",False,-0.09165463914981958
m15_atr_pct_d3:veto_low:Q20:-0.036555366,m15_atr_pct_d3,veto_low,0.2,-0.03655536602209316,21,44,0.7777777777777778,0.9166666666666666,"{'mean24': 0.4910382246404592, 'median24': 0.0, 'win24': 6.349206349206341, 'loss_reduction': 6.349206349206349, 'q10': 0.6898502627315971}","{'mean24': -0.1781116209094047, 'median24': 0.0, 'win24': 0.9469696969697026, 'loss_reduction': 0.946969696969699, 'q10': 0.2500000000000022}",False,-0.09667222697001016
h1_atr_pct:veto_low:Q10:1.7390619,h1_atr_pct,veto_low,0.1,1.7390619492607264,24,45,0.8888888888888888,0.9375,"{'mean24': 0.007583068520294667, 'median24': 0.3136084214666264, 'win24': -1.3888888888888857, 'loss_reduction': -1.3888888888888893, 'q10': -0.31095571095571695}","{'mean24': 0.3308063672151764, 'median24': 0.1461421419265312, 'win24': 3.4722222222222285, 'loss_reduction': 3.472222222222223, 'q10': 0.6569949161979637}",True,-0.09793363699641236
m15_cmf_d1:veto_high:Q90:0.048373075,m15_cmf_d1,veto_high,0.9,0.04837307528341825,23,42,0.8518518518518519,0.875,"{'mean24': 0.15815126020656844, 'median24': 0.6272168429332536, 'win24': -1.9323671497584485, 'loss_reduction': -1.9323671497584538, 'q10': -0.41460761460762274}","{'mean24': 0.04246337380393195, 'median24': 0.08545720182742178, 'win24': 2.6785714285714306, 'loss_reduction': 2.6785714285714306, 'q10': 0.5749155728327082}",True,-0.09983587284314283
m15_rvol20:veto_high:Q90:1.6139968,m15_rvol20,veto_high,0.9,1.6139968161252416,24,39,0.8888888888888888,0.8125,"{'mean24': 0.04863542567454893, 'median24': 0.3136084214666264, 'win24': -1.3888888888888857, 'loss_reduction': -1.3888888888888893, 'q10': -0.31095571095571695}","{'mean24': 0.0034947856867937332, 'median24': -0.02477226172831193, 'win24': 1.7628205128205252, 'loss_reduction': 1.7628205128205146, 'q10': 0.46253985122211233}",True,-0.1020219198299133
btc1_roc4_d3:veto_high:Q80:-0.87590844,btc1_roc4_d3,veto_high,0.8,-0.8759084394148164,21,43,0.7777777777777778,0.8958333333333334,"{'mean24': 0.47474674245314485, 'median24': 0.6732205822029602, 'win24': 1.5873015873015959, 'loss_reduction': 1.587301587301587, 'q10': 0.6898502627315971}","{'mean24': -0.2856666685960785, 'median24': 0.02477226172831193, 'win24': 2.9554263565891574, 'loss_reduction': 2.9554263565891485, 'q10': 0.60227535395446}",False,-0.10335179836143174
h1_chop14:veto_high:Q90:60.315689,h1_chop14,veto_high,0.9,60.31568942300531,24,35,0.8888888888888888,0.7291666666666666,"{'mean24': -0.0016340825786738122, 'median24': 0.3136084214666264, 'win24': -1.3888888888888857, 'loss_reduction': -1.3888888888888893, 'q10': -0.31095571095571695}","{'mean24': 0.2595011878599722, 'median24': 0.1461421419265312, 'win24': 0.297619047619051, 'loss_reduction': 0.2976190476190492, 'q10': 0.29250797024442443}",False,-0.10715078809538084
h4_bb_pctb:veto_high:Q80:0.5630569,h4_bb_pctb,veto_high,0.8,0.5630568961209211,21,45,0.7777777777777778,0.9375,"{'mean24': 0.7508976312888573, 'median24': 0.6272168429332536, 'win24': 11.111111111111114, 'loss_reduction': 11.11111111111111, 'q10': 1.8640542253445598}","{'mean24': -0.2088191976407785, 'median24': -0.02477226172831193, 'win24': 1.2500000000000142, 'loss_reduction': 1.25, 'q10': 0.29250797024442443}",False,-0.1106922050796724
h4_roc12:veto_high:Q80:-0.028779616,h4_roc12,veto_high,0.8,-0.028779615632527872,21,45,0.7777777777777778,0.9375,"{'mean24': 0.5709252607768467, 'median24': 0.6272168429332536, 'win24': 6.349206349206341, 'loss_reduction': 6.349206349206349, 'q10': 0.6898502627315971}","{'mean24': -0.2088191976407785, 'median24': -0.02477226172831193, 'win24': 1.2500000000000142, 'loss_reduction': 1.25, 'q10': 0.29250797024442443}",False,-0.1106922050796724
h4_cmo:veto_high:Q80:14.994004,h4_cmo,veto_high,0.8,14.994004005700905,21,45,0.7777777777777778,0.9375,"{'mean24': 0.69065320740807, 'median24': 0.6272168429332536, 'win24': 6.349206349206341, 'loss_reduction': 6.349206349206349, 'q10': 1.8640542253445598}","{'mean24': -0.2088191976407785, 'median24': -0.02477226172831193, 'win24': 1.2500000000000142, 'loss_reduction': 1.25, 'q10': 0.29250797024442443}",False,-0.1106922050796724
btc1_tsi:veto_high:Q80:4.0923597,btc1_tsi,veto_high,0.8,4.092359695130464,21,45,0.7777777777777778,0.9375,"{'mean24': 0.7508976312888573, 'median24': 0.6272168429332536, 'win24': 11.111111111111114, 'loss_reduction': 11.11111111111111, 'q10': 1.8640542253445598}","{'mean24': -0.2088191976407785, 'median24': -0.02477226172831193, 'win24': 1.2500000000000142, 'loss_reduction': 1.25, 'q10': 0.29250797024442443}",False,-0.1106922050796724
btc1_tsi:veto_high:Q90:11.534562,btc1_tsi,veto_high,0.9,11.534561756832762,24,45,0.8888888888888888,0.9375,"{'mean24': 0.32057979158807637, 'median24': 0.3136084214666264, 'win24': 6.944444444444457, 'loss_reduction': 6.944444444444445, 'q10': 0.6572101145290498}","{'mean24': -0.2088191976407785, 'median24': -0.02477226172831193, 'win24': 1.2500000000000142, 'loss_reduction': 1.25, 'q10': 0.29250797024442443}",False,-0.1106922050796724
btc4_mfi:veto_high:Q80:62.186451,btc4_mfi,veto_high,0.8,62.18645127456254,21,45,0.7777777777777778,0.9375,"{'mean24': 0.9964350572830978, 'median24': 0.6732205822029602, 'win24': 11.111111111111114, 'loss_reduction': 11.11111111111111, 'q10': 2.51814341883946}","{'mean24': -0.2088191976407785, 'median24': -0.02477226172831193, 'win24': 1.2500000000000142, 'loss_reduction': 1.25, 'q10': 0.29250797024442443}",False,-0.1106922050796724
btc4_cmo:veto_high:Q80:29.542296,btc4_cmo,veto_high,0.8,29.542295539864114,21,45,0.7777777777777778,0.9375,"{'mean24': 0.7508976312888573, 'median24': 0.6272168429332536, 'win24': 11.111111111111114, 'loss_reduction': 11.11111111111111, 'q10': 1.8640542253445598}","{'mean24': -0.2088191976407785, 'median24': -0.02477226172831193, 'win24': 1.2500000000000142, 'loss_reduction': 1.25, 'q10': 0.29250797024442443}",False,-0.1106922050796724
causal_pre_ret_48h:veto_high:Q80:-0.34065442,causal_pre_ret_48h,veto_high,0.8,-0.3406544150605072,21,45,0.7777777777777778,0.9375,"{'mean24': 0.5709252607768467, 'median24': 0.6272168429332536, 'win24': 6.349206349206341, 'loss_reduction': 6.349206349206349, 'q10': 0.6898502627315971}","{'mean24': -0.2088191976407785, 'median24': -0.02477226172831193, 'win24': 1.2500000000000142, 'loss_reduction': 1.25, 'q10': 0.29250797024442443}",False,-0.1106922050796724
m15_bb_pctb_d3:veto_high:Q80:0.38089564,m15_bb_pctb_d3,veto_high,0.8,0.3808956440849743,21,40,0.7777777777777778,0.8333333333333334,"{'mean24': 0.41851910318022423, 'median24': 0.6909707528410136, 'win24': 1.5873015873015959, 'loss_reduction': 1.587301587301587, 'q10': 0.41460761460762263}","{'mean24': -0.12360382635372913, 'median24': -0.3799271143746119, 'win24': -0.4166666666666572, 'loss_reduction': -0.4166666666666661, 'q10': 0.08165072617782432}",False,-0.11152447814260637
btc1_cmo_d1:veto_low:Q10:-19.582031,btc1_cmo_d1,veto_low,0.1,-19.58203120786794,23,39,0.8518518518518519,0.8125,"{'mean24': 0.029083126829005934, 'median24': 0.6272168429332536, 'win24': -1.9323671497584485, 'loss_reduction': -1.9323671497584538, 'q10': -0.41460761460762274}","{'mean24': 0.5068796994564599, 'median24': 0.27213076974162975, 'win24': 4.326923076923094, 'loss_reduction': 4.326923076923078, 'q10': 0.7664340406849711}",True,-0.11321611981806884
btc1_rvol20_d3:veto_high:Q90:0.66229324,btc1_rvol20_d3,veto_high,0.9,0.6622932360884761,23,32,0.8518518518518519,0.6666666666666666,"{'mean24': 0.029083126829005934, 'median24': 0.6272168429332536, 'win24': -1.9323671497584485, 'loss_reduction': -1.9323671497584538, 'q10': -0.41460761460762274}","{'mean24': 0.4143189275171939, 'median24': 0.184667291564256, 'win24': 2.083333333333343, 'loss_reduction': 2.083333333333334, 'q10': 0.5749155728327081}",True,-0.11321611981806884
btc4_bb_pctb_d3:veto_low:Q20:-0.049086538,btc4_bb_pctb_d3,veto_low,0.2,-0.049086537810776806,21,43,0.7777777777777778,0.8958333333333334,"{'mean24': 0.7192393264102033, 'median24': 0.6732205822029602, 'win24': 6.349206349206341, 'loss_reduction': 6.349206349206349, 'q10': 0.6898502627315971}","{'mean24': -0.17847550830193004, 'median24': -0.3667266197034391, 'win24': 0.6298449612403232, 'loss_reduction': 0.6298449612403108, 'q10': 0.20749202975558045}",False,-0.11400560163822872
btc4_er10_acc:veto_high:Q80:0.12080965,btc4_er10_acc,veto_high,0.8,0.12080965170786481,21,43,0.7777777777777778,0.8958333333333334,"{'mean24': 0.5211462928883059, 'median24': 0.6732205822029602, 'win24': 6.349206349206341, 'loss_reduction': 6.349206349206349, 'q10': 0.6898502627315971}","{'mean24': -0.17847550830193004, 'median24': -0.3667266197034391, 'win24': 0.6298449612403232, 'loss_reduction': 0.6298449612403108, 'q10': 0.20749202975558045}",False,-0.11400560163822872
h4_mfi_d3:veto_low:Q20:-3.915026,h4_mfi_d3,veto_low,0.2,-3.9150259944819252,21,38,0.7777777777777778,0.7916666666666666,"{'mean24': 0.5211462928883059, 'median24': 0.6732205822029602, 'win24': 6.349206349206341, 'loss_reduction': 6.349206349206349, 'q10': 0.6898502627315971}","{'mean24': -0.08992768039420884, 'median24': -0.3799271143746119, 'win24': -1.2061403508771917, 'loss_reduction': -1.2061403508771917, 'q10': 0.0}",False,-0.11405048741175268
m15_tsi:veto_high:Q80:6.2656348,m15_tsi,veto_high,0.8,6.26563479762488,21,43,0.7777777777777778,0.8958333333333334,"{'mean24': -0.07602001054500374, 'median24': -0.5729770298781083, 'win24': 1.5873015873015959, 'loss_reduction': 1.587301587301587, 'q10': 0.41460761460762263}","{'mean24': -0.047012053865162606, 'median24': -0.02477226172831193, 'win24': 0.6298449612403232, 'loss_reduction': 0.6298449612403108, 'q10': -0.2041268154445608}",False,-0.11445481518133772
h1_roc12_d1:veto_low:Q10:-4.1747203,h1_roc12_d1,veto_low,0.1,-4.174720315380943,24,37,0.8888888888888888,0.7708333333333334,"{'mean24': 0.10226279825910467, 'median24': 0.6502187125681074, 'win24': -1.3888888888888857, 'loss_reduction': -1.3888888888888893, 'q10': -0.31095571095571695}","{'mean24': -0.0076712311572060266, 'median24': 0.02477226172831193, 'win24': -1.6328828828828676, 'loss_reduction': -1.6328828828828836, 'q10': -0.12323070830049476}",False,-0.11806781655379293
btc4_atr_pct_acc:veto_high:Q80:-0.0015086185,btc4_atr_pct_acc,veto_high,0.8,-0.001508618450610697,21,41,0.7777777777777778,0.8541666666666666,"{'mean24': 1.0349639398244714, 'median24': 0.6732205822029602, 'win24': 11.111111111111114, 'loss_reduction': 11.11111111111111, 'q10': 2.51814341883946}","{'mean24': -0.14903409630972275, 'median24': -0.02477226172831193, 'win24': -0.05081300813007772, 'loss_reduction': -0.050813008130079496, 'q10': 0.12247608926673637}",False,-0.11943133415564025
h4_er10_d3:veto_low:Q10:-0.41263268,h4_er10_d3,veto_low,0.1,-0.41263267583007185,24,45,0.8888888888888888,0.9375,"{'mean24': -0.019543221217395157, 'median24': -0.20581229549973035, 'win24': -1.3888888888888857, 'loss_reduction': -1.3888888888888893, 'q10': -0.2423715514624734}","{'mean24': -0.0359411341044491, 'median24': -0.02477226172831193, 'win24': -0.9722222222222143, 'loss_reduction': -0.9722222222222214, 'q10': -0.12247608926673648}",False,-0.12431179974784524
causal_bounce_low_8h:veto_low:Q10:0.81232486,causal_bounce_low_8h,veto_low,0.1,0.812324862957774,24,45,0.8888888888888888,0.9375,"{'mean24': -0.021318617903584247, 'median24': 0.3136084214666264, 'win24': -1.3888888888888857, 'loss_reduction': -1.3888888888888893, 'q10': -0.31095571095571695}","{'mean24': 0.3305462704443145, 'median24': 0.1461421419265312, 'win24': 3.4722222222222285, 'loss_reduction': 3.472222222222223, 'q10': 0.6569949161979637}",False,-0.12683532342029127
btc4_bb_pctb_d3:veto_high:Q90:0.29455337,btc4_bb_pctb_d3,veto_high,0.9,0.29455336614667227,24,44,0.8888888888888888,0.9166666666666666,"{'mean24': 0.18367454945686745, 'median24': 0.6502187125681074, 'win24': -1.3888888888888857, 'loss_reduction': -1.3888888888888893, 'q10': -0.31095571095571695}","{'mean24': -0.024314124545755877, 'median24': 0.0, 'win24': -1.3257575757575637, 'loss_reduction': -1.3257575757575744, 'q10': -0.16330145235564886}",False,-0.1298308300624629
causal_bounce_low_1h:veto_low:Q10:0.79621583,causal_bounce_low_1h,veto_low,0.1,0.7962158323604074,24,45,0.8888888888888888,0.9375,"{'mean24': -0.009204353638661011, 'median24': 0.3136084214666264, 'win24': -1.3888888888888857, 'loss_reduction': -1.3888888888888893, 'q10': -0.31095571095571695}","{'mean24': -0.025716829993788437, 'median24': 0.02477226172831193, 'win24': 1.2500000000000142, 'loss_reduction': 1.25, 'q10': 0.29250797024442443}",False,-0.13123353551049546
causal_bounce_low_2h:veto_low:Q10:0.79621583,causal_bounce_low_2h,veto_low,0.1,0.7962158323604074,24,45,0.8888888888888888,0.9375,"{'mean24': -0.009204353638661011, 'median24': 0.3136084214666264, 'win24': -1.3888888888888857, 'loss_reduction': -1.3888888888888893, 'q10': -0.31095571095571695}","{'mean24': -0.025716829993788437, 'median24': 0.02477226172831193, 'win24': 1.2500000000000142, 'loss_reduction': 1.25, 'q10': 0.29250797024442443}",False,-0.13123353551049546
m15_mfi_acc:veto_high:Q90:12.192522,m15_mfi_acc,veto_high,0.9,12.192521805694367,24,34,0.8888888888888888,0.7083333333333334,"{'mean24': -0.02609877022575713, 'median24': 0.3136084214666264, 'win24': -1.3888888888888857, 'loss_reduction': -1.3888888888888893, 'q10': -0.31095571095571695}","{'mean24': 1.0410049106913832, 'median24': 0.4208788341209413, 'win24': 11.64215686274511, 'loss_reduction': 11.642156862745098, 'q10': 1.4948093283693265}",False,-0.13161547574246416
h1_er10:veto_high:Q90:0.32440986,h1_er10,veto_high,0.9,0.3244098594091563,24,39,0.8888888888888888,0.8125,"{'mean24': -0.029068798924789974, 'median24': -0.20581229549973035, 'win24': -1.3888888888888857, 'loss_reduction': -1.3888888888888893, 'q10': -0.31095571095571695}","{'mean24': 0.05951213357606511, 'median24': 0.02477226172831193, 'win24': 1.7628205128205252, 'loss_reduction': 1.7628205128205146, 'q10': 0.46253985122211233}",False,-0.134585504441497
h1_ppo_hist_d1:veto_high:Q80:-0.015532679,h1_ppo_hist_d1,veto_high,0.8,-0.015532678580611853,21,44,0.7777777777777778,0.9166666666666666,"{'mean24': 0.18608846995379125, 'median24': 0.6732205822029602, 'win24': 1.5873015873015959, 'loss_reduction': 1.587301587301587, 'q10': 0.6432214795851009}","{'mean24': -0.11327851413531143, 'median24': -0.19574944071587552, 'win24': 0.9469696969697026, 'loss_reduction': 0.946969696969699, 'q10': -0.16330145235564886}",False,-0.13516448328482966
m15_chop14_d3:veto_low:Q10:-5.4273312,m15_chop14_d3,veto_low,0.1,-5.4273311519486,24,39,0.8888888888888888,0.8125,"{'mean24': -0.04774398800063562, 'median24': -0.20581229549973035, 'win24': -1.3888888888888857, 'loss_reduction': -1.3888888888888893, 'q10': -0.2423715514624734}","{'mean24': 0.5193831047275337, 'median24': 0.22319244120198034, 'win24': 4.326923076923094, 'loss_reduction': 4.326923076923078, 'q10': 0.7664340406849711}",False,-0.13611465364403175
h1_bb_pctb_d3:veto_high:Q80:-0.032140042,h1_bb_pctb_d3,veto_high,0.8,-0.0321400415210415,21,41,0.7777777777777778,0.8541666666666666,"{'mean24': 0.11706720277584193, 'median24': 0.6732205822029602, 'win24': 1.5873015873015959, 'loss_reduction': 1.587301587301587, 'q10': 0.41460761460762263}","{'mean24': -0.06708717738202852, 'median24': -0.3667266197034391, 'win24': -0.05081300813007772, 'loss_reduction': -0.050813008130079496, 'q10': -0.2857775416223852}",False,-0.1395478229502264
m15_tsi:veto_low:Q20:-5.910722,m15_tsi,veto_low,0.2,-5.910722027916518,21,29,0.7777777777777778,0.6041666666666666,"{'mean24': 0.2817683460443483, 'median24': 0.6272168429332536, 'win24': 1.5873015873015959, 'loss_reduction': 1.587301587301587, 'q10': 0.41460761460762263}","{'mean24': -0.27864045319608177, 'median24': 0.02477226172831193, 'win24': 4.238505747126453, 'loss_reduction': 4.238505747126437, 'q10': 0.7664340406849711}",False,-0.14324251779814437
h1_atr_pct:veto_low:Q20:2.0995821,h1_atr_pct,veto_low,0.2,2.0995821121474827,21,37,0.7777777777777778,0.7708333333333334,"{'mean24': 0.07543149871196109, 'median24': 0.6272168429332536, 'win24': -3.1746031746031775, 'loss_reduction': -3.174603174603174, 'q10': -0.6219114219114343}","{'mean24': 0.4806362004591165, 'median24': 0.22319244120198034, 'win24': 6.475225225225245, 'loss_reduction': 6.475225225225225, 'q10': 1.0628772691391306}",False,-0.14353842025796099
h4_atr_pct:veto_low:Q20:4.1793357,h4_atr_pct,veto_low,0.2,4.179335705864561,21,33,0.7777777777777778,0.6875,"{'mean24': 0.07543149871196109, 'median24': 0.6272168429332536, 'win24': -3.1746031746031775, 'loss_reduction': -3.174603174603174, 'q10': -0.6219114219114343}","{'mean24': 0.7284316516921332, 'median24': 0.22319244120198034, 'win24': 5.492424242424249, 'loss_reduction': 5.492424242424242, 'q10': 0.9017281583320267}",False,-0.14353842025796099
m15_bb_pctb_acc:veto_high:Q90:0.54762347,m15_bb_pctb_acc,veto_high,0.9,0.5476234708043394,24,45,0.8888888888888888,0.9375,"{'mean24': 0.28725645142586664, 'median24': 0.6502187125681074, 'win24': 2.7777777777777715, 'loss_reduction': 2.7777777777777786, 'q10': 0.4831917741008661}","{'mean24': -0.09574209564846914, 'median24': 0.02477226172831193, 'win24': -0.9722222222222143, 'loss_reduction': -0.9722222222222214, 'q10': -0.12247608926673648}",False,-0.1458055624095977
causal_pre_ret_2h:veto_high:Q90:0.61883531,causal_pre_ret_2h,veto_high,0.9,0.6188353144349094,24,44,0.8888888888888888,0.9166666666666666,"{'mean24': 0.2891993173903047, 'median24': 0.6502187125681074, 'win24': 2.7777777777777715, 'loss_reduction': 2.7777777777777786, 'q10': 0.4971804090448151}","{'mean24': -0.07960567131986451, 'median24': 0.0, 'win24': -1.3257575757575637, 'loss_reduction': -1.3257575757575744, 'q10': -0.16330145235564886}",False,-0.14694618592392822
m15_roc12_d3:veto_low:Q20:-0.2396935,m15_roc12_d3,veto_low,0.2,-0.2396935028432789,21,44,0.7777777777777778,0.9166666666666666,"{'mean24': 0.005590969951916325, 'median24': -0.41162459099946025, 'win24': 1.5873015873015959, 'loss_reduction': 1.587301587301587, 'q10': 0.41460761460762263}","{'mean24': -0.2838464078714371, 'median24': 0.0, 'win24': 3.219696969696983, 'loss_reduction': 3.2196969696969706, 'q10': 0.6296351350762117}",False,-0.1484484724734997
h1_tsi_d1:veto_high:Q90:0.5472378,h1_tsi_d1,veto_high,0.9,0.5472378011476197,24,31,0.8888888888888888,0.6458333333333334,"{'mean24': 0.0008897569291557161, 'median24': 0.3136084214666264, 'win24': -1.3888888888888857, 'loss_reduction': -1.3888888888888893, 'q10': -0.31095571095571695}","{'mean24': 0.5159119932297718, 'median24': 0.5074259356515731, 'win24': -1.5456989247311697, 'loss_reduction': -1.545698924731182, 'q10': -0.49179090465134145}",True,-0.1529719477283033
causal_bounce_low_24h:veto_low:Q10:3.281913,causal_bounce_low_24h,veto_low,0.1,3.2819129956397264,24,32,0.8888888888888888,0.6666666666666666,"{'mean24': 0.16310396739006672, 'median24': 0.3136084214666264, 'win24': 2.7777777777777715, 'loss_reduction': 2.7777777777777786, 'q10': 0.4831917741008661}","{'mean24': -0.3159023653222346, 'median24': 0.184667291564256, 'win24': 2.083333333333343, 'loss_reduction': 2.083333333333334, 'q10': 0.5749155728327081}",False,-0.15343775513035138
causal_dd_high_48h:veto_high:Q90:-8.5225385,causal_dd_high_48h,veto_high,0.9,-8.522538506632642,24,43,0.8888888888888888,0.8958333333333334,"{'mean24': -0.06537558599567728, 'median24': -0.20581229549973035, 'win24': -1.3888888888888857, 'loss_reduction': -1.3888888888888893, 'q10': -0.2423715514624734}","{'mean24': 0.45027652662775663, 'median24': 0.22319244120198034, 'win24': 2.9554263565891574, 'loss_reduction': 2.9554263565891485, 'q10': 0.60227535395446}",False,-0.1537462516390734
btc4_cmf_acc:veto_low:Q20:-0.0071464856,btc4_cmf_acc,veto_low,0.2,-0.00714648560599372,21,45,0.7777777777777778,0.9375,"{'mean24': 0.06454512418922365, 'median24': 0.6272168429332536, 'win24': -3.1746031746031775, 'loss_reduction': -3.174603174603174, 'q10': -0.6219114219114343}","{'mean24': 0.147443902797324, 'median24': 0.02477226172831193, 'win24': 3.4722222222222285, 'loss_reduction': 3.472222222222223, 'q10': 0.6569949161979637}",False,-0.15442479478069843
m15_bb_pctb:veto_high:Q80:0.5792538,m15_bb_pctb,veto_high,0.8,0.5792537974991022,21,40,0.7777777777777778,0.8333333333333334,"{'mean24': 0.36260462877008237, 'median24': 0.6909707528410136, 'win24': 1.5873015873015959, 'loss_reduction': 1.587301587301587, 'q10': 0.41460761460762263}","{'mean24': -0.06958283612456517, 'median24': -0.19574944071587552, 'win24': -0.4166666666666572, 'loss_reduction': -0.4166666666666661, 'q10': -0.30637887792528085}",False,-0.15451088893921872
btc1_cmo_d3:veto_low:Q20:-9.2750063,btc1_cmo_d3,veto_low,0.2,-9.27500627381064,21,31,0.7777777777777778,0.6458333333333334,"{'mean24': 0.07241579208301152, 'median24': 0.6272168429332536, 'win24': 1.5873015873015959, 'loss_reduction': 1.587301587301587, 'q10': 0.41460761460762263}","{'mean24': -0.2972746195729501, 'median24': 0.1461421419265312, 'win24': 4.905913978494624, 'loss_reduction': 4.905913978494624, 'q10': 0.8211536029284747}",False,-0.1618766841750127
m15_adx_d1:veto_high:Q90:0.3743467,m15_adx_d1,veto_high,0.9,0.3743466977552347,24,45,0.8888888888888888,0.9375,"{'mean24': -0.05742512658033583, 'median24': 0.3136084214666264, 'win24': -1.3888888888888857, 'loss_reduction': -1.3888888888888893, 'q10': -0.31095571095571695}","{'mean24': -0.03099445136748802, 'median24': -0.02477226172831193, 'win24': -0.9722222222222143, 'loss_reduction': -0.9722222222222214, 'q10': -0.12247608926673648}",False,-0.16294183209704285
m15_adx_d3:veto_high:Q90:1.8965106,m15_adx_d3,veto_high,0.9,1.8965105683024932,24,39,0.8888888888888888,0.8125,"{'mean24': -0.05742512658033583, 'median24': 0.3136084214666264, 'win24': -1.3888888888888857, 'loss_reduction': -1.3888888888888893, 'q10': -0.31095571095571695}","{'mean24': 0.1352446952020756, 'median24': 0.02477226172831193, 'win24': 1.7628205128205252, 'loss_reduction': 1.7628205128205146, 'q10': 0.46253985122211233}",False,-0.16294183209704285
btc4_chop14:veto_high:Q80:42.349791,btc4_chop14,veto_high,0.8,42.34979134763328,21,30,0.7777777777777778,0.625,"{'mean24': -0.2928093888827026, 'median24': -0.41162459099946025, 'win24': 1.5873015873015959, 'loss_reduction': 1.587301587301587, 'q10': 0.41460761460762263}","{'mean24': -0.021717071758644124, 'median24': 0.08545720182742178, 'win24': 1.2500000000000142, 'loss_reduction': 1.25, 'q10': 0.5050478214665344}",False,-0.16415748523079693
btc1_roc4:veto_low:Q10:-1.6633853,btc1_roc4,veto_low,0.1,-1.663385261196848,23,44,0.8518518518518519,0.9166666666666666,"{'mean24': 0.029083126829005934, 'median24': 0.6272168429332536, 'win24': -1.9323671497584485, 'loss_reduction': -1.9323671497584538, 'q10': -0.41460761460762274}","{'mean24': -0.024314124545755877, 'median24': 0.0, 'win24': -1.3257575757575637, 'loss_reduction': -1.3257575757575744, 'q10': -0.16330145235564886}",False,-0.16661337119283065
btc1_roc4_d3:veto_low:Q10:-1.9055723,btc1_roc4_d3,veto_low,0.1,-1.9055722616459605,23,44,0.8518518518518519,0.9166666666666666,"{'mean24': 0.029083126829005934, 'median24': 0.6272168429332536, 'win24': -1.9323671497584485, 'loss_reduction': -1.9323671497584538, 'q10': -0.41460761460762274}","{'mean24': -0.024314124545755877, 'median24': 0.0, 'win24': -1.3257575757575637, 'loss_reduction': -1.3257575757575744, 'q10': -0.16330145235564886}",False,-0.16661337119283065
m15_roc4:veto_low:Q10:-0.93132956,m15_roc4,veto_low,0.1,-0.9313295620800388,24,44,0.8888888888888888,0.9166666666666666,"{'mean24': -0.06233007067604879, 'median24': 0.3136084214666264, 'win24': -1.3888888888888857, 'loss_reduction': -1.3888888888888893, 'q10': -0.31095571095571695}","{'mean24': 0.19150430807923824, 'median24': 0.08545720182742178, 'win24': 5.492424242424249, 'loss_reduction': 5.492424242424242, 'q10': 0.9158698396737173}",False,-0.16784677619275581
causal_pre_ret_1h:veto_low:Q10:-0.97766509,causal_pre_ret_1h,veto_low,0.1,-0.9776650881421789,24,45,0.8888888888888888,0.9375,"{'mean24': -0.06233007067604879, 'median24': 0.3136084214666264, 'win24': -1.3888888888888857, 'loss_reduction': -1.3888888888888893, 'q10': -0.31095571095571695}","{'mean24': 0.40224139125782354, 'median24': 0.1461421419265312, 'win24': 5.694444444444457, 'loss_reduction': 5.694444444444445, 'q10': 0.9474419185887982}",False,-0.16784677619275581
causal_dd_high_1h:veto_low:Q10:-1.0171288,causal_dd_high_1h,veto_low,0.1,-1.0171287517991567,24,41,0.8888888888888888,0.8541666666666666,"{'mean24': -0.06233007067604879, 'median24': 0.3136084214666264, 'win24': -1.3888888888888857, 'loss_reduction': -1.3888888888888893, 'q10': -0.31095571095571695}","{'mean24': -0.050639845130244776, 'median24': 0.1461421419265312, 'win24': 4.827235772357739, 'loss_reduction': 4.827235772357724, 'q10': 0.8211536029284747}",False,-0.16784677619275581
m15_donch_pos_d3:veto_high:Q80:0.33194953,m15_donch_pos_d3,veto_high,0.8,0.3319495319495366,21,40,0.7777777777777778,0.8333333333333334,"{'mean24': 0.41851910318022423, 'median24': 0.6909707528410136, 'win24': 1.5873015873015959, 'loss_reduction': 1.587301587301587, 'q10': 0.41460761460762263}","{'mean24': -0.18253079893193647, 'median24': -0.3799271143746119, 'win24': -0.4166666666666572, 'loss_reduction': -0.4166666666666661, 'q10': 0.08165072617782432}",False,-0.17045145072081372
m15_bb_pctb:veto_low:Q10:0.15502215,m15_bb_pctb,veto_low,0.1,0.1550221471696099,24,44,0.8888888888888888,0.9166666666666666,"{'mean24': -0.06585061694812389, 'median24': 0.3136084214666264, 'win24': -1.3888888888888857, 'loss_reduction': -1.3888888888888893, 'q10': -0.31095571095571695}","{'mean24': 0.30229245472477073, 'median24': 0.184667291564256, 'win24': 3.219696969696983, 'loss_reduction': 3.2196969696969706, 'q10': 0.6296351350762117}",False,-0.1713673224648309
m15_cmf:veto_high:Q90:0.13075643,m15_cmf,veto_high,0.9,0.13075643464928005,23,42,0.8518518518518519,0.875,"{'mean24': -0.03283154300488045, 'median24': 0.0, 'win24': -1.9323671497584485, 'loss_reduction': -1.9323671497584538, 'q10': -0.41460761460762274}","{'mean24': 0.2539641667278034, 'median24': 0.08545720182742178, 'win24': 2.6785714285714306, 'loss_reduction': 2.6785714285714306, 'q10': 0.19234384063291055}",False,-0.17513078965195522
m15_mfi_d1:veto_high:Q90:4.5216071,m15_mfi_d1,veto_high,0.9,4.521607140702502,24,37,0.8888888888888888,0.7708333333333334,"{'mean24': -0.07130065244252393, 'median24': -0.20581229549973035, 'win24': -1.3888888888888857, 'loss_reduction': -1.3888888888888893, 'q10': -0.31095571095571695}","{'mean24': 0.27997245768946266, 'median24': 0.1461421419265312, 'win24': 6.475225225225245, 'loss_reduction': 6.475225225225225, 'q10': 1.0105860764189598}",False,-0.17681735795923095
m15_mfi_acc:veto_high:Q80:10.886642,m15_mfi_acc,veto_high,0.8,10.886641621955519,21,31,0.7777777777777778,0.6458333333333334,"{'mean24': 0.03922710142477337, 'median24': 0.6272168429332536, 'win24': -3.1746031746031775, 'loss_reduction': -3.174603174603174, 'q10': -0.6219114219114343}","{'mean24': 1.0350594500680113, 'median24': 0.1461421419265312, 'win24': 11.357526881720446, 'loss_reduction': 11.357526881720432, 'q10': 1.4416734387697794}",False,-0.1797428175451487
h1_er10_d1:veto_high:Q90:0.034201953,h1_er10_d1,veto_high,0.9,0.03420195318373112,24,27,0.8888888888888888,0.5625,"{'mean24': -0.07696256707443627, 'median24': 0.10779612596689692, 'win24': -1.3888888888888857, 'loss_reduction': -1.3888888888888893, 'q10': -0.31095571095571695}","{'mean24': 0.4683621968963321, 'median24': 0.1461421419265312, 'win24': 3.4722222222222285, 'loss_reduction': 3.472222222222223, 'q10': 0.9534381446521233}",False,-0.1824792725911433
h4_di_spread_d3:veto_low:Q10:-5.9370665,h4_di_spread_d3,veto_low,0.1,-5.937066468809352,24,42,0.8888888888888888,0.875,"{'mean24': -0.024248696178747586, 'median24': 0.10779612596689692, 'win24': 2.7777777777777715, 'loss_reduction': 2.7777777777777786, 'q10': 0.4831917741008661}","{'mean24': -0.23016615482082825, 'median24': -0.3799271143746119, 'win24': 0.297619047619051, 'loss_reduction': 0.2976190476190492, 'q10': 0.16498405951115858}",False,-0.18296775899065762
h1_roc4_d3:veto_low:Q20:-2.9032328,h1_roc4_d3,veto_low,0.2,-2.903232784630425,21,29,0.7777777777777778,0.6041666666666666,"{'mean24': 0.5131785299692391, 'median24': 0.6272168429332536, 'win24': 6.349206349206341, 'loss_reduction': 6.349206349206349, 'q10': 0.6432214795851009}","{'mean24': -0.04818760883111217, 'median24': -0.6017219630030879, 'win24': -2.658045977011483, 'loss_reduction': -2.6580459770114953, 'q10': -0.32932108516592795}",False,-0.18367879966282408
m15_roc12:veto_high:Q80:-0.21182355,m15_roc12,veto_high,0.8,-0.21182355215567428,21,39,0.7777777777777778,0.8125,"{'mean24': 0.8893299727769093, 'median24': 0.6909707528410136, 'win24': 6.349206349206341, 'loss_reduction': 6.349206349206349, 'q10': 2.914539347766167}","{'mean24': -0.22993882858957093, 'median24': -0.02477226172831193, 'win24': 1.7628205128205252, 'loss_reduction': 1.7628205128205146, 'q10': 0.04082536308891216}",False,-0.1844760775609326
h1_donch_pos_acc:veto_high:Q80:-0.055481151,h1_donch_pos_acc,veto_high,0.8,-0.05548115069871684,21,36,0.7777777777777778,0.75,"{'mean24': 0.4058498059424873, 'median24': 0.6732205822029602, 'win24': 6.349206349206341, 'loss_reduction': 6.349206349206349, 'q10': 0.6432214795851009}","{'mean24': -0.05414723929075471, 'median24': -0.4401848319976698, 'win24': -2.0833333333333144, 'loss_reduction': -2.0833333333333304, 'q10': -0.38878422313686334}",False,-0.19300996174163715
m15_bb_pctb:veto_high:Q90:0.7010551,m15_bb_pctb,veto_high,0.9,0.701055097998968,24,45,0.8888888888888888,0.9375,"{'mean24': 0.23642358805483799, 'median24': 0.6502187125681074, 'win24': 2.7777777777777715, 'loss_reduction': 2.7777777777777786, 'q10': 0.4971804090448151}","{'mean24': -0.1445711012439963, 'median24': -0.02477226172831193, 'win24': -0.9722222222222143, 'loss_reduction': -0.9722222222222214, 'q10': -0.12247608926673648}",False,-0.19463456800512485
causal_dd_high_4h:veto_high:Q80:-1.1187426,causal_dd_high_4h,veto_high,0.8,-1.118742643495112,21,45,0.7777777777777778,0.9375,"{'mean24': 0.4801121571562348, 'median24': 0.6909707528410136, 'win24': 1.5873015873015959, 'loss_reduction': 1.587301587301587, 'q10': 0.41460761460762263}","{'mean24': -0.1445711012439963, 'median24': -0.02477226172831193, 'win24': -0.9722222222222143, 'loss_reduction': -0.9722222222222214, 'q10': -0.12247608926673648}",False,-0.19463456800512485
m15_roc12_acc:veto_high:Q90:2.0987292,m15_roc12_acc,veto_high,0.9,2.0987291682791684,24,39,0.8888888888888888,0.8125,"{'mean24': 0.2811030215936534, 'median24': 0.3136084214666264, 'win24': 2.7777777777777715, 'loss_reduction': 2.7777777777777786, 'q10': 0.4971804090448151}","{'mean24': -0.046165497418920065, 'median24': 0.1461421419265312, 'win24': -3.365384615384613, 'loss_reduction': -3.365384615384615, 'q10': -0.32698021422817647}",False,-0.1952182432836565
causal_bounce_low_24h:veto_low:Q20:4.1020936,causal_bounce_low_24h,veto_low,0.2,4.102093599774568,21,30,0.7777777777777778,0.625,"{'mean24': 0.3113045615040555, 'median24': 0.6272168429332536, 'win24': 1.5873015873015959, 'loss_reduction': 1.587301587301587, 'q10': 0.6898502627315971}","{'mean24': -0.3474271992677225, 'median24': 0.184667291564256, 'win24': 1.2500000000000142, 'loss_reduction': 1.25, 'q10': 0.5050478214665344}",False,-0.1961652439010889
causal_dd_high_1h:veto_low:Q20:-0.92025089,causal_dd_high_1h,veto_low,0.2,-0.9202508915044327,21,38,0.7777777777777778,0.7916666666666666,"{'mean24': 0.0488403280043892, 'median24': 0.6732205822029602, 'win24': -3.1746031746031775, 'loss_reduction': -3.174603174603174, 'q10': -0.6219114219114343}","{'mean24': 0.019482474087907597, 'median24': 0.184667291564256, 'win24': 6.688596491228083, 'loss_reduction': 6.688596491228071, 'q10': 1.0421581553340407}",False,-0.19948744488201448
causal_dd_high_1h:veto_high:Q80:-0.21825312,causal_dd_high_1h,veto_high,0.8,-0.21825312365886246,21,40,0.7777777777777778,0.8333333333333334,"{'mean24': 0.04075748720435746, 'median24': 0.6732205822029602, 'win24': -3.1746031746031775, 'loss_reduction': -3.174603174603174, 'q10': -0.6219114219114343}","{'mean24': 0.01716580185330807, 'median24': 0.0, 'win24': -0.4166666666666572, 'loss_reduction': -0.4166666666666661, 'q10': 0.08165072617782432}",False,-0.201804117116614
h1_er10:veto_low:Q10:0.013281023,h1_er10,veto_low,0.1,0.013281022958442862,24,45,0.8888888888888888,0.9375,"{'mean24': -0.11767198808390145, 'median24': -0.20581229549973035, 'win24': -1.3888888888888857, 'loss_reduction': -1.3888888888888893, 'q10': -0.2423715514624734}","{'mean24': 0.08857182897856841, 'median24': -0.02477226172831193, 'win24': 1.2500000000000142, 'loss_reduction': 1.25, 'q10': 0.04755579171095159}",False,-0.20604265372729758
h4_atr_pct_acc:veto_high:Q90:0.048520238,h4_atr_pct_acc,veto_high,0.9,0.048520238234753925,24,45,0.8888888888888888,0.9375,"{'mean24': 0.41087782902283987, 'median24': 0.6502187125681074, 'win24': 2.7777777777777715, 'loss_reduction': 2.7777777777777786, 'q10': 0.4971804090448151}","{'mean24': -0.3058611034184837, 'median24': -0.02477226172831193, 'win24': 1.2500000000000142, 'loss_reduction': 1.25, 'q10': 0.29250797024442443}",False,-0.2077341108573776
h1_bb_width:veto_high:Q90:0.15077209,h1_bb_width,veto_high,0.9,0.15077209054875074,24,42,0.8888888888888888,0.875,"{'mean24': -0.1063389031446329, 'median24': 0.10779612596689692, 'win24': -1.3888888888888857, 'loss_reduction': -1.3888888888888893, 'q10': -0.31095571095571695}","{'mean24': 0.05670504053235126, 'median24': -0.19574944071587552, 'win24': 0.297619047619051, 'loss_reduction': 0.2976190476190492, 'q10': -0.20244420828905063}",False,-0.21185560866133993
m15_bb_pctb_acc:veto_high:Q80:0.49181914,m15_bb_pctb_acc,veto_high,0.8,0.4918191367317079,21,44,0.7777777777777778,0.9166666666666666,"{'mean24': 0.5099813268728943, 'median24': 0.6909707528410136, 'win24': 1.5873015873015959, 'loss_reduction': 1.587301587301587, 'q10': 0.41460761460762263}","{'mean24': -0.14479370836374228, 'median24': -0.1709771789875636, 'win24': -1.3257575757575637, 'loss_reduction': -1.3257575757575744, 'q10': -0.16330145235564886}",False,-0.21213422296780599
btc1_rvol20:veto_low:Q20:0.66398787,btc1_rvol20,veto_low,0.2,0.6639878732972287,21,45,0.7777777777777778,0.9375,"{'mean24': 0.47474674245314485, 'median24': 0.6732205822029602, 'win24': 1.5873015873015959, 'loss_reduction': 1.587301587301587, 'q10': 0.6898502627315971}","{'mean24': -0.3108913324258902, 'median24': 0.02477226172831193, 'win24': 1.2500000000000142, 'loss_reduction': 1.25, 'q10': 0.29250797024442443}",False,-0.21276433986478407
btc1_di_spread_d3:veto_high:Q80:-1.1936992,btc1_di_spread_d3,veto_high,0.8,-1.1936991908566634,21,45,0.7777777777777778,0.9375,"{'mean24': 0.47474674245314485, 'median24': 0.6732205822029602, 'win24': 1.5873015873015959, 'loss_reduction': 1.587301587301587, 'q10': 0.6898502627315971}","{'mean24': -0.3108913324258902, 'median24': 0.02477226172831193, 'win24': 1.2500000000000142, 'loss_reduction': 1.25, 'q10': 0.29250797024442443}",False,-0.21276433986478407
btc1_di_spread_d3:veto_high:Q90:-0.26212665,btc1_di_spread_d3,veto_high,0.9,-0.2621266528883371,24,45,0.8888888888888888,0.9375,"{'mean24': 0.33645563578967286, 'median24': 0.3136084214666264, 'win24': 2.7777777777777715, 'loss_reduction': 2.7777777777777786, 'q10': 0.6572101145290498}","{'mean24': -0.3108913324258902, 'median24': 0.02477226172831193, 'win24': 1.2500000000000142, 'loss_reduction': 1.25, 'q10': 0.29250797024442443}",False,-0.21276433986478407
btc1_mfi_d1:veto_high:Q80:-0.094161372,btc1_mfi_d1,veto_high,0.8,-0.0941613721736453,21,45,0.7777777777777778,0.9375,"{'mean24': 0.4609018690075182, 'median24': 0.6732205822029602, 'win24': 1.5873015873015959, 'loss_reduction': 1.587301587301587, 'q10': 0.6898502627315971}","{'mean24': -0.3108913324258902, 'median24': 0.02477226172831193, 'win24': 1.2500000000000142, 'loss_reduction': 1.25, 'q10': 0.29250797024442443}",False,-0.21276433986478407
m15_bb_pctb_d3:veto_high:Q90:0.55210333,m15_bb_pctb_d3,veto_high,0.9,0.552103334223818,24,45,0.8888888888888888,0.9375,"{'mean24': 0.07894776385682833, 'median24': 0.6502187125681074, 'win24': -1.3888888888888857, 'loss_reduction': -1.3888888888888893, 'q10': -0.31095571095571695}","{'mean24': -0.1077550383428929, 'median24': -0.02477226172831193, 'win24': 1.2500000000000142, 'loss_reduction': 1.25, 'q10': 0.29250797024442443}",False,-0.21327174385959993
causal_pre_ret_2h:veto_high:Q80:0.23624511,causal_pre_ret_2h,veto_high,0.8,0.23624511082137384,21,43,0.7777777777777778,0.8958333333333334,"{'mean24': 0.797867749084237, 'median24': 0.6909707528410136, 'win24': 6.349206349206341, 'loss_reduction': 6.349206349206349, 'q10': 1.8640542253445598}","{'mean24': -0.1294227535325012, 'median24': -0.02477226172831193, 'win24': -1.695736434108511, 'loss_reduction': -1.695736434108527, 'q10': -0.2041268154445608}",False,-0.21436918607581196
h1_bb_pctb_d3:veto_high:Q90:-0.0019541014,h1_bb_pctb_d3,veto_high,0.9,-0.0019541013810484157,24,42,0.8888888888888888,0.875,"{'mean24': -0.10925727805474317, 'median24': 0.10779612596689692, 'win24': -1.3888888888888857, 'loss_reduction': -1.3888888888888893, 'q10': -0.31095571095571695}","{'mean24': -0.0531338475324179, 'median24': -0.1709771789875636, 'win24': 0.297619047619051, 'loss_reduction': 0.2976190476190492, 'q10': -0.24495217853347284}",False,-0.2147739835714502
h1_adx_d3:veto_low:Q10:-4.2086141,h1_adx_d3,veto_low,0.1,-4.2086141000724,24,39,0.8888888888888888,0.8125,"{'mean24': -0.1127711712003201, 'median24': -0.20581229549973035, 'win24': -1.3888888888888857, 'loss_reduction': -1.3888888888888893, 'q10': -0.31095571095571695}","{'mean24': 0.5257211325226856, 'median24': 0.1461421419265312, 'win24': 4.326923076923094, 'loss_reduction': 4.326923076923078, 'q10': 0.599767374018303}",False,-0.21828787671702712
h1_chop14_d3:veto_low:Q10:-6.1310688,h1_chop14_d3,veto_low,0.1,-6.131068790388433,24,44,0.8888888888888888,0.9166666666666666,"{'mean24': -0.11364249486184441, 'median24': -0.20581229549973035, 'win24': -1.3888888888888857, 'loss_reduction': -1.3888888888888893, 'q10': -0.31095571095571695}","{'mean24': -0.09949674109043727, 'median24': 0.0, 'win24': -1.3257575757575637, 'loss_reduction': -1.3257575757575744, 'q10': -0.16330145235564886}",False,-0.21915920037855144
m15_tsi_d3:veto_low:Q10:-12.226552,m15_tsi_d3,veto_low,0.1,-12.226551935999396,24,45,0.8888888888888888,0.9375,"{'mean24': -0.11425497117942651, 'median24': -0.20581229549973035, 'win24': -1.3888888888888857, 'loss_reduction': -1.3888888888888893, 'q10': -0.31095571095571695}","{'mean24': -0.06338139662819264, 'median24': 0.02477226172831193, 'win24': -0.9722222222222143, 'loss_reduction': -0.9722222222222214, 'q10': -0.12247608926673648}",False,-0.21977167669613354
h1_cmf_acc:veto_low:Q20:-0.02011967,h1_cmf_acc,veto_low,0.2,-0.02011967019949708,21,35,0.7777777777777778,0.7291666666666666,"{'mean24': 0.24702274789193224, 'median24': 0.0, 'win24': 6.349206349206341, 'loss_reduction': 6.349206349206349, 'q10': 0.6898502627315971}","{'mean24': -0.2989724979847401, 'median24': 0.1461421419265312, 'win24': 0.297619047619051, 'loss_reduction': 0.2976190476190492, 'q10': 0.29250797024442443}",False,-0.21989312447125303
h1_cmo_d1:veto_high:Q90:8.7216658,h1_cmo_d1,veto_high,0.9,8.721665754242009,24,45,0.8888888888888888,0.9375,"{'mean24': -0.1161153564389652, 'median24': -0.20581229549973035, 'win24': -1.3888888888888857, 'loss_reduction': -1.3888888888888893, 'q10': -0.31095571095571695}","{'mean24': 0.0634340098464734, 'median24': 0.02477226172831193, 'win24': -0.9722222222222143, 'loss_reduction': -0.9722222222222214, 'q10': -0.12247608926673648}",False,-0.22163206195567223
causal_dd_high_4h:veto_low:Q20:-3.117389,causal_dd_high_4h,veto_low,0.2,-3.1173890017468864,21,35,0.7777777777777778,0.7291666666666666,"{'mean24': 0.33346059382434934, 'median24': 0.0, 'win24': 6.349206349206341, 'loss_reduction': 6.349206349206349, 'q10': 0.6432214795851009}","{'mean24': -0.4485285251859743, 'median24': 0.02477226172831193, 'win24': 3.154761904761912, 'loss_reduction': 3.154761904761905, 'q10': 0.6569949161979637}",False,-0.22462791719446096
h1_er10_d1:veto_low:Q10:-0.36642859,h1_er10_d1,veto_low,0.1,-0.3664285882091044,24,44,0.8888888888888888,0.9166666666666666,"{'mean24': -0.11172567239227327, 'median24': -0.20581229549973035, 'win24': -1.3888888888888857, 'loss_reduction': -1.3888888888888893, 'q10': -0.31095571095571695}","{'mean24': -0.1195220220329487, 'median24': 0.0, 'win24': -1.3257575757575637, 'loss_reduction': -1.3257575757575744, 'q10': -0.16330145235564886}",False,-0.22503872754965573
h1_donch_pos_acc:veto_high:Q90:-0.039071305,h1_donch_pos_acc,veto_high,0.9,-0.03907130534790059,24,41,0.8888888888888888,0.8541666666666666,"{'mean24': -0.12137154231966596, 'median24': 0.10779612596689692, 'win24': -1.3888888888888857, 'loss_reduction': -1.3888888888888893, 'q10': -0.31095571095571695}","{'mean24': 0.04100850061644934, 'median24': -0.02477226172831193, 'win24': -0.05081300813007772, 'loss_reduction': -0.050813008130079496, 'q10': -0.2857775416223852}",False,-0.22688824783637299
m15_mfi_d3:veto_low:Q10:-16.200725,m15_mfi_d3,veto_low,0.1,-16.20072496314748,24,34,0.8888888888888888,0.7083333333333334,"{'mean24': -0.06358913635763486, 'median24': 0.3136084214666264, 'win24': -1.3888888888888857, 'loss_reduction': -1.3888888888888893, 'q10': -0.31095571095571695}","{'mean24': 0.2223796941650753, 'median24': 0.06068494009910941, 'win24': -3.0637254901960773, 'loss_reduction': -3.063725490196079, 'q10': -0.4299868957426546}",False,-0.23236037009722008
m15_chop14_acc:veto_low:Q10:-0.074959319,m15_chop14_acc,veto_low,0.1,-0.07495931882987031,24,44,0.8888888888888888,0.9166666666666666,"{'mean24': -0.12950779955060288, 'median24': 0.3136084214666264, 'win24': -1.3888888888888857, 'loss_reduction': -1.3888888888888893, 'q10': -0.31095571095571695}","{'mean24': 0.10739775822766084, 'median24': 0.0, 'win24': 0.9469696969697026, 'loss_reduction': 0.946969696969699, 'q10': -0.16330145235564886}",False,-0.2350245050673099
h4_rvol20_d1:veto_high:Q80:0.045318198,h4_rvol20_d1,veto_high,0.8,0.04531819780751686,21,35,0.7777777777777778,0.7291666666666666,"{'mean24': 0.02629483314052461, 'median24': -0.41162459099946025, 'win24': 1.5873015873015959, 'loss_reduction': 1.587301587301587, 'q10': 0.41460761460762263}","{'mean24': -0.31771243468659405, 'median24': 0.1461421419265312, 'win24': 0.297619047619051, 'loss_reduction': 0.2976190476190492, 'q10': 0.29250797024442443}",False,-0.23863306117310695
m15_di_spread_acc:veto_high:Q90:10.765745,m15_di_spread_acc,veto_high,0.9,10.765745278648275,24,43,0.8888888888888888,0.8958333333333334,"{'mean24': 0.0367796508803524, 'median24': 0.3136084214666264, 'win24': -1.3888888888888857, 'loss_reduction': -1.3888888888888893, 'q10': -0.31095571095571695}","{'mean24': -0.1341306395698476, 'median24': 0.1461421419265312, 'win24': 2.9554263565891574, 'loss_reduction': 2.9554263565891485, 'q10': 0.60227535395446}",False,-0.23964734508655464
h1_chop14:veto_low:Q20:44.620027,h1_chop14,veto_low,0.2,44.620027451567346,21,39,0.7777777777777778,0.8125,"{'mean24': -0.23394118619495607, 'median24': -0.5729770298781083, 'win24': 1.5873015873015959, 'loss_reduction': 1.587301587301587, 'q10': 0.41460761460762263}","{'mean24': -0.13464152956812558, 'median24': -0.02477226172831193, 'win24': -0.801282051282044, 'loss_reduction': -0.8012820512820511, 'q10': 0.04082536308891216}",False,-0.23976048644836906
h1_roc4_acc:veto_low:Q10:-4.7732767,h1_roc4_acc,veto_low,0.1,-4.773276734320951,24,45,0.8888888888888888,0.9375,"{'mean24': -0.13512935117967473, 'median24': -0.20581229549973035, 'win24': -1.3888888888888857, 'loss_reduction': -1.3888888888888893, 'q10': -0.31095571095571695}","{'mean24': -0.07103200234724882, 'median24': 0.02477226172831193, 'win24': -0.9722222222222143, 'loss_reduction': -0.9722222222222214, 'q10': -0.12247608926673648}",False,-0.24064605669638175
h1_di_spread_acc:veto_high:Q80:-2.0410826,h1_di_spread_acc,veto_high,0.8,-2.0410825656289986,21,42,0.7777777777777778,0.875,"{'mean24': 0.033327324377339984, 'median24': 0.6272168429332536, 'win24': 1.5873015873015959, 'loss_reduction': 1.587301587301587, 'q10': 0.41460761460762263}","{'mean24': -0.13840544887746153, 'median24': 0.0, 'win24': -2.0833333333333144, 'loss_reduction': -2.0833333333333304, 'q10': -0.24495217853347284}",False,-0.24131016017749635
btc1_er10_acc:veto_high:Q90:0.23592041,btc1_er10_acc,veto_high,0.9,0.2359204073620329,24,36,0.8888888888888888,0.75,"{'mean24': -0.13589748388813216, 'median24': 0.10779612596689692, 'win24': -1.3888888888888857, 'loss_reduction': -1.3888888888888893, 'q10': -0.31095571095571695}","{'mean24': 0.3980007544600972, 'median24': 0.184667291564256, 'win24': 3.4722222222222285, 'loss_reduction': 3.472222222222223, 'q10': 0.6843546973197154}",False,-0.2414141894048392
btc4_donch_pos_d3:veto_low:Q10:-0.015633261,btc4_donch_pos_d3,veto_low,0.1,-0.01563326103303596,24,43,0.8888888888888888,0.8958333333333334,"{'mean24': -0.13589748388813216, 'median24': 0.10779612596689692, 'win24': -1.3888888888888857, 'loss_reduction': -1.3888888888888893, 'q10': -0.31095571095571695}","{'mean24': -0.07716649841472778, 'median24': -0.3667266197034391, 'win24': 0.6298449612403232, 'loss_reduction': 0.6298449612403108, 'q10': 0.20749202975558045}",False,-0.2414141894048392
causal_dd_high_8h:veto_low:Q20:-3.117389,causal_dd_high_8h,veto_low,0.2,-3.1173890017468864,21,34,0.7777777777777778,0.7083333333333334,"{'mean24': 0.33346059382434934, 'median24': 0.0, 'win24': 6.349206349206341, 'loss_reduction': 6.349206349206349, 'q10': 0.6432214795851009}","{'mean24': -0.45567421131756625, 'median24': 0.08545720182742178, 'win24': 2.818627450980401, 'loss_reduction': 2.8186274509803937, 'q10': 0.6296351350762118}",False,-0.2418928785289054
btc1_mfi_d3:veto_low:Q20:-11.007477,btc1_mfi_d3,veto_low,0.2,-11.007476648592764,21,44,0.7777777777777778,0.9166666666666666,"{'mean24': 0.0022286046629829137, 'median24': 0.6732205822029602, 'win24': -3.1746031746031775, 'loss_reduction': -3.174603174603174, 'q10': -0.6219114219114343}","{'mean24': -0.024314124545755877, 'median24': 0.0, 'win24': -1.3257575757575637, 'loss_reduction': -1.3257575757575744, 'q10': -0.16330145235564886}",False,-0.24328404351567795
h1_vwap_dist_acc:veto_high:Q90:-0.74926819,h1_vwap_dist_acc,veto_high,0.9,-0.7492681850915537,24,33,0.8888888888888888,0.6875,"{'mean24': 0.009464076044954695, 'median24': 0.10779612596689692, 'win24': 2.7777777777777715, 'loss_reduction': 2.7777777777777786, 'q10': 0.4831917741008661}","{'mean24': -0.12011647039981277, 'median24': -0.3667266197034391, 'win24': -0.568181818181813, 'loss_reduction': -0.5681818181818183, 'q10': -0.4505882320455502}",False,-0.2441271647748367
h4_rvol20_d1:veto_high:Q90:0.098623666,h4_rvol20_d1,veto_high,0.9,0.09862366578764611,24,37,0.8888888888888888,0.7708333333333334,"{'mean24': 0.3148157938173548, 'median24': 0.3136084214666264, 'win24': 2.7777777777777715, 'loss_reduction': 2.7777777777777786, 'q10': 0.4971804090448151}","{'mean24': -0.3652456240622173, 'median24': 0.1461421419265312, 'win24': 1.069819819819827, 'loss_reduction': 1.0698198198198199, 'q10': 0.3775239107332683}",False,-0.24946824998250378
h1_bb_width:veto_low:Q10:0.057848049,h1_bb_width,veto_low,0.1,0.05784804891052836,24,39,0.8888888888888888,0.8125,"{'mean24': -0.16349902457252696, 'median24': -0.20581229549973035, 'win24': -1.3888888888888857, 'loss_reduction': -1.3888888888888893, 'q10': -0.2423715514624734}","{'mean24': 0.08791592828766248, 'median24': 0.22319244120198034, 'win24': 4.326923076923094, 'loss_reduction': 4.326923076923078, 'q10': 0.7664340406849711}",False,-0.2518696902159231
h1_roc12_d1:veto_high:Q90:0.09437369,h1_roc12_d1,veto_high,0.9,0.09437368999932563,24,43,0.8888888888888888,0.8958333333333334,"{'mean24': -0.1480117481530554, 'median24': 0.10779612596689692, 'win24': -1.3888888888888857, 'loss_reduction': -1.3888888888888893, 'q10': -0.31095571095571695}","{'mean24': -0.07716649841472778, 'median24': -0.3667266197034391, 'win24': 0.6298449612403232, 'loss_reduction': 0.6298449612403108, 'q10': 0.20749202975558045}",False,-0.2535284536697624
m15_ppo_hist_acc:veto_high:Q90:0.11027564,m15_ppo_hist_acc,veto_high,0.9,0.11027564336253629,24,27,0.8888888888888888,0.5625,"{'mean24': -0.050827043572359454, 'median24': 0.3136084214666264, 'win24': -1.3888888888888857, 'loss_reduction': -1.3888888888888893, 'q10': -0.31095571095571695}","{'mean24': 0.01671469566461603, 'median24': -0.6017219630030879, 'win24': -3.9351851851851762, 'loss_reduction': -3.935185185185185, 'q10': -0.4964726465268444}",False,-0.25364890890777425
m15_chop14:veto_high:Q80:56.609116,m15_chop14,veto_high,0.8,56.609116070111874,21,39,0.7777777777777778,0.8125,"{'mean24': 0.9583512399548586, 'median24': 0.6909707528410136, 'win24': 6.349206349206341, 'loss_reduction': 6.349206349206349, 'q10': 2.914539347766167}","{'mean24': -0.1573239084953051, 'median24': -0.3931276090457847, 'win24': -0.801282051282044, 'loss_reduction': -0.8012820512820511, 'q10': -0.32698021422817647}",False,-0.2550946030779902
h4_roc12_d3:veto_high:Q90:6.0700347,h4_roc12_d3,veto_high,0.9,6.070034668643716,24,43,0.8888888888888888,0.8958333333333334,"{'mean24': -0.15071701257947634, 'median24': -0.20581229549973035, 'win24': -1.3888888888888857, 'loss_reduction': -1.3888888888888893, 'q10': -0.31095571095571695}","{'mean24': 0.2196401580254861, 'median24': 0.02477226172831193, 'win24': 0.6298449612403232, 'loss_reduction': 0.6298449612403108, 'q10': 0.20749202975558045}",False,-0.25623371809618334
h1_atr_pct_d3:veto_high:Q90:0.18906765,h1_atr_pct_d3,veto_high,0.9,0.18906764831894046,24,42,0.8888888888888888,0.875,"{'mean24': 0.49503403255607825, 'median24': 0.3136084214666264, 'win24': 6.944444444444457, 'loss_reduction': 6.944444444444445, 'q10': 0.6572101145290498}","{'mean24': -0.1538786177961926, 'median24': 0.0, 'win24': -2.0833333333333144, 'loss_reduction': -2.0833333333333304, 'q10': -0.24495217853347284}",False,-0.2567833290962274
m15_tsi_d1:veto_high:Q80:0.92606344,m15_tsi_d1,veto_high,0.8,0.926063443278222,21,37,0.7777777777777778,0.7708333333333334,"{'mean24': 0.41851910318022423, 'median24': 0.6909707528410136, 'win24': 1.5873015873015959, 'loss_reduction': 1.587301587301587, 'q10': 0.41460761460762263}","{'mean24': -0.21493770967254244, 'median24': -0.5136430442919004, 'win24': -1.6328828828828676, 'loss_reduction': -1.6328828828828836, 'q10': -0.04082536308891227}",False,-0.2578017081024282
m15_adx_d1:veto_low:Q20:-1.1790521,m15_adx_d1,veto_low,0.2,-1.1790521210097697,21,44,0.7777777777777778,0.9166666666666666,"{'mean24': 0.5166617062773007, 'median24': 0.6272168429332536, 'win24': 6.349206349206341, 'loss_reduction': 6.349206349206349, 'q10': 0.6432214795851009}","{'mean24': -0.1926269595461303, 'median24': 0.0, 'win24': -1.3257575757575637, 'loss_reduction': -1.3257575757575744, 'q10': -0.16330145235564886}",False,-0.259967474150194
h1_cmo_d3:veto_high:Q90:11.833706,h1_cmo_d3,veto_high,0.9,11.83370597241927,24,29,0.8888888888888888,0.6041666666666666,"{'mean24': -0.08525836336767778, 'median24': -0.20581229549973035, 'win24': -1.3888888888888857, 'loss_reduction': -1.3888888888888893, 'q10': -0.2423715514624734}","{'mean24': 0.22950578543753197, 'median24': -0.02477226172831193, 'win24': -2.658045977011483, 'loss_reduction': -2.6580459770114953, 'q10': -0.49413177558909294}",False,-0.26195222680518093
m15_roc4_d3:veto_low:Q20:1.079679,m15_roc4_d3,veto_low,0.2,1.079679017216204,21,44,0.7777777777777778,0.9166666666666666,"{'mean24': -0.04361286953368415, 'median24': 0.6272168429332536, 'win24': -3.1746031746031775, 'loss_reduction': -3.174603174603174, 'q10': -0.6219114219114343}","{'mean24': 0.47309250367549627, 'median24': 0.184667291564256, 'win24': 5.492424242424249, 'loss_reduction': 5.492424242424242, 'q10': 0.9158698396737173}",False,-0.2625827885036062
btc4_chop14_d1:veto_high:Q90:2.3988896,btc4_chop14_d1,veto_high,0.9,2.3988896051587716,24,43,0.8888888888888888,0.8958333333333334,"{'mean24': -0.1203107313842331, 'median24': -0.20581229549973035, 'win24': 2.7777777777777715, 'loss_reduction': 2.7777777777777786, 'q10': 0.4831917741008661}","{'mean24': -0.1817870036798217, 'median24': -0.02477226172831193, 'win24': -1.695736434108511, 'loss_reduction': -1.695736434108527, 'q10': -0.2041268154445608}",False,-0.26673343622313245
m15_di_spread_d1:veto_high:Q80:5.3286484,m15_di_spread_d1,veto_high,0.8,5.328648414156532,21,32,0.7777777777777778,0.6666666666666666,"{'mean24': 0.2622636742933335, 'median24': 0.6732205822029602, 'win24': 1.5873015873015959, 'loss_reduction': 1.587301587301587, 'q10': 0.41460761460762263}","{'mean24': -0.287460782189628, 'median24': -0.4974247860244363, 'win24': -1.0416666666666572, 'loss_reduction': -1.041666666666666, 'q10': 0.16498405951115835}",False,-0.26704810064517176
h1_er10_acc:veto_low:Q10:-0.43554549,h1_er10_acc,veto_low,0.1,-0.43554548779307434,24,44,0.8888888888888888,0.9166666666666666,"{'mean24': -0.12411086177753905, 'median24': -0.20581229549973035, 'win24': -1.3888888888888857, 'loss_reduction': -1.3888888888888893, 'q10': -0.31095571095571695}","{'mean24': -0.16183618247115383, 'median24': 0.0, 'win24': -1.3257575757575637, 'loss_reduction': -1.3257575757575744, 'q10': -0.16330145235564886}",False,-0.26735288798786083
causal_bounce_low_4h:veto_high:Q90:2.2836265,causal_bounce_low_4h,veto_high,0.9,2.2836264529765464,24,33,0.8888888888888888,0.6875,"{'mean24': -0.05138605208167135, 'median24': 0.3136084214666264, 'win24': -1.3888888888888857, 'loss_reduction': -1.3888888888888893, 'q10': -0.31095571095571695}","{'mean24': -0.0842064617356808, 'median24': -0.5136430442919004, 'win24': -3.59848484848483, 'loss_reduction': -3.5984848484848495, 'q10': -0.4505882320455502}",False,-0.26882321671676535
m15_vwap_dist_d3:veto_high:Q90:1.4876347,m15_vwap_dist_d3,veto_high,0.9,1.4876346567374585,24,27,0.8888888888888888,0.5625,"{'mean24': 0.07894776385682833, 'median24': 0.6502187125681074, 'win24': -1.3888888888888857, 'loss_reduction': -1.3888888888888893, 'q10': -0.31095571095571695}","{'mean24': -0.06668732790956611, 'median24': -0.6017219630030879, 'win24': -3.9351851851851762, 'loss_reduction': -3.935185185185185, 'q10': -0.4964726465268444}",False,-0.2695091932449809
m15_er10_d3:veto_low:Q10:-0.26763285,m15_er10_d3,veto_low,0.1,-0.26763285024154576,24,38,0.8888888888888888,0.7916666666666666,"{'mean24': -0.04519266081517159, 'median24': 0.10779612596689692, 'win24': -1.3888888888888857, 'loss_reduction': -1.3888888888888893, 'q10': -0.31095571095571695}","{'mean24': -0.16413429033096394, 'median24': -0.4401848319976698, 'win24': -1.2061403508771917, 'loss_reduction': -1.2061403508771917, 'q10': 0.0}",False,-0.26965099584767094
h4_bb_pctb_d3:veto_high:Q90:0.27792244,h4_bb_pctb_d3,veto_high,0.9,0.27792244374535546,24,32,0.8888888888888888,0.6666666666666666,"{'mean24': -0.12432521216593173, 'median24': -0.20581229549973035, 'win24': -1.3888888888888857, 'loss_reduction': -1.3888888888888893, 'q10': -0.31095571095571695}","{'mean24': 0.4516597041054937, 'median24': 0.2660990986899425, 'win24': -1.0416666666666572, 'loss_reduction': -1.041666666666666, 'q10': -0.47118956834844583}",False,-0.26990038203082095
m15_er10_d3:veto_low:Q20:-0.20373142,m15_er10_d3,veto_low,0.2,-0.2037314228791668,21,36,0.7777777777777778,0.75,"{'mean24': 0.22072985771636855, 'median24': 0.6732205822029602, 'win24': 1.5873015873015959, 'loss_reduction': 1.587301587301587, 'q10': 0.41460761460762263}","{'mean24': -0.2110778015511401, 'median24': -0.5576825036474942, 'win24': -2.0833333333333144, 'loss_reduction': -2.0833333333333304, 'q10': -0.08165072617782443}",False,-0.2731571497622628
btc4_di_spread_d1:veto_high:Q80:2.0017313,btc4_di_spread_d1,veto_high,0.8,2.0017312525902726,21,43,0.7777777777777778,0.8958333333333334,"{'mean24': 0.8742018574611774, 'median24': 0.6909707528410136, 'win24': 6.349206349206341, 'loss_reduction': 6.349206349206349, 'q10': 2.914539347766167}","{'mean24': -0.19145394500241242, 'median24': -0.02477226172831193, 'win24': -1.695736434108511, 'loss_reduction': -1.695736434108527, 'q10': -0.2041268154445608}",False,-0.27640037754572316
btc4_di_spread_d1:veto_high:Q90:2.3899887,btc4_di_spread_d1,veto_high,0.9,2.3899886575011,23,43,0.8518518518518519,0.8958333333333334,"{'mean24': 0.3560947669639023, 'median24': 0.6732205822029602, 'win24': 2.4154589371980677, 'loss_reduction': 2.4154589371980677, 'q10': 0.4603303876031183}","{'mean24': -0.19145394500241242, 'median24': -0.02477226172831193, 'win24': -1.695736434108511, 'loss_reduction': -1.695736434108527, 'q10': -0.2041268154445608}",False,-0.27640037754572316
h4_mfi_d1:veto_low:Q10:-0.70592135,h4_mfi_d1,veto_low,0.1,-0.7059213453606815,24,40,0.8888888888888888,0.8333333333333334,"{'mean24': 0.09523039369662101, 'median24': 0.3136084214666264, 'win24': -1.3888888888888857, 'loss_reduction': -1.3888888888888893, 'q10': -0.2423715514624734}","{'mean24': -0.18868768704158745, 'median24': 0.08545720182742178, 'win24': 2.083333333333343, 'loss_reduction': 2.083333333333334, 'q10': 0.5050478214665344}",False,-0.2770583526849836
btc1_roc4_d1:veto_high:Q80:-0.81995591,btc1_roc4_d1,veto_high,0.8,-0.81995590577987,21,42,0.7777777777777778,0.875,"{'mean24': 0.4609018690075182, 'median24': 0.6732205822029602, 'win24': 1.5873015873015959, 'loss_reduction': 1.587301587301587, 'q10': 0.6898502627315971}","{'mean24': -0.45311158161548715, 'median24': -0.1709771789875636, 'win24': 2.6785714285714306, 'loss_reduction': 2.6785714285714306, 'q10': 0.5749155728327082}",False,-0.27763665666127835
btc4_rvol20:veto_low:Q20:0.55342598,btc4_rvol20,veto_low,0.2,0.5534259824166539,21,42,0.7777777777777778,0.875,"{'mean24': 0.47474674245314485, 'median24': 0.6732205822029602, 'win24': 1.5873015873015959, 'loss_reduction': 1.587301587301587, 'q10': 0.6898502627315971}","{'mean24': -0.45311158161548715, 'median24': -0.1709771789875636, 'win24': 2.6785714285714306, 'loss_reduction': 2.6785714285714306, 'q10': 0.5749155728327082}",False,-0.27763665666127835
btc1_cmf_acc:veto_low:Q10:-0.047358794,btc1_cmf_acc,veto_low,0.1,-0.04735879410244606,24,44,0.8888888888888888,0.9166666666666666,"{'mean24': -0.17302460227992134, 'median24': -0.20581229549973035, 'win24': -1.3888888888888857, 'loss_reduction': -1.3888888888888893, 'q10': -0.31095571095571695}","{'mean24': -0.11638564987592925, 'median24': 0.08545720182742178, 'win24': 3.219696969696983, 'loss_reduction': 3.2196969696969706, 'q10': 0.6296351350762117}",False,-0.27854130779662833
h1_er10_acc:veto_high:Q90:0.25980882,h1_er10_acc,veto_high,0.9,0.259808816453325,24,40,0.8888888888888888,0.8333333333333334,"{'mean24': -0.18172452037675724, 'median24': 0.10779612596689692, 'win24': -1.3888888888888857, 'loss_reduction': -1.3888888888888893, 'q10': -0.31095571095571695}","{'mean24': 0.2610463607022204, 'median24': 0.184667291564256, 'win24': 2.083333333333343, 'loss_reduction': 2.083333333333334, 'q10': 0.5050478214665344}",False,-0.28724122589346424
btc4_di_spread_d1:veto_low:Q10:-0.93877334,btc4_di_spread_d1,veto_low,0.1,-0.9387733373610906,24,39,0.8888888888888888,0.8125,"{'mean24': -0.18172452037675724, 'median24': 0.10779612596689692, 'win24': -1.3888888888888857, 'loss_reduction': -1.3888888888888893, 'q10': -0.31095571095571695}","{'mean24': 0.7955944076024468, 'median24': 0.33433173259030946, 'win24': 6.891025641025649, 'loss_reduction': 6.891025641025641, 'q10': 1.1434518245426828}",False,-0.28724122589346424
btc4_mfi_d1:veto_low:Q10:-1.5082184,btc4_mfi_d1,veto_low,0.1,-1.5082184021494653,24,35,0.8888888888888888,0.7291666666666666,"{'mean24': -0.18172452037675724, 'median24': 0.10779612596689692, 'win24': -1.3888888888888857, 'loss_reduction': -1.3888888888888893, 'q10': -0.31095571095571695}","{'mean24': 0.4184954195503132, 'median24': 0.33433173259030946, 'win24': 8.86904761904762, 'loss_reduction': 8.86904761904762, 'q10': 1.467199612542025}",False,-0.28724122589346424
m15_mfi:veto_low:Q10:26.954181,m15_mfi,veto_low,0.1,26.954180724277595,24,39,0.8888888888888888,0.8125,"{'mean24': -0.18578669506519674, 'median24': -0.28648851493905436, 'win24': -1.3888888888888857, 'loss_reduction': -1.3888888888888893, 'q10': -0.31095571095571695}","{'mean24': 0.6268864638492269, 'median24': 0.22319244120198034, 'win24': 4.326923076923094, 'loss_reduction': 4.326923076923078, 'q10': 1.019010672005618}",False,-0.29130340058190374
m15_cmo:veto_low:Q10:-40.869797,m15_cmo,veto_low,0.1,-40.869796515494365,24,44,0.8888888888888888,0.9166666666666666,"{'mean24': -0.18828082787755562, 'median24': -0.20581229549973035, 'win24': -1.3888888888888857, 'loss_reduction': -1.3888888888888893, 'q10': -0.31095571095571695}","{'mean24': 0.11337273600215303, 'median24': 0.08545720182742178, 'win24': 0.9469696969697026, 'loss_reduction': 0.946969696969699, 'q10': 0.2500000000000022}",False,-0.2937975333942626
h1_roc12_d1:veto_high:Q80:-0.22836524,h1_roc12_d1,veto_high,0.8,-0.2283652434532764,21,43,0.7777777777777778,0.8958333333333334,"{'mean24': 0.04075748720435746, 'median24': 0.6732205822029602, 'win24': -3.1746031746031775, 'loss_reduction': -3.174603174603174, 'q10': -0.6219114219114343}","{'mean24': -0.07716649841472778, 'median24': -0.3667266197034391, 'win24': 0.6298449612403232, 'loss_reduction': 0.6298449612403108, 'q10': 0.20749202975558045}",False,-0.29613641738464985
btc4_donch_pos_d3:veto_low:Q20:-0.013484562,btc4_donch_pos_d3,veto_low,0.2,-0.013484562482897198,21,43,0.7777777777777778,0.8958333333333334,"{'mean24': 0.05460236064998325, 'median24': 0.6732205822029602, 'win24': -3.1746031746031775, 'loss_reduction': -3.174603174603174, 'q10': -0.6219114219114343}","{'mean24': -0.07716649841472778, 'median24': -0.3667266197034391, 'win24': 0.6298449612403232, 'loss_reduction': 0.6298449612403108, 'q10': 0.20749202975558045}",False,-0.29613641738464985
m15_adx:veto_low:Q10:13.817597,m15_adx,veto_low,0.1,13.817596801697176,24,44,0.8888888888888888,0.9166666666666666,"{'mean24': 0.01905151219212664, 'median24': 0.3136084214666264, 'win24': -1.3888888888888857, 'loss_reduction': -1.3888888888888893, 'q10': -0.2423715514624734}","{'mean24': -0.2084147534360521, 'median24': -0.19574944071587552, 'win24': -1.3257575757575637, 'loss_reduction': -1.3257575757575744, 'q10': -0.16330145235564886}",False,-0.2967854190794482
h4_adx_acc:veto_low:Q10:-0.50714181,h4_adx_acc,veto_low,0.1,-0.5071418102104018,24,40,0.8888888888888888,0.8333333333333334,"{'mean24': -0.07130065244252393, 'median24': -0.20581229549973035, 'win24': -1.3888888888888857, 'loss_reduction': -1.3888888888888893, 'q10': -0.31095571095571695}","{'mean24': -0.19389048871071868, 'median24': 0.0, 'win24': -0.4166666666666572, 'loss_reduction': -0.4166666666666661, 'q10': 0.08165072617782432}",False,-0.2994071942274257
h1_bb_width_d3:veto_low:Q10:-0.069096539,h1_bb_width_d3,veto_low,0.1,-0.06909653916010912,24,44,0.8888888888888888,0.9166666666666666,"{'mean24': -0.19500384616416566, 'median24': -0.28648851493905436, 'win24': -1.3888888888888857, 'loss_reduction': -1.3888888888888893, 'q10': -0.31095571095571695}","{'mean24': -0.1480778969976333, 'median24': -0.19574944071587552, 'win24': 0.9469696969697026, 'loss_reduction': 0.946969696969699, 'q10': -0.035777541622383}",False,-0.30052055168087266
h4_di_spread_d3:veto_low:Q20:-4.4776413,h4_di_spread_d3,veto_low,0.2,-4.477641313289134,21,39,0.7777777777777778,0.8125,"{'mean24': 0.22299671107414198, 'median24': 0.6732205822029602, 'win24': 1.5873015873015959, 'loss_reduction': 1.587301587301587, 'q10': 0.6898502627315971}","{'mean24': -0.286166803239003, 'median24': -0.3931276090457847, 'win24': -0.801282051282044, 'loss_reduction': -0.8012820512820511, 'q10': -0.0003773095168789764}",False,-0.3022867716438638
m15_mfi_d1:veto_low:Q10:-3.1796717,m15_mfi_d1,veto_low,0.1,-3.179671655824614,24,42,0.8888888888888888,0.875,"{'mean24': -0.18728274796357613, 'median24': -0.20581229549973035, 'win24': -1.3888888888888857, 'loss_reduction': -1.3888888888888893, 'q10': -0.31095571095571695}","{'mean24': 0.1780714250163853, 'median24': 0.184667291564256, 'win24': -2.0833333333333144, 'loss_reduction': -2.0833333333333304, 'q10': -0.24495217853347284}",False,-0.306688342369172
decision_close:veto_low:Q10:0.0057976,decision_close,veto_low,0.1,0.005797600000000001,24,39,0.8888888888888888,0.8125,"{'mean24': -0.20325601295977336, 'median24': -0.20581229549973035, 'win24': -1.3888888888888857, 'loss_reduction': -1.3888888888888893, 'q10': -0.31095571095571695}","{'mean24': 0.2140635354435969, 'median24': 0.1461421419265312, 'win24': 1.7628205128205252, 'loss_reduction': 1.7628205128205146, 'q10': 0.46253985122211233}",False,-0.30877271847648036
m15_donch_pos:veto_high:Q90:0.61871102,m15_donch_pos,veto_high,0.9,0.6187110187110179,24,36,0.8888888888888888,0.75,"{'mean24': 0.23642358805483799, 'median24': 0.6502187125681074, 'win24': 2.7777777777777715, 'loss_reduction': 2.7777777777777786, 'q10': 0.4971804090448151}","{'mean24': -0.17351361162343526, 'median24': -0.3799271143746119, 'win24': -2.0833333333333144, 'loss_reduction': -2.0833333333333304, 'q10': -0.38878422313686334}",False,-0.31237633407431775
m15_mfi_d3:veto_low:Q20:-14.367575,m15_mfi_d3,veto_low,0.2,-14.367574878274185,21,32,0.7777777777777778,0.6666666666666666,"{'mean24': -0.09446452764383428, 'median24': 0.6272168429332536, 'win24': -3.1746031746031775, 'loss_reduction': -3.174603174603174, 'q10': -0.6219114219114343}","{'mean24': 0.42534292225581494, 'median24': 0.3267840387890524, 'win24': -1.0416666666666572, 'loss_reduction': -1.041666666666666, 'q10': -0.3878562350151117}",False,-0.31343444661375636
m15_ppo_hist:veto_high:Q80:-0.033860323,m15_ppo_hist,veto_high,0.8,-0.03386032313888205,21,45,0.7777777777777778,0.9375,"{'mean24': 0.4801121571562348, 'median24': 0.6909707528410136, 'win24': 1.5873015873015959, 'loss_reduction': 1.587301587301587, 'q10': 0.41460761460762263}","{'mean24': -0.26411563309672115, 'median24': -0.3667266197034391, 'win24': -0.9722222222222143, 'loss_reduction': -0.9722222222222214, 'q10': -0.12247608926673648}",False,-0.3141790998578497
m15_adx_d3:veto_high:Q80:0.98901881,m15_adx_d3,veto_high,0.8,0.9890188131689535,21,34,0.7777777777777778,0.7083333333333334,"{'mean24': -0.09572177031767026, 'median24': 0.6272168429332536, 'win24': -3.1746031746031775, 'loss_reduction': -3.174603174603174, 'q10': -0.6219114219114343}","{'mean24': 0.4771863292192169, 'median24': 0.184667291564256, 'win24': 5.759803921568633, 'loss_reduction': 5.759803921568627, 'q10': 0.9158698396737173}",False,-0.31469168928759234
m15_cmo_d1:veto_high:Q80:14.08048,m15_cmo_d1,veto_high,0.8,14.080479589629652,21,29,0.7777777777777778,0.6041666666666666,"{'mean24': -0.09663001224651291, 'median24': 0.6272168429332536, 'win24': -3.1746031746031775, 'loss_reduction': -3.174603174603174, 'q10': -0.6219114219114343}","{'mean24': 0.7960227947223362, 'median24': 0.27213076974162975, 'win24': 4.238505747126453, 'loss_reduction': 4.238505747126437, 'q10': 1.2628499093580148}",False,-0.315599931216435
h1_donch_pos_acc:veto_low:Q10:-0.20451411,h1_donch_pos_acc,veto_low,0.1,-0.2045141137567745,24,32,0.8888888888888888,0.6666666666666666,"{'mean24': -0.21277644900228898, 'median24': -0.20581229549973035, 'win24': -1.3888888888888857, 'loss_reduction': -1.3888888888888893, 'q10': -0.31095571095571695}","{'mean24': 1.0089392906124721, 'median24': 0.4208788341209413, 'win24': 8.333333333333343, 'loss_reduction': 8.333333333333334, 'q10': 1.8521975085601516}",False,-0.318293154518996
causal_bounce_low_1h:veto_low:Q20:0.86585229,causal_bounce_low_1h,veto_low,0.2,0.8658522898515653,21,43,0.7777777777777778,0.8958333333333334,"{'mean24': -0.09977906310496332, 'median24': 0.0, 'win24': -3.1746031746031775, 'loss_reduction': -3.174603174603174, 'q10': -0.6219114219114343}","{'mean24': 0.2441229528833948, 'median24': 0.1461421419265312, 'win24': 2.9554263565891574, 'loss_reduction': 2.9554263565891485, 'q10': 0.60227535395446}",False,-0.3187489820748854
causal_bounce_low_2h:veto_low:Q20:0.86585229,causal_bounce_low_2h,veto_low,0.2,0.8658522898515653,21,43,0.7777777777777778,0.8958333333333334,"{'mean24': -0.09977906310496332, 'median24': 0.0, 'win24': -3.1746031746031775, 'loss_reduction': -3.174603174603174, 'q10': -0.6219114219114343}","{'mean24': 0.2441229528833948, 'median24': 0.1461421419265312, 'win24': 2.9554263565891574, 'loss_reduction': 2.9554263565891485, 'q10': 0.60227535395446}",False,-0.3187489820748854
causal_bounce_low_4h:veto_low:Q20:0.86585229,causal_bounce_low_4h,veto_low,0.2,0.8658522898515653,21,44,0.7777777777777778,0.9166666666666666,"{'mean24': -0.09977906310496332, 'median24': 0.0, 'win24': -3.1746031746031775, 'loss_reduction': -3.174603174603174, 'q10': -0.6219114219114343}","{'mean24': 0.4013632983881017, 'median24': 0.184667291564256, 'win24': 3.219696969696983, 'loss_reduction': 3.2196969696969706, 'q10': 0.6296351350762117}",False,-0.3187489820748854
m15_cmo:veto_high:Q80:-4.8671031,m15_cmo,veto_high,0.8,-4.867103127972739,21,39,0.7777777777777778,0.8125,"{'mean24': 0.6803602206980846, 'median24': 0.6909707528410136, 'win24': 6.349206349206341, 'loss_reduction': 6.349206349206349, 'q10': 0.6898502627315971}","{'mean24': -0.225849229771232, 'median24': -0.3667266197034391, 'win24': -0.801282051282044, 'loss_reduction': -0.8012820512820511, 'q10': -0.32698021422817647}",False,-0.3236199243539171
m15_vwap_dist:veto_low:Q10:-3.2783969,m15_vwap_dist,veto_low,0.1,-3.2783969073604897,24,42,0.8888888888888888,0.875,"{'mean24': 0.13696844388798946, 'median24': 0.10779612596689692, 'win24': 2.7777777777777715, 'loss_reduction': 2.7777777777777786, 'q10': 0.4831917741008661}","{'mean24': -0.2213369432039558, 'median24': -0.19574944071587552, 'win24': -2.0833333333333144, 'loss_reduction': -2.0833333333333304, 'q10': -0.24495217853347284}",False,-0.3242416545039907
h1_bb_width:veto_high:Q80:0.12691178,h1_bb_width,veto_high,0.8,0.12691178461903305,21,35,0.7777777777777778,0.7291666666666666,"{'mean24': -0.17196581443827386, 'median24': -0.41162459099946025, 'win24': 1.5873015873015959, 'loss_reduction': 1.587301587301587, 'q10': 0.41460761460762263}","{'mean24': 0.07904450732855794, 'median24': -0.3667266197034391, 'win24': -2.559523809523796, 'loss_reduction': -2.5595238095238084, 'q10': -0.40938555943975896}",False,-0.32550268048868974
h4_rvol20_d1:veto_low:Q10:-0.4715224,h4_rvol20_d1,veto_low,0.1,-0.4715224017368941,24,27,0.8888888888888888,0.5625,"{'mean24': 0.026669081025116448, 'median24': 0.3136084214666264, 'win24': -1.3888888888888857, 'loss_reduction': -1.3888888888888893, 'q10': -0.31095571095571695}","{'mean24': -0.1246608657022823, 'median24': -0.5136430442919004, 'win24': -3.9351851851851762, 'loss_reduction': -3.935185185185185, 'q10': -0.4964726465268444}",False,-0.3274827310376971
h1_donch_pos_d3:veto_high:Q80:-0.06068855,h1_donch_pos_d3,veto_high,0.8,-0.06068855048632662,21,41,0.7777777777777778,0.8541666666666666,"{'mean24': 0.11706720277584193, 'median24': 0.6732205822029602, 'win24': 1.5873015873015959, 'loss_reduction': 1.587301587301587, 'q10': 0.41460761460762263}","{'mean24': -0.25544314605302043, 'median24': -0.3667266197034391, 'win24': -0.05081300813007772, 'loss_reduction': -0.050813008130079496, 'q10': -0.2857775416223852}",False,-0.3279037916212183
h4_rvol20_d3:veto_low:Q20:-1.0575986,h4_rvol20_d3,veto_low,0.2,-1.0575985571153879,21,37,0.7777777777777778,0.7708333333333334,"{'mean24': -0.11188361647980294, 'median24': 0.0, 'win24': -3.1746031746031775, 'loss_reduction': -3.174603174603174, 'q10': -0.6219114219114343}","{'mean24': 0.27016205053446596, 'median24': 0.1461421419265312, 'win24': -1.6328828828828676, 'loss_reduction': -1.6328828828828836, 'q10': -0.3681828868339677}",False,-0.330853535449725
h1_roc4_d1:veto_low:Q10:-3.7346881,h1_roc4_d1,veto_low,0.1,-3.7346881076747085,24,45,0.8888888888888888,0.9375,"{'mean24': -0.22543099326973204, 'median24': -0.20581229549973035, 'win24': -1.3888888888888857, 'loss_reduction': -1.3888888888888893, 'q10': -0.31095571095571695}","{'mean24': -0.07103200234724882, 'median24': 0.02477226172831193, 'win24': -0.9722222222222143, 'loss_reduction': -0.9722222222222214, 'q10': -0.12247608926673648}",False,-0.33094769878643904
h4_donch_pos_d1:veto_high:Q90:0.10132548,h4_donch_pos_d1,veto_high,0.9,0.10132548400881969,24,28,0.8888888888888888,0.5833333333333334,"{'mean24': -0.17960395678110697, 'median24': -0.20581229549973035, 'win24': -1.3888888888888857, 'loss_reduction': -1.3888888888888893, 'q10': -0.31095571095571695}","{'mean24': 0.23107113923626832, 'median24': -0.19574944071587552, 'win24': 0.297619047619051, 'loss_reduction': 0.2976190476190492, 'q10': -0.4953022110579687}",False,-0.3312072873233769
h1_atr_pct_d1:veto_high:Q90:0.19357524,h1_atr_pct_d1,veto_high,0.9,0.19357523590161826,24,42,0.8888888888888888,0.875,"{'mean24': -0.22604916200332958, 'median24': -0.20581229549973035, 'win24': -1.3888888888888857, 'loss_reduction': -1.3888888888888893, 'q10': -0.31095571095571695}","{'mean24': -0.07866636235137747, 'median24': 0.0, 'win24': 0.297619047619051, 'loss_reduction': 0.2976190476190492, 'q10': 0.16498405951115858}",False,-0.3315658675200366
h1_er10_d3:veto_low:Q10:-0.3970582,h1_er10_d3,veto_low,0.1,-0.3970581989699957,24,43,0.8888888888888888,0.8958333333333334,"{'mean24': -0.2206446575194163, 'median24': -0.28648851493905436, 'win24': -1.3888888888888857, 'loss_reduction': -1.3888888888888893, 'q10': -0.31095571095571695}","{'mean24': -0.1817870036798217, 'median24': -0.02477226172831193, 'win24': -1.695736434108511, 'loss_reduction': -1.695736434108527, 'q10': -0.2041268154445608}",False,-0.33229831394051607
causal_pre_ret_2h:veto_low:Q10:-1.8805568,causal_pre_ret_2h,veto_low,0.1,-1.8805568347738832,24,39,0.8888888888888888,0.8125,"{'mean24': -0.22775163408450716, 'median24': -0.20581229549973035, 'win24': -1.3888888888888857, 'loss_reduction': -1.3888888888888893, 'q10': -0.31095571095571695}","{'mean24': 0.3292619470579652, 'median24': 0.22319244120198034, 'win24': 4.326923076923094, 'loss_reduction': 4.326923076923078, 'q10': 0.7664340406849711}",False,-0.33326833960121416
causal_dd_high_2h:veto_low:Q10:-3.161176,causal_dd_high_2h,veto_low,0.1,-3.1611759543223172,24,42,0.8888888888888888,0.875,"{'mean24': -0.22775163408450716, 'median24': -0.20581229549973035, 'win24': -1.3888888888888857, 'loss_reduction': -1.3888888888888893, 'q10': -0.31095571095571695}","{'mean24': -0.1179309053778912, 'median24': 0.0, 'win24': 0.297619047619051, 'loss_reduction': 0.2976190476190492, 'q10': 0.16498405951115858}",False,-0.33326833960121416
h4_cmf_d3:veto_low:Q10:-0.018921124,h4_cmf_d3,veto_low,0.1,-0.018921124390387838,24,39,0.8888888888888888,0.8125,"{'mean24': 0.19323529486654367, 'median24': 0.6502187125681074, 'win24': -1.3888888888888857, 'loss_reduction': -1.3888888888888893, 'q10': -0.22838291651852455}","{'mean24': -0.2488403917803601, 'median24': -0.02477226172831193, 'win24': 4.326923076923094, 'loss_reduction': 4.326923076923078, 'q10': 0.7664340406849711}",False,-0.333713898687769
btc4_adx_acc:veto_low:Q10:-0.23845434,btc4_adx_acc,veto_low,0.1,-0.2384543368507508,23,43,0.8518518518518519,0.8958333333333334,"{'mean24': 0.30108898863796485, 'median24': 0.6732205822029602, 'win24': -1.9323671497584485, 'loss_reduction': -1.9323671497584538, 'q10': -0.41460761460762274}","{'mean24': -0.19145394500241242, 'median24': -0.02477226172831193, 'win24': -1.695736434108511, 'loss_reduction': -1.695736434108527, 'q10': -0.2041268154445608}",False,-0.3337531916494872
h1_cmf:veto_low:Q10:-0.12781604,h1_cmf,veto_low,0.1,-0.1278160445905873,24,28,0.8888888888888888,0.5833333333333334,"{'mean24': 0.27739149839978205, 'median24': 0.3136084214666264, 'win24': 2.7777777777777715, 'loss_reduction': 2.7777777777777786, 'q10': 0.6572101145290498}","{'mean24': -0.41493033373526567, 'median24': 0.184667291564256, 'win24': 0.297619047619051, 'loss_reduction': 0.2976190476190492, 'q10': 0.2975557917109539}",False,-0.3345890048551462
m15_atr_pct:veto_low:Q20:0.76917617,m15_atr_pct,veto_low,0.2,0.7691761713437798,21,44,0.7777777777777778,0.9166666666666666,"{'mean24': -0.11711011512070524, 'median24': 0.0, 'win24': -3.1746031746031775, 'loss_reduction': -3.174603174603174, 'q10': -0.6219114219114343}","{'mean24': 0.17553609930891945, 'median24': 0.08545720182742178, 'win24': 3.219696969696983, 'loss_reduction': 3.2196969696969706, 'q10': 0.6296351350762117}",False,-0.3360800340906273
m15_donch_pos:veto_high:Q80:0.58383838,m15_donch_pos,veto_high,0.8,0.5838383838383849,21,35,0.7777777777777778,0.7291666666666666,"{'mean24': 0.30037270792628634, 'median24': 0.6909707528410136, 'win24': 1.5873015873015959, 'loss_reduction': 1.587301587301587, 'q10': 0.41460761460762263}","{'mean24': -0.18285768045858442, 'median24': -0.3931276090457847, 'win24': -2.559523809523796, 'loss_reduction': -2.5595238095238084, 'q10': -0.40938555943975896}",False,-0.3363945465090003
m15_ppo_hist_d3:veto_high:Q80:0.027493933,m15_ppo_hist_d3,veto_high,0.8,0.027493933445239167,21,43,0.7777777777777778,0.8958333333333334,"{'mean24': 0.4631129104478511, 'median24': 0.6732205822029602, 'win24': 1.5873015873015959, 'loss_reduction': 1.587301587301587, 'q10': 0.41460761460762263}","{'mean24': -0.2553119459240709, 'median24': -0.3667266197034391, 'win24': -1.695736434108511, 'loss_reduction': -1.695736434108527, 'q10': -0.2041268154445608}",False,-0.34025837846738166
h1_roc12_d3:veto_high:Q90:3.6166854,h1_roc12_d3,veto_high,0.9,3.6166853521040903,24,44,0.8888888888888888,0.9166666666666666,"{'mean24': 0.13166163475251702, 'median24': 0.6502187125681074, 'win24': 2.7777777777777715, 'loss_reduction': 2.7777777777777786, 'q10': 0.4831917741008661}","{'mean24': -0.2769841090103964, 'median24': -0.3799271143746119, 'win24': -1.3257575757575637, 'loss_reduction': -1.3257575757575744, 'q10': -0.16330145235564886}",False,-0.3443246236144601
btc4_bb_pctb_d3:veto_low:Q10:-0.089485226,btc4_bb_pctb_d3,veto_low,0.1,-0.0894852262479805,24,44,0.8888888888888888,0.9166666666666666,"{'mean24': 0.29287877481925406, 'median24': 0.6502187125681074, 'win24': 2.7777777777777715, 'loss_reduction': 2.7777777777777786, 'q10': 0.4831917741008661}","{'mean24': -0.2769841090103964, 'median24': -0.3799271143746119, 'win24': -1.3257575757575637, 'loss_reduction': -1.3257575757575744, 'q10': -0.16330145235564886}",False,-0.3443246236144601
btc4_er10_d1:veto_high:Q90:0.13967437,btc4_er10_d1,veto_high,0.9,0.1396743714724169,23,44,0.8518518518518519,0.9166666666666666,"{'mean24': 0.009987325979634587, 'median24': 0.6272168429332536, 'win24': 2.4154589371980677, 'loss_reduction': 2.4154589371980677, 'q10': 0.4603303876031183}","{'mean24': -0.2769841090103964, 'median24': -0.3799271143746119, 'win24': -1.3257575757575637, 'loss_reduction': -1.3257575757575744, 'q10': -0.16330145235564886}",False,-0.3443246236144601
btc4_er10_d3:veto_high:Q80:0.041399057,btc4_er10_d3,veto_high,0.8,0.04139905666253786,21,44,0.7777777777777778,0.9166666666666666,"{'mean24': 0.19722062106859717, 'median24': 0.6272168429332536, 'win24': 6.349206349206341, 'loss_reduction': 6.349206349206349, 'q10': 0.6432214795851009}","{'mean24': -0.2769841090103964, 'median24': -0.3799271143746119, 'win24': -1.3257575757575637, 'loss_reduction': -1.3257575757575744, 'q10': -0.16330145235564886}",False,-0.3443246236144601
btc4_er10_d3:veto_high:Q90:0.076470815,btc4_er10_d3,veto_high,0.9,0.07647081467361708,24,44,0.8888888888888888,0.9166666666666666,"{'mean24': 0.32057979158807637, 'median24': 0.3136084214666264, 'win24': 6.944444444444457, 'loss_reduction': 6.944444444444445, 'q10': 0.6572101145290498}","{'mean24': -0.2769841090103964, 'median24': -0.3799271143746119, 'win24': -1.3257575757575637, 'loss_reduction': -1.3257575757575744, 'q10': -0.16330145235564886}",False,-0.3443246236144601
h1_di_spread_acc:veto_low:Q10:-8.0394897,h1_di_spread_acc,veto_low,0.1,-8.039489732215724,24,41,0.8888888888888888,0.8541666666666666,"{'mean24': -0.22604916200332958, 'median24': -0.20581229549973035, 'win24': -1.3888888888888857, 'loss_reduction': -1.3888888888888893, 'q10': -0.31095571095571695}","{'mean24': -0.05910133834307896, 'median24': 0.02477226172831193, 'win24': -2.4898373983739788, 'loss_reduction': -2.489837398373984, 'q10': -0.2857775416223852}",False,-0.3535848377097385
h1_roc12_d1:veto_low:Q20:-3.9810849,h1_roc12_d1,veto_low,0.2,-3.98108486766088,21,36,0.7777777777777778,0.75,"{'mean24': -0.13462441420616855, 'median24': 0.0, 'win24': -3.1746031746031775, 'loss_reduction': -3.174603174603174, 'q10': -0.6219114219114343}","{'mean24': -0.03378199986388353, 'median24': 0.0, 'win24': -2.0833333333333144, 'loss_reduction': -2.0833333333333304, 'q10': -0.18465740769230254}",False,-0.3535943331760906
h1_mfi_d1:veto_high:Q90:2.9231988,h1_mfi_d1,veto_high,0.9,2.9231987801460906,24,40,0.8888888888888888,0.8333333333333334,"{'mean24': -0.25326409099358127, 'median24': -0.49230081043878426, 'win24': -1.3888888888888857, 'loss_reduction': -1.3888888888888893, 'q10': -0.31095571095571695}","{'mean24': 0.09279286510818352, 'median24': 0.0, 'win24': -0.4166666666666572, 'loss_reduction': -0.4166666666666661, 'q10': -0.30637887792528085}",False,-0.35878079651028827
h1_er10_d1:veto_low:Q20:-0.35900546,h1_er10_d1,veto_low,0.2,-0.35900546270318223,21,44,0.7777777777777778,0.9166666666666666,"{'mean24': -0.14081065864295894, 'median24': 0.6732205822029602, 'win24': -3.1746031746031775, 'loss_reduction': -3.174603174603174, 'q10': -0.6219114219114343}","{'mean24': -0.1195220220329487, 'median24': 0.0, 'win24': -1.3257575757575637, 'loss_reduction': -1.3257575757575744, 'q10': -0.16330145235564886}",False,-0.359780577612881
h1_donch_pos_d3:veto_high:Q90:-0.047123624,h1_donch_pos_d3,veto_high,0.9,-0.04712362359148131,24,41,0.8888888888888888,0.8541666666666666,"{'mean24': -0.10925727805474317, 'median24': 0.10779612596689692, 'win24': -1.3888888888888857, 'loss_reduction': -1.3888888888888893, 'q10': -0.31095571095571695}","{'mean24': -0.25544314605302043, 'median24': -0.3667266197034391, 'win24': -0.05081300813007772, 'loss_reduction': -0.050813008130079496, 'q10': -0.2857775416223852}",False,-0.36095985156972743
h4_roc4_d3:veto_high:Q90:5.6132701,h4_roc4_d3,veto_high,0.9,5.613270105003096,24,34,0.8888888888888888,0.7083333333333334,"{'mean24': -0.13438976073642328, 'median24': -0.20581229549973035, 'win24': -1.3888888888888857, 'loss_reduction': -1.3888888888888893, 'q10': -0.31095571095571695}","{'mean24': -0.03693442162103633, 'median24': -0.3132471123656999, 'win24': -6.004901960784309, 'loss_reduction': -6.004901960784311, 'q10': -0.4299868957426546}",False,-0.36198452388777314
decision_close:veto_high:Q90:4.871,decision_close,veto_high,0.9,4.871000000000003,24,42,0.8888888888888888,0.875,"{'mean24': -0.2580950425956945, 'median24': -0.49230081043878426, 'win24': -1.3888888888888857, 'loss_reduction': -1.3888888888888893, 'q10': -0.31095571095571695}","{'mean24': 0.16982512713950104, 'median24': 0.08545720182742178, 'win24': 0.297619047619051, 'loss_reduction': 0.2976190476190492, 'q10': -0.20244420828905063}",False,-0.3636117481124015
h1_cmo_acc:veto_high:Q90:11.26673,h1_cmo_acc,veto_high,0.9,11.266730144875986,24,44,0.8888888888888888,0.9166666666666666,"{'mean24': -0.1161153564389652, 'median24': -0.20581229549973035, 'win24': -1.3888888888888857, 'loss_reduction': -1.3888888888888893, 'q10': -0.31095571095571695}","{'mean24': -0.2585337246507349, 'median24': -0.3799271143746119, 'win24': -1.3257575757575637, 'loss_reduction': -1.3257575757575744, 'q10': -0.16330145235564886}",False,-0.3640504301674419
causal_pre_ret_48h:veto_low:Q10:-14.012981,causal_pre_ret_48h,veto_low,0.1,-14.012981275699183,24,34,0.8888888888888888,0.7083333333333334,"{'mean24': -0.1966227205853519, 'median24': -0.20581229549973035, 'win24': -1.3888888888888857, 'loss_reduction': -1.3888888888888893, 'q10': -0.31095571095571695}","{'mean24': 0.07524066197074619, 'median24': -0.11029223888845374, 'win24': -3.0637254901960773, 'loss_reduction': -3.063725490196079, 'q10': -0.4299868957426546}",False,-0.36539395432493715
m15_cmo_acc:veto_low:Q20:11.630364,m15_cmo_acc,veto_low,0.2,11.630364130098721,21,43,0.7777777777777778,0.8958333333333334,"{'mean24': 0.8280407068589395, 'median24': 0.6732205822029602, 'win24': 6.349206349206341, 'loss_reduction': 6.349206349206349, 'q10': 0.6432214795851009}","{'mean24': -0.43166344083670216, 'median24': -0.3667266197034391, 'win24': 0.6298449612403232, 'loss_reduction': 0.6298449612403108, 'q10': 0.20749202975558045}",False,-0.3671935341730008
m15_roc12_acc:veto_high:Q80:1.6968058,m15_roc12_acc,veto_high,0.8,1.6968057960028382,21,29,0.7777777777777778,0.6041666666666666,"{'mean24': 0.4695813129388693, 'median24': 0.6732205822029602, 'win24': 1.5873015873015959, 'loss_reduction': 1.587301587301587, 'q10': 0.41460761460762263}","{'mean24': -0.12168577794691693, 'median24': -0.6017219630030879, 'win24': -6.106321839080451, 'loss_reduction': -6.10632183908046, 'q10': -0.49413177558909294}",False,-0.36734515862579936
h4_roc12:veto_low:Q10:-13.109054,h4_roc12,veto_low,0.1,-13.109054177387026,24,27,0.8888888888888888,0.5625,"{'mean24': -0.167721034161473, 'median24': -0.20581229549973035, 'win24': -1.3888888888888857, 'loss_reduction': -1.3888888888888893, 'q10': -0.31095571095571695}","{'mean24': 0.2340007285204604, 'median24': -0.3667266197034391, 'win24': -3.9351851851851762, 'loss_reduction': -3.935185185185185, 'q10': -0.4964726465268444}",False,-0.3705428994968878
causal_dd_high_4h:veto_low:Q10:-3.839186,causal_dd_high_4h,veto_low,0.1,-3.839185967220093,24,41,0.8888888888888888,0.8541666666666666,"{'mean24': 0.16084248679957724, 'median24': 0.3136084214666264, 'win24': 2.7777777777777715, 'loss_reduction': 2.7777777777777786, 'q10': 0.4831917741008661}","{'mean24': -0.2512127225930345, 'median24': -0.02477226172831193, 'win24': -2.4898373983739788, 'loss_reduction': -2.489837398373984, 'q10': -0.2857775416223852}",False,-0.37245385596611047
causal_dd_high_8h:veto_low:Q10:-3.839186,causal_dd_high_8h,veto_low,0.1,-3.839185967220093,24,41,0.8888888888888888,0.8541666666666666,"{'mean24': 0.16084248679957724, 'median24': 0.3136084214666264, 'win24': 2.7777777777777715, 'loss_reduction': 2.7777777777777786, 'q10': 0.4831917741008661}","{'mean24': -0.2512127225930345, 'median24': -0.02477226172831193, 'win24': -2.4898373983739788, 'loss_reduction': -2.489837398373984, 'q10': -0.2857775416223852}",False,-0.37245385596611047
btc1_roc12_d3:veto_high:Q90:0.91507115,btc1_roc12_d3,veto_high,0.9,0.9150711509786861,24,44,0.8888888888888888,0.9166666666666666,"{'mean24': 0.07894776385682833, 'median24': 0.6502187125681074, 'win24': -1.3888888888888857, 'loss_reduction': -1.3888888888888893, 'q10': -0.31095571095571695}","{'mean24': -0.2769841090103964, 'median24': -0.3799271143746119, 'win24': -1.3257575757575637, 'loss_reduction': -1.3257575757575744, 'q10': -0.16330145235564886}",False,-0.3825008145271034
btc4_ppo_hist_d3:veto_low:Q10:-0.35820254,btc4_ppo_hist_d3,veto_low,0.1,-0.3582025417879852,24,44,0.8888888888888888,0.9166666666666666,"{'mean24': -0.13589748388813216, 'median24': 0.10779612596689692, 'win24': -1.3888888888888857, 'loss_reduction': -1.3888888888888893, 'q10': -0.31095571095571695}","{'mean24': -0.2769841090103964, 'median24': -0.3799271143746119, 'win24': -1.3257575757575637, 'loss_reduction': -1.3257575757575744, 'q10': -0.16330145235564886}",False,-0.3825008145271034
m15_cmf_d1:veto_low:Q10:-0.011119422,m15_cmf_d1,veto_low,0.1,-0.01111942174061865,23,44,0.8518518518518519,0.9166666666666666,"{'mean24': -0.2403448079554007, 'median24': -0.41162459099946025, 'win24': -1.9323671497584485, 'loss_reduction': -1.9323671497584538, 'q10': -0.41460761460762274}","{'mean24': 0.12098065985441986, 'median24': 0.08545720182742178, 'win24': 0.9469696969697026, 'loss_reduction': 0.946969696969699, 'q10': 0.2500000000000022}",False,-0.38264405460247547
h4_vwap_dist_d1:veto_low:Q20:0.44811477,h4_vwap_dist_d1,veto_low,0.2,0.44811477220637563,21,44,0.7777777777777778,0.9166666666666666,"{'mean24': 0.4942600148999907, 'median24': 0.6732205822029602, 'win24': 1.5873015873015959, 'loss_reduction': 1.587301587301587, 'q10': 0.41460761460762263}","{'mean24': -0.31651393005660067, 'median24': -0.18417767365873638, 'win24': -1.3257575757575637, 'loss_reduction': -1.3257575757575744, 'q10': -0.16330145235564886}",False,-0.3838544446606644
h1_roc12_acc:veto_high:Q90:-0.98368412,h1_roc12_acc,veto_high,0.9,-0.9836841244215302,24,32,0.8888888888888888,0.6666666666666666,"{'mean24': -0.27942645795958665, 'median24': -0.49230081043878426, 'win24': -1.3888888888888857, 'loss_reduction': -1.3888888888888893, 'q10': -0.31095571095571695}","{'mean24': -0.12487778760508128, 'median24': 0.08545720182742178, 'win24': 5.208333333333343, 'loss_reduction': 5.208333333333334, 'q10': 0.8614408806302507}",False,-0.38494316347629365
m15_rvol20_d3:veto_high:Q90:0.26860867,m15_rvol20_d3,veto_high,0.9,0.26860866915321824,24,35,0.8888888888888888,0.7291666666666666,"{'mean24': -0.2861459001874844, 'median24': -0.49230081043878426, 'win24': -1.3888888888888857, 'loss_reduction': -1.3888888888888893, 'q10': -0.31095571095571695}","{'mean24': 0.3793897959758108, 'median24': 0.02477226172831193, 'win24': 6.011904761904773, 'loss_reduction': 6.011904761904763, 'q10': 0.9474419185887982}",False,-0.3916626057041914
h4_er10_d1:veto_low:Q10:-0.19788565,h4_er10_d1,veto_low,0.1,-0.197885650106476,24,30,0.8888888888888888,0.625,"{'mean24': -0.27406889441868776, 'median24': -0.49230081043878426, 'win24': -1.3888888888888857, 'loss_reduction': -1.3888888888888893, 'q10': -0.31095571095571695}","{'mean24': 0.9437018490059663, 'median24': 0.7883038378851182, 'win24': -2.0833333333333144, 'loss_reduction': -2.0833333333333304, 'q10': 0.08165072617782432}",False,-0.3934744888242836
h4_vwap_dist:veto_low:Q10:-18.184246,h4_vwap_dist,veto_low,0.1,-18.184246357424144,24,39,0.8888888888888888,0.8125,"{'mean24': -0.22986565849398977, 'median24': -0.49230081043878426, 'win24': -1.3888888888888857, 'loss_reduction': -1.3888888888888893, 'q10': -0.31095571095571695}","{'mean24': -0.28701770351802747, 'median24': 0.1461421419265312, 'win24': -0.801282051282044, 'loss_reduction': -0.8012820512820511, 'q10': -0.32698021422817647}",False,-0.39654053485284935
btc1_atr_pct_d1:veto_low:Q20:-0.005601473,btc1_atr_pct_d1,veto_low,0.2,-0.0056014730413165,20,44,0.7407407407407407,0.9166666666666666,"{'mean24': 0.35197554274936094, 'median24': 0.6502187125681074, 'win24': 1.1111111111111143, 'loss_reduction': 1.1111111111111107, 'q10': 0.5586740942672942}","{'mean24': -0.48074563896035283, 'median24': -0.1709771789875636, 'win24': 0.9469696969697026, 'loss_reduction': 0.946969696969699, 'q10': 0.2500000000000022}",False,-0.3993062450209583
btc1_di_spread_d1:veto_high:Q80:-2.8654545,btc1_di_spread_d1,veto_high,0.8,-2.865454465424332,20,44,0.7407407407407407,0.9166666666666666,"{'mean24': 0.35197554274936094, 'median24': 0.6502187125681074, 'win24': 1.1111111111111143, 'loss_reduction': 1.1111111111111107, 'q10': 0.5586740942672942}","{'mean24': -0.48074563896035283, 'median24': -0.1709771789875636, 'win24': 0.9469696969697026, 'loss_reduction': 0.946969696969699, 'q10': 0.2500000000000022}",False,-0.3993062450209583
btc1_vwap_dist_d3:veto_high:Q80:-0.5127919,btc1_vwap_dist_d3,veto_high,0.8,-0.5127919035668426,21,44,0.7777777777777778,0.9166666666666666,"{'mean24': 0.47474674245314485, 'median24': 0.6732205822029602, 'win24': 1.5873015873015959, 'loss_reduction': 1.587301587301587, 'q10': 0.6898502627315971}","{'mean24': -0.48074563896035283, 'median24': -0.1709771789875636, 'win24': 0.9469696969697026, 'loss_reduction': 0.946969696969699, 'q10': 0.2500000000000022}",False,-0.3993062450209583
btc1_vwap_dist_d3:veto_high:Q90:-0.39588033,btc1_vwap_dist_d3,veto_high,0.9,-0.3958803294875123,24,44,0.8888888888888888,0.9166666666666666,"{'mean24': 0.33645563578967286, 'median24': 0.3136084214666264, 'win24': 2.7777777777777715, 'loss_reduction': 2.7777777777777786, 'q10': 0.6572101145290498}","{'mean24': -0.48074563896035283, 'median24': -0.1709771789875636, 'win24': 0.9469696969697026, 'loss_reduction': 0.946969696969699, 'q10': 0.2500000000000022}",False,-0.3993062450209583
causal_dd_high_48h:veto_low:Q10:-17.63173,causal_dd_high_48h,veto_low,0.1,-17.631729940490057,24,36,0.8888888888888888,0.75,"{'mean24': -0.26169022556658517, 'median24': -0.49230081043878426, 'win24': -1.3888888888888857, 'loss_reduction': -1.3888888888888893, 'q10': -0.31095571095571695}","{'mean24': 0.11582787366116332, 'median24': -0.3799271143746119, 'win24': -2.0833333333333144, 'loss_reduction': -2.0833333333333304, 'q10': -0.38878422313686334}",False,-0.40055294801746766
m15_ppo_hist_d1:veto_high:Q90:0.071122755,m15_ppo_hist_d1,veto_high,0.9,0.071122755349814,24,27,0.8888888888888888,0.5625,"{'mean24': 0.07894776385682833, 'median24': 0.6502187125681074, 'win24': -1.3888888888888857, 'loss_reduction': -1.3888888888888893, 'q10': -0.31095571095571695}","{'mean24': -0.1575266361078307, 'median24': -0.6017219630030879, 'win24': -7.6388888888888715, 'loss_reduction': -7.6388888888888875, 'q10': -0.3681828868339677}",False,-0.4023501355941004
causal_dd_high_48h:veto_high:Q80:-9.4940225,causal_dd_high_48h,veto_high,0.8,-9.494022488246822,21,38,0.7777777777777778,0.7916666666666666,"{'mean24': -0.18444169469997584, 'median24': -0.41162459099946025, 'win24': -3.1746031746031775, 'loss_reduction': -3.174603174603174, 'q10': -0.6219114219114343}","{'mean24': 0.6996681748483708, 'median24': 0.24766160547180505, 'win24': 6.688596491228083, 'loss_reduction': 6.688596491228071, 'q10': 1.255517488017388}",False,-0.4034116136698979
m15_chop14_d1:veto_low:Q20:-0.17744746,m15_chop14_d1,veto_low,0.2,-0.17744746006900972,21,44,0.7777777777777778,0.9166666666666666,"{'mean24': 0.03830600683899288, 'median24': 0.6272168429332536, 'win24': -3.1746031746031775, 'loss_reduction': -3.174603174603174, 'q10': -0.6219114219114343}","{'mean24': -0.18772734903521204, 'median24': -0.19574944071587552, 'win24': -1.3257575757575637, 'loss_reduction': -1.3257575757575744, 'q10': -0.16330145235564886}",False,-0.4066972680051341
m15_roc4_acc:veto_low:Q10:0.47892317,m15_roc4_acc,veto_low,0.1,0.4789231658479687,24,45,0.8888888888888888,0.9375,"{'mean24': -0.3018606757129554, 'median24': -0.49230081043878426, 'win24': -1.3888888888888857, 'loss_reduction': -1.3888888888888893, 'q10': -0.31095571095571695}","{'mean24': -0.12352692663024811, 'median24': -0.02477226172831193, 'win24': -0.9722222222222143, 'loss_reduction': -0.9722222222222214, 'q10': -0.12247608926673648}",False,-0.4073773812296624
btc4_adx_acc:veto_low:Q20:-0.13174679,btc4_adx_acc,veto_low,0.2,-0.1317467873738564,21,43,0.7777777777777778,0.8958333333333334,"{'mean24': 0.3001397866442237, 'median24': 0.6909707528410136, 'win24': -3.1746031746031775, 'loss_reduction': -3.174603174603174, 'q10': -0.6219114219114343}","{'mean24': -0.19145394500241242, 'median24': -0.02477226172831193, 'win24': -1.695736434108511, 'loss_reduction': -1.695736434108527, 'q10': -0.2041268154445608}",False,-0.4104238639723345
h4_mfi_d3:veto_low:Q10:-6.6160978,h4_mfi_d3,veto_low,0.1,-6.616097762276319,24,40,0.8888888888888888,0.8333333333333334,"{'mean24': 0.24594916576223236, 'median24': 0.6502187125681074, 'win24': 2.7777777777777715, 'loss_reduction': 2.7777777777777786, 'q10': 0.6572101145290498}","{'mean24': -0.277624417931277, 'median24': -0.3799271143746119, 'win24': -2.916666666666657, 'loss_reduction': -2.916666666666666, 'q10': -0.30637887792528085}",False,-0.4125524707459306
h4_roc12_d3:veto_high:Q80:5.3574406,h4_roc12_d3,veto_high,0.8,5.357440617968083,21,42,0.7777777777777778,0.875,"{'mean24': -0.19399692163273308, 'median24': -0.41162459099946025, 'win24': -3.1746031746031775, 'loss_reduction': -3.174603174603174, 'q10': -0.6219114219114343}","{'mean24': 0.19674072125578235, 'median24': 0.0, 'win24': 0.297619047619051, 'loss_reduction': 0.2976190476190492, 'q10': 0.16498405951115858}",False,-0.41296684060265515
m15_donch_pos_acc:veto_high:Q80:0.38598109,m15_donch_pos_acc,veto_high,0.8,0.3859810885348303,21,36,0.7777777777777778,0.75,"{'mean24': 0.5099813268728943, 'median24': 0.6909707528410136, 'win24': 1.5873015873015959, 'loss_reduction': 1.587301587301587, 'q10': 0.41460761460762263}","{'mean24': -0.2200273872518248, 'median24': -0.45338532666884257, 'win24': -4.8611111111111, 'loss_reduction': -4.8611111111111125, 'q10': -0.38878422313686334}",False,-0.41444566525826293
causal_bounce_low_8h:veto_low:Q20:0.91104076,causal_bounce_low_8h,veto_low,0.2,0.9110407550323885,21,45,0.7777777777777778,0.9375,"{'mean24': -0.19562416226340718, 'median24': 0.0, 'win24': -3.1746031746031775, 'loss_reduction': -3.174603174603174, 'q10': -0.6219114219114343}","{'mean24': 0.3305462704443145, 'median24': 0.1461421419265312, 'win24': 3.4722222222222285, 'loss_reduction': 3.472222222222223, 'q10': 0.6569949161979637}",False,-0.41459408123332925
m15_mfi_d1:veto_low:Q20:-1.9325438,m15_mfi_d1,veto_low,0.2,-1.9325438142374423,21,37,0.7777777777777778,0.7708333333333334,"{'mean24': -0.19607678576136145, 'median24': 0.6272168429332536, 'win24': -3.1746031746031775, 'loss_reduction': -3.174603174603174, 'q10': -0.6219114219114343}","{'mean24': 0.09199797368614915, 'median24': 0.1461421419265312, 'win24': -1.6328828828828676, 'loss_reduction': -1.6328828828828836, 'q10': -0.3681828868339677}",False,-0.4150467047312835
btc1_rvol20:veto_low:Q10:0.50710096,btc1_rvol20,veto_low,0.1,0.5071009579814275,24,45,0.8888888888888888,0.9375,"{'mean24': 0.07894776385682833, 'median24': 0.6502187125681074, 'win24': -1.3888888888888857, 'loss_reduction': -1.3888888888888893, 'q10': -0.31095571095571695}","{'mean24': -0.3108913324258902, 'median24': 0.02477226172831193, 'win24': 1.2500000000000142, 'loss_reduction': 1.25, 'q10': 0.29250797024442443}",False,-0.4164080379425972
btc1_mfi_d1:veto_high:Q90:1.803023,btc1_mfi_d1,veto_high,0.9,1.8030229785020562,24,45,0.8888888888888888,0.9375,"{'mean24': 0.07894776385682833, 'median24': 0.6502187125681074, 'win24': -1.3888888888888857, 'loss_reduction': -1.3888888888888893, 'q10': -0.31095571095571695}","{'mean24': -0.3108913324258902, 'median24': 0.02477226172831193, 'win24': 1.2500000000000142, 'loss_reduction': 1.25, 'q10': 0.29250797024442443}",False,-0.4164080379425972
btc1_roc4_d3:veto_high:Q90:0.11608378,btc1_roc4_d3,veto_high,0.9,0.11608378461247673,24,45,0.8888888888888888,0.9375,"{'mean24': -0.13589748388813216, 'median24': 0.10779612596689692, 'win24': -1.3888888888888857, 'loss_reduction': -1.3888888888888893, 'q10': -0.31095571095571695}","{'mean24': -0.3108913324258902, 'median24': 0.02477226172831193, 'win24': 1.2500000000000142, 'loss_reduction': 1.25, 'q10': 0.29250797024442443}",False,-0.4164080379425972
causal_bounce_low_1h:veto_high:Q90:2.2836265,causal_bounce_low_1h,veto_high,0.9,2.2836264529765464,24,34,0.8888888888888888,0.7083333333333334,"{'mean24': -0.05138605208167135, 'median24': 0.3136084214666264, 'win24': -1.3888888888888857, 'loss_reduction': -1.3888888888888893, 'q10': -0.31095571095571695}","{'mean24': -0.18995099539466453, 'median24': -0.5576825036474942, 'win24': -6.004901960784309, 'loss_reduction': -6.004901960784311, 'q10': -0.4299868957426546}",False,-0.41754575854601444
causal_bounce_low_2h:veto_high:Q90:2.2836265,causal_bounce_low_2h,veto_high,0.9,2.2836264529765464,24,34,0.8888888888888888,0.7083333333333334,"{'mean24': -0.05138605208167135, 'median24': 0.3136084214666264, 'win24': -1.3888888888888857, 'loss_reduction': -1.3888888888888893, 'q10': -0.31095571095571695}","{'mean24': -0.18995099539466453, 'median24': -0.5576825036474942, 'win24': -6.004901960784309, 'loss_reduction': -6.004901960784311, 'q10': -0.4299868957426546}",False,-0.41754575854601444
m15_bb_width_acc:veto_low:Q10:-0.0024403474,m15_bb_width_acc,veto_low,0.1,-0.00244034744697524,24,37,0.8888888888888888,0.7708333333333334,"{'mean24': -0.050827043572359454, 'median24': 0.3136084214666264, 'win24': -1.3888888888888857, 'loss_reduction': -1.3888888888888893, 'q10': -0.31095571095571695}","{'mean24': -0.31305872932510903, 'median24': 0.02477226172831193, 'win24': 1.069819819819827, 'loss_reduction': 1.0698198198198199, 'q10': 0.3775239107332683}",False,-0.41857543484181603
h1_atr_pct:veto_high:Q90:3.4121467,h1_atr_pct,veto_high,0.9,3.4121466602537107,24,45,0.8888888888888888,0.9375,"{'mean24': -0.3131392301832885, 'median24': -0.49230081043878426, 'win24': -1.3888888888888857, 'loss_reduction': -1.3888888888888893, 'q10': -0.31095571095571695}","{'mean24': -0.12745999367555783, 'median24': -0.02477226172831193, 'win24': -0.9722222222222143, 'loss_reduction': -0.9722222222222214, 'q10': -0.12247608926673648}",False,-0.4186559356999955
h4_chop14:veto_high:Q80:44.555604,h4_chop14,veto_high,0.8,44.555603558237756,21,44,0.7777777777777778,0.9166666666666666,"{'mean24': 0.053934476408769694, 'median24': 0.6272168429332536, 'win24': 1.5873015873015959, 'loss_reduction': 1.587301587301587, 'q10': 0.41460761460762263}","{'mean24': -0.5012371009197487, 'median24': -0.19574944071587552, 'win24': 0.9469696969697026, 'loss_reduction': 0.946969696969699, 'q10': 0.2500000000000022}",False,-0.4197977069803542
m15_cmo:veto_high:Q90:3.5440977,m15_cmo,veto_high,0.9,3.544097693351474,24,44,0.8888888888888888,0.9166666666666666,"{'mean24': 0.26255911155691525, 'median24': 0.6502187125681074, 'win24': 2.7777777777777715, 'loss_reduction': 2.7777777777777786, 'q10': 0.4971804090448151}","{'mean24': -0.35580815862569226, 'median24': -0.3799271143746119, 'win24': -1.3257575757575637, 'loss_reduction': -1.3257575757575744, 'q10': -0.16330145235564886}",False,-0.42314867322975597
m15_adx_acc:veto_high:Q90:0.40252847,m15_adx_acc,veto_high,0.9,0.4025284656764504,24,44,0.8888888888888888,0.9166666666666666,"{'mean24': -0.02922783232365589, 'median24': 0.3136084214666264, 'win24': -1.3888888888888857, 'loss_reduction': -1.3888888888888893, 'q10': -0.31095571095571695}","{'mean24': -0.31858405741798457, 'median24': 0.0, 'win24': 0.9469696969697026, 'loss_reduction': 0.946969696969699, 'q10': -0.16330145235564886}",False,-0.42410076293469157
h1_atr_pct_d3:veto_low:Q20:-0.11945066,h1_atr_pct_d3,veto_low,0.2,-0.11945066077672133,21,44,0.7777777777777778,0.9166666666666666,"{'mean24': -0.12633952542648963, 'median24': -0.41162459099946025, 'win24': 1.5873015873015959, 'loss_reduction': 1.587301587301587, 'q10': 0.41460761460762263}","{'mean24': -0.3569341705224329, 'median24': -0.3799271143746119, 'win24': -1.3257575757575637, 'loss_reduction': -1.3257575757575744, 'q10': -0.16330145235564886}",False,-0.42427468512649663
h4_vwap_dist_d1:veto_low:Q10:0.20787739,h4_vwap_dist_d1,veto_low,0.1,0.20787738970324587,24,45,0.8888888888888888,0.9375,"{'mean24': 0.26179629692579853, 'median24': 0.6502187125681074, 'win24': -1.3888888888888857, 'loss_reduction': -1.3888888888888893, 'q10': -0.31095571095571695}","{'mean24': -0.32164761060394254, 'median24': -0.3667266197034391, 'win24': -0.9722222222222143, 'loss_reduction': -0.9722222222222214, 'q10': -0.12247608926673648}",False,-0.42716431612064953
h4_tsi_acc:veto_low:Q20:-0.00816505,h4_tsi_acc,veto_low,0.2,-0.00816505001005502,21,44,0.7777777777777778,0.9166666666666666,"{'mean24': 0.07717947566272665, 'median24': 0.6272168429332536, 'win24': -3.1746031746031775, 'loss_reduction': -3.174603174603174, 'q10': -0.6219114219114343}","{'mean24': -0.20876321165263034, 'median24': 0.0, 'win24': -1.3257575757575637, 'loss_reduction': -1.3257575757575744, 'q10': -0.16330145235564886}",False,-0.4277331306225524
h4_roc4:veto_low:Q10:-5.8996009,h4_roc4,veto_low,0.1,-5.899600943936156,24,36,0.8888888888888888,0.75,"{'mean24': 0.15830184058590646, 'median24': 0.6502187125681074, 'win24': 2.7777777777777715, 'loss_reduction': 2.7777777777777786, 'q10': 0.4831917741008661}","{'mean24': -0.2906539990331525, 'median24': -0.4974247860244363, 'win24': -2.0833333333333144, 'loss_reduction': -2.0833333333333304, 'q10': -0.38878422313686334}",False,-0.42951672148403497
m15_roc4:veto_low:Q20:-0.81403923,m15_roc4,veto_low,0.2,-0.8140392335888968,21,42,0.7777777777777778,0.875,"{'mean24': -0.21112966899703922, 'median24': 0.0, 'win24': -3.1746031746031775, 'loss_reduction': -3.174603174603174, 'q10': -0.6219114219114343}","{'mean24': 0.2933582472723062, 'median24': 0.184667291564256, 'win24': 5.059523809523824, 'loss_reduction': 5.05952380952381, 'q10': 0.8527256818435557}",False,-0.4300995879669613
causal_pre_ret_1h:veto_low:Q20:-0.81914417,causal_pre_ret_1h,veto_low,0.2,-0.8191441706943348,21,43,0.7777777777777778,0.8958333333333334,"{'mean24': -0.21112966899703922, 'median24': 0.0, 'win24': -3.1746031746031775, 'loss_reduction': -3.174603174603174, 'q10': -0.6219114219114343}","{'mean24': 0.5890447465394479, 'median24': 0.22319244120198034, 'win24': 7.606589147286826, 'loss_reduction': 7.606589147286822, 'q10': 1.1543047896526735}",False,-0.4300995879669613
m15_chop14_acc:veto_low:Q20:0.37813869,m15_chop14_acc,veto_low,0.2,0.3781386937352025,21,42,0.7777777777777778,0.875,"{'mean24': -0.2126313928763559, 'median24': 0.0, 'win24': -3.1746031746031775, 'loss_reduction': -3.174603174603174, 'q10': -0.6219114219114343}","{'mean24': -0.0729047073824014, 'median24': -0.19574944071587552, 'win24': 0.297619047619051, 'loss_reduction': 0.2976190476190492, 'q10': -0.24495217853347284}",False,-0.431601311846278
h4_rvol20_d1:veto_low:Q20:-0.43065199,h4_rvol20_d1,veto_low,0.2,-0.4306519896702841,21,27,0.7777777777777778,0.5625,"{'mean24': -0.20086683619353574, 'median24': -0.41162459099946025, 'win24': -3.1746031746031775, 'loss_reduction': -3.174603174603174, 'q10': -0.6219114219114343}","{'mean24': -0.1246608657022823, 'median24': -0.5136430442919004, 'win24': -3.9351851851851762, 'loss_reduction': -3.935185185185185, 'q10': -0.4964726465268444}",False,-0.43504839537509804
h4_donch_pos_d1:veto_low:Q20:0.017872471,h4_donch_pos_d1,veto_low,0.2,0.0178724711634146,21,42,0.7777777777777778,0.875,"{'mean24': 0.6339143677086327, 'median24': 0.6909707528410136, 'win24': 1.5873015873015959, 'loss_reduction': 1.587301587301587, 'q10': 0.41460761460762263}","{'mean24': -0.33666539837320064, 'median24': -0.18417767365873638, 'win24': -2.0833333333333144, 'loss_reduction': -2.0833333333333304, 'q10': -0.24495217853347284}",False,-0.4395701096732355
m15_donch_pos_d3:veto_low:Q10:0.020163678,m15_donch_pos_d3,veto_low,0.1,0.02016367835097736,24,44,0.8888888888888888,0.9166666666666666,"{'mean24': -0.33618592425423977, 'median24': -0.49230081043878426, 'win24': -1.3888888888888857, 'loss_reduction': -1.3888888888888893, 'q10': -0.31095571095571695}","{'mean24': 0.2481747235743863, 'median24': 0.0, 'win24': 3.219696969696983, 'loss_reduction': 3.2196969696969706, 'q10': 0.6296351350762117}",False,-0.44170262977094676
h4_chop14_d3:veto_low:Q10:-1.3506726,h4_chop14_d3,veto_low,0.1,-1.3506726129437734,24,33,0.8888888888888888,0.6875,"{'mean24': -0.04519266081517159, 'median24': 0.10779612596689692, 'win24': -1.3888888888888857, 'loss_reduction': -1.3888888888888893, 'q10': -0.31095571095571695}","{'mean24': -0.2571936227550533, 'median24': -0.5136430442919004, 'win24': -3.59848484848483, 'loss_reduction': -3.5984848484848495, 'q10': -0.4505882320455502}",False,-0.44181037773613785
m15_di_spread:veto_high:Q80:1.8330389,m15_di_spread,veto_high,0.8,1.8330389123992947,21,41,0.7777777777777778,0.8541666666666666,"{'mean24': 0.4470577993218052, 'median24': 0.6732205822029602, 'win24': 1.5873015873015959, 'loss_reduction': 1.587301587301587, 'q10': 0.6432214795851009}","{'mean24': -0.3744175760459125, 'median24': -0.02477226172831193, 'win24': -0.05081300813007772, 'loss_reduction': -0.050813008130079496, 'q10': -0.2857775416223852}",False,-0.4468782216141104
h4_ppo_hist_acc:veto_low:Q20:0.017175434,h4_ppo_hist_acc,veto_low,0.2,0.01717543378937214,21,45,0.7777777777777778,0.9375,"{'mean24': -0.16424229437347782, 'median24': 0.0, 'win24': -3.1746031746031775, 'loss_reduction': -3.174603174603174, 'q10': -0.6219114219114343}","{'mean24': -0.23421156718906788, 'median24': -0.02477226172831193, 'win24': -0.9722222222222143, 'loss_reduction': -0.9722222222222214, 'q10': -0.12247608926673648}",False,-0.45318148615898995
h1_adx_d3:veto_low:Q20:-3.8775168,h1_adx_d3,veto_low,0.2,-3.8775168177438877,21,36,0.7777777777777778,0.75,"{'mean24': -0.23801030646760157, 'median24': -0.41162459099946025, 'win24': -3.1746031746031775, 'loss_reduction': -3.174603174603174, 'q10': -0.6219114219114343}","{'mean24': 0.5753688406782103, 'median24': 0.14845151573497084, 'win24': 3.4722222222222285, 'loss_reduction': 3.472222222222223, 'q10': 0.2676880306530448}",False,-0.45698022543752365
h1_cmo_acc:veto_high:Q80:8.0957914,h1_cmo_acc,veto_high,0.8,8.095791362828042,21,40,0.7777777777777778,0.8333333333333334,"{'mean24': -0.24243000377801893, 'median24': -0.41162459099946025, 'win24': -3.1746031746031775, 'loss_reduction': -3.174603174603174, 'q10': -0.6219114219114343}","{'mean24': -0.21223256886490205, 'median24': -0.3799271143746119, 'win24': -0.4166666666666572, 'loss_reduction': -0.4166666666666661, 'q10': -0.30637887792528085}",False,-0.461399922747941
h4_atr_pct_acc:veto_high:Q80:-0.010889768,h4_atr_pct_acc,veto_high,0.8,-0.010889767551588159,21,42,0.7777777777777778,0.875,"{'mean24': 0.25040051171717126, 'median24': 0.6272168429332536, 'win24': 1.5873015873015959, 'loss_reduction': 1.587301587301587, 'q10': 0.41460761460762263}","{'mean24': -0.5099267081359984, 'median24': -0.3799271143746119, 'win24': 0.297619047619051, 'loss_reduction': 0.2976190476190492, 'q10': 0.16498405951115858}",False,-0.4627283123058277
m15_cmf_d3:veto_high:Q80:0.074077763,m15_cmf_d3,veto_high,0.8,0.0740777625691373,20,45,0.7407407407407407,0.9375,"{'mean24': 0.3038040879285191, 'median24': 0.6820956675219874, 'win24': -3.8888888888888857, 'loss_reduction': -3.8888888888888893, 'q10': -1.0088325580716027}","{'mean24': -0.13333034284777456, 'median24': 0.02477226172831193, 'win24': -0.9722222222222143, 'loss_reduction': -0.9722222222222214, 'q10': -0.12247608926673648}",False,-0.463316260143453
h1_roc12_acc:veto_high:Q80:-1.3153912,h1_roc12_acc,veto_high,0.8,-1.3153911951786321,21,30,0.7777777777777778,0.625,"{'mean24': -0.13987670209840886, 'median24': 0.6272168429332536, 'win24': -3.1746031746031775, 'loss_reduction': -3.174603174603174, 'q10': -0.6219114219114343}","{'mean24': -0.24488368608126132, 'median24': 0.08545720182742178, 'win24': 4.583333333333343, 'loss_reduction': 4.583333333333334, 'q10': 0.793793821806723}",False,-0.4638536050511834
m15_rvol20_d3:veto_low:Q10:-1.6452673,m15_rvol20_d3,veto_low,0.1,-1.6452672607453827,24,43,0.8888888888888888,0.8958333333333334,"{'mean24': -0.10743320461414285, 'median24': -0.20581229549973035, 'win24': -1.3888888888888857, 'loss_reduction': -1.3888888888888893, 'q10': -0.31095571095571695}","{'mean24': -0.3591670477196227, 'median24': -0.02477226172831193, 'win24': 0.6298449612403232, 'loss_reduction': 0.6298449612403108, 'q10': 0.20749202975558045}",False,-0.4646837532363297
m15_bb_pctb:veto_low:Q20:0.18277367,m15_bb_pctb,veto_low,0.2,0.18277367399215128,21,44,0.7777777777777778,0.9166666666666666,"{'mean24': -0.24651787545716752, 'median24': 0.0, 'win24': -3.1746031746031775, 'loss_reduction': -3.174603174603174, 'q10': -0.6219114219114343}","{'mean24': 0.30229245472477073, 'median24': 0.184667291564256, 'win24': 3.219696969696983, 'loss_reduction': 3.2196969696969706, 'q10': 0.6296351350762117}",False,-0.4654877944270896
btc4_rvol20_acc:veto_high:Q90:0.70533909,btc4_rvol20_acc,veto_high,0.9,0.7053390930150392,24,40,0.8888888888888888,0.8333333333333334,"{'mean24': -0.1480117481530554, 'median24': 0.10779612596689692, 'win24': -1.3888888888888857, 'loss_reduction': -1.3888888888888893, 'q10': -0.31095571095571695}","{'mean24': -0.3314280569117689, 'median24': -0.45338532666884257, 'win24': -2.916666666666657, 'loss_reduction': -2.916666666666666, 'q10': -0.30637887792528085}",False,-0.46750031798403147
m15_ppo_hist:veto_low:Q20:-0.3671266,m15_ppo_hist,veto_low,0.2,-0.3671265960252605,21,45,0.7777777777777778,0.9375,"{'mean24': -0.1616610292859577, 'median24': 0.6272168429332536, 'win24': -3.1746031746031775, 'loss_reduction': -3.174603174603174, 'q10': -0.6219114219114343}","{'mean24': -0.2526093495738917, 'median24': -0.3667266197034391, 'win24': -0.9722222222222143, 'loss_reduction': -0.9722222222222214, 'q10': -0.12247608926673648}",False,-0.47157926854381377
h1_ppo_hist_d1:veto_low:Q20:-0.25725154,h1_ppo_hist_d1,veto_low,0.2,-0.2572515389420932,21,45,0.7777777777777778,0.9375,"{'mean24': -0.1616610292859577, 'median24': 0.6272168429332536, 'win24': -3.1746031746031775, 'loss_reduction': -3.174603174603174, 'q10': -0.6219114219114343}","{'mean24': -0.2526093495738917, 'median24': -0.3667266197034391, 'win24': -0.9722222222222143, 'loss_reduction': -0.9722222222222214, 'q10': -0.12247608926673648}",False,-0.47157926854381377
m15_di_spread:veto_high:Q90:3.2501346,m15_di_spread,veto_high,0.9,3.2501345717978976,24,42,0.8888888888888888,0.875,"{'mean24': -0.02922783232365589, 'median24': 0.3136084214666264, 'win24': -1.3888888888888857, 'loss_reduction': -1.3888888888888893, 'q10': -0.31095571095571695}","{'mean24': -0.3663281288318916, 'median24': 0.0, 'win24': 0.297619047619051, 'loss_reduction': 0.2976190476190492, 'q10': -0.24495217853347284}",False,-0.4718448343485986
h1_rvol20_acc:veto_high:Q90:0.77603882,h1_rvol20_acc,veto_high,0.9,0.7760388180032313,24,39,0.8888888888888888,0.8125,"{'mean24': 0.24855413319268127, 'median24': 0.3136084214666264, 'win24': 2.7777777777777715, 'loss_reduction': 2.7777777777777786, 'q10': 0.4831917741008661}","{'mean24': -0.46614437450354496, 'median24': -0.02477226172831193, 'win24': -0.801282051282044, 'loss_reduction': -0.8012820512820511, 'q10': 0.04082536308891216}",False,-0.47196367475695794
h1_adx:veto_low:Q20:23.105997,h1_adx,veto_low,0.2,23.10599742960822,21,38,0.7777777777777778,0.7916666666666666,"{'mean24': -0.25320138944621107, 'median24': -0.41162459099946025, 'win24': -3.1746031746031775, 'loss_reduction': -3.174603174603174, 'q10': -0.6219114219114343}","{'mean24': 0.016949755436292513, 'median24': 0.24766160547180505, 'win24': 4.057017543859658, 'loss_reduction': 4.057017543859651, 'q10': 0.7390742595632191}",False,-0.47217130841613314
h4_adx_acc:veto_low:Q20:-0.23477264,h4_adx_acc,veto_low,0.2,-0.23477263601179885,21,33,0.7777777777777778,0.6875,"{'mean24': -0.25468526859381946, 'median24': -0.41162459099946025, 'win24': -3.1746031746031775, 'loss_reduction': -3.174603174603174, 'q10': -0.6219114219114343}","{'mean24': -0.04358452263062329, 'median24': 0.02477226172831193, 'win24': 2.462121212121218, 'loss_reduction': 2.462121212121213, 'q10': -0.0643913127122131}",False,-0.47365518756374153
h1_er10:veto_high:Q80:0.26956012,h1_er10,veto_high,0.8,0.2695601235488339,21,36,0.7777777777777778,0.75,"{'mean24': -0.2556925676148123, 'median24': -0.41162459099946025, 'win24': -3.1746031746031775, 'loss_reduction': -3.174603174603174, 'q10': -0.6219114219114343}","{'mean24': 0.3231901928110217, 'median24': 0.184667291564256, 'win24': 3.4722222222222285, 'loss_reduction': 3.472222222222223, 'q10': 0.6843546973197154}",False,-0.47466248658473437
btc1_mfi_acc:veto_high:Q80:3.5878474,btc1_mfi_acc,veto_high,0.8,3.5878473625193728,21,41,0.7777777777777778,0.8541666666666666,"{'mean24': 0.3001397866442237, 'median24': 0.6909707528410136, 'win24': -3.1746031746031775, 'loss_reduction': -3.174603174603174, 'q10': -0.6219114219114343}","{'mean24': -0.2610644881470403, 'median24': 0.02477226172831193, 'win24': -0.05081300813007772, 'loss_reduction': -0.050813008130079496, 'q10': 0.12247608926673637}",False,-0.4800344071169624
h1_cmo_d1:veto_high:Q80:5.9298357,h1_cmo_d1,veto_high,0.8,5.929835728764691,21,44,0.7777777777777778,0.9166666666666666,"{'mean24': -0.26426795540302006, 'median24': -0.5729770298781083, 'win24': -3.1746031746031775, 'loss_reduction': -3.174603174603174, 'q10': -0.6219114219114343}","{'mean24': 0.036450420252111204, 'median24': 0.0, 'win24': -1.3257575757575637, 'loss_reduction': -1.3257575757575744, 'q10': -0.16330145235564886}",False,-0.48323787437294213
m15_adx_acc:veto_high:Q80:-0.053802939,m15_adx_acc,veto_high,0.8,-0.053802939058235834,21,40,0.7777777777777778,0.8333333333333334,"{'mean24': 0.37431675876264947, 'median24': 0.6272168429332536, 'win24': 1.5873015873015959, 'loss_reduction': 1.587301587301587, 'q10': 0.6432214795851009}","{'mean24': -0.3997647182357542, 'median24': -0.19574944071587552, 'win24': -0.4166666666666572, 'loss_reduction': -0.4166666666666661, 'q10': -0.30637887792528085}",False,-0.48469277105040776
h4_chop14_d3:veto_high:Q80:5.6238879,h4_chop14_d3,veto_high,0.8,5.623887858181115,21,44,0.7777777777777778,0.9166666666666666,"{'mean24': -0.26704511998735336, 'median24': -0.41162459099946025, 'win24': -3.1746031746031775, 'loss_reduction': -3.174603174603174, 'q10': -0.6219114219114343}","{'mean24': 0.01210230160128889, 'median24': 0.08545720182742178, 'win24': 0.9469696969697026, 'loss_reduction': 0.946969696969699, 'q10': 0.2500000000000022}",False,-0.48601503895727544
h4_di_spread_d1:veto_high:Q90:3.8691163,h4_di_spread_d1,veto_high,0.9,3.869116336387578,24,42,0.8888888888888888,0.875,"{'mean24': 0.14015268389569613, 'median24': -0.20581229549973035, 'win24': 2.7777777777777715, 'loss_reduction': 2.7777777777777786, 'q10': 0.4831917741008661}","{'mean24': -0.3921721932249076, 'median24': 0.0, 'win24': -2.0833333333333144, 'loss_reduction': -2.0833333333333304, 'q10': -0.24495217853347284}",False,-0.49507690452494246
h4_vwap_dist_d3:veto_low:Q10:-0.84895629,h4_vwap_dist_d3,veto_low,0.1,-0.8489562887588495,24,40,0.8888888888888888,0.8333333333333334,"{'mean24': 0.23642358805483799, 'median24': 0.6502187125681074, 'win24': 2.7777777777777715, 'loss_reduction': 2.7777777777777786, 'q10': 0.4971804090448151}","{'mean24': -0.365432021963338, 'median24': -0.3799271143746119, 'win24': -2.916666666666657, 'loss_reduction': -2.916666666666666, 'q10': -0.30637887792528085}",False,-0.5003600747779916
h1_mfi_d1:veto_high:Q80:2.4605483,h1_mfi_d1,veto_high,0.8,2.4605483016448004,21,38,0.7777777777777778,0.7916666666666666,"{'mean24': -0.28222769886070065, 'median24': -0.5729770298781083, 'win24': -3.1746031746031775, 'loss_reduction': -3.174603174603174, 'q10': -0.6219114219114343}","{'mean24': 0.13694377115541512, 'median24': 0.08545720182742178, 'win24': -1.2061403508771917, 'loss_reduction': -1.2061403508771917, 'q10': -0.3475815505310721}",False,-0.5011976178306227
h1_er10_acc:veto_low:Q20:-0.38806804,h1_er10_acc,veto_low,0.2,-0.3880680367577378,21,43,0.7777777777777778,0.8958333333333334,"{'mean24': -0.28292554793585145, 'median24': -0.41162459099946025, 'win24': -3.1746031746031775, 'loss_reduction': -3.174603174603174, 'q10': -0.6219114219114343}","{'mean24': -0.1817870036798217, 'median24': -0.02477226172831193, 'win24': -1.695736434108511, 'loss_reduction': -1.695736434108527, 'q10': -0.2041268154445608}",False,-0.5018954669057735
m15_cmo_d3:veto_high:Q90:14.437457,m15_cmo_d3,veto_high,0.9,14.437457279562565,24,43,0.8888888888888888,0.8958333333333334,"{'mean24': 0.36537819889479817, 'median24': 0.6502187125681074, 'win24': 2.7777777777777715, 'loss_reduction': 2.7777777777777786, 'q10': 0.8494415978287041}","{'mean24': -0.42102196188319096, 'median24': -0.3931276090457847, 'win24': -1.695736434108511, 'loss_reduction': -1.695736434108527, 'q10': -0.2041268154445608}",False,-0.5059683944265017
btc1_di_spread_acc:veto_high:Q80:-2.0793011,btc1_di_spread_acc,veto_high,0.8,-2.079301139547482,20,43,0.7407407407407407,0.8958333333333334,"{'mean24': -0.08917605814395912, 'median24': 0.6502187125681074, 'win24': -3.8888888888888857, 'loss_reduction': -3.8888888888888893, 'q10': -1.0088325580716027}","{'mean24': -0.17847550830193004, 'median24': -0.3667266197034391, 'win24': 0.6298449612403232, 'loss_reduction': 0.6298449612403108, 'q10': 0.20749202975558045}",False,-0.5084614255976085
m15_cmo_d3:veto_low:Q10:-31.666667,m15_cmo_d3,veto_low,0.1,-31.666666666666632,24,28,0.8888888888888888,0.5833333333333334,"{'mean24': -0.24807172520205434, 'median24': -0.20581229549973035, 'win24': -1.3888888888888857, 'loss_reduction': -1.3888888888888893, 'q10': -0.31095571095571695}","{'mean24': 0.05215676808654557, 'median24': -0.6990163726185883, 'win24': -6.845238095238088, 'loss_reduction': -6.845238095238093, 'q10': -0.4953022110579687}",False,-0.5088020398713083
h1_bb_width_d3:veto_low:Q20:-0.060409014,h1_bb_width_d3,veto_low,0.2,-0.060409014491717115,21,42,0.7777777777777778,0.875,"{'mean24': -0.29339593202586434, 'median24': 0.0, 'win24': -3.1746031746031775, 'loss_reduction': -3.174603174603174, 'q10': -0.6219114219114343}","{'mean24': -0.2048012658136611, 'median24': -0.3799271143746119, 'win24': 0.297619047619051, 'loss_reduction': 0.2976190476190492, 'q10': -0.20244420828905063}",False,-0.5123658509957864
h4_roc12_d1:veto_low:Q20:0.36354379,h4_roc12_d1,veto_low,0.2,0.3635437852833492,21,40,0.7777777777777778,0.8333333333333334,"{'mean24': 0.3113045615040555, 'median24': 0.6272168429332536, 'win24': 1.5873015873015959, 'loss_reduction': 1.587301587301587, 'q10': 0.6898502627315971}","{'mean24': -0.5290217943965745, 'median24': -0.45338532666884257, 'win24': -0.4166666666666572, 'loss_reduction': -0.4166666666666661, 'q10': 0.08165072617782432}",False,-0.5169424461854517
h1_tsi_d1:veto_high:Q80:0.22908923,h1_tsi_d1,veto_high,0.8,0.22908922535927617,21,27,0.7777777777777778,0.5625,"{'mean24': -0.2853995380806804, 'median24': -0.41162459099946025, 'win24': -3.1746031746031775, 'loss_reduction': -3.174603174603174, 'q10': -0.6219114219114343}","{'mean24': 0.38889008847075335, 'median24': -0.02477226172831193, 'win24': -3.9351851851851762, 'loss_reduction': -3.935185185185185, 'q10': -0.4964726465268444}",False,-0.5195810972622427
h4_donch_pos_d3:veto_high:Q80:0.25978713,h4_donch_pos_d3,veto_high,0.8,0.2597871276637398,21,45,0.7777777777777778,0.9375,"{'mean24': -0.30212515136150797, 'median24': -0.41162459099946025, 'win24': -3.1746031746031775, 'loss_reduction': -3.174603174603174, 'q10': -0.6219114219114343}","{'mean24': 0.0634340098464734, 'median24': 0.02477226172831193, 'win24': -0.9722222222222143, 'loss_reduction': -0.9722222222222214, 'q10': -0.12247608926673648}",False,-0.52109507033143
m15_cmo_acc:veto_high:Q90:33.911682,m15_cmo_acc,veto_high,0.9,33.91168186832278,24,32,0.8888888888888888,0.6666666666666666,"{'mean24': -0.33271252711936183, 'median24': -0.49230081043878426, 'win24': -1.3888888888888857, 'loss_reduction': -1.3888888888888893, 'q10': -0.31095571095571695}","{'mean24': 0.5035669440703976, 'median24': 0.184667291564256, 'win24': -4.166666666666657, 'loss_reduction': -4.166666666666666, 'q10': -0.43036420525953367}",False,-0.5236369117675786
m15_di_spread:veto_low:Q20:-10.695204,m15_di_spread,veto_low,0.2,-10.695203751543715,21,42,0.7777777777777778,0.875,"{'mean24': -0.30749536200996985, 'median24': -0.41162459099946025, 'win24': -3.1746031746031775, 'loss_reduction': -3.174603174603174, 'q10': -0.6219114219114343}","{'mean24': 0.14716566724861302, 'median24': 0.08545720182742178, 'win24': 0.297619047619051, 'loss_reduction': 0.2976190476190492, 'q10': 0.16498405951115858}",False,-0.5264652809798919
h4_bb_pctb_d3:veto_high:Q80:0.25334706,h4_bb_pctb_d3,veto_high,0.8,0.25334705787758866,21,30,0.7777777777777778,0.625,"{'mean24': -0.3126326044894001, 'median24': -0.41162459099946025, 'win24': -3.1746031746031775, 'loss_reduction': -3.174603174603174, 'q10': -0.6219114219114343}","{'mean24': 0.46376973583765, 'median24': 0.2413268369616306, 'win24': -2.0833333333333144, 'loss_reduction': -2.0833333333333304, 'q10': -0.4929613401202172}",False,-0.5316025234593221
h1_cmo_d3:veto_high:Q80:10.306494,h1_cmo_d3,veto_high,0.8,10.306494243986391,21,27,0.7777777777777778,0.5625,"{'mean24': -0.2982164738540982, 'median24': -0.5729770298781083, 'win24': -3.1746031746031775, 'loss_reduction': -3.174603174603174, 'q10': -0.6219114219114343}","{'mean24': 0.12509527684184052, 'median24': -0.6017219630030879, 'win24': -3.9351851851851762, 'loss_reduction': -3.935185185185185, 'q10': -0.4964726465268444}",False,-0.5323980330356605
h1_roc4_d3:veto_low:Q10:-3.8033974,h1_roc4_d3,veto_low,0.1,-3.8033974029573465,24,35,0.8888888888888888,0.7291666666666666,"{'mean24': 0.16084248679957724, 'median24': 0.3136084214666264, 'win24': 2.7777777777777715, 'loss_reduction': 2.7777777777777786, 'q10': 0.4831917741008661}","{'mean24': -0.3226368992497317, 'median24': -0.5136430442919004, 'win24': -5.416666666666657, 'loss_reduction': -5.416666666666666, 'q10': -0.40938555943975896}",False,-0.5333166224430047
h4_er10_d3:veto_low:Q20:-0.36933103,h4_er10_d3,veto_low,0.2,-0.3693310331893445,21,43,0.7777777777777778,0.8958333333333334,"{'mean24': -0.31541971272921554, 'median24': -0.5729770298781083, 'win24': -3.1746031746031775, 'loss_reduction': -3.174603174603174, 'q10': -0.6219114219114343}","{'mean24': -0.025251395276496336, 'median24': -0.02477226172831193, 'win24': -1.695736434108511, 'loss_reduction': -1.695736434108527, 'q10': -0.2041268154445608}",False,-0.5343896316991376
btc1_roc4_acc:veto_high:Q90:-0.21859608,btc1_roc4_acc,veto_high,0.9,-0.2185960781066365,23,43,0.8518518518518519,0.8958333333333334,"{'mean24': 0.43879358408601465, 'median24': 0.6732205822029602, 'win24': 2.4154589371980677, 'loss_reduction': 2.4154589371980677, 'q10': 0.6525472362144001}","{'mean24': -0.449999975617394, 'median24': -0.3931276090457847, 'win24': -1.695736434108511, 'loss_reduction': -1.695736434108527, 'q10': -0.2041268154445608}",False,-0.5349464081607047
btc4_mfi_acc:veto_high:Q80:2.7032298,btc4_mfi_acc,veto_high,0.8,2.7032297847574114,20,43,0.7407407407407407,0.8958333333333334,"{'mean24': 0.8132557449560953, 'median24': 0.6820956675219874, 'win24': 6.111111111111114, 'loss_reduction': 6.111111111111111, 'q10': 2.6874075609480608}","{'mean24': -0.449999975617394, 'median24': -0.3931276090457847, 'win24': -1.695736434108511, 'loss_reduction': -1.695736434108527, 'q10': -0.2041268154445608}",False,-0.5349464081607047
btc4_mfi_acc:veto_high:Q90:2.8130186,btc4_mfi_acc,veto_high,0.9,2.813018610791403,22,43,0.8148148148148148,0.8958333333333334,"{'mean24': 0.25230687481814007, 'median24': 0.6502187125681074, 'win24': 2.0202020202020208, 'loss_reduction': 2.020202020202019, 'q10': 0.43746900110537046}","{'mean24': -0.449999975617394, 'median24': -0.3931276090457847, 'win24': -1.695736434108511, 'loss_reduction': -1.695736434108527, 'q10': -0.2041268154445608}",False,-0.5349464081607047
h1_donch_pos_acc:veto_low:Q20:-0.18883643,h1_donch_pos_acc,veto_low,0.2,-0.18883643312623566,21,32,0.7777777777777778,0.6666666666666666,"{'mean24': -0.3293903812210921, 'median24': -0.41162459099946025, 'win24': -3.1746031746031775, 'loss_reduction': -3.174603174603174, 'q10': -0.6219114219114343}","{'mean24': 1.0089392906124721, 'median24': 0.4208788341209413, 'win24': 8.333333333333343, 'loss_reduction': 8.333333333333334, 'q10': 1.8521975085601516}",False,-0.5483603001910141
h1_chop14:veto_high:Q80:58.865962,h1_chop14,veto_high,0.8,58.86596176463657,21,33,0.7777777777777778,0.6875,"{'mean24': -0.17487867758431763, 'median24': 0.0, 'win24': -3.1746031746031775, 'loss_reduction': -3.174603174603174, 'q10': -0.6219114219114343}","{'mean24': -0.3295972567348726, 'median24': -0.3667266197034391, 'win24': -0.568181818181813, 'loss_reduction': -0.5681818181818183, 'q10': 0.20749202975558045}",False,-0.5485671757047946
h1_atr_pct:veto_high:Q80:3.137375,h1_atr_pct,veto_high,0.8,3.1373749848405876,21,37,0.7777777777777778,0.7708333333333334,"{'mean24': -0.32980646459831187, 'median24': -0.41162459099946025, 'win24': -3.1746031746031775, 'loss_reduction': -3.174603174603174, 'q10': -0.6219114219114343}","{'mean24': 0.030653233886477782, 'median24': 0.02477226172831193, 'win24': 1.069819819819827, 'loss_reduction': 1.0698198198198199, 'q10': 0.13181711316603717}",False,-0.5487763835682339
h4_er10_d3:veto_high:Q80:-0.011152264,h4_er10_d3,veto_high,0.8,-0.011152264005497806,21,41,0.7777777777777778,0.8541666666666666,"{'mean24': 0.4566029205084625, 'median24': 0.6732205822029602, 'win24': 6.349206349206341, 'loss_reduction': 6.349206349206349, 'q10': 0.6898502627315971}","{'mean24': -0.42944423862773284, 'median24': -0.3931276090457847, 'win24': -2.4898373983739788, 'loss_reduction': -2.489837398373984, 'q10': -0.2857775416223852}",False,-0.5506853720008088
h4_er10_d3:veto_high:Q90:0.044536197,h4_er10_d3,veto_high,0.9,0.044536196782663365,24,41,0.8888888888888888,0.8541666666666666,"{'mean24': 0.2678659206923877, 'median24': 0.3136084214666264, 'win24': 2.7777777777777715, 'loss_reduction': 2.7777777777777786, 'q10': 0.4971804090448151}","{'mean24': -0.42944423862773284, 'median24': -0.3931276090457847, 'win24': -2.4898373983739788, 'loss_reduction': -2.489837398373984, 'q10': -0.2857775416223852}",False,-0.5506853720008088
m15_adx:veto_high:Q80:28.180347,m15_adx,veto_high,0.8,28.180347212674974,21,45,0.7777777777777778,0.9375,"{'mean24': -0.33965011273547274, 'median24': -0.41162459099946025, 'win24': -3.1746031746031775, 'loss_reduction': -3.174603174603174, 'q10': -0.6219114219114343}","{'mean24': -0.071063656075109, 'median24': -0.02477226172831193, 'win24': 1.2500000000000142, 'loss_reduction': 1.25, 'q10': 0.29250797024442443}",False,-0.5586200317053948
m15_cmo_d3:veto_high:Q80:5.2820333,m15_cmo_d3,veto_high,0.8,5.282033306908096,21,42,0.7777777777777778,0.875,"{'mean24': 0.7522936842446328, 'median24': 0.6909707528410136, 'win24': 6.349206349206341, 'loss_reduction': 6.349206349206349, 'q10': 1.8640542253445598}","{'mean24': -0.45581961321038333, 'median24': -0.45338532666884257, 'win24': -2.0833333333333144, 'loss_reduction': -2.0833333333333304, 'q10': -0.24495217853347284}",False,-0.5587243245104182
btc1_roc12_d1:veto_high:Q90:-0.18940822,btc1_roc12_d1,veto_high,0.9,-0.1894082152207297,24,43,0.8888888888888888,0.8958333333333334,"{'mean24': -0.1480117481530554, 'median24': 0.10779612596689692, 'win24': -1.3888888888888857, 'loss_reduction': -1.3888888888888893, 'q10': -0.31095571095571695}","{'mean24': -0.449999975617394, 'median24': -0.3931276090457847, 'win24': -1.695736434108511, 'loss_reduction': -1.695736434108527, 'q10': -0.2041268154445608}",False,-0.5616536320384937
m15_chop14_d3:veto_low:Q20:-3.8469418,m15_chop14_d3,veto_low,0.2,-3.846941821270131,21,38,0.7777777777777778,0.7916666666666666,"{'mean24': -0.34662446062700925, 'median24': -0.41162459099946025, 'win24': -3.1746031746031775, 'loss_reduction': -3.174603174603174, 'q10': -0.6219114219114343}","{'mean24': 0.4637131196548294, 'median24': 0.184667291564256, 'win24': 4.057017543859658, 'loss_reduction': 4.057017543859651, 'q10': 0.7390742595632191}",False,-0.5655943795969314
causal_pre_ret_1h:veto_high:Q90:0.71252343,causal_pre_ret_1h,veto_high,0.9,0.7125234285187179,24,31,0.8888888888888888,0.6458333333333334,"{'mean24': 0.23642358805483799, 'median24': 0.6502187125681074, 'win24': 2.7777777777777715, 'loss_reduction': 2.7777777777777786, 'q10': 0.4971804090448151}","{'mean24': -0.3476384618889785, 'median24': -1.0313061255337375, 'win24': -4.771505376344081, 'loss_reduction': -4.771505376344086, 'q10': -0.49179090465134145}",False,-0.5660162955786956
h1_roc4_d1:veto_high:Q80:-1.2565737,h1_roc4_d1,veto_high,0.8,-1.2565736822927829,21,45,0.7777777777777778,0.9375,"{'mean24': 0.3001397866442237, 'median24': 0.6909707528410136, 'win24': -3.1746031746031775, 'loss_reduction': -3.174603174603174, 'q10': -0.6219114219114343}","{'mean24': -0.34933771261662505, 'median24': -0.3667266197034391, 'win24': -0.9722222222222143, 'loss_reduction': -0.9722222222222214, 'q10': -0.12247608926673648}",False,-0.5683076315865472
btc4_cmo_d1:veto_low:Q10:-3.8514375,btc4_cmo_d1,veto_low,0.1,-3.85143748193957,24,44,0.8888888888888888,0.9166666666666666,"{'mean24': -0.18172452037675724, 'median24': 0.10779612596689692, 'win24': -1.3888888888888857, 'loss_reduction': -1.3888888888888893, 'q10': -0.31095571095571695}","{'mean24': -0.4712984008496397, 'median24': -0.1709771789875636, 'win24': 0.9469696969697026, 'loss_reduction': 0.946969696969699, 'q10': 0.2500000000000022}",False,-0.5768151063663467
m15_tsi_d3:veto_low:Q20:-11.29023,m15_tsi_d3,veto_low,0.2,-11.290230480183512,21,43,0.7777777777777778,0.8958333333333334,"{'mean24': -0.37071429402159106, 'median24': -0.41162459099946025, 'win24': -3.1746031746031775, 'loss_reduction': -3.174603174603174, 'q10': -0.6219114219114343}","{'mean24': 0.2781038722810032, 'median24': 0.1461421419265312, 'win24': 2.9554263565891574, 'loss_reduction': 2.9554263565891485, 'q10': 0.60227535395446}",False,-0.5896842129915132
m15_rvol20_d3:veto_low:Q20:-1.4140391,m15_rvol20_d3,veto_low,0.2,-1.41403912105082,21,40,0.7777777777777778,0.8333333333333334,"{'mean24': -0.38012131099185353, 'median24': -0.41162459099946025, 'win24': -3.1746031746031775, 'loss_reduction': -3.174603174603174, 'q10': -0.6219114219114343}","{'mean24': -0.1456076787892897, 'median24': 0.0, 'win24': 4.583333333333343, 'loss_reduction': 4.583333333333334, 'q10': 0.793793821806723}",False,-0.5990912299617757
h1_adx_d1:veto_high:Q90:-0.090008068,h1_adx_d1,veto_high,0.9,-0.09000806791864435,24,38,0.8888888888888888,0.7916666666666666,"{'mean24': 0.23642358805483799, 'median24': 0.6502187125681074, 'win24': 2.7777777777777715, 'loss_reduction': 2.7777777777777786, 'q10': 0.4971804090448151}","{'mean24': -0.4379172411477432, 'median24': -0.45338532666884257, 'win24': -3.8377192982456023, 'loss_reduction': -3.837719298245611, 'q10': -0.3475815505310721}",False,-0.6015670147454235
h4_vwap_dist:veto_low:Q20:-17.006398,h4_vwap_dist,veto_low,0.2,-17.00639756574136,21,36,0.7777777777777778,0.75,"{'mean24': -0.38466321028689876, 'median24': -0.41162459099946025, 'win24': -3.1746031746031775, 'loss_reduction': -3.174603174603174, 'q10': -0.6219114219114343}","{'mean24': -0.3735881010240307, 'median24': -0.18417767365873638, 'win24': -2.0833333333333144, 'loss_reduction': -2.0833333333333304, 'q10': -0.38878422313686334}",False,-0.6036331292568209
h1_di_spread_acc:veto_low:Q20:-6.6344203,h1_di_spread_acc,veto_low,0.2,-6.634420331456891,21,35,0.7777777777777778,0.7291666666666666,"{'mean24': -0.3897642555725813, 'median24': -0.41162459099946025, 'win24': -3.1746031746031775, 'loss_reduction': -3.174603174603174, 'q10': -0.6219114219114343}","{'mean24': 0.012130218477607979, 'median24': 0.1461421419265312, 'win24': -2.559523809523796, 'loss_reduction': -2.5595238095238084, 'q10': -0.2460841070841101}",False,-0.6087341745425034
btc1_roc12_d3:veto_high:Q80:-0.076287263,btc1_roc12_d3,veto_high,0.8,-0.0762872631207778,20,41,0.7407407407407407,0.8541666666666666,"{'mean24': 0.6875836022360473, 'median24': 0.6820956675219874, 'win24': 6.111111111111114, 'loss_reduction': 6.111111111111111, 'q10': 1.746633829083264}","{'mean24': -0.638473433063965, 'median24': -0.3931276090457847, 'win24': -0.05081300813007772, 'loss_reduction': -0.050813008130079496, 'q10': 0.12247608926673637}",False,-0.6088706709098824
m15_tsi_d3:veto_high:Q80:-1.7993701,m15_tsi_d3,veto_high,0.8,-1.7993700565909792,21,38,0.7777777777777778,0.7916666666666666,"{'mean24': 0.4801121571562348, 'median24': 0.6909707528410136, 'win24': 1.5873015873015959, 'loss_reduction': 1.587301587301587, 'q10': 0.41460761460762263}","{'mean24': -0.44952687349742737, 'median24': -0.5576825036474942, 'win24': -3.8377192982456023, 'loss_reduction': -3.837719298245611, 'q10': -0.3475815505310721}",False,-0.6131766470951077
m15_adx_d1:veto_high:Q80:-0.11321608,m15_adx_d1,veto_high,0.8,-0.11321607955503728,21,33,0.7777777777777778,0.6875,"{'mean24': -0.3979469633610959, 'median24': -0.41162459099946025, 'win24': -3.1746031746031775, 'loss_reduction': -3.174603174603174, 'q10': -0.6219114219114343}","{'mean24': 0.1047517915711853, 'median24': 0.1461421419265312, 'win24': 5.492424242424249, 'loss_reduction': 5.492424242424242, 'q10': 0.8842977607586364}",False,-0.616916882331018
m15_cmf_d3:veto_low:Q10:-0.076733004,m15_cmf_d3,veto_low,0.1,-0.07673300410557055,23,43,0.8518518518518519,0.8958333333333334,"{'mean24': -0.13464346476891054, 'median24': 0.0, 'win24': -1.9323671497584485, 'loss_reduction': -1.9323671497584538, 'q10': -0.41460761460762274}","{'mean24': -0.4751328179164842, 'median24': -0.3667266197034391, 'win24': -1.695736434108511, 'loss_reduction': -1.695736434108527, 'q10': -0.2041268154445608}",False,-0.6174320645635589
m15_roc4_acc:veto_high:Q90:2.0858701,m15_roc4_acc,veto_high,0.9,2.085870051580989,24,35,0.8888888888888888,0.7291666666666666,"{'mean24': 0.1066487806256502, 'median24': 0.3136084214666264, 'win24': 2.7777777777777715, 'loss_reduction': 2.7777777777777786, 'q10': 0.4971804090448151}","{'mean24': -0.40945851346807505, 'median24': -0.5136430442919004, 'win24': -5.416666666666657, 'loss_reduction': -5.416666666666666, 'q10': -0.40938555943975896}",False,-0.620138236661348
h1_roc4_acc:veto_low:Q20:-4.2418128,h1_roc4_acc,veto_low,0.2,-4.241812754700267,21,43,0.7777777777777778,0.8958333333333334,"{'mean24': -0.4012665967959985, 'median24': -0.41162459099946025, 'win24': -3.1746031746031775, 'loss_reduction': -3.174603174603174, 'q10': -0.6219114219114343}","{'mean24': -0.02421463401630275, 'median24': 0.02477226172831193, 'win24': -1.695736434108511, 'loss_reduction': -1.695736434108527, 'q10': -0.2041268154445608}",False,-0.6202365157659206
btc1_tsi_d1:veto_high:Q80:-0.56598083,btc1_tsi_d1,veto_high,0.8,-0.5659808295917379,21,45,0.7777777777777778,0.9375,"{'mean24': 0.21536444301327817, 'median24': 0.6272168429332536, 'win24': 1.5873015873015959, 'loss_reduction': 1.587301587301587, 'q10': 0.6432214795851009}","{'mean24': -0.5703480456384447, 'median24': -0.3667266197034391, 'win24': -0.9722222222222143, 'loss_reduction': -0.9722222222222214, 'q10': -0.12247608926673648}",False,-0.6204115123995732
btc4_chop14_d1:veto_low:Q10:-0.18027254,btc4_chop14_d1,veto_low,0.1,-0.18027253890875267,24,45,0.8888888888888888,0.9375,"{'mean24': 0.3136929571810123, 'median24': 0.3136084214666264, 'win24': 2.7777777777777715, 'loss_reduction': 2.7777777777777786, 'q10': 0.4971804090448151}","{'mean24': -0.5703480456384447, 'median24': -0.3667266197034391, 'win24': -0.9722222222222143, 'loss_reduction': -0.9722222222222214, 'q10': -0.12247608926673648}",False,-0.6204115123995732
h4_ppo_hist:veto_high:Q80:0.22089951,h4_ppo_hist,veto_high,0.8,0.2208995113755893,21,43,0.7777777777777778,0.8958333333333334,"{'mean24': -0.40220731516937835, 'median24': -0.5729770298781083, 'win24': -3.1746031746031775, 'loss_reduction': -3.174603174603174, 'q10': -0.6219114219114343}","{'mean24': 0.2396622145749716, 'median24': 0.1461421419265312, 'win24': 5.281007751937992, 'loss_reduction': 5.2810077519379846, 'q10': 0.9017281583320267}",False,-0.6211772341393005
h1_rvol20_d1:veto_high:Q90:0.44702703,h1_rvol20_d1,veto_high,0.9,0.4470270282005198,24,38,0.8888888888888888,0.7916666666666666,"{'mean24': -0.15614800538399187, 'median24': 0.3136084214666264, 'win24': -1.3888888888888857, 'loss_reduction': -1.3888888888888893, 'q10': -0.31095571095571695}","{'mean24': -0.5169915677820933, 'median24': -0.19574944071587552, 'win24': -1.2061403508771917, 'loss_reduction': -1.2061403508771917, 'q10': 0.0}",False,-0.6225082732988003
causal_pre_ret_2h:veto_low:Q20:-1.6544326,causal_pre_ret_2h,veto_low,0.2,-1.6544326121223762,21,38,0.7777777777777778,0.7916666666666666,"{'mean24': -0.4039187577271708, 'median24': -0.41162459099946025, 'win24': -3.1746031746031775, 'loss_reduction': -3.174603174603174, 'q10': -0.6219114219114343}","{'mean24': 0.4112268130090242, 'median24': 0.24766160547180505, 'win24': 4.057017543859658, 'loss_reduction': 4.057017543859651, 'q10': 0.7390742595632191}",False,-0.6228886766970929
m15_di_spread_acc:veto_low:Q20:1.0753702,m15_di_spread_acc,veto_low,0.2,1.0753702096876387,21,45,0.7777777777777778,0.9375,"{'mean24': -0.4049417409903988, 'median24': -0.5729770298781083, 'win24': -3.1746031746031775, 'loss_reduction': -3.174603174603174, 'q10': -0.6219114219114343}","{'mean24': 0.023817070940133966, 'median24': -0.02477226172831193, 'win24': 1.2500000000000142, 'loss_reduction': 1.25, 'q10': -0.12247608926673648}",False,-0.6239116599603209
h4_er10:veto_low:Q20:0.053976573,h4_er10,veto_low,0.2,0.05397657317775682,21,41,0.7777777777777778,0.8541666666666666,"{'mean24': -0.40635286342592236, 'median24': -0.41162459099946025, 'win24': -3.1746031746031775, 'loss_reduction': -3.174603174603174, 'q10': -0.6219114219114343}","{'mean24': 0.4270389978006941, 'median24': 0.22319244120198034, 'win24': 2.3882113821138375, 'loss_reduction': 2.3882113821138216, 'q10': 0.5475557917109561}",False,-0.6253227823958445
h4_er10_acc:veto_high:Q90:0.17462895,h4_er10_acc,veto_high,0.9,0.17462894762370498,24,41,0.8888888888888888,0.8541666666666666,"{'mean24': 0.08570481598922619, 'median24': 0.3136084214666264, 'win24': -1.3888888888888857, 'loss_reduction': -1.3888888888888893, 'q10': -0.31095571095571695}","{'mean24': -0.5264430412266474, 'median24': -0.3931276090457847, 'win24': -0.05081300813007772, 'loss_reduction': -0.050813008130079496, 'q10': 0.12247608926673637}",False,-0.6319597467433544
h4_bb_width:veto_high:Q80:0.36004521,h4_bb_width,veto_high,0.8,0.36004520618482516,21,44,0.7777777777777778,0.9166666666666666,"{'mean24': -0.4158639774319406, 'median24': -0.5729770298781083, 'win24': -3.1746031746031775, 'loss_reduction': -3.174603174603174, 'q10': -0.6219114219114343}","{'mean24': 0.09398131118941278, 'median24': 0.08545720182742178, 'win24': 0.9469696969697026, 'loss_reduction': 0.946969696969699, 'q10': 0.2500000000000022}",False,-0.6348338964018627
h1_roc4_d1:veto_low:Q20:-3.3868093,h1_roc4_d1,veto_low,0.2,-3.386809262163397,21,40,0.7777777777777778,0.8333333333333334,"{'mean24': -0.4183810940328194, 'median24': -0.41162459099946025, 'win24': -3.1746031746031775, 'loss_reduction': -3.174603174603174, 'q10': -0.6219114219114343}","{'mean24': -0.0642762013292777, 'median24': 0.0, 'win24': -2.916666666666657, 'loss_reduction': -2.916666666666666, 'q10': -0.30637887792528085}",False,-0.6373510130027416
h4_roc12_d3:veto_low:Q20:-1.8913458,h4_roc12_d3,veto_low,0.2,-1.8913458327023447,21,37,0.7777777777777778,0.7708333333333334,"{'mean24': 0.09718723171112575, 'median24': 0.6272168429332536, 'win24': 1.5873015873015959, 'loss_reduction': 1.587301587301587, 'q10': 0.6898502627315971}","{'mean24': -0.7542529934472655, 'median24': -0.3931276090457847, 'win24': 1.069819819819827, 'loss_reduction': 1.0698198198198199, 'q10': 0.3775239107332683}",False,-0.638475619367552
h1_rvol20_d3:veto_high:Q90:0.47571821,h1_rvol20_d3,veto_high,0.9,0.4757182122973969,24,36,0.8888888888888888,0.75,"{'mean24': -0.27086487424561057, 'median24': -0.20581229549973035, 'win24': -1.3888888888888857, 'loss_reduction': -1.3888888888888893, 'q10': -0.31095571095571695}","{'mean24': -0.5358190462350869, 'median24': -0.2089499353870483, 'win24': 0.6944444444444571, 'loss_reduction': 0.6944444444444446, 'q10': 0.3350159404888463}",False,-0.6413357517517939
h1_vwap_dist_d3:veto_high:Q90:-0.39867664,h1_vwap_dist_d3,veto_high,0.9,-0.3986766443968902,24,40,0.8888888888888888,0.8333333333333334,"{'mean24': -0.16308745974249383, 'median24': -0.20581229549973035, 'win24': -1.3888888888888857, 'loss_reduction': -1.3888888888888893, 'q10': -0.31095571095571695}","{'mean24': -0.536477834200364, 'median24': -0.3799271143746119, 'win24': -0.4166666666666572, 'loss_reduction': -0.4166666666666661, 'q10': -0.30637887792528085}",False,-0.641994539717071
m15_er10_d3:veto_high:Q80:0.091013127,m15_er10_d3,veto_high,0.8,0.09101312668136508,21,45,0.7777777777777778,0.9375,"{'mean24': -0.37100793650636366, 'median24': -0.41162459099946025, 'win24': -3.1746031746031775, 'loss_reduction': -3.174603174603174, 'q10': -0.6219114219114343}","{'mean24': -0.4336460173742842, 'median24': -0.02477226172831193, 'win24': 1.2500000000000142, 'loss_reduction': 1.25, 'q10': 0.29250797024442443}",False,-0.6526159363442063
m15_tsi_acc:veto_high:Q90:3.1381607,m15_tsi_acc,veto_high,0.9,3.1381607101600926,24,34,0.8888888888888888,0.7083333333333334,"{'mean24': -0.050827043572359454, 'median24': 0.3136084214666264, 'win24': -1.3888888888888857, 'loss_reduction': -1.3888888888888893, 'q10': -0.31095571095571695}","{'mean24': -0.5144062944675674, 'median24': -0.12349273355962653, 'win24': -3.0637254901960773, 'loss_reduction': -3.063725490196079, 'q10': -0.16330145235564864}",False,-0.6534197320104181
m15_roc4:veto_high:Q90:0.61003965,m15_roc4,veto_high,0.9,0.6100396537798742,24,30,0.8888888888888888,0.625,"{'mean24': 0.23642358805483799, 'median24': 0.6502187125681074, 'win24': 2.7777777777777715, 'loss_reduction': 2.7777777777777786, 'q10': 0.4971804090448151}","{'mean24': -0.4256441321350031, 'median24': -1.0685383467083809, 'win24': -5.416666666666657, 'loss_reduction': -5.416666666666666, 'q10': -0.4929613401202172}",False,-0.6572178004983906
causal_pre_ret_24h:veto_low:Q10:-7.5922853,causal_pre_ret_24h,veto_low,0.1,-7.592285255613089,24,30,0.8888888888888888,0.625,"{'mean24': 0.0008260163878963667, 'median24': 0.6502187125681074, 'win24': -1.3888888888888857, 'loss_reduction': -1.3888888888888893, 'q10': -0.31095571095571695}","{'mean24': -0.43835453083005405, 'median24': -0.8537462654430561, 'win24': -5.416666666666657, 'loss_reduction': -5.416666666666666, 'q10': -0.4929613401202172}",False,-0.6699281991934416
btc4_vwap_dist_d1:veto_high:Q90:0.78720594,btc4_vwap_dist_d1,veto_high,0.9,0.78720594045094,24,39,0.8888888888888888,0.8125,"{'mean24': 0.3664068280767019, 'median24': 0.3136084214666264, 'win24': 6.944444444444457, 'loss_reduction': 6.944444444444445, 'q10': 0.6572101145290498}","{'mean24': -0.5235851392708009, 'median24': -0.5136430442919004, 'win24': -3.365384615384613, 'loss_reduction': -3.365384615384615, 'q10': -0.32698021422817647}",False,-0.6726378851355372
causal_dd_high_24h:veto_low:Q10:-9.3437063,causal_dd_high_24h,veto_low,0.1,-9.343706345534496,24,31,0.8888888888888888,0.6458333333333334,"{'mean24': -0.024248696178747586, 'median24': 0.10779612596689692, 'win24': 2.7777777777777715, 'loss_reduction': 2.7777777777777786, 'q10': 0.4831917741008661}","{'mean24': -0.4633143543683511, 'median24': -1.0313061255337375, 'win24': -4.771505376344081, 'loss_reduction': -4.771505376344086, 'q10': -0.49179090465134145}",False,-0.6816921880580682
h1_mfi_acc:veto_high:Q80:4.1678266,h1_mfi_acc,veto_high,0.8,4.1678266017692405,21,45,0.7777777777777778,0.9375,"{'mean24': -0.46482236551621625, 'median24': -0.5729770298781083, 'win24': -3.1746031746031775, 'loss_reduction': -3.174603174603174, 'q10': -0.6219114219114343}","{'mean24': 0.02645624644402078, 'median24': 0.02477226172831193, 'win24': -0.9722222222222143, 'loss_reduction': -0.9722222222222214, 'q10': -0.12247608926673648}",False,-0.6837922844861384
h4_tsi_d1:veto_low:Q10:-1.945964,h4_tsi_d1,veto_low,0.1,-1.94596397276456,24,38,0.8888888888888888,0.7916666666666666,"{'mean24': -0.024248696178747586, 'median24': 0.10779612596689692, 'win24': 2.7777777777777715, 'loss_reduction': 2.7777777777777786, 'q10': 0.4831917741008661}","{'mean24': -0.5208217884136488, 'median24': -0.5576825036474942, 'win24': -3.8377192982456023, 'loss_reduction': -3.837719298245611, 'q10': -0.3475815505310721}",False,-0.6844715620113291
m15_roc4_acc:veto_low:Q20:0.73868331,m15_roc4_acc,veto_low,0.2,0.7386833083322819,21,45,0.7777777777777778,0.9375,"{'mean24': -0.4677644346595402, 'median24': -0.5729770298781083, 'win24': -3.1746031746031775, 'loss_reduction': -3.174603174603174, 'q10': -0.6219114219114343}","{'mean24': -0.12352692663024811, 'median24': -0.02477226172831193, 'win24': -0.9722222222222143, 'loss_reduction': -0.9722222222222214, 'q10': -0.12247608926673648}",False,-0.6867343536294623
btc1_roc4_acc:veto_high:Q80:-0.95725937,btc1_roc4_acc,veto_high,0.8,-0.9572593658207372,21,38,0.7777777777777778,0.7916666666666666,"{'mean24': 0.4609018690075182, 'median24': 0.6732205822029602, 'win24': 1.5873015873015959, 'loss_reduction': 1.587301587301587, 'q10': 0.6898502627315971}","{'mean24': -0.8215259795870513, 'median24': -0.45338532666884257, 'win24': 1.4254385964912473, 'loss_reduction': 1.4254385964912295, 'q10': 0.4200318809776903}",False,-0.6880092374128042
h4_er10_acc:veto_high:Q80:0.056126089,h4_er10_acc,veto_high,0.8,0.05612608899717775,21,39,0.7777777777777778,0.8125,"{'mean24': 0.5697032494562553, 'median24': 0.6732205822029602, 'win24': 1.5873015873015959, 'loss_reduction': 1.587301587301587, 'q10': 0.41460761460762263}","{'mean24': -0.6719119421256066, 'median24': -0.5136430442919004, 'win24': -0.801282051282044, 'loss_reduction': -0.8012820512820511, 'q10': -0.0003773095168789764}",False,-0.6880319105304673
h4_atr_pct_d1:veto_high:Q90:-0.076908672,h4_atr_pct_d1,veto_high,0.9,-0.07690867242354642,24,36,0.8888888888888888,0.75,"{'mean24': 0.3148157938173548, 'median24': 0.3136084214666264, 'win24': 2.7777777777777715, 'loss_reduction': 2.7777777777777786, 'q10': 0.4971804090448151}","{'mean24': -0.49471442112842867, 'median24': -0.19574944071587552, 'win24': -4.8611111111111, 'loss_reduction': -4.8611111111111125, 'q10': -0.38878422313686334}",False,-0.6891326991348667
h1_er10_d3:veto_low:Q20:-0.36751959,h1_er10_d3,veto_low,0.2,-0.3675195922093756,21,43,0.7777777777777778,0.8958333333333334,"{'mean24': -0.4720087675924409, 'median24': -0.6138363598263696, 'win24': -3.1746031746031775, 'loss_reduction': -3.174603174603174, 'q10': -0.6219114219114343}","{'mean24': -0.1817870036798217, 'median24': -0.02477226172831193, 'win24': -1.695736434108511, 'loss_reduction': -1.695736434108527, 'q10': -0.2041268154445608}",False,-0.690978686562363
m15_chop14_d1:veto_high:Q90:1.718342,m15_chop14_d1,veto_high,0.9,1.718342033510302,24,27,0.8888888888888888,0.5625,"{'mean24': 0.03559959954703107, 'median24': 0.3136084214666264, 'win24': 2.7777777777777715, 'loss_reduction': 2.7777777777777786, 'q10': 0.4831917741008661}","{'mean24': -0.6033194031668301, 'median24': -0.02477226172831193, 'win24': -3.9351851851851762, 'loss_reduction': -3.935185185185185, 'q10': -0.04082536308891227}",False,-0.6922294476427618
m15_rvol20_acc:veto_high:Q90:0.99705993,m15_rvol20_acc,veto_high,0.9,0.997059928359406,24,43,0.8888888888888888,0.8958333333333334,"{'mean24': 0.18259340636708687, 'median24': 0.3136084214666264, 'win24': 2.7777777777777715, 'loss_reduction': 2.7777777777777786, 'q10': 0.4971804090448151}","{'mean24': -0.6089925313386013, 'median24': -0.3667266197034391, 'win24': -1.695736434108511, 'loss_reduction': -1.695736434108527, 'q10': -0.2041268154445608}",False,-0.693938963881912
h1_adx_acc:veto_low:Q20:-0.9635549,h1_adx_acc,veto_low,0.2,-0.9635549012831462,21,42,0.7777777777777778,0.875,"{'mean24': -0.4771839504316562, 'median24': -0.5729770298781083, 'win24': -3.1746031746031775, 'loss_reduction': -3.174603174603174, 'q10': -0.6219114219114343}","{'mean24': -0.3055669284002418, 'median24': 0.08545720182742178, 'win24': 0.297619047619051, 'loss_reduction': 0.2976190476190492, 'q10': 0.16498405951115858}",False,-0.6961538694015783
btc4_cmf_d3:veto_low:Q10:0.0098369529,btc4_cmf_d3,veto_low,0.1,0.00983695288950184,24,40,0.8888888888888888,0.8333333333333334,"{'mean24': 0.5513008835346334, 'median24': 0.6502187125681074, 'win24': 2.7777777777777715, 'loss_reduction': 2.7777777777777786, 'q10': 1.0421114515154861}","{'mean24': -0.7245955371390838, 'median24': -0.45338532666884257, 'win24': -0.4166666666666572, 'loss_reduction': -0.4166666666666661, 'q10': 0.08165072617782432}",False,-0.712516188927961
btc4_cmf_d3:veto_low:Q20:0.01112956,btc4_cmf_d3,veto_low,0.2,0.01112955999231674,21,40,0.7777777777777778,0.8333333333333334,"{'mean24': 0.8399719234188576, 'median24': 0.6909707528410136, 'win24': 1.5873015873015959, 'loss_reduction': 1.587301587301587, 'q10': 2.914539347766167}","{'mean24': -0.7245955371390838, 'median24': -0.45338532666884257, 'win24': -0.4166666666666572, 'loss_reduction': -0.4166666666666661, 'q10': 0.08165072617782432}",False,-0.712516188927961
m15_adx:veto_low:Q20:16.855653,m15_adx,veto_low,0.2,16.85565316986895,21,34,0.7777777777777778,0.7083333333333334,"{'mean24': -0.038189067151515044, 'median24': 0.6272168429332536, 'win24': -3.1746031746031775, 'loss_reduction': -3.174603174603174, 'q10': -0.6219114219114343}","{'mean24': -0.4390828087904821, 'median24': -1.1182732634183012, 'win24': -6.004901960784309, 'loss_reduction': -6.004901960784311, 'q10': -0.4299868957426546}",False,-0.7146587034840269
h4_cmo_acc:veto_low:Q20:-17.05904,h4_cmo_acc,veto_low,0.2,-17.059040197282336,21,45,0.7777777777777778,0.9375,"{'mean24': -0.34763707140890165, 'median24': -0.6138363598263696, 'win24': -3.1746031746031775, 'loss_reduction': -3.174603174603174, 'q10': -0.6219114219114343}","{'mean24': -0.4983847960387573, 'median24': -0.3667266197034391, 'win24': -0.9722222222222143, 'loss_reduction': -0.9722222222222214, 'q10': -0.12247608926673648}",False,-0.7173547150086794
m15_donch_pos_d3:veto_low:Q20:0.0433068,m15_donch_pos_d3,veto_low,0.2,0.04330679985432656,21,42,0.7777777777777778,0.875,"{'mean24': -0.5040191528843536, 'median24': -0.41162459099946025, 'win24': -3.1746031746031775, 'loss_reduction': -3.174603174603174, 'q10': -0.6219114219114343}","{'mean24': 0.43881454620909377, 'median24': 0.08545720182742178, 'win24': 5.059523809523824, 'loss_reduction': 5.05952380952381, 'q10': 1.1455895908659783}",False,-0.7229890718542757
h4_er10_d1:veto_high:Q80:0.021158918,h4_er10_d1,veto_high,0.8,0.021158918253013692,21,42,0.7777777777777778,0.875,"{'mean24': 0.2284384208804804, 'median24': 0.6272168429332536, 'win24': 1.5873015873015959, 'loss_reduction': 1.587301587301587, 'q10': 0.41460761460762263}","{'mean24': -0.6213575864230245, 'median24': -0.45338532666884257, 'win24': -2.0833333333333144, 'loss_reduction': -2.0833333333333304, 'q10': -0.24495217853347284}",False,-0.7242622977230594
h1_er10:veto_low:Q20:0.059354839,h1_er10,veto_low,0.2,0.05935483870967713,21,35,0.7777777777777778,0.7291666666666666,"{'mean24': -0.1671034413405228, 'median24': -0.41162459099946025, 'win24': 1.5873015873015959, 'loss_reduction': 1.587301587301587, 'q10': 0.6432214795851009}","{'mean24': -0.5870226042430953, 'median24': -0.3667266197034391, 'win24': -2.559523809523796, 'loss_reduction': -2.5595238095238084, 'q10': -0.40938555943975896}",False,-0.7405594702935111
h4_er10_d1:veto_high:Q90:0.039954444,h4_er10_d1,veto_high,0.9,0.03995444364757734,24,42,0.8888888888888888,0.875,"{'mean24': -0.01711427134865673, 'median24': 0.3136084214666264, 'win24': -1.3888888888888857, 'loss_reduction': -1.3888888888888893, 'q10': -0.31095571095571695}","{'mean24': -0.6213575864230245, 'median24': -0.45338532666884257, 'win24': -2.0833333333333144, 'loss_reduction': -2.0833333333333304, 'q10': -0.24495217853347284}",False,-0.7407631808286204
h1_rvol20_d3:veto_high:Q80:0.43148711,h1_rvol20_d3,veto_high,0.8,0.4314871078442932,21,36,0.7777777777777778,0.75,"{'mean24': -0.3633665602421581, 'median24': -0.41162459099946025, 'win24': -3.1746031746031775, 'loss_reduction': -3.174603174603174, 'q10': -0.6219114219114343}","{'mean24': -0.5358190462350869, 'median24': -0.2089499353870483, 'win24': 0.6944444444444571, 'loss_reduction': 0.6944444444444446, 'q10': 0.3350159404888463}",False,-0.754788965205009
m15_cmf:veto_low:Q10:-0.13529366,m15_cmf,veto_low,0.1,-0.13529365732111986,23,38,0.8518518518518519,0.7916666666666666,"{'mean24': -0.05388315593563764, 'median24': 0.0, 'win24': -1.9323671497584485, 'loss_reduction': -1.9323671497584538, 'q10': -0.41460761460762274}","{'mean24': -0.6197937040239929, 'median24': -0.2089499353870483, 'win24': -1.2061403508771917, 'loss_reduction': -1.2061403508771917, 'q10': 0.0}",False,-0.7620929506710676
h1_roc4_acc:veto_high:Q80:-1.2980294,h1_roc4_acc,veto_high,0.8,-1.2980293617194216,21,42,0.7777777777777778,0.875,"{'mean24': 0.41851910318022423, 'median24': 0.6909707528410136, 'win24': 1.5873015873015959, 'loss_reduction': 1.587301587301587, 'q10': 0.41460761460762263}","{'mean24': -0.6680804162884271, 'median24': -0.3799271143746119, 'win24': -2.0833333333333144, 'loss_reduction': -2.0833333333333304, 'q10': -0.24495217853347284}",False,-0.7709851275884619
m15_mfi_acc:veto_low:Q10:2.1516668,m15_mfi_acc,veto_low,0.1,2.151666750404355,24,35,0.8888888888888888,0.7291666666666666,"{'mean24': 0.07751629407216054, 'median24': -0.20581229549973035, 'win24': 2.7777777777777715, 'loss_reduction': 2.7777777777777786, 'q10': 0.4831917741008661}","{'mean24': -0.6242676400057521, 'median24': -0.5136430442919004, 'win24': -2.559523809523796, 'loss_reduction': -2.5595238095238084, 'q10': -0.40938555943975896}",False,-0.7778045060561679
causal_dd_high_12h:veto_low:Q20:-3.6120964,causal_dd_high_12h,veto_low,0.2,-3.6120964108294373,21,33,0.7777777777777778,0.6875,"{'mean24': -0.10866059097922998, 'median24': -0.41162459099946025, 'win24': 1.5873015873015959, 'loss_reduction': 1.587301587301587, 'q10': 0.41460761460762263}","{'mean24': -0.8290307821364729, 'median24': -0.5136430442919004, 'win24': -0.568181818181813, 'loss_reduction': -0.5681818181818183, 'q10': 0.20749202975558045}",False,-0.7885214110612141
causal_dd_high_48h:veto_low:Q20:-16.587372,causal_dd_high_48h,veto_low,0.2,-16.58737197687653,21,33,0.7777777777777778,0.6875,"{'mean24': -0.5825850865927316, 'median24': -0.6138363598263696, 'win24': -3.1746031746031775, 'loss_reduction': -3.174603174603174, 'q10': -0.6219114219114343}","{'mean24': -0.15223483999360798, 'median24': -0.3931276090457847, 'win24': -3.59848484848483, 'loss_reduction': -3.5984848484848495, 'q10': -0.4505882320455502}",False,-0.8100326390402872
m15_cmf:veto_low:Q20:-0.071670312,m15_cmf,veto_low,0.2,-0.0716703117094923,20,30,0.7407407407407407,0.625,"{'mean24': 0.0895980986862348, 'median24': -0.20581229549973035, 'win24': 1.1111111111111143, 'loss_reduction': 1.1111111111111107, 'q10': 0.31095571095571706}","{'mean24': -0.7912335300590003, 'median24': -0.45338532666884257, 'win24': -2.0833333333333144, 'loss_reduction': -2.0833333333333304, 'q10': 0.08165072617782432}",False,-0.8124875151812109
h1_roc4_d3:veto_high:Q90:-0.38236401,h1_roc4_d3,veto_high,0.9,-0.3823640069318739,24,42,0.8888888888888888,0.875,"{'mean24': 0.028079732783517386, 'median24': 0.6502187125681074, 'win24': -1.3888888888888857, 'loss_reduction': -1.3888888888888893, 'q10': -0.31095571095571695}","{'mean24': -0.7107439079858899, 'median24': -0.3799271143746119, 'win24': 0.297619047619051, 'loss_reduction': 0.2976190476190492, 'q10': 0.16498405951115858}",False,-0.8162606135025969
m15_mfi:veto_low:Q20:28.987685,m15_mfi,veto_low,0.2,28.98768469378599,21,37,0.7777777777777778,0.7708333333333334,"{'mean24': -0.6000685261379477, 'median24': -0.6138363598263696, 'win24': -3.1746031746031775, 'loss_reduction': -3.174603174603174, 'q10': -0.6219114219114343}","{'mean24': 0.6314639448896986, 'median24': 0.22319244120198034, 'win24': 3.772522522522536, 'loss_reduction': 3.7725225225225234, 'q10': 0.9011469519319524}",False,-0.8190384451078698
m15_atr_pct_d1:veto_high:Q90:0.035722807,m15_atr_pct_d1,veto_high,0.9,0.035722807205656744,24,35,0.8888888888888888,0.7291666666666666,"{'mean24': 0.26255911155691525, 'median24': 0.6502187125681074, 'win24': 2.7777777777777715, 'loss_reduction': 2.7777777777777786, 'q10': 0.4971804090448151}","{'mean24': -0.7409250544057673, 'median24': -0.6017219630030879, 'win24': -2.559523809523796, 'loss_reduction': -2.5595238095238084, 'q10': -0.12247608926673648}",False,-0.8227345529129275
h1_vwap_dist_d3:veto_high:Q80:-0.99324273,h1_vwap_dist_d3,veto_high,0.8,-0.993242725093968,21,34,0.7777777777777778,0.7083333333333334,"{'mean24': -0.06884513967186567, 'median24': 0.0, 'win24': -3.1746031746031775, 'loss_reduction': -3.174603174603174, 'q10': -0.6219114219114343}","{'mean24': -0.607682012846384, 'median24': -0.1709771789875636, 'win24': -0.12254901960783116, 'loss_reduction': -0.12254901960784359, 'q10': -0.4299868957426546}",False,-0.8266519318163061
m15_cmf_d3:veto_low:Q20:-0.017476414,m15_cmf_d3,veto_low,0.2,-0.0174764144003223,20,28,0.7407407407407407,0.5833333333333334,"{'mean24': -0.5100258311542198, 'median24': -0.28648851493905436, 'win24': -3.8888888888888857, 'loss_reduction': -3.8888888888888893, 'q10': -1.0088325580716027}","{'mean24': -0.26443859229957845, 'median24': -0.6990163726185883, 'win24': -3.2738095238095184, 'loss_reduction': -3.2738095238095237, 'q10': -0.3475815505310721}",False,-0.8400117484498983
m15_vwap_dist_acc:veto_high:Q90:1.5648529,m15_vwap_dist_acc,veto_high,0.9,1.5648529302698797,24,27,0.8888888888888888,0.5625,"{'mean24': -0.050827043572359454, 'median24': 0.3136084214666264, 'win24': -1.3888888888888857, 'loss_reduction': -1.3888888888888893, 'q10': -0.31095571095571695}","{'mean24': -0.6381128508310709, 'median24': -0.6017219630030879, 'win24': -3.9351851851851762, 'loss_reduction': -3.935185185185185, 'q10': -0.4964726465268444}",False,-0.8409347161664857
m15_rvol20_acc:veto_high:Q80:0.68249563,m15_rvol20_acc,veto_high,0.8,0.6824956297191718,21,37,0.7777777777777778,0.7708333333333334,"{'mean24': -0.07242326399668064, 'median24': -0.41162459099946025, 'win24': 1.5873015873015959, 'loss_reduction': 1.587301587301587, 'q10': 0.41460761460762263}","{'mean24': -0.6725596052729421, 'median24': -0.02477226172831193, 'win24': -4.3355855855855765, 'loss_reduction': -4.335585585585585, 'q10': -0.3681828868339677}",False,-0.8513170386931457
h4_bb_width:veto_low:Q10:0.21369873,h4_bb_width,veto_low,0.1,0.21369872971610218,24,41,0.8888888888888888,0.8541666666666666,"{'mean24': -0.06798230242196812, 'median24': 0.3136084214666264, 'win24': -1.3888888888888857, 'loss_reduction': -1.3888888888888893, 'q10': -0.31095571095571695}","{'mean24': -0.7257173954855802, 'median24': -0.02477226172831193, 'win24': -2.4898373983739788, 'loss_reduction': -2.489837398373984, 'q10': -0.2857775416223852}",False,-0.8532530711919891
h4_tsi_d1:veto_low:Q20:-1.586636,h4_tsi_d1,veto_low,0.2,-1.5866359540739827,21,32,0.7777777777777778,0.6666666666666666,"{'mean24': 0.22299671107414198, 'median24': 0.6732205822029602, 'win24': 1.5873015873015959, 'loss_reduction': 1.587301587301587, 'q10': 0.6898502627315971}","{'mean24': -0.6191715750810083, 'median24': -0.8537462654430561, 'win24': -7.291666666666657, 'loss_reduction': -7.291666666666666, 'q10': -0.47118956834844583}",False,-0.8828023005014531
m15_cmf_d1:veto_low:Q20:-0.0034444834,m15_cmf_d1,veto_low,0.2,-0.0034444833984525,20,39,0.7407407407407407,0.8125,"{'mean24': -0.564017193903311, 'median24': -0.5934066948522387, 'win24': -3.8888888888888857, 'loss_reduction': -3.8888888888888893, 'q10': -1.0088325580716027}","{'mean24': 0.10402747531011602, 'median24': -0.02477226172831193, 'win24': -0.801282051282044, 'loss_reduction': -0.8012820512820511, 'q10': 0.04082536308891216}",False,-0.8940031111989895
causal_dd_high_12h:veto_low:Q10:-4.0099565,causal_dd_high_12h,veto_low,0.1,-4.00995645372679,24,37,0.8888888888888888,0.7708333333333334,"{'mean24': 0.16084248679957724, 'median24': 0.3136084214666264, 'win24': 2.7777777777777715, 'loss_reduction': 2.7777777777777786, 'q10': 0.4831917741008661}","{'mean24': -0.8449382390386373, 'median24': -0.3931276090457847, 'win24': -1.6328828828828676, 'loss_reduction': -1.6328828828828836, 'q10': -0.12323070830049476}",False,-0.9084035737714187
h1_roc4_d3:veto_high:Q80:-0.69212704,h1_roc4_d3,veto_high,0.8,-0.6921270402173938,21,42,0.7777777777777778,0.875,"{'mean24': -0.06501254798862277, 'median24': 0.6272168429332536, 'win24': -3.1746031746031775, 'loss_reduction': -3.174603174603174, 'q10': -0.6219114219114343}","{'mean24': -0.7107439079858899, 'median24': -0.3799271143746119, 'win24': 0.297619047619051, 'loss_reduction': 0.2976190476190492, 'q10': 0.16498405951115858}",False,-0.9297138269558121
h1_rvol20_d1:veto_high:Q80:0.4086965,h1_rvol20_d1,veto_high,0.8,0.4086964996180793,21,37,0.7777777777777778,0.7708333333333334,"{'mean24': -0.4630596184571094, 'median24': -0.41162459099946025, 'win24': -3.1746031746031775, 'loss_reduction': -3.174603174603174, 'q10': -0.6219114219114343}","{'mean24': -0.7133161960523946, 'median24': -0.3667266197034391, 'win24': -1.6328828828828676, 'loss_reduction': -1.6328828828828836, 'q10': -0.04082536308891227}",False,-0.9322861150223167
h4_rvol20_acc:veto_high:Q90:0.70549849,h4_rvol20_acc,veto_high,0.9,0.7054984946025299,24,38,0.8888888888888888,0.7916666666666666,"{'mean24': -0.04519266081517159, 'median24': 0.10779612596689692, 'win24': -1.3888888888888857, 'loss_reduction': -1.3888888888888893, 'q10': -0.31095571095571695}","{'mean24': -0.7853084821171086, 'median24': -0.45338532666884257, 'win24': -3.8377192982456023, 'loss_reduction': -3.837719298245611, 'q10': -0.3475815505310721}",False,-0.9489582557147889
h4_rvol20_acc:veto_high:Q80:0.57784032,h4_rvol20_acc,veto_high,0.8,0.5778403177923973,21,37,0.7777777777777778,0.7708333333333334,"{'mean24': 0.19967310099919633, 'median24': 0.6272168429332536, 'win24': 1.5873015873015959, 'loss_reduction': 1.587301587301587, 'q10': 0.41460761460762263}","{'mean24': -0.8009769492902241, 'median24': -0.5136430442919004, 'win24': -4.3355855855855765, 'loss_reduction': -4.335585585585585, 'q10': -0.3681828868339677}",False,-0.9797343827104277
h1_adx_d1:veto_high:Q80:-0.17777736,h1_adx_d1,veto_high,0.8,-0.17777735650348975,21,35,0.7777777777777778,0.7291666666666666,"{'mean24': 0.7674217995603647, 'median24': 0.6909707528410136, 'win24': 6.349206349206341, 'loss_reduction': 6.349206349206349, 'q10': 1.8640542253445598}","{'mean24': -0.7820203513850918, 'median24': -0.6017219630030879, 'win24': -5.416666666666657, 'loss_reduction': -5.416666666666666, 'q10': -0.40938555943975896}",False,-0.9927000745783648
h1_adx_d3:veto_high:Q80:-1.2548196,h1_adx_d3,veto_high,0.8,-1.2548195680054817,21,31,0.7777777777777778,0.6458333333333334,"{'mean24': 0.249454866785773, 'median24': 0.6732205822029602, 'win24': 1.5873015873015959, 'loss_reduction': 1.587301587301587, 'q10': 0.41460761460762263}","{'mean24': -1.0224184188413545, 'median24': -0.3931276090457847, 'win24': -1.5456989247311697, 'loss_reduction': -1.545698924731182, 'q10': 0.12247608926673637}",False,-1.022713375019294
h1_adx_d3:veto_high:Q90:-0.50956511,h1_adx_d3,veto_high,0.9,-0.5095651115797764,24,39,0.8888888888888888,0.8125,"{'mean24': 0.07648766489025727, 'median24': 0.3136084214666264, 'win24': -1.3888888888888857, 'loss_reduction': -1.3888888888888893, 'q10': -0.31095571095571695}","{'mean24': -0.8840035377716147, 'median24': -0.3931276090457847, 'win24': -3.365384615384613, 'loss_reduction': -3.365384615384615, 'q10': -0.32698021422817647}",False,-1.033056283636351
m15_mfi:veto_high:Q90:53.063223,m15_mfi,veto_high,0.9,53.06322269805344,24,38,0.8888888888888888,0.7916666666666666,"{'mean24': -0.006472517281912893, 'median24': -0.20581229549973035, 'win24': 2.7777777777777715, 'loss_reduction': 2.7777777777777786, 'q10': 0.4831917741008661}","{'mean24': -0.9388500566838016, 'median24': -0.45338532666884257, 'win24': -1.2061403508771917, 'loss_reduction': -1.2061403508771917, 'q10': -0.3475815505310721}",False,-1.0498682513341135
h1_rvol20_acc:veto_high:Q80:0.55520216,h1_rvol20_acc,veto_high,0.8,0.5552021564257505,21,29,0.7777777777777778,0.6041666666666666,"{'mean24': 0.07273710337225969, 'median24': 0.0, 'win24': 1.5873015873015959, 'loss_reduction': 1.587301587301587, 'q10': 0.41460761460762263}","{'mean24': -0.8469560166540857, 'median24': -1.1057705678830243, 'win24': -6.106321839080451, 'loss_reduction': -6.10632183908046, 'q10': -0.32698021422817647}",False,-1.050827506992739
btc4_roc12_d3:veto_low:Q10:-2.4865129,btc4_roc12_d3,veto_low,0.1,-2.486512876751324,23,41,0.8518518518518519,0.8541666666666666,"{'mean24': -0.30438334274838397, 'median24': -0.41162459099946025, 'win24': -1.9323671497584485, 'loss_reduction': -1.9323671497584538, 'q10': -0.41460761460762274}","{'mean24': -0.9131044969101483, 'median24': -0.5136430442919004, 'win24': -2.4898373983739788, 'loss_reduction': -2.489837398373984, 'q10': -0.2857775416223852}",False,-1.0665531485295336
causal_bounce_low_48h:veto_low:Q10:5.1791423,causal_bounce_low_48h,veto_low,0.1,5.179142329068429,24,29,0.8888888888888888,0.6041666666666666,"{'mean24': -0.0075886936412628, 'median24': 0.3136084214666264, 'win24': -1.3888888888888857, 'loss_reduction': -1.3888888888888893, 'q10': -0.2423715514624734}","{'mean24': -0.8730570309997527, 'median24': -0.3931276090457847, 'win24': -6.106321839080451, 'loss_reduction': -6.10632183908046, 'q10': -0.32698021422817647}",False,-1.076928521338406
h1_roc12_d3:veto_high:Q80:0.79472783,h1_roc12_d3,veto_high,0.8,0.794727830388906,21,40,0.7777777777777778,0.8333333333333334,"{'mean24': -0.09471409097906269, 'median24': 0.6272168429332536, 'win24': 1.5873015873015959, 'loss_reduction': 1.587301587301587, 'q10': 0.41460761460762263}","{'mean24': -0.9758594838135126, 'median24': -0.5576825036474942, 'win24': -2.916666666666657, 'loss_reduction': -2.916666666666666, 'q10': -0.30637887792528085}",False,-1.110787536628166
m15_mfi_d3:veto_high:Q90:2.0297526,m15_mfi_d3,veto_high,0.9,2.029752587031138,24,39,0.8888888888888888,0.8125,"{'mean24': 0.1066487806256502, 'median24': 0.3136084214666264, 'win24': 2.7777777777777715, 'loss_reduction': 2.7777777777777786, 'q10': 0.4971804090448151}","{'mean24': -1.0247870716621459, 'median24': -0.6017219630030879, 'win24': -3.365384615384613, 'loss_reduction': -3.365384615384615, 'q10': -0.32698021422817647}",False,-1.1738398175268823
m15_mfi:veto_high:Q80:47.588814,m15_mfi,veto_high,0.8,47.588814106924154,21,33,0.7777777777777778,0.6875,"{'mean24': 0.23593205982573018, 'median24': -0.41162459099946025, 'win24': 6.349206349206341, 'loss_reduction': 6.349206349206349, 'q10': 0.6432214795851009}","{'mean24': -1.0484964029684773, 'median24': -0.6017219630030879, 'win24': -3.59848484848483, 'loss_reduction': -3.5984848484848495, 'q10': -0.4505882320455502}",False,-1.233113157949562
h4_adx:veto_low:Q10:28.499929,h4_adx,veto_low,0.1,28.499928766931905,24,28,0.8888888888888888,0.5833333333333334,"{'mean24': -0.15722889925202388, 'median24': 0.10779612596689692, 'win24': -1.3888888888888857, 'loss_reduction': -1.3888888888888893, 'q10': -0.31095571095571695}","{'mean24': -1.137806528403603, 'median24': -0.8537462654430561, 'win24': -3.2738095238095184, 'loss_reduction': -3.2738095238095237, 'q10': 0.0}",False,-1.2810216466187228
m15_mfi_d3:veto_high:Q80:-2.7288038,m15_mfi_d3,veto_high,0.8,-2.7288038094343925,21,36,0.7777777777777778,0.75,"{'mean24': 0.3944438459975337, 'median24': 0.6272168429332536, 'win24': 6.349206349206341, 'loss_reduction': 6.349206349206349, 'q10': 0.6898502627315971}","{'mean24': -1.1368351667998708, 'median24': -0.8165140442684127, 'win24': -4.8611111111111, 'loss_reduction': -4.8611111111111125, 'q10': -0.38878422313686334}",False,-1.331253444806309
m15_mfi_acc:veto_low:Q20:4.0699312,m15_mfi_acc,veto_low,0.2,4.0699312324168915,21,31,0.7777777777777778,0.6458333333333334,"{'mean24': 0.2695064396092195, 'median24': 0.6272168429332536, 'win24': 6.349206349206341, 'loss_reduction': 6.349206349206349, 'q10': 0.6432214795851009}","{'mean24': -1.1822747999592353, 'median24': -0.5136430442919004, 'win24': -4.771505376344081, 'loss_reduction': -4.771505376344086, 'q10': -0.49179090465134145}",False,-1.4006526336489524
