name,a,b,family_a,family_b,disc_n,cal_n,disc_net24_imp,cal_net24_imp,disc_net72_imp,cal_net72_imp,disc_success_imp,cal_success_imp,disc_danger_imp,cal_danger_imp,score
btc1_tsi_d1 LE Q30(-0.211069) & btc4_bb_width GE Q80(0.0942267),btc1_tsi_d1 LE Q30(-0.211069),btc4_bb_width GE Q80(0.0942267),tsi,bb_,155,115,2.014636186729929,1.6187179802955378,2.8212697420227992,3.1002404056804225,13.838218437858202,17.058609060249744,12.79133235085422,15.957980129432137,5.110960922471167
btc4_roc12 LE Q20(-2.18415) & h1_atr_pct_acc GE Q80(0.0723118),btc4_roc12 LE Q20(-2.18415),h1_atr_pct_acc GE Q80(0.0723118),roc,atr,157,132,1.0825157050003111,1.2886653216192117,4.959767032575522,3.914982555548618,-1.5018267645252052,9.581665713741181,-3.193874141851765,8.481036782923582,4.888565974776138
btc1_atr_pct GE Q70(0.804549) & btc1_tsi_d1 LE Q30(-0.211069),btc1_atr_pct GE Q70(0.804549),btc1_tsi_d1 LE Q30(-0.211069),atr,tsi,203,167,1.1390031679737729,2.4497470303945983,3.484395660952936,4.422702887511047,1.5165912330274267,10.393678052699627,0.8097655305777209,9.891851517091602,4.685091876529086
btc1_atr_pct GE Q80(0.907279) & btc1_roc4 LE Q20(-0.189272),btc1_atr_pct GE Q80(0.907279),btc1_roc4 LE Q20(-0.189272),atr,roc,161,131,0.6562063257986124,2.282641266405597,3.7246597841348725,3.7943207057472588,2.5018129079042737,24.42668074959591,0.8097655305777209,24.08941059740426,4.472115807782167
btc1_roc4_d1 LE Q20(-0.766142) & h1_atr_pct_d1 GE Q80(0.0524861),btc1_roc4_d1 LE Q20(-0.766142),h1_atr_pct_d1 GE Q80(0.0524861),roc,atr,179,131,1.4327800206972716,2.3061723572041095,5.063407584856959,3.123213422149308,-1.2491846978419332,16.029734184710414,-2.3825728572914002,14.929105253892814,4.470866444765494
h1_atr_pct_d1 GE Q80(0.0524861) & h4_chop14 LE Q20(41.1434),h1_atr_pct_d1 GE Q80(0.0524861),h4_chop14 LE Q20(41.1434),atr,chop,141,127,1.171873190727793,1.5544245390794744,4.414325591053211,3.6302448277512593,-7.73121647406127,11.341388930157315,-8.714043993231797,10.240759999339701,4.3959006443925785
btc1_atr_pct_d1 GE Q80(0.0207423) & m15_ppo_hist_d3 LE Q20(-0.0662479),btc1_atr_pct_d1 GE Q80(0.0207423),m15_ppo_hist_d3 LE Q20(-0.0662479),atr,ppo,147,111,1.4458002993899775,1.9943562776321593,5.943655206782888,2.8136634091422916,2.5018129079042737,12.632443764519238,0.8097655305777209,11.531814833701631,4.350713406380952
btc1_roc4_acc LE Q20(-1.11272) & h1_atr_pct_d1 GE Q80(0.0524861),btc1_roc4_acc LE Q20(-1.11272),h1_atr_pct_d1 GE Q80(0.0524861),roc,atr,171,140,1.6352876844468438,2.2074737231998545,2.782801406743858,2.8392349313681686,-1.17404339953098,4.17041030248577,-2.2812954552201106,3.0697813716681708,4.33724188010037
btc4_roc4 LE Q20(-0.378217) & m15_ppo_hist_acc GE Q80(0.0753278),btc4_roc4 LE Q20(-0.378217),m15_ppo_hist_acc GE Q80(0.0753278),roc,ppo,151,127,1.5404598982397029,1.6661333359543558,4.7720151015142465,2.6193749524697676,4.015530977913734,12.916192079763611,2.3234836005871813,11.815563148946012,4.326770452058626
btc1_atr_pct GE Q70(0.804549) & btc1_roc4 LE Q20(-0.189272),btc1_atr_pct GE Q70(0.804549),btc1_roc4 LE Q20(-0.189272),atr,roc,206,175,1.0238369275256298,1.3469572593587813,3.1748298797649888,3.827623072751918,2.848553545907045,12.313267445342916,1.156506168580492,12.355495657382455,4.30725353703944
btc1_roc4_d3 LE Q30(-0.481176) & btc4_bb_width GE Q80(0.0942267),btc1_roc4_d3 LE Q30(-0.481176),btc4_bb_width GE Q80(0.0942267),roc,bb_,154,155,1.1277560906627166,1.2950868013125671,2.8710479079500932,2.6014007445238514,11.59272199881336,17.142760532900517,11.19937592018811,16.04213160208291,4.300926013554731
btc1_tsi_d1 LE Q30(-0.211069) & m15_ppo_hist_acc GE Q80(0.0753278),btc1_tsi_d1 LE Q30(-0.211069),m15_ppo_hist_acc GE Q80(0.0753278),tsi,ppo,173,165,1.2869714519596787,1.7904233220263706,3.820393616352108,2.917577758352362,2.419236524749863,12.76348389555936,0.727189147423303,11.662854964741754,4.291670089003002
btc1_bb_width GE Q80(0.0434586) & btc4_roc12 LE Q20(-2.18415),btc1_bb_width GE Q80(0.0434586),btc4_roc12 LE Q20(-2.18415),bb_,roc,146,171,0.9692838583124368,1.2018465987235765,3.51122527814051,3.8786964363313645,-4.053960086224883,16.93147964250248,-5.746007463551443,16.415646033322304,4.243970184595172
btc1_atr_pct GE Q60(0.732295) & btc1_tsi_d1 LE Q30(-0.211069),btc1_atr_pct GE Q60(0.732295),btc1_tsi_d1 LE Q30(-0.211069),atr,tsi,273,178,1.0562525079719765,2.2244488109473144,2.9041231611659306,3.99205495128412,3.234413640505011,8.704920735872612,2.274966995779181,8.166089557863991,4.10290741826864
btc1_atr_pct GE Q80(0.907279) & btc1_roc4_d3 LE Q20(-0.804736),btc1_atr_pct GE Q80(0.907279),btc1_roc4_d3 LE Q20(-0.804736),atr,roc,149,149,1.5868142107309038,2.024201045534059,2.8688633118233726,2.214012519009408,5.953394882976184,21.26053494294598,4.932488445246939,20.159906012128374,4.078078345134536
btc1_roc4_d3 LE Q30(-0.481176) & h4_chop14 LE Q20(41.1434),btc1_roc4_d3 LE Q30(-0.481176),h4_chop14 LE Q20(41.1434),roc,chop,145,159,1.26152027356136,1.8194780649795748,3.988261609375545,2.495797950161399,5.851566602485555,20.859538784067084,4.849174397572796,19.758909853249477,4.029848709748782
h4_chop14 LE Q20(41.1434) & m15_ppo_hist_acc GE Q80(0.0753278),h4_chop14 LE Q20(41.1434),m15_ppo_hist_acc GE Q80(0.0753278),chop,ppo,148,154,0.7889063841882915,1.224527742010999,3.994468401238824,3.584743021433166,-6.571546165454798,13.58599471807019,-8.26359354278135,12.485365787252583,4.011231149802186
m15_ppo_hist_d3 LE Q20(-0.0662479) & m15_roc12_acc GE Q80(1.37304),m15_ppo_hist_d3 LE Q20(-0.0662479),m15_roc12_acc GE Q80(1.37304),ppo,roc,144,149,0.9619943499908319,1.4089508868246718,4.365451149584995,2.860260591708183,4.0891144952058625,11.19342084898625,3.0915115623237455,10.092791918168643,4.0067586078016655
btc1_ppo_hist_acc LE Q20(-0.0499027) & btc1_roc4_d3 LE Q30(-0.481176),btc1_ppo_hist_acc LE Q20(-0.0499027),btc1_roc4_d3 LE Q30(-0.481176),ppo,roc,183,151,1.0961144784684131,1.7310766119747787,4.9313158402634585,2.710200912334807,3.9069651327286294,17.864828467102612,2.7613658428337686,17.426451191914147,3.978751661641755
btc1_atr_pct GE Q70(0.804549) & btc1_roc12_d1 LE Q20(-0.733136),btc1_atr_pct GE Q70(0.804549),btc1_roc12_d1 LE Q20(-0.733136),atr,roc,276,176,0.5825624932869367,1.363491484129333,3.5668124495737974,3.8898947107667183,-4.848083572426987,0.6801505622260322,-6.1778121091738285,-0.4204783685915743,3.880376193504448
btc1_roc4_d3 LE Q30(-0.481176) & btc1_vwap_dist_acc LE Q20(-0.820672),btc1_roc4_d3 LE Q30(-0.481176),btc1_vwap_dist_acc LE Q20(-0.820672),roc,vwap,180,140,0.983956098147705,1.39750451772196,4.352290383248668,2.624977554404418,5.755781161872534,12.027553159628624,4.619289340101524,11.641209943096733,3.8739928742103293
btc1_atr_pct GE Q70(0.804549) & btc1_roc4_d3 LE Q20(-0.804736),btc1_atr_pct GE Q70(0.804549),btc1_roc4_d3 LE Q20(-0.804736),atr,roc,231,182,1.4744327792827028,1.9749418535605834,2.138038409893409,2.2517382115184734,5.532115938207305,18.730849862925332,4.272968993781177,18.179671481558273,3.863894047197954
h4_chop14 LE Q20(41.1434) & m15_vwap_dist_acc GE Q80(1.17818),h4_chop14 LE Q20(41.1434),m15_vwap_dist_acc GE Q80(1.17818),chop,vwap,153,155,0.8848587391549702,1.0767726294816573,4.364177337924117,3.2305758737061345,-4.407617530937927,8.755663758706973,-6.0996649082644865,7.6550348278893665,3.861212788767677
btc1_di_spread_d1 LE Q30(-2.59029) & btc4_roc4 GE Q80(1.9053),btc1_di_spread_d1 LE Q30(-2.59029),btc4_roc4 GE Q80(1.9053),di_spread,roc,173,138,0.9633968380203625,2.4321207860423577,2.685361676077005,3.2891432135218865,4.731375253073558,11.986145292133806,3.0393278757469986,12.334791723635043,3.851486329204514
btc4_bb_width GE Q80(0.0942267) & h1_atr_pct_acc GE Q80(0.0723118),btc4_bb_width GE Q80(0.0942267),h1_atr_pct_acc GE Q80(0.0723118),bb_,atr,151,110,0.9979475537228938,2.5755088041816605,2.653424111105093,4.0776069382519715,4.677782633542876,14.884696016771485,2.9857352562163157,13.784067085953879,3.8514198489585993
btc1_roc4 LE Q20(-0.189272) & h1_atr_pct_d1 GE Q80(0.0524861),btc1_roc4 LE Q20(-0.189272),h1_atr_pct_d1 GE Q80(0.0524861),roc,atr,204,158,0.6111749052531302,1.8475884993536718,3.3093784427926636,3.342772302305821,-1.1396436747287737,16.783430193986675,-2.8316910520553336,15.682801263169068,3.8297302167628238
h1_atr_pct_acc GE Q80(0.0723118) & h4_chop14 LE Q20(41.1434),h1_atr_pct_acc GE Q80(0.0723118),h4_chop14 LE Q20(41.1434),atr,chop,162,126,0.8130882871052301,1.4450855551352542,3.2256548400778566,3.68820601264222,-3.9355768628188272,10.916442048517517,-5.627624240145394,9.81581311769991,3.8081233364956137
btc1_roc12_d1 LE Q20(-0.733136) & h1_atr_pct_acc GE Q80(0.0723118),btc1_roc12_d1 LE Q20(-0.733136),h1_atr_pct_acc GE Q80(0.0723118),roc,atr,249,125,0.6039703691716098,2.1448423929221074,3.5616164290897077,3.4762647704609004,-5.415570913094001,9.68469601677149,-7.107618290420561,8.584067085953876,3.7756156464312784
btc1_bb_width GE Q80(0.0434586) & btc1_roc4_d3 LE Q20(-0.804736),btc1_bb_width GE Q80(0.0434586),btc1_roc4_d3 LE Q20(-0.804736),bb_,roc,182,125,1.392237525209218,1.6373634994061748,2.0777671674135796,2.047018544252124,6.897417303508668,28.08469601677149,6.304271025083203,27.78406708595388,3.772264009068266
btc1_vwap_dist_d1 LE Q20(-0.503192) & h1_atr_pct_d1 GE Q80(0.0524861),btc1_vwap_dist_d1 LE Q20(-0.503192),h1_atr_pct_d1 GE Q80(0.0524861),vwap,atr,237,167,0.6070531671662153,2.4116525451711057,3.3032093990488276,3.465709832191454,-2.3806464049347795,10.393678052699627,-4.072693782261339,9.293049121882028,3.7573892984217725
h1_rvol20_d3 GE Q80(0.621147) & m15_vwap_dist_acc GE Q80(1.17818),h1_rvol20_d3 GE Q80(0.621147),m15_vwap_dist_acc GE Q80(1.17818),rvol,vwap,160,97,1.8162517452315763,1.2289478519009767,2.68219596219217,3.381566718185359,-2.8553299492385804,-1.0946854265274837,-4.54737732656514,-2.195314357345083,3.7345363690846867
btc1_roc4_acc LE Q20(-1.11272) & h1_atr_pct_acc GE Q80(0.0723118),btc1_roc4_acc LE Q20(-1.11272),h1_atr_pct_acc GE Q80(0.0723118),roc,atr,171,114,1.401789558867865,1.7202077500821864,2.600377965506186,3.541740148999002,-4.682815329355542,9.621538122034643,-6.374862706682094,8.52090919121703,3.734185810359743
btc1_roc4 LE Q20(-0.189272) & h1_atr_pct_acc GE Q80(0.0723118),btc1_roc4 LE Q20(-0.189272),h1_atr_pct_acc GE Q80(0.0723118),roc,atr,197,149,0.7618303757176486,1.575270756782781,3.549359705429696,2.9472347061037567,0.7614213197969519,17.23368930536209,-0.9306260575296079,16.133060374544485,3.713295200264722
btc1_tsi_d1 LE Q30(-0.211069) & h1_atr_pct_d1 GE Q80(0.0524861),btc1_tsi_d1 LE Q30(-0.211069),h1_atr_pct_d1 GE Q80(0.0524861),tsi,atr,242,183,0.7924669761398117,1.9168341407919574,2.9212924712625385,2.9049173278415266,0.9669841003481991,9.693439186170394,-0.7250632769783678,8.592810255352788,3.711892561452217
btc1_roc4 LE Q20(-0.189272) & m15_ppo_hist_acc GE Q80(0.0753278),btc1_roc4 LE Q20(-0.189272),m15_ppo_hist_acc GE Q80(0.0753278),roc,ppo,176,141,0.6098203886674644,1.8803460231145737,3.140727832253219,3.392225496329441,-0.582602676511307,18.07618537847361,-2.274650053837867,16.975556447656004,3.6875771395485866
btc1_roc4_d3 LE Q20(-0.804736) & h1_atr_pct_acc GE Q80(0.0723118),btc1_roc4_d3 LE Q20(-0.804736),h1_atr_pct_acc GE Q80(0.0723118),roc,atr,161,120,1.2576861416409346,2.265295701422561,2.330300620372476,3.002689331789159,2.5018129079042737,24.05136268343815,0.8097655305777209,22.950733752620543,3.6792364598620932
btc1_ppo_hist_acc LE Q20(-0.0499027) & btc1_roc4 LE Q20(-0.189272),btc1_ppo_hist_acc LE Q20(-0.0499027),btc1_roc4 LE Q20(-0.189272),ppo,roc,175,131,0.6841770813003751,1.9576649521513914,3.6415228204934085,3.065014247183381,-0.9267585206671498,19.84652807784019,-2.6188058979937168,20.27261670427449,3.6690124549038674
btc1_roc4 LE Q20(-0.189272) & btc1_vwap_dist_acc LE Q20(-0.820672),btc1_roc4 LE Q20(-0.189272),btc1_vwap_dist_acc LE Q20(-0.820672),roc,vwap,187,122,0.4451303254338002,1.985725322742014,3.135736398328889,3.9905609913227758,2.4254187138630243,17.34371241021411,0.7333713365364716,17.882427741691586,3.6682967119093095
btc1_roc4_d3 LE Q20(-0.804736) & h1_atr_pct_d1 GE Q80(0.0524861),btc1_roc4_d3 LE Q20(-0.804736),h1_atr_pct_d1 GE Q80(0.0524861),roc,atr,156,132,1.3174088617430384,2.644608917694996,2.433448383162182,2.94823416652542,-1.2527658466744782,24.733180865256337,-2.944813224001031,23.63255193443873,3.6543780050249652
btc1_bb_width GE Q80(0.0434586) & m15_vwap_dist_acc GE Q80(1.17818),btc1_bb_width GE Q80(0.0434586),m15_vwap_dist_acc GE Q80(1.17818),bb_,vwap,142,122,0.8546562262255627,1.8770185093458052,3.0204783301939533,2.9470363849801315,-2.327160935154076,19.802728803656734,-4.019208312480629,18.702099872839128,3.651493616901459
btc1_vwap_dist_acc LE Q20(-0.820672) & btc4_roc4 GE Q80(1.9053),btc1_vwap_dist_acc LE Q20(-0.820672),btc4_roc4 GE Q80(1.9053),vwap,roc,161,85,0.5311711367910071,2.566340211840457,3.027464600621789,3.155617144377076,2.5018129079042737,19.002343075595014,0.8097655305777209,19.078184733012698,3.6498854352614787
btc4_roc4 LE Q20(-0.378217) & m15_vwap_dist_acc GE Q80(1.17818),btc4_roc4 LE Q20(-0.378217),m15_vwap_dist_acc GE Q80(1.17818),roc,vwap,147,128,2.2747294348971345,1.2680866439301104,5.620943261395254,2.051827884865423,7.263717669809033,7.8534460167714855,5.571670292482473,6.752817085953879,3.649259464739454
btc1_ppo_hist_acc LE Q20(-0.0499027) & btc1_roc4_d3 LE Q20(-0.804736),btc1_ppo_hist_acc LE Q20(-0.0499027),btc1_roc4_d3 LE Q20(-0.804736),ppo,roc,148,141,1.3821252606064904,2.0531979449244777,2.0397014425994975,2.8938620658814536,4.914940321031686,20.2038449529417,3.8985686193808036,19.81243588028012,3.6472462852245546
btc1_bb_width GE Q80(0.0434586) & btc1_vwap_dist_acc LE Q20(-0.820672),btc1_bb_width GE Q80(0.0434586),btc1_vwap_dist_acc LE Q20(-0.820672),bb_,vwap,168,125,1.2848507620076608,1.189048811072281,2.559740513355753,2.0770990850331073,7.858955765047135,16.884696016771485,6.76214648295867,17.384067085953873,3.6371594987159757
btc1_atr_pct GE Q70(0.804549) & h4_chop14 LE Q20(41.1434),btc1_atr_pct GE Q70(0.804549),h4_chop14 LE Q20(41.1434),atr,chop,205,200,0.1321499960743203,1.214847459937355,3.609467600119924,3.6663700765988265,-2.306549461433704,10.384696016771485,-3.998596838760264,9.784067085953879,3.5924491755760277
btc1_atr_pct GE Q70(0.804549) & btc1_roc4_d3 LE Q30(-0.481176),btc1_atr_pct GE Q70(0.804549),btc1_roc4_d3 LE Q30(-0.481176),atr,roc,272,199,1.058466413835676,2.0354395647506114,3.2898738701940466,2.3120823493089877,4.865258286055536,20.161077926319223,3.540857967552512,19.562961558315685,3.58732367107738
btc1_atr_pct GE Q60(0.732295) & btc1_roc4 LE Q20(-0.189272),btc1_atr_pct GE Q60(0.732295),btc1_roc4 LE Q20(-0.189272),atr,roc,268,198,0.9978165808262569,1.021150425261275,2.3394435703691285,3.346671169895864,5.540192438821123,10.844291976367444,3.848145061494563,10.753764055650848,3.5804288255899106
btc1_ppo_hist_acc LE Q20(-0.0499027) & btc1_tsi_d1 LE Q30(-0.211069),btc1_ppo_hist_acc LE Q20(-0.0499027),btc1_tsi_d1 LE Q30(-0.211069),ppo,tsi,192,143,0.771842248939125,2.844705378830781,3.9805141816904612,2.786447863215945,0.7905033840947482,13.835744967820439,-0.38071065989847597,13.434416736303525,3.574391000479942
btc1_atr_pct GE Q60(0.732295) & m15_rvol20_d1 LE Q20(-0.380289),btc1_atr_pct GE Q60(0.732295),m15_rvol20_d1 LE Q20(-0.380289),atr,rvol,187,126,0.7981655624379186,1.4222219906045885,3.052149198777213,2.5665626964423387,4.029696788729332,10.122791254866726,2.872408769691546,9.022162324049113,3.5430673379359683
btc1_tsi_d1 LE Q30(-0.211069) & m15_vwap_dist_acc GE Q80(1.17818),btc1_tsi_d1 LE Q30(-0.211069),m15_vwap_dist_acc GE Q80(1.17818),tsi,vwap,172,142,0.9781564583915886,1.0292575612007793,3.2852467818202653,2.691859692246398,-1.9832369259827658,7.842442495644725,-3.6752843033093257,6.741813564827119,3.537013356792317
btc1_atr_pct GE Q60(0.732295) & m15_ppo_hist_d3 LE Q20(-0.0662479),btc1_atr_pct GE Q60(0.732295),m15_ppo_hist_d3 LE Q20(-0.0662479),atr,ppo,259,189,0.7735313981249247,1.5789854069530593,4.273640344123381,2.619851417832968,3.2740136801050497,9.858240990316453,1.5819663027784898,8.757612059498854,3.523242552416614
btc1_vwap_dist_d1 LE Q20(-0.503192) & h1_atr_pct_acc GE Q80(0.0723118),btc1_vwap_dist_d1 LE Q20(-0.503192),h1_atr_pct_acc GE Q80(0.0723118),vwap,atr,239,146,0.5499921329951468,2.115439955720029,3.7391664860404195,3.2237740516419024,-4.37206635091222,12.829901496223535,-6.06411372823878,11.729272565405935,3.5213219195449073
btc1_atr_pct GE Q60(0.732295) & btc1_roc12_d1 GE Q80(0.195979),btc1_atr_pct GE Q60(0.732295),btc1_roc12_d1 GE Q80(0.195979),atr,roc,223,171,1.6711923823130248,1.2440505562262156,2.6419375249148196,2.179368092707881,8.972024310851104,1.7268012799293757,7.728407426798086,1.2109676707491985,3.4994420407469615
btc1_roc12_d1 LE Q20(-0.733136) & m15_ppo_hist_d3 LE Q20(-0.0662479),btc1_roc12_d1 LE Q20(-0.733136),m15_ppo_hist_d3 LE Q20(-0.0662479),roc,ppo,150,114,0.7704038209145196,1.9116122067582415,6.270967303716637,3.0086954173265745,-5.021996615905245,6.112766192210081,-6.7140439932317975,5.012137261392468,3.494158459899301
btc1_di_spread_d1 LE Q30(-2.59029) & m15_ppo_hist_d3 LE Q20(-0.0662479),btc1_di_spread_d1 LE Q30(-2.59029),m15_ppo_hist_d3 LE Q20(-0.0662479),di_spread,ppo,204,161,0.7042142701745042,1.5761374063635603,5.167658243509551,2.9118547202466827,-2.1200358315915224,4.636248811802538,-3.321887130486715,3.5356198809849317,3.4860301728637073
btc4_roc12 LE Q20(-2.18415) & h4_ppo_hist_d3 GE Q80(0.373358),btc4_roc12 LE Q20(-2.18415),h4_ppo_hist_d3 GE Q80(0.373358),roc,ppo,147,142,1.0193011455786585,1.9174662040580173,2.1667838320678174,3.9285569846452093,7.263717669809033,6.433991791419373,6.932214510169551,5.333362860601767,3.4857719886010927
btc1_atr_pct GE Q70(0.804549) & btc1_di_spread_d1 LE Q30(-2.59029),btc1_atr_pct GE Q70(0.804549),btc1_di_spread_d1 LE Q30(-2.59029),atr,di_spread,250,197,0.46131686096410657,1.955363406351304,3.7211191668378705,3.2699511131114365,-4.35532994923858,8.539518351796865,-6.04737732656514,7.946503634177226,3.4796605290670826
btc1_ppo_hist_acc LE Q20(-0.0499027) & btc4_roc12 LE Q20(-2.18415),btc1_ppo_hist_acc LE Q20(-0.0499027),btc4_roc12 LE Q20(-2.18415),ppo,roc,158,150,0.6344733296413088,1.146153034985537,5.842213892339739,3.084310296625283,-4.279380582149976,6.218029350104821,-5.971427959476529,5.784067085953886,3.4709736496125614
btc4_adx_d3 GE Q80(2.8644) & btc4_bb_width GE Q80(0.0942267),btc4_adx_d3 GE Q80(2.8644),btc4_bb_width GE Q80(0.0942267),adx,bb_,226,159,0.5446045784902716,1.925279236238533,2.583934835095294,3.4437930212246908,6.989802794124252,16.457023060796644,6.1827111690100764,15.985324947589099,3.4618877207894947
btc1_atr_pct GE Q70(0.804549) & btc4_roc12 LE Q20(-2.18415),btc1_atr_pct GE Q70(0.804549),btc4_roc12 LE Q20(-2.18415),atr,roc,292,272,0.42227429061532407,0.622424635414766,4.003889017462744,3.196592243994079,-2.6840970725262494,4.9582254285361955,-4.376144449852816,4.225243556542118,3.4508207334365593
btc1_atr_pct GE Q70(0.804549) & m15_ppo_hist_d3 LE Q20(-0.0662479),btc1_atr_pct GE Q70(0.804549),m15_ppo_hist_d3 LE Q20(-0.0662479),atr,ppo,210,167,0.7325711042504172,1.7748073980462915,4.858920119259934,2.692878819313883,1.0732414793328502,7.998468471861308,-0.6188058979937168,6.897839541043695,3.4452710499844112
btc1_atr_pct GE Q80(0.907279) & btc4_roc12 LE Q20(-2.18415),btc1_atr_pct GE Q80(0.907279),btc4_roc12 LE Q20(-2.18415),atr,roc,228,219,0.199988202976008,0.7794100218732043,5.174282744231829,3.4482955225162493,-3.51322468608069,4.154102409465544,-5.205272063407243,3.5100944832141536,3.4387815436416918
btc1_bb_width GE Q80(0.0434586) & h1_atr_pct_acc GE Q80(0.0723118),btc1_bb_width GE Q80(0.0434586),h1_atr_pct_acc GE Q80(0.0723118),bb_,atr,154,84,0.7534754742502341,2.5016719407912102,2.775885043569155,3.7418212211479105,-1.3942909881996144,32.74183887391435,-3.0863383655261742,31.641209943096733,3.4258050208628776
btc1_atr_pct GE Q60(0.732295) & btc1_roc4_d3 LE Q30(-0.481176),btc1_atr_pct GE Q60(0.732295),btc1_roc4_d3 LE Q30(-0.481176),atr,roc,365,230,0.9387309106247645,1.835666706764913,2.2773051046843293,2.246980325865189,4.850149502816208,19.232522103728,3.9800199337088316,18.56667578160605,3.410816120248616
btc1_atr_pct GE Q70(0.804549) & btc1_roc4_d1 LE Q20(-0.766142),btc1_atr_pct GE Q70(0.804549),btc1_roc4_d1 LE Q20(-0.766142),atr,roc,294,205,1.07547745610082,1.262309255224693,3.771220593550942,2.210556602534343,2.841948962326043,15.128598455795874,1.8301736938430295,14.515774403027052,3.407896001381805
btc1_atr_pct GE Q80(0.907279) & btc1_roc4_d3 LE Q30(-0.481176),btc1_atr_pct GE Q80(0.907279),btc1_roc4_d3 LE Q30(-0.481176),atr,roc,175,157,0.908353419935816,1.9618642421821164,4.408282021690692,2.2429681546813303,5.358955765047135,22.209536781102692,4.238336959149144,21.108907850285085,3.3968569867515432
btc1_roc4_d1 LE Q20(-0.766142) & h1_atr_pct_acc GE Q80(0.0723118),btc1_roc4_d1 LE Q20(-0.766142),h1_atr_pct_acc GE Q80(0.0723118),roc,atr,199,125,0.7745297271394312,1.933423115202448,4.060576303503194,2.743061675268346,-2.164375175369237,17.68469601677149,-3.856422552695797,16.584067085953883,3.375531696092784
btc1_atr_pct GE Q80(0.907279) & btc1_roc4_d1 LE Q20(-0.766142),btc1_atr_pct GE Q80(0.907279),btc1_roc4_d1 LE Q20(-0.766142),atr,roc,218,174,0.977153824242011,1.7578887550387448,4.690076520747311,2.385107964103649,0.47035812415591494,16.034121304127808,-0.30425806051008664,14.933492373310202,3.3702873708601357
btc1_bb_width GE Q80(0.0434586) & btc1_vwap_dist_d1 LE Q20(-0.503192),btc1_bb_width GE Q80(0.0434586),btc1_vwap_dist_d1 LE Q20(-0.503192),bb_,vwap,175,112,0.5305917227317046,0.8567251513646292,3.2685690978984834,3.009358131297529,-3.2124728063814345,23.813267445342916,-4.333091612279432,24.498352800239594,3.356913837592202
btc1_roc12_d1 LE Q20(-0.733136) & h1_atr_pct_d1 GE Q80(0.0524861),btc1_roc12_d1 LE Q20(-0.733136),h1_atr_pct_d1 GE Q80(0.0524861),roc,atr,235,151,0.523964070094133,2.25450913184092,3.1089950500595154,3.5219557438220397,-5.036181013068365,5.944298665778106,-6.728228390394932,4.8436697349605,3.347309121953699
btc1_atr_pct GE Q60(0.732295) & btc1_di_spread_d1 LE Q30(-2.59029),btc1_atr_pct GE Q60(0.732295),btc1_di_spread_d1 LE Q30(-2.59029),atr,di_spread,327,217,0.499951098853169,1.560224792448416,3.1756846821089324,2.9788656294568305,-2.434840652602496,7.74183887391434,-4.126888029929056,7.102039436184292,3.3232337481333434
btc1_roc4_acc LE Q20(-1.11272) & m15_ppo_hist_d3 LE Q20(-0.0662479),btc1_roc4_acc LE Q20(-1.11272),m15_ppo_hist_d3 LE Q20(-0.0662479),roc,ppo,164,139,2.0751204038774764,1.141075331303448,5.033595468364834,2.0871256451601576,2.3275968800297093,6.61131472180746,0.6355495027031566,5.510685790989847,3.31073987291856
btc4_roc12 LE Q20(-2.18415) & m15_ppo_hist_acc GE Q80(0.0753278),btc4_roc12 LE Q20(-2.18415),m15_ppo_hist_acc GE Q80(0.0753278),roc,ppo,153,157,0.36183230501432295,1.2341827997782855,4.586484741996283,3.323194415939969,-7.021996615905252,10.744568628236458,-8.714043993231797,9.643939697418851,3.3000859426124984
btc1_ppo_hist_acc LE Q20(-0.0499027) & h1_atr_pct_acc GE Q80(0.0723118),btc1_ppo_hist_acc LE Q20(-0.0499027),h1_atr_pct_acc GE Q80(0.0723118),ppo,atr,225,130,0.6259652328128066,1.9824718447125198,3.7551140421445917,2.9474351733879396,-4.799774393683023,11.807772939848405,-6.491821771009583,10.707144009030799,3.299570738970064
btc1_roc4 LE Q20(-0.189272) & m15_vwap_dist_acc GE Q80(1.17818),btc1_roc4 LE Q20(-0.189272),m15_vwap_dist_acc GE Q80(1.17818),roc,vwap,165,119,0.6428731656972625,1.0182840498811965,2.736289536030207,3.0871325770371922,-0.9613905552991895,12.783855680637032,-2.6534379326257493,11.683226749819418,3.2972522264159787
btc1_atr_pct GE Q60(0.732295) & h1_rvol20_d3 GE Q80(0.621147),btc1_atr_pct GE Q60(0.732295),h1_rvol20_d3 GE Q80(0.621147),atr,rvol,181,105,1.2293521661910058,1.9938623972360232,2.086963426871733,2.2952771565850565,-0.023838236531396717,4.8846960167714855,-1.1633994260126599,3.784067085953879,3.2923324574465433
btc1_roc4_d3 LE Q20(-0.804736) & btc1_vwap_dist_acc LE Q20(-0.820672),btc1_roc4_d3 LE Q20(-0.804736),btc1_vwap_dist_acc LE Q20(-0.820672),roc,vwap,143,129,1.3491783391137444,1.766361620322229,1.5236177921397638,2.879565131935145,8.595719001810373,14.497099117546682,7.602972323784506,14.171663985178682,3.2827271477835094
btc1_tsi_d1 LE Q30(-0.211069) & btc4_adx_d3 GE Q80(2.8644),btc1_tsi_d1 LE Q30(-0.211069),btc4_adx_d3 GE Q80(2.8644),tsi,adx,151,122,1.0339436936017774,1.324213972702955,2.614179405974234,1.7948983855394927,9.313544222946845,18.16338454136165,8.283748501249434,17.062755610544038,3.2739233758546646
btc1_roc12_d1 LE Q20(-0.733136) & btc1_vwap_dist_acc LE Q20(-0.820672),btc1_roc12_d1 LE Q20(-0.733136),btc1_vwap_dist_acc LE Q20(-0.820672),roc,vwap,227,155,0.3527193324560094,1.9817432330204654,3.0904916182151534,3.5543826086971597,-2.9103960285337322,8.11050246838439,-4.161914771499063,7.6550348278893665,3.27266077438517
btc1_tsi_d1 LE Q30(-0.211069) & h1_atr_pct_acc GE Q80(0.0723118),btc1_tsi_d1 LE Q30(-0.211069),h1_atr_pct_acc GE Q80(0.0723118),tsi,atr,232,163,0.9421355158994841,1.6726592088300842,3.2411822019764402,2.3060680147970816,1.0239803955890068,10.283469022906452,-0.668066981737546,9.182840092088853,3.265561602929485
btc1_atr_pct GE Q60(0.732295) & btc1_roc4_d1 LE Q20(-0.766142),btc1_atr_pct GE Q60(0.732295),btc1_roc4_d1 LE Q20(-0.766142),atr,roc,358,229,0.9266334292228495,0.9686856072772958,2.9719004908656332,2.1160836417645017,4.337407480929016,13.356311737295506,3.762678539356642,13.129045251892748,3.2480928662023545
btc1_atr_pct GE Q70(0.804549) & btc1_roc12_d1 GE Q80(0.195979),btc1_atr_pct GE Q70(0.804549),btc1_roc12_d1 GE Q80(0.195979),atr,roc,172,148,1.2509864702397724,0.9963895313096701,2.8417927092207664,2.3263717816732297,4.412111911226539,-1.331520199444732,2.720064533899979,-1.7564734545866543,3.247686237907825
h1_atr_pct_d1 GE Q80(0.0524861) & h4_ppo_hist_d3 GE Q80(0.373358),h1_atr_pct_d1 GE Q80(0.0524861),h4_ppo_hist_d3 GE Q80(0.373358),atr,ppo,155,90,0.7959395889245979,0.928449947407264,2.9112228125874955,2.61742126323501,3.515637792696907,-2.893081761006293,1.8235904153703473,-3.9937106918239067,3.2466941854929408
btc1_roc4_d1 LE Q20(-0.766142) & m15_ppo_hist_d3 LE Q20(-0.0662479),btc1_roc4_d1 LE Q20(-0.766142),m15_ppo_hist_d3 LE Q20(-0.0662479),roc,ppo,187,134,1.1272389219184715,1.4174669849735775,5.1828348580336225,2.0579088990101235,1.8906593555742575,9.66081541975656,0.1986119782476976,8.560186488938953,3.2458398411607767
btc1_vwap_dist_d1 LE Q20(-0.503192) & btc4_bb_width GE Q80(0.0942267),btc1_vwap_dist_d1 LE Q20(-0.503192),btc4_bb_width GE Q80(0.0942267),vwap,bb_,182,132,0.3402155120921091,0.7825554843942375,3.0187989741029546,2.8258252810014977,1.9523623584537262,8.824089956165423,0.8097655305777209,8.481036782923582,3.240806974458773
btc1_atr_pct GE Q80(0.907279) & m15_ppo_hist_d3 LE Q20(-0.0662479),btc1_atr_pct GE Q80(0.907279),m15_ppo_hist_d3 LE Q20(-0.0662479),atr,ppo,153,138,0.853866181648571,1.83326212012694,6.41781191910986,2.5100295207870795,-1.7932384459706014,10.536869929814962,-3.4852858232971684,9.436240998997363,3.240392832590589
btc1_atr_pct_d1 GE Q80(0.0207423) & m15_ppo_hist_acc GE Q80(0.0753278),btc1_atr_pct_d1 GE Q80(0.0207423),m15_ppo_hist_acc GE Q80(0.0753278),atr,ppo,162,148,1.00719084854146,2.43232416952218,3.818957719529763,2.4170130123050213,-3.3182929122015423,16.236047368122833,-5.010340289528102,15.135418437305226,3.2244482676898736
btc4_adx_d1 GE Q80(1.15404) & btc4_rvol20 GE Q80(1.45631),btc4_adx_d1 GE Q80(1.15404),btc4_rvol20 GE Q80(1.45631),adx,rvol,193,215,0.6789294658761675,1.0023839137031678,2.3678518178027743,2.4171405659298877,4.204255542989394,7.675393691190088,2.512208165662841,7.039881039442257,3.2231531132818807
btc1_atr_pct GE Q60(0.732295) & btc4_roc12 LE Q20(-2.18415),btc1_atr_pct GE Q60(0.732295),btc4_roc12 LE Q20(-2.18415),atr,roc,340,301,0.29230424297118207,0.7634225475364085,3.2664459767234666,3.128076575437141,-3.2965064198268124,7.0773870466718165,-4.988553797153372,6.308984029475475,3.2217145498704514
btc1_atr_pct GE Q70(0.804549) & btc1_ppo_hist_d1 LE Q20(-0.0309186),btc1_atr_pct GE Q70(0.804549),btc1_ppo_hist_d1 LE Q20(-0.0309186),atr,ppo,249,197,0.5013000624517042,1.4499710750432608,2.8948013780571085,3.2686913727083953,-3.005932358877139,4.478604646213114,-4.697979736203699,3.8855899285934683,3.2119638750184247
btc1_atr_pct GE Q60(0.732295) & btc4_adx_d1 GE Q80(1.15404),btc1_atr_pct GE Q60(0.732295),btc4_adx_d1 GE Q80(1.15404),atr,adx,239,155,0.12237639849802695,2.091116383382874,3.0880825996829997,3.453943279572168,0.6488541511798331,18.433083113545685,-1.0431932261467338,17.977615473050655,3.2090607581934867
btc1_atr_pct GE Q80(0.907279) & h4_chop14 LE Q20(41.1434),btc1_atr_pct GE Q80(0.907279),h4_chop14 LE Q20(41.1434),atr,chop,160,145,-0.12503201840038874,1.682346128539868,5.00739038581908,3.4641497252208517,-2.2303299492385804,14.539868430564589,-3.9223773265651403,14.128894672160776,3.193760261812003
btc1_tsi_d1 LE Q30(-0.211069) & h4_ppo_hist_d3 GE Q80(0.373358),btc1_tsi_d1 LE Q30(-0.211069),h4_ppo_hist_d3 GE Q80(0.373358),tsi,ppo,152,83,1.182073465744117,0.7240301894867411,2.531240254671669,3.2671911173089043,5.039406892866687,-1.3803642241923697,3.347359515540127,-1.2761738779015417,3.188336039874608
btc1_bb_width GE Q80(0.0434586) & m15_ppo_hist_d3 LE Q20(-0.0662479),btc1_bb_width GE Q80(0.0434586),m15_ppo_hist_d3 LE Q20(-0.0662479),bb_,ppo,146,97,0.6266098509469263,1.2563677127047839,3.5456768952040303,2.8574702624418555,-5.42382309992351,13.338304264194164,-7.11587047725007,12.237675333376565,3.1790480108460755
btc1_vwap_dist_acc LE Q20(-0.820672) & h1_atr_pct_acc GE Q80(0.0723118),btc1_vwap_dist_acc LE Q20(-0.820672),h1_atr_pct_acc GE Q80(0.0723118),vwap,atr,195,124,0.35299882761223783,1.7108356396002393,3.004590941826691,3.1855701263263057,-2.9194325133411425,10.045986339352126,-4.611479890667702,8.945357408534527,3.1777771962253407
btc1_vwap_dist_d1 LE Q20(-0.503192) & m15_ppo_hist_d3 LE Q20(-0.0662479),btc1_vwap_dist_d1 LE Q20(-0.503192),m15_ppo_hist_d3 LE Q20(-0.0662479),vwap,ppo,172,131,0.3509223370000042,1.2967144788094862,5.54165383103862,3.0418253791116485,-3.727422972494395,7.632787619824917,-5.419470349820955,6.532158689007318,3.1725356199404016
btc1_ppo_hist_acc LE Q20(-0.0499027) & h1_atr_pct_d1 GE Q80(0.0524861),btc1_ppo_hist_acc LE Q20(-0.0499027),h1_atr_pct_d1 GE Q80(0.0524861),ppo,atr,224,170,0.6043634456790213,2.2168631587205874,3.555609977226454,2.7189318735393684,-2.408901377810011,6.061166605006775,-4.100948755136571,4.960537674189169,3.1690093027813577
btc1_di_spread_d1 LE Q30(-2.59029) & h1_atr_pct_d1 GE Q80(0.0524861),btc1_di_spread_d1 LE Q30(-2.59029),h1_atr_pct_d1 GE Q80(0.0524861),di_spread,atr,298,211,0.7127769581525836,1.8697393043952895,2.634784353655368,3.1257069456746556,-3.107007801587571,10.38232634852504,-4.799055178914138,9.281697417707434,3.1583699741820417
h1_rvol20_d3 GE Q80(0.621147) & m15_ppo_hist_acc GE Q80(0.0753278),h1_rvol20_d3 GE Q80(0.621147),m15_ppo_hist_acc GE Q80(0.0753278),rvol,ppo,161,108,1.2496260138392095,1.9992865722239972,2.1842202318269184,3.6033748398300913,-4.951603241164044,5.625436757512226,-6.643650618490611,4.5248078266946266,3.152425136061394
btc1_di_spread_d1 LE Q30(-2.59029) & btc4_adx_d3 GE Q80(2.8644),btc1_di_spread_d1 LE Q30(-2.59029),btc4_adx_d3 GE Q80(2.8644),di_spread,adx,156,146,0.7885394911468243,1.4269964333604677,2.0614161972797844,2.4734507519242332,6.439541845633215,16.93949053731943,5.3885201093322905,15.83886160650183,3.150912345982251
btc1_di_spread_d1 LE Q30(-2.59029) & btc4_bb_width GE Q80(0.0942267),btc1_di_spread_d1 LE Q30(-2.59029),btc4_bb_width GE Q80(0.0942267),di_spread,bb_,170,134,0.9274687105670965,1.6103110355665469,2.027840927486119,2.978435489756546,4.350552403702601,14.138427360055069,3.2467403204936787,13.784067085953879,3.150761016574167
btc1_atr_pct GE Q80(0.907279) & btc1_roc12_d1 LE Q20(-0.733136),btc1_atr_pct GE Q80(0.907279),btc1_roc12_d1 LE Q20(-0.733136),atr,roc,204,128,0.38528153287139594,2.1511128989333836,4.636304253005639,3.0800937676718667,-6.041604459042503,10.197196016771485,-7.243455757937696,9.096567085953879,3.1392580516132336
btc1_atr_pct GE Q60(0.732295) & btc1_roc12_d1 LE Q20(-0.733136),btc1_atr_pct GE Q60(0.732295),btc1_roc12_d1 LE Q20(-0.733136),atr,roc,317,203,0.3644589968257163,1.0373471897569178,2.9903840156940102,3.413167025786223,-3.762270012330063,0.3526763123379908,-5.13885997640741,-0.25534178104119576,3.139197712621676
btc4_roc12 LE Q20(-2.18415) & m15_vwap_dist_acc GE Q80(1.17818),btc4_roc12 LE Q20(-2.18415),m15_vwap_dist_acc GE Q80(1.17818),roc,vwap,142,157,0.4677546325873961,1.1307583882871233,4.983719827368406,3.032010986840576,-6.552513047830132,7.559855252440279,-8.244560425156692,6.459226321622673,3.1382990194899345
btc1_tsi_d1 LE Q30(-0.211069) & btc4_roc4 GE Q80(1.9053),btc1_tsi_d1 LE Q30(-0.211069),btc4_roc4 GE Q80(1.9053),tsi,roc,163,88,0.46794796257687693,2.53481048622349,2.4791351908892505,2.7797375643022617,4.429946124381054,19.430150562226025,2.737898747054487,19.46588526777206,3.1347395121386485
btc1_roc4 LE Q20(-0.189272) & btc1_vwap_dist_d1 LE Q20(-0.503192),btc1_roc4 LE Q20(-0.189272),btc1_vwap_dist_d1 LE Q20(-0.503192),roc,vwap,247,200,0.9394914324226252,1.1308413253198606,2.552406424780049,1.9784334054568713,4.583941305822151,11.884696016771485,2.891893928495591,11.784067085953879,3.113280955624073
btc1_ppo_hist_acc LE Q20(-0.0499027) & btc4_roc4 GE Q80(1.9053),btc1_ppo_hist_acc LE Q20(-0.0499027),btc4_roc4 GE Q80(1.9053),ppo,roc,178,99,0.5686035564498945,2.1278118818708642,2.6009957730021904,2.4049825780918064,3.4648947698625463,13.36954450161997,1.7728473925359793,13.279016580903374,3.112989925488297
btc1_atr_pct_d1 GE Q80(0.0207423) & btc1_roc12_d1 LE Q20(-0.733136),btc1_atr_pct_d1 GE Q80(0.0207423),btc1_roc12_d1 LE Q20(-0.733136),atr,roc,256,155,0.828616124823253,2.3161202844482753,2.8584429985564075,2.318184131690918,-0.12095494923858041,8.755663758706973,-1.8130023265651403,8.300196118211943,3.106911561505711
btc1_roc4 LE Q20(-0.189272) & btc4_bb_width GE Q80(0.0942267),btc1_roc4 LE Q20(-0.189272),btc4_bb_width GE Q80(0.0942267),roc,bb_,140,110,0.8554617390896064,1.281197681147435,1.7747315639229413,2.9451633857592396,9.64467005076142,16.702877834953306,8.666908387720568,16.511339813226606,3.092871572289802
btc1_roc4_d1 LE Q20(-0.766142) & btc1_vwap_dist_acc LE Q20(-0.820672),btc1_roc4_d1 LE Q20(-0.766142),btc1_vwap_dist_acc LE Q20(-0.820672),roc,vwap,224,173,1.0549062127053632,1.3074733183658451,3.994718740891935,1.7196262858110438,6.51967005076142,8.237297172840847,5.274051244863429,8.2927376061851,3.075603624936518
btc1_ppo_hist_d1 LE Q20(-0.0309186) & h1_atr_pct_d1 GE Q80(0.0524861),btc1_ppo_hist_d1 LE Q20(-0.0309186),h1_atr_pct_d1 GE Q80(0.0524861),ppo,atr,218,166,0.27126611022959457,2.494189131976748,3.0880207953380605,3.170854430241155,-5.034229031807385,10.065418908337755,-6.726276409133945,8.964789977520141,3.0737345064307546
btc1_atr_pct GE Q70(0.804549) & btc4_bb_width GE Q80(0.0942267),btc1_atr_pct GE Q70(0.804549),btc4_bb_width GE Q80(0.0942267),atr,bb_,347,272,0.6073419292880009,1.0987606341584217,2.7013990657190834,2.240426897266772,4.601442385055371,7.8994018991244275,3.1975794457691578,7.16642002713035,3.0497636870218168
h1_atr_pct_d1 GE Q80(0.0524861) & m15_ppo_hist_d3 LE Q20(-0.0662479),h1_atr_pct_d1 GE Q80(0.0524861),m15_ppo_hist_d3 LE Q20(-0.0662479),atr,ppo,228,175,0.7127985519810772,1.7158582762574148,3.1716135373792653,2.3607615710772913,-0.0044527562561285094,8.884696016771485,-1.6965001335826813,7.784067085953872,3.039496537699031
btc1_roc4_d3 LE Q30(-0.481176) & m15_ppo_hist_acc GE Q80(0.0753278),btc1_roc4_d3 LE Q30(-0.481176),m15_ppo_hist_acc GE Q80(0.0753278),roc,ppo,181,175,0.925933448503735,1.8860425882242788,4.252968540936666,1.9826532735633038,3.291078890540426,18.02755315962863,1.5990315132138662,16.926924228811018,3.039299719047529
btc1_roc12_d1 LE Q20(-0.733136) & btc1_tsi_d1 LE Q30(-0.211069),btc1_roc12_d1 LE Q20(-0.733136),btc1_tsi_d1 LE Q30(-0.211069),roc,tsi,257,187,0.379118940607168,1.446683197996662,2.6923721538327485,2.6403156151917537,0.8898062375318432,6.061166605006775,-0.4131360814289593,4.960537674189169,3.037866021296298
btc1_atr_pct GE Q60(0.732295) & m15_ppo_hist_acc GE Q80(0.0753278),btc1_atr_pct GE Q60(0.732295),m15_ppo_hist_acc GE Q80(0.0753278),atr,ppo,272,228,0.8445404199351475,1.4940498153952695,4.017875280575785,2.200071076435203,0.45349358017318053,7.428555665894294,-1.2385537971533793,6.327926735076687,3.033445227832478
btc1_roc4_d3 LE Q30(-0.481176) & h1_atr_pct_d1 GE Q80(0.0524861),btc1_roc4_d3 LE Q30(-0.481176),h1_atr_pct_d1 GE Q80(0.0524861),roc,atr,203,160,0.8532308315674131,2.025042905793245,4.590177354978126,2.251399436713883,-0.9464629541646872,16.759696016771493,-2.145899494052827,15.659067085953879,3.033318389775299
btc1_tsi_d1 LE Q30(-0.211069) & btc1_vwap_dist_acc LE Q20(-0.820672),btc1_tsi_d1 LE Q30(-0.211069),btc1_vwap_dist_acc LE Q20(-0.820672),tsi,vwap,179,127,0.16545139999007655,2.54636759941843,2.974929865612099,3.1081483403317285,-1.807843915719026,15.278396804173056,-2.941232075168486,14.965169448158605,3.0273213066272353
m15_atr_pct_d3 GE Q80(0.0315324) & m15_roc12_acc GE Q80(1.37304),m15_atr_pct_d3 GE Q80(0.0315324),m15_roc12_acc GE Q80(1.37304),atr,roc,212,191,0.6541544640542494,1.1744705547395022,3.024220255284716,2.4664891331809047,-1.6760846662197082,2.057470885881436,-2.424735817131179,0.9568419550638296,3.021866340905939
btc1_ppo_hist_acc LE Q20(-0.0499027) & btc1_roc12_d1 LE Q20(-0.733136),btc1_ppo_hist_acc LE Q20(-0.0499027),btc1_roc12_d1 LE Q20(-0.733136),ppo,roc,287,155,0.3762152420723522,2.2759386745033066,3.7096065367494795,2.988661147007423,-6.557420541573073,9.40082504902955,-7.901035863150511,8.945357408534527,3.0101330555695727
btc1_vwap_dist_acc LE Q20(-0.820672) & btc4_bb_width GE Q80(0.0942267),btc1_vwap_dist_acc LE Q20(-0.820672),btc4_bb_width GE Q80(0.0942267),vwap,bb_,161,139,0.5919058899416069,1.2787893244843969,2.8916108896466115,2.1309518779422776,5.607402970016075,7.330739182239114,4.53647360511188,6.949534711853161,2.9818093290866043
btc1_atr_pct GE Q70(0.804549) & btc1_vwap_dist_d1 LE Q20(-0.503192),btc1_atr_pct GE Q70(0.804549),btc1_vwap_dist_d1 LE Q20(-0.503192),atr,vwap,270,192,0.23757177514283334,1.5654752557387315,3.938897899463332,3.019763153153249,-5.170144764053397,10.718029350104814,-6.491821771009583,10.659067085953879,2.972394149954289
btc1_atr_pct GE Q80(0.907279) & btc1_vwap_dist_d1 LE Q20(-0.503192),btc1_atr_pct GE Q80(0.907279),btc1_vwap_dist_d1 LE Q20(-0.503192),atr,vwap,219,160,0.047369425162643725,1.7102997851493766,4.847104740422567,3.282278816526219,-7.021996615905252,15.509696016771485,-8.257422988665596,15.034067085953879,2.953839883438393
btc1_atr_pct GE Q60(0.732295) & btc1_roc4_d3 LE Q20(-0.804736),btc1_atr_pct GE Q60(0.732295),btc1_roc4_d3 LE Q20(-0.804736),atr,roc,304,208,1.2855953860946792,1.6288392039920152,1.3621553429681872,2.0692128311025337,6.355196366550892,17.28854217061764,5.321043726066442,16.668682470569266,2.944827494580722
btc1_atr_pct_d1 GE Q80(0.0207423) & btc4_adx_d1 GE Q80(1.15404),btc1_atr_pct_d1 GE Q80(0.0207423),btc4_adx_d1 GE Q80(1.15404),atr,adx,153,96,0.5726367069068456,3.3438255712360627,4.439868389507522,2.4532958026275935,-1.1396436747287737,28.42636268343815,-2.8316910520553336,27.32573375262055,2.935109378251469
btc1_atr_pct GE Q80(0.907279) & btc4_roc4 LE Q20(-0.378217),btc1_atr_pct GE Q80(0.907279),btc4_roc4 LE Q20(-0.378217),atr,roc,157,163,0.3436457570742673,0.6861335240741246,5.741190119141361,2.7860342848498423,-3.412654790002911,8.442978225360442,-5.104702167329471,7.955846227058174,2.9252063548774325
btc4_bb_width GE Q80(0.0942267) & h4_ppo_hist_d3 GE Q80(0.373358),btc4_bb_width GE Q80(0.0942267),h4_ppo_hist_d3 GE Q80(0.373358),bb_,ppo,163,125,0.326705769052757,1.485686402287235,2.5326742143097207,2.713028611223459,6.2704369219270575,1.6846960167714826,5.805383409631183,0.5840670859538761,2.9216022055846995
btc1_atr_pct GE Q80(0.907279) & btc1_di_spread_d1 LE Q30(-2.59029),btc1_atr_pct GE Q80(0.907279),btc1_di_spread_d1 LE Q30(-2.59029),atr,di_spread,191,128,0.09571364459310523,2.979835883195538,4.435937664184601,3.188782781052816,-6.847476546097219,21.915946016771485,-8.539523923423772,20.81531708595388,2.908281650794529
btc1_vwap_dist_d1 LE Q20(-0.503192) & btc4_roc12 LE Q20(-2.18415),btc1_vwap_dist_d1 LE Q20(-0.503192),btc4_roc12 LE Q20(-2.18415),vwap,roc,150,156,0.5646221163582725,-0.005708071825267891,5.910364043984898,3.223012473049316,-5.688663282571909,5.9103370424125075,-7.380710659898469,5.450733752620543,2.8990302895489215
btc1_atr_pct GE Q80(0.907279) & btc4_bb_width GE Q80(0.0942267),btc1_atr_pct GE Q80(0.907279),btc4_bb_width GE Q80(0.0942267),atr,bb_,281,242,0.6329101232832894,0.7909261108199656,3.1565612166740813,1.9931821728508725,5.552143360369961,5.793786925862399,4.215967869164395,5.106381135540651,2.876975954328549
btc1_ppo_hist_d1 LE Q20(-0.0309186) & btc4_bb_width GE Q80(0.0942267),btc1_ppo_hist_d1 LE Q20(-0.0309186),btc4_bb_width GE Q80(0.0942267),ppo,bb_,161,135,0.56286660991457,1.0381357893104202,2.2849562991606804,3.1117845556472306,1.2595768830595588,10.069881201956669,-0.432470494267001,8.969252271139062,2.8769608056816973
btc1_atr_pct GE Q80(0.907279) & btc1_ppo_hist_d1 LE Q20(-0.0309186),btc1_atr_pct GE Q80(0.907279),btc1_ppo_hist_d1 LE Q20(-0.0309186),atr,ppo,177,139,0.591469372775903,2.1538307295983032,4.289601561518663,2.4101674726627524,-1.9372508531933832,17.402681628282274,-3.629298230519943,16.302052697464674,2.8709333552324554
btc1_atr_pct GE Q60(0.732295) & btc4_bb_width GE Q80(0.0942267),btc1_atr_pct GE Q60(0.732295),btc4_bb_width GE Q80(0.0942267),atr,bb_,386,289,0.4951872663012066,1.2195843403019724,2.284884638876618,2.1976985117486976,3.9451881854764466,9.175353456217856,2.512208165662841,8.420745286645918,2.8614855869274542
btc1_atr_pct GE Q60(0.732295) & h4_chop14 LE Q20(41.1434),btc1_atr_pct GE Q60(0.732295),h4_chop14 LE Q20(41.1434),atr,chop,255,221,0.12737937970396074,1.3438157870251581,2.782549797412149,3.8339332818549248,-0.7474868119836771,11.038542170617639,-1.6552204638200436,10.390401927582836,2.8544001634801983
btc1_atr_pct GE Q60(0.732295) & h4_ppo_hist_d3 GE Q80(0.373358),btc1_atr_pct GE Q60(0.732295),h4_ppo_hist_d3 GE Q80(0.373358),atr,ppo,241,193,0.9293498718677629,0.8445452702798961,2.3657537528906696,2.1180207126464063,1.9683215030435761,-1.9546822215704793,0.27627412571702337,-2.5371764373621915,2.8531819875319444
h1_atr_pct_d1 GE Q80(0.0524861) & m15_roc12_acc GE Q80(1.37304),h1_atr_pct_d1 GE Q80(0.0524861),m15_roc12_acc GE Q80(1.37304),atr,roc,190,181,0.20358374913574123,1.460151901358191,2.9953627612773666,2.6482703217565184,0.6973016297087895,10.188563420086403,-0.9947457476177632,9.08793448926879,2.852878204831168
h1_atr_pct_acc GE Q80(0.0723118) & m15_ppo_hist_acc GE Q80(0.0753278),h1_atr_pct_acc GE Q80(0.0723118),m15_ppo_hist_acc GE Q80(0.0753278),atr,ppo,247,176,0.690814463798552,1.5673991912766758,3.4056146054722802,2.347904713626053,-3.1083663864855424,14.884696016771485,-4.800413763812109,13.784067085953879,2.8494599105537968
btc1_atr_pct GE Q60(0.732295) & m15_vwap_dist_acc GE Q80(1.17818),btc1_atr_pct GE Q60(0.732295),m15_vwap_dist_acc GE Q80(1.17818),atr,vwap,274,226,0.9664839676836792,1.0040436276881604,3.9229573797571167,1.798688767317476,1.980436474119081,2.9377933619042267,0.2883890967925282,1.8371644310866273,2.830353611160578
btc4_roc4 GE Q80(1.9053) & h4_ppo_hist_d3 GE Q80(0.373358),btc4_roc4 GE Q80(1.9053),h4_ppo_hist_d3 GE Q80(0.373358),roc,ppo,167,105,0.7135381254017207,0.758928106032245,2.186345941113337,2.1226046236815668,0.36323292501291604,1.0751722072476753,-1.3288144523136438,1.8793051811919739,2.820463447787402
btc1_tsi_d1 LE Q30(-0.211069) & m15_roc12_acc GE Q80(1.37304),btc1_tsi_d1 LE Q30(-0.211069),m15_roc12_acc GE Q80(1.37304),tsi,roc,173,162,0.5090752474553828,0.9397651710359044,2.8164309601542854,2.2562251777029,1.2631671605880115,7.477288609364081,0.727189147423303,6.376659678546474,2.817739222924389
btc4_bb_width GE Q80(0.0942267) & btc4_roc4 GE Q80(1.9053),btc4_bb_width GE Q80(0.0942267),btc4_roc4 GE Q80(1.9053),bb_,roc,177,93,0.6973750894175768,1.5159833005758652,3.3297069553716003,1.9679495722926885,3.7124666609309074,10.045986339352126,2.0204192836043546,10.02062622573883,2.8171070472102793
btc1_bb_width GE Q80(0.0434586) & btc1_roc4_d1 LE Q20(-0.766142),btc1_bb_width GE Q80(0.0434586),btc1_roc4_d1 LE Q20(-0.766142),bb_,roc,221,139,0.960721522685648,1.3535724948356824,2.1234675443881836,1.8481328186315826,-0.08383673656889812,20.280379470008896,-0.8709067383298503,19.899174999622943,2.7889211044535664
btc4_roc12 LE Q20(-2.18415) & m15_ppo_hist_d3 LE Q20(-0.0662479),btc4_roc12 LE Q20(-2.18415),m15_ppo_hist_d3 LE Q20(-0.0662479),roc,ppo,141,130,0.977850966922396,0.17587212171190592,5.281582446021677,2.7365334026356516,0.7794218238110631,-2.0383809063054414,-0.2034056953594643,-3.139009837123041,2.7884739004159336
m15_atr_pct_d3 GE Q80(0.0315324) & m15_vwap_dist_acc GE Q80(1.17818),m15_atr_pct_d3 GE Q80(0.0315324),m15_vwap_dist_acc GE Q80(1.17818),atr,vwap,278,215,0.8103495261729573,0.998610224261856,2.8691493932507877,2.077963586718299,0.6518642953657334,-1.626931890205256,-0.6804708517449995,-2.7275608210228626,2.784953939764641
btc1_atr_pct GE Q70(0.804549) & m15_ppo_hist_acc GE Q80(0.0753278),btc1_atr_pct GE Q70(0.804549),m15_ppo_hist_acc GE Q80(0.0753278),atr,ppo,220,209,0.8880602689965809,1.574318898419603,4.651986232395822,2.058153659971395,-2.628057221965854,6.989959174666218,-4.3201045992924065,5.889330243848612,2.7809701203231527
btc1_atr_pct GE Q70(0.804549) & m15_roc12_acc GE Q80(1.37304),btc1_atr_pct GE Q70(0.804549),m15_roc12_acc GE Q80(1.37304),atr,roc,211,213,0.9140534549138811,0.7433223635208007,4.256353836610971,1.9619275138333412,1.82476483749128,3.3823485989311095,0.6066511094538143,2.281719668113503,2.772125844667957
btc1_atr_pct GE Q80(0.907279) & btc4_rvol20 GE Q80(1.45631),btc1_atr_pct GE Q80(0.907279),btc4_rvol20 GE Q80(1.45631),atr,rvol,141,160,0.25949588646280825,2.254130902464371,4.416335971177881,2.3928729794097787,2.197861540123121,18.009696016771485,1.924253879108619,17.53406708595388,2.756789789658453
btc1_roc4_acc LE Q20(-1.11272) & btc1_vwap_dist_d1 LE Q20(-0.503192),btc1_roc4_acc LE Q20(-1.11272),btc1_vwap_dist_d1 LE Q20(-0.503192),roc,vwap,254,187,0.2764991697472678,1.2629842717191735,2.8050340040513944,2.7641640679919663,-5.315959870498425,6.061166605006775,-6.614306460423407,6.564815749055491,2.7488983124158133
btc1_di_spread_d1 LE Q30(-2.59029) & h4_ppo_hist_d3 GE Q80(0.373358),btc1_di_spread_d1 LE Q30(-2.59029),h4_ppo_hist_d3 GE Q80(0.373358),di_spread,ppo,180,105,0.7524424742824464,1.2285136106249261,2.0830940813549863,3.1758104238032843,2.422447828539198,-1.781970649895186,1.2859560067681954,-1.9302186283318292,2.7434730635739406
btc4_adx_d1 GE Q80(1.15404) & btc4_bb_width GE Q80(0.0942267),btc4_adx_d1 GE Q80(1.15404),btc4_bb_width GE Q80(0.0942267),adx,bb_,182,131,0.39225571086926453,2.167205095427676,2.175830688740516,3.9683032156213915,3.600714006805376,15.266375406084457,3.007567728379911,14.929105253892814,2.73625917438154
btc1_vwap_dist_acc LE Q20(-0.820672) & m15_ppo_hist_acc GE Q80(0.0753278),btc1_vwap_dist_acc LE Q20(-0.820672),m15_ppo_hist_acc GE Q80(0.0753278),vwap,ppo,151,127,0.2853542956736032,2.560170775229182,4.201428120353334,2.5322606599392095,-1.2824822671193772,13.70359365456676,-2.974529644445937,12.602964723749153,2.719649894710313
h1_atr_pct_acc GE Q80(0.0723118) & m15_ppo_hist_d3 LE Q20(-0.0662479),h1_atr_pct_acc GE Q80(0.0723118),m15_ppo_hist_d3 LE Q20(-0.0662479),atr,ppo,210,146,0.7261382497969588,1.4888441045068475,3.379173101829518,2.1156060629696283,-1.783901377810004,8.035380948278338,-3.475948755136571,6.934752017460724,2.7187082963295555
btc1_di_spread_d1 LE Q30(-2.59029) & btc4_adx_d1 GE Q80(1.15404),btc1_di_spread_d1 LE Q30(-2.59029),btc4_adx_d1 GE Q80(1.15404),di_spread,adx,180,172,0.6886508440656584,1.1435254264305392,4.83536482075431,1.8450422792981325,4.0891144952058625,13.140509970259863,2.9526226734348526,12.03988103944225,2.7154190116886636
btc1_atr_pct GE Q60(0.732295) & btc1_vwap_dist_d1 LE Q20(-0.503192),btc1_atr_pct GE Q60(0.732295),btc1_vwap_dist_d1 LE Q20(-0.503192),atr,vwap,325,217,0.14572264080086655,1.1133981254714775,3.23614705464155,2.691977765669498,-1.8937914877001134,9.124327353177016,-3.2781465573343738,9.406186901622085,2.7153237306926736
btc1_roc12_d1 LE Q20(-0.733136) & btc1_vwap_dist_d1 LE Q20(-0.503192),btc1_roc12_d1 LE Q20(-0.733136),btc1_vwap_dist_d1 LE Q20(-0.503192),roc,vwap,306,186,0.3751677313813978,1.9534853217143455,3.3738863860416703,2.6199476138022333,-5.061212302179754,8.433083113545678,-6.4264622938854075,7.87008859133023,2.71474973024053
btc1_atr_pct GE Q70(0.804549) & btc1_vwap_dist_acc LE Q20(-0.820672),btc1_atr_pct GE Q70(0.804549),btc1_vwap_dist_acc LE Q20(-0.820672),atr,vwap,255,227,1.0554878081249959,1.1120287556023252,4.218162632277274,1.6426368748278106,0.8211406389967095,2.3296299374763336,-0.4787498755847537,2.110058275381192,2.713183904611012
btc1_roc12_d1 LE Q20(-0.733136) & btc4_bb_width GE Q80(0.0942267),btc1_roc12_d1 LE Q20(-0.733136),btc4_bb_width GE Q80(0.0942267),roc,bb_,164,103,0.40693357825068216,1.5554452422984841,2.175758761175938,2.7217283629115716,2.9373529775906846,7.603142618713228,1.8550616978251,6.502513687895629,2.7079141627108423
btc1_roc4_d3 LE Q30(-0.481176) & m15_ppo_hist_d3 LE Q20(-0.0662479),btc1_roc4_d3 LE Q30(-0.481176),m15_ppo_hist_d3 LE Q20(-0.0662479),roc,ppo,175,153,0.6384959394909157,1.3239371048972057,4.627128269439858,2.105532897110093,-0.3553299492385804,9.982735232457763,-1.4759487551365709,8.88210630164015,2.7038499630211197
btc1_atr_pct GE Q70(0.804549) & btc4_adx_d1 GE Q80(1.15404),btc1_atr_pct GE Q70(0.804549),btc4_adx_d1 GE Q80(1.15404),atr,adx,206,148,-0.3112149370895421,1.885702539968082,3.2407884792762855,3.187428036742689,-2.976689172539551,16.911723043798517,-4.668736549866118,16.48676978865658,2.693537693479638
btc1_atr_pct_d1 GE Q80(0.0207423) & btc1_roc4_d1 LE Q20(-0.766142),btc1_atr_pct_d1 GE Q80(0.0207423),btc1_roc4_d1 LE Q20(-0.766142),atr,roc,194,158,1.0769528216282913,1.8150935998482072,3.2978222301429696,1.5770143074737493,1.3972473703490493,15.517607409176549,-0.2948000069775176,15.049889870764005,2.689988550072962
m15_atr_pct_d3 GE Q80(0.0315324) & m15_ppo_hist_acc GE Q80(0.0753278),m15_atr_pct_d3 GE Q80(0.0315324),m15_ppo_hist_acc GE Q80(0.0753278),atr,ppo,273,222,0.4183383033434698,1.4239823059800671,2.463901371214267,2.3490083825501333,-1.1611907550993834,4.524335656411125,-2.4869377661255783,3.4237067255935116,2.6827722079181098
btc1_ppo_hist_acc LE Q20(-0.0499027) & btc1_roc4_d1 LE Q20(-0.766142),btc1_ppo_hist_acc LE Q20(-0.0499027),btc1_roc4_d1 LE Q20(-0.766142),ppo,roc,272,187,0.7025757945714247,1.3873187857941944,4.352227439096265,2.0462697718389338,-1.0170946551209354,9.804482113028172,-2.341494973623959,9.773371898788099,2.6715028272842507
h1_atr_pct_acc GE Q80(0.0723118) & m15_vwap_dist_acc GE Q80(1.17818),h1_atr_pct_acc GE Q80(0.0723118),m15_vwap_dist_acc GE Q80(1.17818),atr,vwap,233,146,0.6658319826583433,1.4412508991874635,3.6580440305289086,2.183030617317696,-3.0162741552471672,13.514833003072859,-4.708321532573727,12.414204072255245,2.66420794466715
btc1_atr_pct_d1 GE Q80(0.0207423) & btc1_tsi_d1 LE Q30(-0.211069),btc1_atr_pct_d1 GE Q80(0.0207423),btc1_tsi_d1 LE Q30(-0.211069),atr,tsi,244,176,1.1510624782842696,1.6874168501940674,2.7420966147887995,1.5288185892130106,0.21844054256470002,9.202877834953306,-1.473606834761867,8.102248904135699,2.6569621470789837
btc4_roc4 LE Q20(-0.378217) & h4_chop14 LE Q20(41.1434),btc4_roc4 LE Q20(-0.378217),h4_chop14 LE Q20(41.1434),roc,chop,159,199,0.7409258252248727,0.6164824042606751,3.3486628388120483,2.155278927177979,-1.9905500750247427,12.623389484108174,-3.6825974523513025,12.025273116104628,2.6383928801408856
btc1_ppo_hist_acc LE Q20(-0.0499027) & btc4_bb_width GE Q80(0.0942267),btc1_ppo_hist_acc LE Q20(-0.0499027),btc4_bb_width GE Q80(0.0942267),ppo,bb_,176,142,0.304144184526397,1.264825289032414,2.6047608950285217,2.200840500429857,2.8264882325795995,7.842442495644725,1.7026226734348597,7.446038916939791,2.623831785402339
btc1_roc4_d3 LE Q20(-0.804736) & btc1_vwap_dist_d1 LE Q20(-0.503192),btc1_roc4_d3 LE Q20(-0.804736),btc1_vwap_dist_d1 LE Q20(-0.503192),roc,vwap,196,161,1.0263519324810673,1.609488051313468,1.2400840402027566,2.044037467179262,7.603853724230802,22.027553159628624,6.4220104285369075,21.548042241233382,2.622991792981486
btc1_roc4_d1 LE Q20(-0.766142) & m15_ppo_hist_acc GE Q80(0.0753278),btc1_roc4_d1 LE Q20(-0.766142),m15_ppo_hist_acc GE Q80(0.0753278),roc,ppo,179,134,0.612788858065109,2.046050459349917,4.807823218749525,2.2121157958178497,-3.4838215693503116,16.377233330204326,-5.175868946676864,15.276604399386713,2.6168726278689123
btc1_atr_pct_d1 GE Q80(0.0207423) & btc1_roc4_d3 LE Q20(-0.804736),btc1_atr_pct_d1 GE Q80(0.0207423),btc1_roc4_d3 LE Q20(-0.804736),atr,roc,178,146,1.2810494524803395,1.9038599746352207,1.4440101812455515,1.4829008647109763,-1.5912850054183565,25.15866861951121,-3.2833323827449234,24.058039688693604,2.611654435908442
btc1_bb_width_acc LE Q20(-0.00165171) & btc1_roc4_d1 LE Q20(-0.766142),btc1_bb_width_acc LE Q20(-0.00165171),btc1_roc4_d1 LE Q20(-0.766142),bb_,roc,155,129,0.7727450119781218,1.433319012724846,1.8639175684128069,1.523317554909541,9.967250695922708,5.969967334600945,8.920364608918732,6.419726000682559,2.603556106939343
btc1_vwap_dist_acc LE Q20(-0.820672) & h1_atr_pct_d1 GE Q80(0.0524861),btc1_vwap_dist_acc LE Q20(-0.820672),h1_atr_pct_d1 GE Q80(0.0524861),vwap,atr,201,155,0.3991127413349968,2.087013975297729,3.2826148899992633,2.327086893425122,-2.046872237795796,5.529857307094062,-3.7389196151223487,4.429228376276463,2.590015075323798
btc1_atr_pct GE Q70(0.804549) & btc1_roc4_acc LE Q20(-1.11272),btc1_atr_pct GE Q70(0.804549),btc1_roc4_acc LE Q20(-1.11272),atr,roc,272,249,1.364725881167864,0.9300004913785074,3.490896293865899,1.7003343537915345,-0.6494475962974064,6.651764289863856,-1.9738479148004302,6.354348210451867,2.5713744589851113
btc1_ppo_hist_acc LE Q20(-0.0499027) & btc4_adx_d1 GE Q80(1.15404),btc1_ppo_hist_acc LE Q20(-0.0499027),btc4_adx_d1 GE Q80(1.15404),ppo,adx,140,95,0.12538976994156348,3.0930103838336556,4.614312598998966,2.3889180027896026,1.7875271936185655,26.989959174666225,0.09547981629199853,26.94196182279599,2.569843184865563
btc1_tsi_d1 LE Q30(-0.211069) & h1_rvol20_d3 GE Q80(0.621147),btc1_tsi_d1 LE Q30(-0.211069),h1_rvol20_d3 GE Q80(0.621147),tsi,rvol,189,111,1.0025933118251802,1.9965010920179962,1.6478307250345319,2.2624562325784483,-1.2018907957994287,9.929741061816529,-2.3648376440254566,9.730013031899823,2.5670705601052197
btc1_ppo_hist_d1 LE Q20(-0.0309186) & btc1_roc4_d1 LE Q20(-0.766142),btc1_ppo_hist_d1 LE Q20(-0.0309186),btc1_roc4_d1 LE Q20(-0.766142),ppo,roc,223,174,0.4911944169283959,1.490155381089112,3.354202157015501,2.152402112800364,-0.8934465411668313,10.286994867346195,-2.585493918493391,9.76107858020675,2.5650832551238874
btc1_roc4 LE Q20(-0.189272) & m15_atr_pct_d3 GE Q80(0.0315324),btc1_roc4 LE Q20(-0.189272),m15_atr_pct_d3 GE Q80(0.0315324),roc,atr,181,127,0.4141354108911948,1.9749849204924002,3.1209048221933022,2.087171981877578,1.6336203270045146,19.21540467818881,0.4940591375232586,18.114775747371198,2.5601971853293732
btc1_tsi_d1 LE Q30(-0.211069) & btc4_adx_d1 GE Q80(1.15404),btc1_tsi_d1 LE Q30(-0.211069),btc4_adx_d1 GE Q80(1.15404),tsi,adx,169,129,0.6221830033108552,1.1724588419111686,4.678642247764186,1.786480113663265,3.4316522992821348,17.597874311345137,2.3313208982869327,16.497245380527524,2.558239103918323
btc1_roc4_d3 LE Q30(-0.481176) & m15_vwap_dist_acc GE Q80(1.17818),btc1_roc4_d3 LE Q30(-0.481176),m15_vwap_dist_acc GE Q80(1.17818),roc,vwap,173,151,0.789966053067176,1.47540517339573,4.497163984238654,1.6136337925138915,3.575305888911707,13.891318533327777,1.8832585115851472,12.790689602510163,2.548524192480122
btc1_di_spread_d1 LE Q30(-2.59029) & m15_roc12_acc GE Q80(1.37304),btc1_di_spread_d1 LE Q30(-2.59029),m15_roc12_acc GE Q80(1.37304),di_spread,roc,187,182,-0.023908417120697453,1.1871753535716854,3.547031489831328,2.7711816878758952,-3.9916935856022135,8.291289423364894,-4.079462888062473,7.190660492547288,2.545933205425882
btc1_vwap_dist_d1 LE Q20(-0.503192) & m15_ppo_hist_acc GE Q80(0.0753278),btc1_vwap_dist_d1 LE Q20(-0.503192),m15_ppo_hist_acc GE Q80(0.0753278),vwap,ppo,199,139,0.23573877855559106,2.3538362297047066,4.498971844862436,2.659318439873619,-6.686988240695868,18.122106088713934,-8.379035618022428,17.021477157896328,2.5268668588478858
btc1_roc4_d3 LE Q30(-0.481176) & btc1_vwap_dist_d1 LE Q20(-0.503192),btc1_roc4_d3 LE Q30(-0.481176),btc1_vwap_dist_d1 LE Q20(-0.503192),roc,vwap,239,199,0.7619910443908324,1.0741408719067744,3.2054628563600174,1.4839914033032953,6.088184695112886,13.125902046922235,4.814547359627326,12.527785678918704,2.5249189357400605
btc1_roc4_d1 LE Q20(-0.766142) & btc1_tsi_d1 LE Q30(-0.211069),btc1_roc4_d1 LE Q20(-0.766142),btc1_tsi_d1 LE Q30(-0.211069),roc,tsi,212,154,0.6608474568189737,1.858230508520902,3.205128078242515,1.6647906239090107,4.4559908054784,12.287293419368886,3.235641541359392,11.836015137901938,2.5240306357195244
h1_atr_pct_d1 GE Q80(0.0524861) & m15_ppo_hist_acc GE Q80(0.0753278),h1_atr_pct_d1 GE Q80(0.0524861),m15_ppo_hist_acc GE Q80(0.0753278),atr,ppo,251,221,0.5371133100370432,1.3560410855686311,3.189575577876754,2.14707271322273,-2.905130746051327,8.323610043920809,-4.597178123377887,7.222981113103202,2.505088538410676
btc1_atr_pct GE Q60(0.732295) & m15_roc12_acc GE Q80(1.37304),btc1_atr_pct GE Q60(0.732295),m15_roc12_acc GE Q80(1.37304),atr,roc,256,240,0.9062804424406615,0.5683141496992937,3.877732450438442,1.8008904464244526,3.0040450507614196,3.6346960167714855,2.0932476734348597,2.534067085953872,2.501190901115286
btc1_bb_width GE Q80(0.0434586) & btc1_roc4_d3 LE Q30(-0.481176),btc1_bb_width GE Q80(0.0434586),btc1_roc4_d3 LE Q30(-0.481176),bb_,roc,203,156,0.8033099754097139,1.4289642476521318,1.4753802198572532,2.252332171271732,4.472256257657975,28.987260119335588,3.7654305552082548,28.527656829543623,2.4881664941008714
btc1_roc4_d1 LE Q20(-0.766142) & m15_atr_pct_d3 GE Q80(0.0315324),btc1_roc4_d1 LE Q20(-0.766142),m15_atr_pct_d3 GE Q80(0.0315324),roc,atr,158,105,0.8190058936043054,2.545213998323951,4.773996083412159,1.8291672877308942,-3.0135577973398497,22.027553159628624,-4.70560517466641,20.926924228811025,2.463654343921676
btc1_ppo_hist_d1 LE Q20(-0.0309186) & h1_atr_pct_acc GE Q80(0.0723118),btc1_ppo_hist_d1 LE Q20(-0.0309186),h1_atr_pct_acc GE Q80(0.0723118),ppo,atr,217,135,0.07090042082283249,2.4165952025067985,3.1965249102497637,2.662845421078573,-4.8714589814966445,13.03284416491963,-6.563506358823204,11.932215234102031,2.456331945280042
btc1_atr_pct_d1 GE Q80(0.0207423) & btc1_roc4 LE Q20(-0.189272),btc1_atr_pct_d1 GE Q80(0.0207423),btc1_roc4 LE Q20(-0.189272),atr,roc,216,164,1.1559549796030653,1.062770798296432,2.622043784718035,1.3127346898191226,2.237262643354015,17.323720407015387,0.545215266027455,16.22309147619778,2.4535276727367243
btc4_adx_d3 GE Q80(2.8644) & btc4_rvol20 GE Q80(1.45631),btc4_adx_d3 GE Q80(2.8644),btc4_rvol20 GE Q80(1.45631),adx,rvol,153,178,0.8278698504999285,1.3420667791592717,1.2177234186144887,2.635547434781336,8.66427789389867,15.446493769580478,6.972230516572118,14.907662591571857,2.4449662162628196
btc1_roc4 LE Q20(-0.189272) & btc1_tsi_d1 LE Q30(-0.211069),btc1_roc4 LE Q20(-0.189272),btc1_tsi_d1 LE Q30(-0.211069),roc,tsi,331,294,0.9991825949724653,0.8111697851747398,1.4744068045229062,1.7072646218857461,3.4513165764411795,4.680614384118421,2.665613609990757,4.600393616566123,2.442428359190697
btc4_mfi_acc LE Q30(-1.58929) & h4_ppo_hist_d3 GE Q80(0.373358),btc4_mfi_acc LE Q30(-1.58929),h4_ppo_hist_d3 GE Q80(0.373358),mfi,ppo,195,89,0.6376105989229647,1.6416956902725501,2.150265412748674,1.7013367148368534,6.311336717428084,1.9633477021647465,5.644930365742546,1.9863142769651176,2.437574030364063
btc1_di_spread_d1 LE Q30(-2.59029) & btc1_roc12_d1 LE Q20(-0.733136),btc1_di_spread_d1 LE Q30(-2.59029),btc1_roc12_d1 LE Q20(-0.733136),di_spread,roc,328,192,0.25771371091320244,1.5364613056652106,3.0784902863171664,2.443371496203808,-4.684598241921506,4.468029350104814,-6.376645619248066,3.3674004192872147,2.4330143474744035
btc4_bb_width GE Q80(0.0942267) & btc4_roc12 LE Q20(-2.18415),btc4_bb_width GE Q80(0.0942267),btc4_roc12 LE Q20(-2.18415),bb_,roc,196,248,-0.17065742919374077,0.9691969037041231,2.4444295983025537,3.2541336726145746,3.5222210711695823,5.610502468384389,2.340377775475673,4.913099344018391,2.426246356753414
btc1_atr_pct GE Q60(0.732295) & btc4_roc4 LE Q20(-0.378217),btc1_atr_pct GE Q60(0.732295),btc4_roc4 LE Q20(-0.378217),atr,roc,266,222,0.43774238487778083,0.4263585476030994,3.0211059166228615,1.92715940656324,2.12587305828022,5.8756870077624725,0.43382568095366025,5.22550852739532,2.4259706595338195
btc1_tsi_d1 LE Q30(-0.211069) & btc4_mfi_acc LE Q30(-1.58929),btc1_tsi_d1 LE Q30(-0.211069),btc4_mfi_acc LE Q30(-1.58929),tsi,mfi,265,104,1.451847866309272,1.2706685192324154,1.1951659966321015,0.9039141407961189,4.927688918685952,8.153926786002259,4.745075503623539,7.053297855184653,2.4173148376615834
btc1_di_spread_d1 LE Q30(-2.59029) & h1_atr_pct_acc GE Q80(0.0723118),btc1_di_spread_d1 LE Q30(-2.59029),h1_atr_pct_acc GE Q80(0.0723118),di_spread,atr,298,180,0.6242381674909736,1.3588658584441733,3.3032936574479255,2.024837746192493,-4.113719210983547,9.884696016771485,-5.805766588310107,8.784067085953872,2.409549005587758
btc1_tsi_d1 LE Q30(-0.211069) & m15_rvol20_d1 LE Q20(-0.380289),btc1_tsi_d1 LE Q30(-0.211069),m15_rvol20_d1 LE Q20(-0.380289),tsi,rvol,174,129,1.0094128695264943,1.3333181528983156,3.5721453729623427,1.0251429480757468,8.495244763405097,7.520354931500165,9.102047960791182,6.419726000682559,2.3885609855608974
btc1_atr_pct GE Q80(0.907279) & m15_ppo_hist_acc GE Q80(0.0753278),btc1_atr_pct GE Q80(0.907279),m15_ppo_hist_acc GE Q80(0.0753278),atr,ppo,174,155,0.44097988666829924,2.3107006862447754,5.547049014729674,2.2307481415752655,-5.297858684870761,13.916954081287614,-6.989906062197335,12.816325150470014,2.372994146453495
btc1_di_spread_d1 LE Q30(-2.59029) & h4_chop14 LE Q20(41.1434),btc1_di_spread_d1 LE Q30(-2.59029),h4_chop14 LE Q20(41.1434),di_spread,chop,171,149,0.27885001927050096,1.1297329203632043,3.6294746186808746,2.4841822244538827,-7.606791937542674,6.4954342718050455,-8.129248671594382,5.394805340987432,2.3722435121662158
btc1_di_spread_d1 LE Q30(-2.59029) & btc1_tsi_d1 LE Q30(-0.211069),btc1_di_spread_d1 LE Q30(-2.59029),btc1_tsi_d1 LE Q30(-0.211069),di_spread,tsi,423,332,0.7467698841820122,0.802692913860952,2.068494813178043,1.5709022286097654,1.0158284431964049,3.4389128842413683,0.505814162796554,2.639488772700858,2.358263249343601
btc1_roc4_d3 LE Q30(-0.481176) & h1_atr_pct_acc GE Q80(0.0723118),btc1_roc4_d3 LE Q30(-0.481176),h1_atr_pct_acc GE Q80(0.0723118),roc,atr,205,151,0.3981958345468801,1.5759517788591944,3.64039840013014,1.903309992459856,1.5958895629565433,14.553570188956911,-0.09615781437001658,13.452941258139305,2.347459357608032
btc1_ppo_hist_d1 LE Q20(-0.0309186) & btc1_vwap_dist_acc LE Q20(-0.820672),btc1_ppo_hist_d1 LE Q20(-0.0309186),btc1_vwap_dist_acc LE Q20(-0.820672),ppo,vwap,205,128,-0.09806137555626072,2.1969175736114646,3.1312073970925445,2.7807225439759775,-6.208988485823944,10.197196016771485,-7.901035863150511,9.877817085953879,2.338370796581988
btc1_bb_width_acc LE Q20(-0.00165171) & btc1_ppo_hist_d1 LE Q20(-0.0309186),btc1_bb_width_acc LE Q20(-0.00165171),btc1_ppo_hist_d1 LE Q20(-0.0309186),bb_,ppo,144,84,0.5763700690564068,1.8575092924638859,1.8733855548916019,1.693761859174134,2.0057811618725268,20.83707696915244,0.313733784545974,20.926924228811025,2.336580038777636
btc1_atr_pct GE Q70(0.804549) & btc4_roc4 LE Q20(-0.378217),btc1_atr_pct GE Q70(0.804549),btc4_roc4 LE Q20(-0.378217),atr,roc,205,207,0.26415800827743213,0.2929601465801603,3.9452310626114784,2.2818143811959724,-3.7699640955800433,4.981314374259412,-5.462011472906603,4.363777230881418,2.323633237147871
btc1_atr_pct GE Q80(0.907279) & btc4_roc4 GE Q80(1.9053),btc1_atr_pct GE Q80(0.907279),btc4_roc4 GE Q80(1.9053),atr,roc,165,96,0.8442491919150426,2.3688312932323194,3.7938667508038026,1.2246213314029288,5.705276111367482,8.634696016771485,4.013228734040915,7.534067085953879,2.3202933813398143
btc1_di_spread_d1 LE Q30(-2.59029) & m15_ppo_hist_acc GE Q80(0.0753278),btc1_di_spread_d1 LE Q30(-2.59029),m15_ppo_hist_acc GE Q80(0.0753278),di_spread,ppo,230,194,0.32908514027900176,1.6787453045761263,3.478566322150371,2.3373956244408634,-6.442286470977713,12.307376429142614,-7.69955123960861,11.206747498325008,2.3192211457983616
btc1_tsi_d1 LE Q30(-0.211069) & m15_atr_pct_d3 GE Q80(0.0315324),btc1_tsi_d1 LE Q30(-0.211069),m15_atr_pct_d3 GE Q80(0.0315324),tsi,atr,186,140,0.39444147027096493,1.9054685360927364,3.2514962230181323,1.9409643465804265,-0.03274930407729215,12.741838873914347,-1.1871622728017002,12.355495657382455,2.310680092273039
btc1_ppo_hist_acc LE Q20(-0.0499027) & btc1_roc4_acc LE Q20(-1.11272),btc1_ppo_hist_acc LE Q20(-0.0499027),btc1_roc4_acc LE Q20(-1.11272),ppo,roc,287,221,0.6939993154733137,1.203010750784625,3.0056426949535178,1.5856842468080607,1.1080846849077588,1.536279727178723,-0.23553063666967233,1.793116859709535,2.308215490095214
btc1_atr_pct GE Q80(0.907279) & m15_roc12_acc GE Q80(1.37304),btc1_atr_pct GE Q80(0.907279),m15_roc12_acc GE Q80(1.37304),atr,roc,164,151,0.6763574180119458,1.796409721743459,5.6750218788566364,1.7438352063648692,-1.9406958028971175,10.580060255182083,-3.022987082662702,9.479431324364477,2.3015120086366476
btc1_roc4_d1 LE Q20(-0.766142) & btc4_rvol20 GE Q80(1.45631),btc1_roc4_d1 LE Q20(-0.766142),btc4_rvol20 GE Q80(1.45631),roc,rvol,163,160,0.7580907332949586,1.5795509720937422,2.7673715056639807,1.2849004550367535,5.043443056896386,21.759696016771485,5.191886477115844,21.28406708595388,2.2981322095809205
m15_ppo_hist_acc GE Q80(0.0753278) & m15_roc12_acc GE Q80(1.37304),m15_ppo_hist_acc GE Q80(0.0753278),m15_roc12_acc GE Q80(1.37304),ppo,roc,282,271,0.3393443565687092,0.9694440301638739,2.607980501548756,1.9453367143836329,0.7794218238110631,7.3201203710150295,-0.5580156244374805,6.219491440197423,2.2969034131779242
btc1_atr_pct GE Q70(0.804549) & m15_vwap_dist_acc GE Q80(1.17818),btc1_atr_pct GE Q70(0.804549),m15_vwap_dist_acc GE Q80(1.17818),atr,vwap,219,204,0.7685101890436322,0.8919838639703236,4.373236451653034,1.7530072719622414,-3.8256495839417823,2.139597977555802,-5.517696961268342,1.0389690467381953,2.2963940342622533
h1_rvol20_d3 GE Q80(0.621147) & m15_atr_pct_d3 GE Q80(0.0315324),h1_rvol20_d3 GE Q80(0.621147),m15_atr_pct_d3 GE Q80(0.0315324),rvol,atr,193,125,1.17956081463926,1.836674076274278,1.351099449933506,2.7884683074439405,-4.085899897425108,10.484696016771487,-5.777947274751675,10.184067085953878,2.2925243221549794
btc1_roc4_d3 LE Q30(-0.481176) & m15_atr_pct_d3 GE Q80(0.0315324),btc1_roc4_d3 LE Q30(-0.481176),m15_atr_pct_d3 GE Q80(0.0315324),roc,atr,167,145,0.8670633560904263,1.929364448805238,4.619265241426461,1.4232797762214835,0.36323292501291604,15.919178775392176,-0.7300120571040623,14.81854984457457,2.2866398789202163
btc1_atr_pct GE Q60(0.732295) & btc1_vwap_dist_acc LE Q20(-0.820672),btc1_atr_pct GE Q60(0.732295),btc1_vwap_dist_acc LE Q20(-0.820672),atr,vwap,306,256,0.8600913404997501,0.8988600742567396,3.449690359203445,1.2942113490588252,4.0891144952058625,2.3846960167714855,2.7238645035002165,2.455942085953879,2.2749624117807974
btc1_atr_pct GE Q80(0.907279) & btc1_roc4_acc LE Q20(-1.11272),btc1_atr_pct GE Q80(0.907279),btc1_roc4_acc LE Q20(-1.11272),atr,roc,199,209,0.9994737639272169,1.1043785659018273,4.044391299948717,1.5330160582156795,-4.676937989439587,7.946896973709286,-5.866472803952071,7.324736942413217,2.274852226380667
btc1_atr_pct GE Q80(0.907279) & btc1_bb_width GE Q80(0.0434586),btc1_atr_pct GE Q80(0.907279),btc1_bb_width GE Q80(0.0434586),atr,bb_,236,214,0.6546124324901406,0.7275083105719472,3.0267649496341127,1.8413035084854261,-4.338380796696207,13.015537138266815,-5.606699360463445,12.382197927075381,2.253630529865412
btc1_atr_pct GE Q80(0.907279) & btc4_adx_d1 GE Q80(1.15404),btc1_atr_pct GE Q80(0.907279),btc4_adx_d1 GE Q80(1.15404),atr,adx,145,120,-0.7609385689646004,2.588689135499473,3.2674889833388914,3.675586100658245,-4.493260983721342,19.05136268343815,-6.185308361047888,18.78406708595388,2.248046417641693
m15_roc12_acc GE Q80(1.37304) & m15_vwap_dist_acc GE Q80(1.17818),m15_roc12_acc GE Q80(1.37304),m15_vwap_dist_acc GE Q80(1.17818),roc,vwap,288,273,0.599696344212578,0.4887041501602061,2.511478486935324,1.7187437920360724,1.311336717428091,4.0788352109106825,-0.033488437676254534,2.978206280093076,2.246118274965596
btc1_atr_pct GE Q60(0.732295) & btc1_ppo_hist_d1 LE Q20(-0.0309186),btc1_atr_pct GE Q60(0.732295),btc1_ppo_hist_d1 LE Q20(-0.0309186),atr,ppo,304,223,0.28271975797623383,1.1489877442291414,2.152358276188705,2.9891324130108656,-3.184277317659628,4.795009918116776,-4.876324694986188,4.142811480572718,2.2420232207354265
btc1_tsi_d1 LE Q30(-0.211069) & btc1_vwap_dist_d1 LE Q20(-0.503192),btc1_tsi_d1 LE Q30(-0.211069),btc1_vwap_dist_d1 LE Q20(-0.503192),tsi,vwap,269,215,0.7513322591199478,1.3497127628524264,2.6222615687930046,1.4608201061440784,0.9086105712075181,5.349812295841254,-0.4116895942231338,4.7142996440934155,2.231176890515789
btc1_atr_pct_d1 GE Q80(0.0207423) & h1_rvol20_d3 GE Q80(0.621147),btc1_atr_pct_d1 GE Q80(0.0207423),h1_rvol20_d3 GE Q80(0.621147),atr,rvol,205,97,1.0547838873107376,2.455368106023543,1.221164638628634,2.024196656626754,-0.8431348272873578,12.307376429142614,-2.5351822046139176,11.206747498325008,2.1999508370284726
btc1_atr_pct_d1 GE Q80(0.0207423) & btc1_roc4_acc LE Q20(-1.11272),btc1_atr_pct_d1 GE Q80(0.0207423),btc1_roc4_acc LE Q20(-1.11272),atr,roc,208,157,0.8970933996000546,2.0406897778701603,1.093340843549789,1.9686525057613753,5.798516204607573,4.375141876644101,4.106468827281013,3.911455620985727,2.1999176118688815
btc1_di_spread_d1 LE Q30(-2.59029) & btc1_roc4_acc LE Q20(-1.11272),btc1_di_spread_d1 LE Q30(-2.59029),btc1_roc4_acc LE Q20(-1.11272),di_spread,roc,211,134,0.46784757632590945,2.020088383128081,2.218678920938229,2.068989464579542,-6.232107200423414,7.422009449607309,-7.924154577749974,7.067649175506119,2.19139073333775
btc1_bb_width_acc LE Q20(-0.00165171) & btc1_di_spread_d1 LE Q30(-2.59029),btc1_bb_width_acc LE Q20(-0.00165171),btc1_di_spread_d1 LE Q30(-2.59029),bb_,di_spread,169,137,1.1980346805201647,1.362733032625452,2.8082026869131695,0.5671626657624488,8.757096086264376,15.249659520421126,7.656764685269181,14.87895759690278,2.1810455225759284
btc1_ppo_hist_d1 LE Q20(-0.0309186) & btc1_tsi_d1 LE Q30(-0.211069),btc1_ppo_hist_d1 LE Q20(-0.0309186),btc1_tsi_d1 LE Q30(-0.211069),ppo,tsi,343,252,0.6038049113441131,0.850197054223748,2.4045258769661473,1.5162859778182298,1.6271773393911602,4.17041030248577,0.226675151568962,3.4666067684935626,2.173439712375457
btc1_roc4_d1 LE Q20(-0.766142) & btc1_vwap_dist_d1 LE Q20(-0.503192),btc1_roc4_d1 LE Q20(-0.766142),btc1_vwap_dist_d1 LE Q20(-0.503192),roc,vwap,290,200,0.5405419383778072,1.1649986066089244,3.7730084624654037,1.6091126179848816,0.67915280938211,9.384696016771485,-0.668066981737546,9.284067085953872,2.156667801009401
btc1_atr_pct GE Q60(0.732295) & btc1_roc4_acc LE Q20(-1.11272),btc1_atr_pct GE Q60(0.732295),btc1_roc4_acc LE Q20(-1.11272),atr,roc,317,275,0.9879937957342569,0.6824267240677226,2.7828127355234864,1.56991960973682,-1.5540681195855868,5.611968744044212,-2.6152006704137207,5.602248904135699,2.1534202768087005
btc1_bb_width GE Q80(0.0434586) & btc1_di_spread_d1 LE Q30(-2.59029),btc1_bb_width GE Q80(0.0434586),btc1_di_spread_d1 LE Q30(-2.59029),bb_,di_spread,166,111,0.4372207451919301,1.7726166099433285,2.707066520079846,2.12326963471266,-7.82520946731087,30.650461782537263,-9.51725684463743,30.45073375262055,2.1353889589925155
btc1_atr_pct GE Q80(0.907279) & btc1_vwap_dist_acc LE Q20(-0.820672),btc1_atr_pct GE Q80(0.907279),btc1_vwap_dist_acc LE Q20(-0.820672),atr,vwap,183,200,0.5258422785885413,1.3059411788744932,4.611860139203253,1.6375720765530746,-0.4646195667249202,3.3846960167714855,-1.610218856619781,2.784067085953879,2.1172713910074727
btc1_ppo_hist_d1 LE Q20(-0.0309186) & m15_vwap_dist_acc GE Q80(1.17818),btc1_ppo_hist_d1 LE Q20(-0.0309186),m15_vwap_dist_acc GE Q80(1.17818),ppo,vwap,154,135,-0.07772989212535693,0.9904449705094831,3.759634896902196,2.556016661959419,-6.589096183004813,7.106918238993707,-8.281143560331373,6.0062893081761075,2.11499101313729
btc1_tsi_d1 LE Q30(-0.211069) & m15_ppo_hist_d3 LE Q20(-0.0662479),btc1_tsi_d1 LE Q30(-0.211069),m15_ppo_hist_d3 LE Q20(-0.0662479),tsi,ppo,153,130,0.6949551695931289,1.3368694288884677,4.715785294263288,1.3762634340729933,1.4747354102385444,7.192388324463792,-0.21731196708802258,6.091759393646193,2.1111144266315183
btc1_roc4_acc LE Q20(-1.11272) & btc1_vwap_dist_acc LE Q20(-0.820672),btc1_roc4_acc LE Q20(-1.11272),btc1_vwap_dist_acc LE Q20(-0.820672),roc,vwap,297,234,0.7541447343336722,0.7606018973014226,1.3965531071111386,1.5175621347774,3.4157138218051912,-1.354620222544753,2.0603667811789634,-1.173197871311075,2.086595277342247
h1_atr_pct_acc GE Q80(0.0723118) & m15_roc12_acc GE Q80(1.37304),h1_atr_pct_acc GE Q80(0.0723118),m15_roc12_acc GE Q80(1.37304),atr,roc,185,145,0.23867086118590503,1.3319355141817735,3.5150331850279777,2.0052420091182874,-2.517492111400742,13.850213258150795,-4.209539488727302,12.749584327333189,2.0841973171876242
btc1_atr_pct_d1 GE Q80(0.0207423) & m15_vwap_dist_acc GE Q80(1.17818),btc1_atr_pct_d1 GE Q80(0.0207423),m15_vwap_dist_acc GE Q80(1.17818),atr,vwap,171,131,0.8749240223109168,1.7084226481314284,3.381265581898318,1.3765892365882402,-2.928429364443261,9.15950517707683,-4.620476741769821,8.058876246259217,2.071250843130463
btc1_atr_pct GE Q60(0.732295) & btc4_adx_d3 GE Q80(2.8644),btc1_atr_pct GE Q60(0.732295),btc4_adx_d3 GE Q80(2.8644),atr,adx,252,196,0.29567750704190393,2.0766174740638945,1.6223430510468004,3.285141548631437,3.6922890983804635,22.027553159628624,2.0002417210539036,21.437128310443676,2.0687940654611965
btc1_di_spread_d1 LE Q30(-2.59029) & m15_atr_pct_d3 GE Q80(0.0315324),btc1_di_spread_d1 LE Q30(-2.59029),m15_atr_pct_d3 GE Q80(0.0315324),di_spread,atr,245,158,0.1307428333112396,1.7817885046307649,3.245064594047683,2.359336915290646,-8.110431990054906,12.353050447151233,-8.986152836769222,11.252421516333627,2.067043732164854
btc1_roc4_d3 LE Q30(-0.481176) & btc4_rvol20 GE Q80(1.45631),btc1_roc4_d3 LE Q30(-0.481176),btc4_rvol20 GE Q80(1.45631),roc,rvol,164,187,-0.048713793445771966,1.874800988893158,2.7082763997106,2.1907877277921055,-1.3309397053361423,17.29111312907095,-1.8034748875407445,16.725243556542118,2.0660762454354344
btc4_adx_d1 GE Q80(1.15404) & btc4_roc4 GE Q80(1.9053),btc4_adx_d1 GE Q80(1.15404),btc4_roc4 GE Q80(1.9053),adx,roc,201,86,0.10747215929630566,2.3108017221167976,1.972811714588163,2.407420654334546,-0.05682248655201505,21.861440202817995,-1.7488698638785678,20.76081127200039,2.0436018020103366
btc1_atr_pct GE Q70(0.804549) & h4_ppo_hist_d3 GE Q80(0.373358),btc1_atr_pct GE Q70(0.804549),h4_ppo_hist_d3 GE Q80(0.373358),atr,ppo,200,164,1.2162411718008268,0.6307308138038974,3.3406050958953664,1.7137800560217211,3.1446700507614196,-5.847011300301688,1.4526226734348668,-6.337884133558319,2.0423428481454016
btc1_ppo_hist_d1 LE Q20(-0.0309186) & btc1_roc12_d1 LE Q20(-0.733136),btc1_ppo_hist_d1 LE Q20(-0.0309186),btc1_roc12_d1 LE Q20(-0.733136),ppo,roc,294,203,0.029289283862157303,1.253821869302672,2.652439462660968,2.1427634669434577,-1.919955799578716,2.3231196620916847,-3.612003176905276,1.2224907312740783,2.042214013280148
btc1_di_spread_d1 LE Q30(-2.59029) & btc1_ppo_hist_acc LE Q20(-0.0499027),btc1_di_spread_d1 LE Q30(-2.59029),btc1_ppo_hist_acc LE Q20(-0.0499027),di_spread,ppo,286,202,0.34675679866523224,1.5848093141605788,3.542176948290348,1.8835020212334344,-3.2923928863015206,9.934200967266534,-4.9844402636280805,9.328621541399421,2.0317982280370592
btc1_roc4_d1 LE Q20(-0.766142) & m15_vwap_dist_acc GE Q80(1.17818),btc1_roc4_d1 LE Q20(-0.766142),m15_vwap_dist_acc GE Q80(1.17818),roc,vwap,167,116,0.6532000083878143,1.1861101471798343,4.770948793834451,1.5711374182448594,-3.2295814462445733,13.160558085737001,-4.921628823571126,12.059929154919395,2.029017406773914
btc1_atr_pct_d1 GE Q80(0.0207423) & btc1_roc4_d3 LE Q30(-0.481176),btc1_atr_pct_d1 GE Q80(0.0207423),btc1_roc4_d3 LE Q30(-0.481176),atr,roc,217,169,0.9736788642774837,1.1488404365113807,3.084908179707143,1.1635816269125847,-1.6456525298837406,17.54741791026261,-3.3376999072103004,16.446788979445003,2.0211369171493505
h1_atr_pct_d1 GE Q80(0.0524861) & m15_vwap_dist_acc GE Q80(1.17818),h1_atr_pct_d1 GE Q80(0.0524861),m15_vwap_dist_acc GE Q80(1.17818),atr,vwap,233,193,0.5078554995713881,1.062819272044835,3.305774889046977,1.7066602453481288,-3.445458704603382,4.781069073766304,-5.137506081929942,3.6804401429486973,2.008401862142817
btc1_ppo_hist_d1 LE Q20(-0.0309186) & m15_atr_pct_d3 GE Q80(0.0315324),btc1_ppo_hist_d1 LE Q20(-0.0309186),m15_atr_pct_d3 GE Q80(0.0315324),ppo,atr,154,120,-0.283543866926145,2.3020836686267594,3.000029303241908,2.8435581112362422,-10.485200079108711,17.384696016771485,-12.177247456435268,16.28406708595388,2.0019132928081307
btc1_bb_width GE Q80(0.0434586) & btc1_roc4_acc LE Q20(-1.11272),btc1_bb_width GE Q80(0.0434586),btc1_roc4_acc LE Q20(-1.11272),bb_,roc,210,141,1.1507761395277474,0.7107887415102531,3.370887027571559,1.4441947501440293,-2.73628233019096,13.820866229537444,-3.9521392313270454,14.138677015031895,1.9938522371220126
btc1_roc12_d1 GE Q80(0.195979) & btc4_mfi_acc LE Q30(-1.58929),btc1_roc12_d1 GE Q80(0.195979),btc4_mfi_acc LE Q30(-1.58929),roc,mfi,140,102,1.3843576110712328,0.3361249973341464,1.755400222047851,1.9435731533813994,5.358955765047135,-3.7427549636206727,7.2383369591491515,-2.882599580712778,1.9215905788591217
btc1_ppo_hist_acc LE Q20(-0.0499027) & m15_atr_pct_d3 GE Q80(0.0315324),btc1_ppo_hist_acc LE Q20(-0.0499027),m15_atr_pct_d3 GE Q80(0.0315324),ppo,atr,175,109,-0.14785502758248564,3.1355870290319423,3.7853141551583205,2.552114504480226,-9.498187092095726,13.508549227780662,-11.190234469422279,12.407920296963049,1.895509174746423
btc1_ppo_hist_acc LE Q20(-0.0499027) & btc1_vwap_dist_d1 LE Q20(-0.503192),btc1_ppo_hist_acc LE Q20(-0.0499027),btc1_vwap_dist_d1 LE Q20(-0.503192),ppo,vwap,360,248,0.14240083117171265,1.1268296042064998,3.6672176547292867,1.9128272517440752,-3.688663282571916,6.820179887739229,-5.102932882120697,6.9292283762764555,1.8425095267962162
btc1_bb_width_acc LE Q20(-0.00165171) & btc4_roc4 GE Q80(1.9053),btc1_bb_width_acc LE Q20(-0.00165171),btc4_roc4 GE Q80(1.9053),bb_,roc,235,115,0.1071290883790785,2.5643066789452678,1.6424031644391004,1.5781268271736604,3.474457284803975,22.27600036459757,2.2079418223710263,22.04493665117127,1.8336484705442788
btc1_vwap_dist_acc LE Q20(-0.820672) & m15_atr_pct_d3 GE Q80(0.0315324),btc1_vwap_dist_acc LE Q20(-0.820672),m15_atr_pct_d3 GE Q80(0.0315324),vwap,atr,181,100,0.31530004991690624,2.8546386666593566,2.5295488134548183,1.2716774192220182,5.501023641921641,15.884696016771485,3.8089762645950884,14.784067085953879,1.8281877036884755
btc4_adx_d1 GE Q80(1.15404) & h1_atr_pct_acc GE Q80(0.0723118),btc4_adx_d1 GE Q80(1.15404),h1_atr_pct_acc GE Q80(0.0723118),adx,atr,148,120,-0.2022042287415547,1.5434794471961153,3.4484385774884485,2.2150859723077616,-3.193167787076419,14.05136268343815,-4.885215164402979,12.95073375262055,1.8193824066658548
btc1_atr_pct_d1 GE Q80(0.0207423) & btc1_ppo_hist_d1 LE Q20(-0.0309186),btc1_atr_pct_d1 GE Q80(0.0207423),btc1_ppo_hist_d1 LE Q20(-0.0309186),atr,ppo,251,190,0.6409249073560576,1.2618871986619054,2.7511238005070364,1.2968312702281735,-1.7099116225453557,8.042590753613595,-3.4019589998719155,6.941961822795989,1.8184196489104323
btc1_atr_pct_d1 GE Q80(0.0207423) & m15_roc12_acc GE Q80(1.37304),btc1_atr_pct_d1 GE Q80(0.0207423),m15_roc12_acc GE Q80(1.37304),atr,roc,140,122,0.2851095958792352,2.018915653594793,3.2758682969195085,1.5725975701346644,-0.3553299492385804,12.425679623328861,-2.0473773265651403,11.325050692511255,1.8060997210054395
btc1_atr_pct GE Q60(0.732295) & btc1_bb_width GE Q80(0.0434586),btc1_atr_pct GE Q60(0.732295),btc1_bb_width GE Q80(0.0434586),atr,bb_,373,257,0.31305684464257344,0.7307377431480364,1.6447524370881204,1.5915316510250523,-1.7494318259141863,11.966408079028291,-2.9052861737501203,11.6439892649422,1.7939998174151979
btc1_atr_pct GE Q80(0.907279) & m15_vwap_dist_acc GE Q80(1.17818),btc1_atr_pct GE Q80(0.907279),m15_vwap_dist_acc GE Q80(1.17818),atr,vwap,183,149,0.4106957897189672,1.3608338080640252,5.061327258738356,1.6842290593690508,-5.382652353610162,7.837716150999675,-7.074699730936715,6.737087220182069,1.7919512838609788
btc4_roc12 LE Q20(-2.18415) & h4_chop14 LE Q20(41.1434),btc4_roc12 LE Q20(-2.18415),h4_chop14 LE Q20(41.1434),roc,chop,214,258,-0.18531359385718438,1.1350730997144196,2.144185855591885,2.4578174214848243,-2.972152379145122,14.109502218321872,-4.196910036845516,13.784067085953879,1.7857694896234368
btc1_di_spread_d1 LE Q30(-2.59029) & m15_rvol20_d1 LE Q20(-0.380289),btc1_di_spread_d1 LE Q30(-2.59029),m15_rvol20_d1 LE Q20(-0.380289),di_spread,rvol,165,152,1.0443225417162232,0.5653903709767021,4.365118611111505,1.2795938111010217,-1.5674511613597915,0.4110118062451704,-0.8352561144439292,-0.6896171245724361,1.7812555249480515
h1_atr_pct_acc GE Q80(0.0723118) & h1_rvol20_d3 GE Q80(0.621147),h1_atr_pct_acc GE Q80(0.0723118),h1_rvol20_d3 GE Q80(0.621147),atr,rvol,208,101,0.7256049685414897,1.935669657724036,1.3442988038020425,1.8799852922555045,-5.739945333853967,13.399547501919997,-7.431992711180527,12.29891857110239,1.7490655581043029
btc1_di_spread_d1 LE Q30(-2.59029) & m15_vwap_dist_acc GE Q80(1.17818),btc1_di_spread_d1 LE Q30(-2.59029),m15_vwap_dist_acc GE Q80(1.17818),di_spread,vwap,219,166,0.1924537044090477,1.2535969678365297,3.3348986518847754,1.9518560731860752,-7.478617620471461,8.2581899926751,-8.714043993231797,7.157561061857486,1.7456703691163429
btc1_atr_pct_d1 GE Q80(0.0207423) & btc1_ppo_hist_acc LE Q20(-0.0499027),btc1_atr_pct_d1 GE Q80(0.0207423),btc1_ppo_hist_acc LE Q20(-0.0499027),atr,ppo,264,218,0.42159388365510975,1.5599539337007928,3.002578907567596,1.379593900643517,-0.582602676511307,4.79295289750543,-2.274650053837867,4.151039563018102,1.73821670292653
btc1_di_spread_d1 LE Q30(-2.59029) & h1_rvol20_d3 GE Q80(0.621147),btc1_di_spread_d1 LE Q30(-2.59029),h1_rvol20_d3 GE Q80(0.621147),di_spread,rvol,222,114,0.5857132620846578,1.9861408399900586,1.3387820172772424,3.306431078855554,-3.4183930123016424,9.621538122034643,-4.209539488727302,8.52090919121703,1.7377526992183048
btc1_atr_pct_d1 GE Q80(0.0207423) & btc1_di_spread_d1 LE Q30(-2.59029),btc1_atr_pct_d1 GE Q80(0.0207423),btc1_di_spread_d1 LE Q30(-2.59029),atr,di_spread,327,226,0.6603148006057525,1.066497437374911,2.0528786002101036,1.1709024567224953,-1.5174094599419448,10.90239513181573,-3.2094568372684975,9.80176620099813,1.7215058367846194
btc1_roc4_acc LE Q20(-1.11272) & btc1_tsi_d1 LE Q30(-0.211069),btc1_roc4_acc LE Q20(-1.11272),btc1_tsi_d1 LE Q30(-0.211069),roc,tsi,163,113,0.7170125447248364,2.509374087431147,0.9258929690433809,3.145201994740551,1.9759583943197043,10.017439379603339,0.8974079495084766,9.80176620099813,1.720132424587978
btc1_roc12_d1 LE Q20(-0.733136) & m15_ppo_hist_acc GE Q80(0.0753278),btc1_roc12_d1 LE Q20(-0.733136),m15_ppo_hist_acc GE Q80(0.0753278),roc,ppo,195,140,-0.0871710810875584,1.469256748226732,3.724370186039242,2.4081828428826304,-11.637381231289865,8.456124588200055,-13.329428608616425,7.355495657382448,1.7053017526840475
btc1_bb_width GE Q80(0.0434586) & btc4_rvol20 GE Q80(1.45631),btc1_bb_width GE Q80(0.0434586),btc4_rvol20 GE Q80(1.45631),bb_,rvol,181,133,0.7258575268196615,1.7319430291128892,0.9980811375908253,2.9512354505511444,-0.5763244243767005,27.290711054365474,-0.6109132381673419,27.69384152204411,1.6944306669158389
btc1_atr_pct GE Q70(0.804549) & btc4_rvol20 GE Q80(1.45631),btc1_atr_pct GE Q70(0.804549),btc4_rvol20 GE Q80(1.45631),atr,rvol,228,220,0.7727207037171346,0.831503523206546,3.4154637929297973,0.8191282628269192,2.188529699884228,12.611968744044212,1.373675305013812,12.420430722317512,1.6849783636408568
h1_atr_pct_d1 GE Q80(0.0524861) & h1_rvol20_d3 GE Q80(0.621147),h1_atr_pct_d1 GE Q80(0.0524861),h1_rvol20_d3 GE Q80(0.621147),atr,rvol,241,148,0.7110651762841405,1.8479699387383177,1.2675592202162176,1.960828577210244,-5.500558165006218,6.77658790866338,-7.192605542332771,5.675958977845774,1.669755540703516
btc1_atr_pct GE Q70(0.804549) & btc1_bb_width GE Q80(0.0434586),btc1_atr_pct GE Q70(0.804549),btc1_bb_width GE Q80(0.0434586),atr,bb_,318,234,0.5156533465332808,0.7000986977923455,2.4791543741518476,1.3654108576439858,-3.8773425278549354,11.89324302531849,-5.254924496376461,11.647314949201736,1.6596454384140893
btc1_atr_pct GE Q60(0.732295) & btc4_rvol20 GE Q80(1.45631),btc1_atr_pct GE Q60(0.732295),btc4_rvol20 GE Q80(1.45631),atr,rvol,289,229,0.6776531201665189,0.8226340535676501,2.555318851545958,0.8797210196640286,2.205223683979412,12.482949291880658,1.5512385903898789,12.2556828064779,1.6545556221577273
btc1_atr_pct GE Q70(0.804549) & btc4_adx_d3 GE Q80(2.8644),btc1_atr_pct GE Q70(0.804549),btc4_adx_d3 GE Q80(2.8644),atr,adx,212,186,0.0359442042013281,1.7648841634812604,1.5347574712597547,3.0258073127953393,2.097500239440663,19.723405694190838,0.40545286211410314,19.160411171975383,1.6417357398865848
btc1_roc12_d1 LE Q20(-0.733136) & m15_atr_pct_d3 GE Q80(0.0315324),btc1_roc12_d1 LE Q20(-0.733136),m15_atr_pct_d3 GE Q80(0.0315324),roc,atr,190,100,-0.36859988556270024,2.2126641916037157,3.5373868470247576,2.584331663148837,-10.881645738712269,16.884696016771485,-12.573693116038825,15.784067085953879,1.6378085431039922
btc1_bb_width GE Q80(0.0434586) & btc1_ppo_hist_acc LE Q20(-0.0499027),btc1_bb_width GE Q80(0.0434586),btc1_ppo_hist_acc LE Q20(-0.0499027),bb_,ppo,199,145,0.8073983310866936,0.8025106433879009,3.4744506411277625,1.048423750610982,-4.174425426625511,16.60883394780597,-5.3639602411380025,16.88751536181595,1.6184224263773577
btc1_di_spread_d1 LE Q30(-2.59029) & btc1_vwap_dist_acc LE Q20(-0.820672),btc1_di_spread_d1 LE Q30(-2.59029),btc1_vwap_dist_acc LE Q20(-0.820672),di_spread,vwap,229,152,0.15477873608774884,1.7948948762729513,2.962921710616487,1.65647018528861,-3.2374260191075805,10.937327595718855,-4.92947339643414,10.494593401743344,1.6155366728744487
btc1_di_spread_d1 LE Q30(-2.59029) & btc1_roc4 LE Q20(-0.189272),btc1_di_spread_d1 LE Q30(-2.59029),btc1_roc4 LE Q20(-0.189272),di_spread,roc,291,282,0.8682892523565472,0.4944995928817337,2.408753364213162,1.0623979683468914,1.2254260645071255,4.955618002587087,0.9079491339159631,4.209599000847497,1.6118193258421583
btc1_ppo_hist_d1 LE Q20(-0.0309186) & btc1_vwap_dist_d1 LE Q20(-0.503192),btc1_ppo_hist_d1 LE Q20(-0.0309186),btc1_vwap_dist_d1 LE Q20(-0.503192),ppo,vwap,285,218,0.23181190669367108,1.1556534002277712,2.551803896609684,1.4910161914155386,-2.1097159141508612,6.627815282826532,-3.801763291477421,5.985901948339205,1.5835013548551353
btc1_ppo_hist_acc LE Q20(-0.0499027) & m15_roc12_acc GE Q80(1.37304),btc1_ppo_hist_acc LE Q20(-0.0499027),m15_roc12_acc GE Q80(1.37304),ppo,roc,158,137,-0.22028300374644777,1.973195632403296,3.8641855900934283,2.038143010868407,-4.279380582149976,5.760608425530613,-5.338516567071473,4.659979494712999,1.5827082583160303
btc1_di_spread_d1 LE Q30(-2.59029) & btc4_rvol20 GE Q80(1.45631),btc1_di_spread_d1 LE Q30(-2.59029),btc4_rvol20 GE Q80(1.45631),di_spread,rvol,148,180,0.10637268205383937,1.8932177486474862,2.232715506218316,1.5260508652648035,-0.4904650843737173,16.551362683438157,-2.18251246170027,16.0062893081761,1.574059345553426
btc1_vwap_dist_d1 LE Q20(-0.503192) & m15_atr_pct_d3 GE Q80(0.0315324),btc1_vwap_dist_d1 LE Q20(-0.503192),m15_atr_pct_d3 GE Q80(0.0315324),vwap,atr,199,112,0.17536961978625842,2.67693777400267,3.5347092859626477,1.5547538097437568,-2.6668877381832985,18.456124588200055,-4.3589351155098655,17.35549565738245,1.562938095074319
btc1_atr_pct GE Q70(0.804549) & btc1_ppo_hist_acc LE Q20(-0.0499027),btc1_atr_pct GE Q70(0.804549),btc1_ppo_hist_acc LE Q20(-0.0499027),atr,ppo,310,240,0.5601158327029971,1.1202214610761911,4.064692209730842,1.1113807790756993,-1.968233175045036,2.8013626834381498,-3.3376999072103004,2.534067085953872,1.5456956183831394
btc1_ppo_hist_d1 LE Q20(-0.0309186) & btc1_roc4_acc LE Q20(-1.11272),btc1_ppo_hist_d1 LE Q20(-0.0309186),btc1_roc4_acc LE Q20(-1.11272),ppo,roc,156,129,0.5272891462806264,1.7331925148474965,1.1590439680687887,2.4741251746806325,-2.534817128725763,9.845936326849007,-4.226864506052323,9.520501194481014,1.5257513103665958
btc1_di_spread_d1 LE Q30(-2.59029) & btc1_ppo_hist_d1 LE Q20(-0.0309186),btc1_di_spread_d1 LE Q30(-2.59029),btc1_ppo_hist_d1 LE Q20(-0.0309186),di_spread,ppo,352,283,0.12201992538229559,0.7852046213341005,2.0701064483365306,1.4899321373502885,-1.7189663128749473,3.047240186382794,-3.1269227811106006,2.299968146024547,1.4978446177241238
btc1_bb_width_acc LE Q20(-0.00165171) & btc1_roc4_d3 LE Q30(-0.481176),btc1_bb_width_acc LE Q20(-0.00165171),btc1_roc4_d3 LE Q30(-0.481176),bb_,roc,173,111,0.09922899781543396,2.8579824908362004,1.1737466496533817,3.264032086825951,4.731375253073558,28.848659980735448,3.6173625578279314,28.648931950818742,1.487264156217581
btc4_roc4 GE Q80(1.9053) & h4_donch_pos_d3 GE Q80(0.24812),btc4_roc4 GE Q80(1.9053),h4_donch_pos_d3 GE Q80(0.24812),roc,donch,153,87,0.24368496104607457,1.5352940617465893,1.9348238016130126,0.9943612133985565,5.396304037689525,10.861707511024356,3.704256660362965,12.059929154919395,1.4740204287825762
btc4_donch_pos_acc LE Q20(-0.0125877) & btc4_mfi_acc LE Q30(-1.58929),btc4_donch_pos_acc LE Q20(-0.0125877),btc4_mfi_acc LE Q30(-1.58929),donch,mfi,181,117,1.7134507561589674,0.9759889503830383,2.077246878045082,0.3402335194981455,14.340802647446509,2.4915336236090937,13.75372764581055,3.9550072568940493,1.4700686237273377
m15_ppo_hist_acc GE Q80(0.0753278) & m15_vwap_dist_acc GE Q80(1.17818),m15_ppo_hist_acc GE Q80(0.0753278),m15_vwap_dist_acc GE Q80(1.17818),ppo,vwap,405,368,0.5274138096981352,0.377373985872286,2.186684443366122,1.0637093355614546,1.1261515322429005,1.2977394950323529,-0.3189822648367411,0.19711056421474638,1.4684882221042928
btc1_atr_pct GE Q60(0.732295) & btc4_roc4 GE Q80(1.9053),btc1_atr_pct GE Q60(0.732295),btc4_roc4 GE Q80(1.9053),atr,roc,322,138,0.40408028225764797,1.9696380496250763,2.1277379806039427,0.9800173581904479,2.191253901693102,11.261507610974384,0.8097655305777209,10.8855163613162,1.4660305681104433
btc1_vwap_dist_acc LE Q20(-0.820672) & btc4_rvol20 GE Q80(1.45631),btc1_vwap_dist_acc LE Q20(-0.820672),btc4_rvol20 GE Q80(1.45631),vwap,rvol,164,166,0.7242084491806493,1.2625782691639393,3.0631374368459836,0.8849922615186632,-3.160207998019068,6.450961077012451,-4.242499277784653,6.555151423303272,1.4295444852030474
btc1_ppo_hist_d1 LE Q20(-0.0309186) & btc4_adx_d1 GE Q80(1.15404),btc1_ppo_hist_d1 LE Q20(-0.0309186),btc4_adx_d1 GE Q80(1.15404),ppo,adx,160,96,-0.3513103315079796,2.9534804861866517,3.4362575000006705,2.0497864084725146,-4.73032994923858,25.30136268343815,-6.42237732656514,24.20073375262055,1.4281186319560748
btc1_ppo_hist_d1 LE Q20(-0.0309186) & btc1_roc4_d3 LE Q20(-0.804736),btc1_ppo_hist_d1 LE Q20(-0.0309186),btc1_roc4_d3 LE Q20(-0.804736),ppo,roc,255,203,0.6156897960988051,0.9077692711971567,1.26244547826358,0.9210916304995007,-1.5318005374738703,14.638390598052275,-3.2238479148004373,14.030372504673089,1.4263504521780812
m15_ppo_hist_d3 LE Q20(-0.0662479) & m15_vwap_dist_acc GE Q80(1.17818),m15_ppo_hist_d3 LE Q20(-0.0662479),m15_vwap_dist_acc GE Q80(1.17818),ppo,vwap,159,147,0.6455838123938565,0.6700409284363829,4.667177239088577,1.0162614074931944,-4.506273345464997,2.2996620031660484,-6.19832072279155,1.1990330723484348,1.4026906050672698
btc1_roc4_d3 LE Q30(-0.481176) & btc1_tsi_d1 LE Q30(-0.211069),btc1_roc4_d3 LE Q30(-0.481176),btc1_tsi_d1 LE Q30(-0.211069),roc,tsi,376,263,0.6166568488923959,1.0317354637355467,1.8752249081503325,0.5785491560788564,4.325521114591204,10.892300579509126,3.431346077690179,10.552127922455782,1.393598559962792
btc1_ppo_hist_d1 LE Q20(-0.0309186) & btc1_roc4 LE Q20(-0.189272),btc1_ppo_hist_d1 LE Q20(-0.0309186),btc1_roc4 LE Q20(-0.189272),ppo,roc,262,245,0.6010425369916835,0.3433956850911217,2.4298191396252173,1.1403095278410946,-1.4240322393149185,7.74183887391434,-2.734400227328493,7.049373208402855,1.386296241206199
btc1_atr_pct GE Q60(0.732295) & btc1_ppo_hist_acc LE Q20(-0.0499027),btc1_atr_pct GE Q60(0.732295),btc1_ppo_hist_acc LE Q20(-0.0499027),atr,ppo,347,260,0.3506877920160787,0.9034602899292248,3.5585493144859957,1.1610766374117585,-2.0267996898725826,2.9616190936945586,-3.430662629158803,3.0148363167231125,1.3823471861484837
btc1_ppo_hist_acc LE Q20(-0.0499027) & m15_vwap_dist_acc GE Q80(1.17818),btc1_ppo_hist_acc LE Q20(-0.0499027),m15_vwap_dist_acc GE Q80(1.17818),ppo,vwap,183,134,-0.0027845210028725614,1.8211313027386975,3.763653951048232,1.9319760670831834,-10.847133227927106,2.9443975093088,-12.539180605253662,1.8437685784911935,1.3529939371374244
btc1_bb_width GE Q80(0.0434586) & btc1_roc12_d1 LE Q20(-0.733136),btc1_bb_width GE Q80(0.0434586),btc1_roc12_d1 LE Q20(-0.733136),bb_,roc,170,84,0.46158720939495973,0.8904554214260177,3.400512148499769,1.486639835738192,-11.531800537473877,14.884696016771485,-12.635612620682792,14.974543276430069,1.3495607765952797
btc1_bb_width_acc LE Q20(-0.00165171) & btc1_vwap_dist_d1 LE Q20(-0.503192),btc1_bb_width_acc LE Q20(-0.00165171),btc1_vwap_dist_d1 LE Q20(-0.503192),bb_,vwap,173,129,0.47501886736428456,1.0702057986782503,3.240878518263024,0.6995728155583897,4.153340570992633,12.946711520647455,2.46129319366608,13.396470186729076,1.348417763925775
btc1_di_spread_d1 LE Q30(-2.59029) & btc4_mfi_acc LE Q30(-1.58929),btc1_di_spread_d1 LE Q30(-2.59029),btc4_mfi_acc LE Q30(-1.58929),di_spread,mfi,254,103,1.095905258453918,0.8359657906010421,1.7735349063979409,0.7646040395073893,2.164355090131501,-5.018216604587739,0.8660085002065117,-5.147971748997577,1.3470638969908477
btc1_roc4_d3 LE Q20(-0.804736) & btc1_tsi_d1 LE Q30(-0.211069),btc1_roc4_d3 LE Q20(-0.804736),btc1_tsi_d1 LE Q30(-0.211069),roc,tsi,265,175,0.58048157991592,1.9473230812124753,0.6964434951085642,1.3059132985341326,1.9088209941576508,22.5989817310572,0.5941321073971224,22.64120994309674,1.3460723469971563
btc4_mfi_acc LE Q30(-1.58929) & m15_ppo_hist_acc GE Q80(0.0753278),btc4_mfi_acc LE Q30(-1.58929),m15_ppo_hist_acc GE Q80(0.0753278),mfi,ppo,144,86,1.120922802593179,0.6866301050507851,0.6345770049994778,0.9599038777415335,5.478003384094748,0.9312076446784587,3.7859560067681954,-0.16942128613914775,1.3457549136678337
btc1_bb_width_acc LE Q20(-0.00165171) & btc1_roc12_d1 LE Q20(-0.733136),btc1_bb_width_acc LE Q20(-0.00165171),btc1_roc12_d1 LE Q20(-0.733136),bb_,roc,150,80,-0.06136762010305728,2.5033728525691257,1.3371889999233488,2.395228347636611,1.6446700507614196,13.634696016771485,-0.04737732656513316,13.784067085953879,1.3242139348118314
btc1_atr_pct GE Q70(0.804549) & btc4_roc4 GE Q80(1.9053),btc1_atr_pct GE Q70(0.804549),btc4_roc4 GE Q80(1.9053),atr,roc,269,111,0.6338086440918995,2.082495789909174,2.9360558035600586,0.49730882068301785,4.254335478270711,9.028840160915628,2.5622881009441514,8.829112130998922,1.3099932911419219
h4_donch_pos_d3 GE Q80(0.24812) & h4_ppo_hist_d3 GE Q80(0.373358),h4_donch_pos_d3 GE Q80(0.24812),h4_ppo_hist_d3 GE Q80(0.373358),donch,ppo,179,150,0.13427827299147754,0.4080529738783231,1.4178383949947104,0.8856548627950217,5.454725916683209,6.218029350104821,5.997315410865035,6.450733752620543,1.3035212215042964
btc1_atr_pct GE Q80(0.907279) & btc1_ppo_hist_acc LE Q20(-0.0499027),btc1_atr_pct GE Q80(0.907279),btc1_ppo_hist_acc LE Q20(-0.0499027),atr,ppo,239,203,0.16548227203612587,1.3158710298283602,4.5279272922924925,1.3444028819542524,-3.9536563090712136,5.771395524160646,-5.227293644556774,5.163377430781473,1.2867295918271064
btc1_atr_pct_d1 GE Q80(0.0207423) & btc1_vwap_dist_d1 LE Q20(-0.503192),btc1_atr_pct_d1 GE Q80(0.0207423),btc1_vwap_dist_d1 LE Q20(-0.503192),atr,vwap,304,233,0.5253145654407395,0.98296741336876,2.3372633010415154,0.8712469926948329,-1.868487843975423,6.0864127549689115,-3.56053522130199,5.414968373507527,1.26929621839027
btc1_atr_pct_d1 GE Q80(0.0207423) & btc1_vwap_dist_acc LE Q20(-0.820672),btc1_atr_pct_d1 GE Q80(0.0207423),btc1_vwap_dist_acc LE Q20(-0.820672),atr,vwap,274,198,0.20817082798402647,1.597331274406534,2.3134401107037155,0.9341840216688404,2.3453999777687145,4.783685915761389,0.6533526004421546,4.188107489994287,1.2257839009947715
btc1_roc12_d1 LE Q20(-0.733136) & m15_vwap_dist_acc GE Q80(1.17818),btc1_roc12_d1 LE Q20(-0.733136),m15_vwap_dist_acc GE Q80(1.17818),roc,vwap,196,120,-0.27213726328695925,0.4760039461638129,3.4130955173107402,2.1606356588245657,-13.314513622707967,3.218029350104821,-15.006561000034523,2.1174004192872076,1.188931766855677
btc1_di_spread_d1 LE Q30(-2.59029) & btc1_roc4_d1 LE Q20(-0.766142),btc1_di_spread_d1 LE Q30(-2.59029),btc1_roc4_d1 LE Q20(-0.766142),di_spread,roc,267,214,0.33081314652863847,1.1719807243408487,3.2337615662462627,1.0287190080186055,-3.2766782638453193,5.071611904621953,-4.968725641171879,4.438272693430513,1.1618572938084468
btc4_rvol20 GE Q80(1.45631) & h4_donch_pos_d3 GE Q80(0.24812),btc4_rvol20 GE Q80(1.45631),h4_donch_pos_d3 GE Q80(0.24812),rvol,donch,144,101,-0.01053284870916292,1.929539439872733,1.0677977851850944,4.693457320359175,2.7002256063169767,23.3005376009299,1.0081782289904169,23.19000768001328,1.158435269245249
btc1_vwap_dist_d1 LE Q20(-0.503192) & m15_roc12_acc GE Q80(1.37304),btc1_vwap_dist_d1 LE Q20(-0.503192),m15_roc12_acc GE Q80(1.37304),vwap,roc,161,139,-0.31097693696709994,1.5190438673024098,3.888028922100707,1.8815202261829773,-8.057193303275845,8.769588103102421,-9.128122668180055,7.668959172284822,1.1462650367540008
btc1_ppo_hist_acc LE Q20(-0.0499027) & btc1_vwap_dist_acc LE Q20(-0.820672),btc1_ppo_hist_acc LE Q20(-0.0499027),btc1_vwap_dist_acc LE Q20(-0.820672),ppo,vwap,345,257,0.36147123321889596,0.8229442681903596,2.977004692769259,0.7551572743071346,1.6736555580077948,0.6823613864212916,0.27146325314500785,0.7490476307009644,1.1425286141815694
btc1_atr_pct_d1 GE Q80(0.0207423) & btc4_rvol20 GE Q80(1.45631),btc1_atr_pct_d1 GE Q80(0.0207423),btc4_rvol20 GE Q80(1.45631),atr,rvol,154,142,0.8272123681831781,2.2428771617862013,3.498086896437777,0.5326788169448641,-3.9916935856022135,18.405822777334862,-5.034390313578129,18.009419198629935,1.1394525712884132
btc1_bb_width GE Q80(0.0434586) & btc1_tsi_d1 LE Q30(-0.211069),btc1_bb_width GE Q80(0.0434586),btc1_tsi_d1 LE Q30(-0.211069),bb_,tsi,155,85,0.5006219046895246,1.9527070953028343,0.8026514560488115,2.6084523047887145,-3.5811364008514843,34.29646072265383,-4.628022487855468,34.372302380071524,1.1032788189556821
btc1_roc12_d1 LE Q20(-0.733136) & h4_ppo_hist_d3 GE Q80(0.373358),btc1_roc12_d1 LE Q20(-0.733136),h4_ppo_hist_d3 GE Q80(0.373358),roc,ppo,169,82,0.25476084106752667,-0.019026001240188162,1.8417610577121635,2.079239444877288,0.4730724176253247,-15.603108861277295,-1.2189749597012352,-15.484225596972948,1.0449572786941976
btc1_ppo_hist_d1 LE Q20(-0.0309186) & btc4_roc4 GE Q80(1.9053),btc1_ppo_hist_d1 LE Q20(-0.0309186),btc4_roc4 GE Q80(1.9053),ppo,roc,202,122,-0.0688078181024462,1.3598734935439591,1.3397334919053017,1.7716817064065278,-4.21671608785244,9.966663229886237,-5.908763465179,9.685706430216172,1.026248921863702
btc1_bb_width GE Q80(0.0434586) & btc4_roc4 LE Q20(-0.378217),btc1_bb_width GE Q80(0.0434586),btc4_roc4 LE Q20(-0.378217),bb_,roc,159,155,0.11265424571217747,1.2245804280654413,1.0593344877503088,3.4383071259965563,-2.6194808926348045,19.723405694190838,-4.311528269961364,19.267938053695815,1.007173741284215
btc1_di_spread_d1 LE Q30(-2.59029) & btc1_roc4_d3 LE Q20(-0.804736),btc1_di_spread_d1 LE Q30(-2.59029),btc1_roc4_d3 LE Q20(-0.804736),di_spread,roc,243,238,0.7093959562829656,0.868193829029247,1.2183621904338433,0.2769806502828869,0.796933425247019,14.0443598823177,-0.8951139520795408,13.36389901872699,0.9923823302816723
btc1_roc4_d3 LE Q30(-0.481176) & h4_donch_pos_d3 GE Q80(0.24812),btc1_roc4_d3 LE Q30(-0.481176),h4_donch_pos_d3 GE Q80(0.24812),roc,donch,160,128,0.12875123365140315,0.2818559243208981,0.6660917305476634,0.6211940263257651,5.26967005076142,11.759696016771485,4.20262267343486,11.440317085953879,0.9920878149687081
btc1_roc4_d3 LE Q30(-0.481176) & btc4_mfi_acc LE Q30(-1.58929),btc1_roc4_d3 LE Q30(-0.481176),btc4_mfi_acc LE Q30(-1.58929),roc,mfi,189,95,1.4447734885680366,0.6548276660071466,2.140108183490291,0.06552918994220647,12.554722960814324,4.8846960167714855,10.862675583487771,5.889330243848612,0.9846843413294699
btc1_bb_width GE Q80(0.0434586) & btc1_ppo_hist_d1 LE Q20(-0.0309186),btc1_bb_width GE Q80(0.0434586),btc1_ppo_hist_d1 LE Q20(-0.0309186),bb_,ppo,178,112,0.31837116128433324,0.9500518346532194,1.023645372758101,1.6364853250939664,-6.647464780699252,25.598981731057194,-8.339512158025812,25.391209943096733,0.9758023474609404
btc1_atr_pct GE Q70(0.804549) & h4_donch_pos_d3 GE Q80(0.24812),btc1_atr_pct GE Q70(0.804549),h4_donch_pos_d3 GE Q80(0.24812),atr,donch,178,126,0.5684657429388056,0.0868954029750848,3.268995359937687,0.7144978101155769,3.4648947698625463,5.36088649296196,2.3346451453449717,5.053908355795144,0.9520329590934375
btc4_bb_width GE Q80(0.0942267) & h4_chop14 LE Q20(41.1434),btc4_bb_width GE Q80(0.0942267),h4_chop14 LE Q20(41.1434),bb_,chop,152,164,-0.5473256143698528,2.1283375522957324,1.2651252459579374,3.1807485526851256,5.039406892866687,16.104208211893436,4.00525425238223,15.613335378636805,0.9490869234217297
btc1_atr_pct GE Q80(0.907279) & h4_ppo_hist_d3 GE Q80(0.373358),btc1_atr_pct GE Q80(0.907279),h4_ppo_hist_d3 GE Q80(0.373358),atr,ppo,141,111,1.5452369848443732,0.2929582405104431,4.037056881581814,1.0216125021038216,5.743960830903262,-7.187376055300589,4.051913453576702,-8.288004986118196,0.9331893612328831
btc1_atr_pct GE Q60(0.732295) & h4_donch_pos_d3 GE Q80(0.24812),btc1_atr_pct GE Q60(0.732295),h4_donch_pos_d3 GE Q80(0.24812),atr,donch,218,146,0.5792733699553996,0.04805814622886451,2.587513272538508,0.7382856155459959,3.2226517021375685,5.980586427730387,2.44803551747156,5.564889003762097,0.9319840231884187
btc1_bb_width_acc LE Q20(-0.00165171) & btc4_rvol20 GE Q80(1.45631),btc1_bb_width_acc LE Q20(-0.00165171),btc4_rvol20 GE Q80(1.45631),bb_,rvol,183,121,-0.06535369861655403,2.3332207753699845,1.0084466199782423,2.142457570332816,0.08182852070677882,19.430150562226025,-1.063770769188089,19.155967912400158,0.9242723615991298
btc1_di_spread_d1 LE Q30(-2.59029) & btc1_vwap_dist_d1 LE Q20(-0.503192),btc1_di_spread_d1 LE Q30(-2.59029),btc1_vwap_dist_d1 LE Q20(-0.503192),di_spread,vwap,352,253,0.34268795852973966,0.8877360683809841,2.8648717420969025,0.7813912134785186,-3.4235117674204005,5.9914153843604225,-5.11555914474696,5.286043370538863,0.919062636090707
btc4_roc4 GE Q80(1.9053) & btc4_rvol20 GE Q80(1.45631),btc4_roc4 GE Q80(1.9053),btc4_rvol20 GE Q80(1.45631),roc,rvol,216,97,0.07646089243067443,2.975804804734386,0.8112412346107002,2.002170251695845,0.848373754465122,18.4929434394519,0.08225230306448594,18.423242343685835,0.914798385736618
btc1_di_spread_d1 LE Q30(-2.59029) & btc1_roc4_d3 LE Q30(-0.481176),btc1_di_spread_d1 LE Q30(-2.59029),btc1_roc4_d3 LE Q30(-0.481176),di_spread,roc,330,349,0.5075061970313938,0.6623401974434674,2.3229791579551122,0.24929366957426113,1.4628518689432326,6.431973953734236,0.6798954007075864,5.617877974206031,0.8142833306881037
btc1_ppo_hist_d1 LE Q20(-0.0309186) & h1_rvol20_d3 GE Q80(0.621147),btc1_ppo_hist_d1 LE Q20(-0.0309186),h1_rvol20_d3 GE Q80(0.621147),ppo,rvol,154,81,0.24265121831960706,2.5718494454131693,0.989367935148114,3.3818219912206033,-7.887797481706116,11.79827626368506,-9.579844859032676,10.697647332867454,0.8037883318358842
btc1_ppo_hist_d1 LE Q20(-0.0309186) & btc1_roc4_d3 LE Q30(-0.481176),btc1_ppo_hist_d1 LE Q20(-0.0309186),btc1_roc4_d3 LE Q30(-0.481176),ppo,roc,303,258,0.434210748103235,0.29898654273970326,2.4864004566302134,0.6004275003128785,-1.411435559799635,9.845936326849007,-2.773449933825866,9.13290429525621,0.8016019775820754
btc1_roc4_acc LE Q20(-1.11272) & btc4_rvol20 GE Q80(1.45631),btc1_roc4_acc LE Q20(-1.11272),btc4_rvol20 GE Q80(1.45631),roc,rvol,179,175,0.5894922645791524,1.2752149454688402,0.22261898902577493,1.7823287248936932,-0.13186626208774044,14.027553159628631,-1.2652544215372146,14.069781371668164,0.7828501773115508
btc1_di_spread_d1 LE Q30(-2.59029) & h4_donch_pos_d3 GE Q80(0.24812),btc1_di_spread_d1 LE Q30(-2.59029),h4_donch_pos_d3 GE Q80(0.24812),di_spread,donch,151,102,0.06762023762493248,0.7657142159530363,1.2484271286290336,0.7608981237883131,-1.9447339227485116,9.002343075595014,-2.3122779888167955,8.88210630164015,0.7239307839544543
btc1_bb_width_acc LE Q20(-0.00165171) & btc1_roc4_acc LE Q20(-1.11272),btc1_bb_width_acc LE Q20(-0.00165171),btc1_roc4_acc LE Q20(-1.11272),bb_,roc,220,152,0.8729261616199272,1.0159309250231363,1.9694564818457603,0.07424412918780876,11.46285186894324,-4.852146088491672,10.225349946162133,-4.636985545625066,0.7088661972404845
btc1_atr_pct GE Q60(0.732295) & btc1_bb_width_acc LE Q20(-0.00165171),btc1_atr_pct GE Q60(0.732295),btc1_bb_width_acc LE Q20(-0.00165171),atr,bb_,255,203,0.461615199602138,1.384843727967103,2.4130075359110115,0.08173021626017785,3.5662386782124003,3.8009521744069588,2.266348163630937,3.685544918466192,0.6956595394813067
btc1_atr_pct GE Q70(0.804549) & btc4_mfi_acc LE Q30(-1.58929),btc1_atr_pct GE Q70(0.804549),btc4_mfi_acc LE Q30(-1.58929),atr,mfi,225,92,0.6299329981432112,0.45585272718808795,1.3307730188898628,0.43286667495831216,2.755781161872534,-3.5935648527937296,1.5081782289904169,-4.69419378361134,0.6870285808903615
btc1_atr_pct GE Q70(0.804549) & btc1_bb_width_acc LE Q20(-0.00165171),btc1_atr_pct GE Q70(0.804549),btc1_bb_width_acc LE Q20(-0.00165171),atr,bb_,211,165,0.5050011148113638,1.1632822726856957,2.758962120728597,0.18110782870774744,4.194433083936772,0.03621116828663418,2.5023857066102195,-0.45835715647037034,0.6780281354383029
btc1_roc4_d3 LE Q30(-0.481176) & btc4_adx_d1 GE Q80(1.15404),btc1_roc4_d3 LE Q30(-0.481176),btc4_adx_d1 GE Q80(1.15404),roc,adx,144,165,-0.5314348705002414,1.0811061568630882,3.292887680695535,1.3671181879865344,-2.8553299492385804,9.733180865256337,-4.54737732656514,8.63255193443873,0.6590758724778328
btc1_bb_width GE Q80(0.0434586) & h4_donch_pos_d3 GE Q80(0.24812),btc1_bb_width GE Q80(0.0434586),h4_donch_pos_d3 GE Q80(0.24812),bb_,donch,142,112,0.3916575478209715,-0.06723058920441771,2.3212308206949106,0.6942124448966625,1.1939658254093075,7.74183887391434,-0.49808155191725234,8.426924228811018,0.652839199416179
btc1_atr_pct GE Q80(0.907279) & btc4_adx_d3 GE Q80(2.8644),btc1_atr_pct GE Q80(0.907279),btc4_adx_d3 GE Q80(2.8644),atr,adx,150,151,-0.35047001074974626,2.184478984972913,0.9202494407612832,3.34598450480315,2.311336717428091,20.513835089619164,0.619289340101524,20.0754578144307,0.6515053183364102
h4_chop14 LE Q20(41.1434) & h4_ppo_hist_d3 GE Q80(0.373358),h4_chop14 LE Q20(41.1434),h4_ppo_hist_d3 GE Q80(0.373358),chop,ppo,161,116,0.1812704076684767,2.2569123303461764,0.4077101853373154,3.1605275919263844,1.2595768830595588,7.126075327116311,-0.432470494267001,6.025446396298705,0.6181184896122388
btc1_ppo_hist_acc LE Q20(-0.0499027) & h1_rvol20_d3 GE Q80(0.621147),btc1_ppo_hist_acc LE Q20(-0.0499027),h1_rvol20_d3 GE Q80(0.621147),ppo,rvol,150,81,0.225822923672027,2.9093750000076706,0.6056047077275816,2.803014523747047,-3.688663282571916,6.860004658746789,-5.380710659898469,5.759375727929182,0.6131535197244816
btc1_ppo_hist_acc LE Q20(-0.0499027) & btc4_rvol20 GE Q80(1.45631),btc1_ppo_hist_acc LE Q20(-0.0499027),btc4_rvol20 GE Q80(1.45631),ppo,rvol,185,158,0.7839054756497934,1.490121744093694,3.3104080697994487,-0.2252478306665069,0.7257511318425003,14.884696016771485,-0.4257557049435192,15.049889870764005,0.5719150648396911
btc1_roc4_d3 LE Q30(-0.481176) & m15_rvol20_d1 LE Q20(-0.380289),btc1_roc4_d3 LE Q30(-0.481176),m15_rvol20_d1 LE Q20(-0.380289),roc,rvol,172,140,0.43709372917000405,0.5189062366323117,2.734968477266288,-0.0035015927957664505,2.66792586471491,3.456124588200062,2.720064533899979,2.3554956573824484,0.5607398254633339
btc4_adx_d1 GE Q80(1.15404) & h4_chop14 LE Q20(41.1434),btc4_adx_d1 GE Q80(1.15404),h4_chop14 LE Q20(41.1434),adx,chop,159,195,-0.5769855926515155,0.2624136776478027,1.3972599633812628,1.736311720179236,-5.135204163075059,4.8846960167714855,-6.19832072279155,4.29688759877439,0.5422518313816646
btc1_atr_pct GE Q60(0.732295) & btc4_mfi_acc LE Q30(-1.58929),btc1_atr_pct GE Q60(0.732295),btc4_mfi_acc LE Q30(-1.58929),atr,mfi,279,104,0.8801898132874543,0.32692149519958125,1.4288757717706302,0.4565383906513656,3.3722686170696647,-5.307611675536208,2.3970671178793026,-5.446702144815347,0.5152974926885537
btc1_bb_width_acc LE Q20(-0.00165171) & btc1_vwap_dist_acc LE Q20(-0.820672),btc1_bb_width_acc LE Q20(-0.00165171),btc1_vwap_dist_acc LE Q20(-0.820672),bb_,vwap,221,159,0.6332569941960732,0.6959536780936366,1.6715242072723142,-0.23447152123791626,7.155982267955984,1.9916142557651924,5.4639348906294245,2.1488469601677167,0.501510839834467
btc4_mfi_acc LE Q30(-1.58929) & h4_donch_pos_d3 GE Q80(0.24812),btc4_mfi_acc LE Q30(-1.58929),h4_donch_pos_d3 GE Q80(0.24812),mfi,donch,156,84,0.9835939465132426,0.6223995266571654,2.0313444928532722,-0.28038944529743137,6.439541845633215,1.7894579215333906,8.593648314460495,1.8793051811919739,0.43327992262957515
btc1_bb_width GE Q80(0.0434586) & btc4_adx_d3 GE Q80(2.8644),btc1_bb_width GE Q80(0.0434586),btc4_adx_d3 GE Q80(2.8644),bb_,adx,160,136,0.5275519769687125,1.3062588455245248,-0.02365229786168621,4.3864333585867,-1.6053299492385804,25.178813663830304,-2.672377326565133,24.813478850659763,0.4022922340985662
btc1_bb_width_acc LE Q20(-0.00165171) & btc1_ppo_hist_acc LE Q20(-0.0499027),btc1_bb_width_acc LE Q20(-0.00165171),btc1_ppo_hist_acc LE Q20(-0.0499027),bb_,ppo,230,177,0.6290037860685296,0.6043133082534702,2.300131580257563,-0.31628339552525664,4.427278746413599,1.6078598585793955,2.735231369087032,1.63717443058664,0.3690091970973282
btc1_atr_pct GE Q60(0.732295) & btc4_donch_pos_acc LE Q20(-0.0125877),btc1_atr_pct GE Q60(0.732295),btc4_donch_pos_acc LE Q20(-0.0125877),atr,donch,213,92,1.75108010299843,-0.11304239410233186,3.645078448380069,0.23689824095175438,11.287862539024331,4.015130799380181,10.534782297848004,4.001458390301707,0.3243389386368621
btc4_adx_d3 GE Q80(2.8644) & m15_roc12_acc GE Q80(1.37304),btc4_adx_d3 GE Q80(2.8644),m15_roc12_acc GE Q80(1.37304),adx,roc,140,146,0.08233882883021369,1.2709703379479849,0.15024213478881376,1.9382824829347411,2.5018129079042737,16.25455903047012,0.8097655305777209,15.153930099652506,0.3238306614677101
btc1_atr_pct_d1 GE Q80(0.0207423) & btc1_bb_width_acc LE Q20(-0.00165171),btc1_atr_pct_d1 GE Q80(0.0207423),btc1_bb_width_acc LE Q20(-0.00165171),atr,bb_,158,106,0.5371873567412707,1.571894791095482,1.8773687903450282,-0.6177270637146177,7.113024481141167,11.111111111111107,6.05388849621967,10.953878406708597,0.2539287973852814
btc1_roc4_d3 LE Q20(-0.804736) & btc4_rvol20 GE Q80(1.45631),btc1_roc4_d3 LE Q20(-0.804736),btc4_rvol20 GE Q80(1.45631),roc,rvol,141,171,-0.18247015986148823,1.4014782087571307,0.3305705958634092,1.4625023405703805,-1.3482377506570202,15.76188899922763,-1.6218454116715222,15.246055390047452,0.07521639524877992
btc1_roc4 LE Q20(-0.189272) & h1_rvol20_d3 GE Q80(0.621147),btc1_roc4 LE Q20(-0.189272),h1_rvol20_d3 GE Q80(0.621147),roc,rvol,148,94,0.3210033167713426,1.5625194881181086,0.011335894370041455,2.2102975777252865,-5.895870489779121,12.757036442303402,-7.5879178671056735,11.656407511485789,0.0037047391058969426
btc1_roc4_d3 LE Q30(-0.481176) & btc4_donch_pos_acc LE Q20(-0.0125877),btc1_roc4_d3 LE Q30(-0.481176),btc4_donch_pos_acc LE Q20(-0.0125877),roc,donch,195,149,1.7816085688106102,-0.745330147362299,2.0686329946427904,0.6371051255287355,19.13184953794091,-2.9005388825573775,18.46544318625537,-3.330026873777669,-0.26184172578583814
btc1_bb_width GE Q80(0.0434586) & btc4_adx_d1 GE Q80(1.15404),btc1_bb_width GE Q80(0.0434586),btc4_adx_d1 GE Q80(1.15404),bb_,adx,195,112,0.07784838292582819,1.072349927101701,-0.01787666015298528,3.961734011791563,-7.534817128725763,19.348981731057194,-8.714043993231797,19.141209943096733,-0.34035367095356595
btc1_di_spread_d1 LE Q30(-2.59029) & btc4_donch_pos_acc LE Q20(-0.0125877),btc1_di_spread_d1 LE Q30(-2.59029),btc4_donch_pos_acc LE Q20(-0.0125877),di_spread,donch,147,101,1.1916941860010948,-0.5229357087670824,2.973005914382796,0.1552211338064049,7.943989778652572,-2.442036656495837,6.251942401326012,-2.5525665774124633,-0.49202700620380185
btc1_bb_width GE Q80(0.0434586) & btc4_roc4 GE Q80(1.9053),btc1_bb_width GE Q80(0.0434586),btc4_roc4 GE Q80(1.9053),bb_,roc,283,112,0.44153734345371287,0.03027911566120811,1.3539233499013932,-0.5285776256057837,-1.486071998708546,4.17041030248577,-2.471405595116373,4.855495657382448,-0.5923087818081594
btc4_adx_d3 GE Q80(2.8644) & btc4_roc12 LE Q20(-2.18415),btc4_adx_d3 GE Q80(2.8644),btc4_roc12 LE Q20(-2.18415),adx,roc,175,271,-0.5706487960701315,-0.16618690024427119,-0.5950887967371885,1.8730653931742582,-0.3553299492385804,4.368090850719824,-2.0473773265651403,3.6364656099391226,-1.2173450378157802
btc4_adx_d3 GE Q80(2.8644) & h4_chop14 LE Q20(41.1434),btc4_adx_d3 GE Q80(2.8644),h4_chop14 LE Q20(41.1434),adx,chop,168,223,-0.5312709120922529,0.5766714574778976,-0.6875228467229719,2.0656125794103044,-2.2600918540004855,10.176175837399285,-3.3569011360889505,9.523977399855227,-1.3537345371570182
btc1_tsi_d1 LE Q30(-0.211069) & btc4_donch_pos_acc LE Q20(-0.0125877),btc1_tsi_d1 LE Q30(-0.211069),btc4_donch_pos_acc LE Q20(-0.0125877),tsi,donch,166,82,1.6193276506513676,-0.9346350062168306,1.2578504189809778,-1.3483164204150277,10.849489327869854,-0.9689625198138785,10.362261227651729,-2.069591450631492,-2.3534121312389047
btc1_roc4_d3 LE Q20(-0.804736) & btc4_donch_pos_acc LE Q20(-0.0125877),btc1_roc4_d3 LE Q20(-0.804736),btc4_donch_pos_acc LE Q20(-0.0125877),roc,donch,142,92,2.132649900338573,-1.8747211420805447,2.5331841887232467,-1.2747388184989412,18.799599628226204,-5.767477896271991,18.516002955125003,-6.868106827089605,-3.459846434009438
