time,open,high,low,close,motion_pos,motion_net,structure,h1_motion_pos,h4_motion_pos,ret_3h,mfe_3h,mae_3h,ret_6h,mfe_6h,mae_6h,ret_12h,mfe_12h,mae_12h,ret_24h,mfe_24h,mae_24h
2024-01-01 15:00:00+00:00,42612.24,42650.0,42586.51,42649.99,5,5,True,0.0,6.0,1.0648771547191682,1.1207740025261481,-0.11463074200017687,2.5195082109046307,2.766706393131635,-0.11463074200017687,6.097211277189052,6.6106463330940946,-0.11463074200017687,5.746003691911783,7.572428504672568,-0.11463074200017687
2024-01-01 19:30:00+00:00,43262.01,43409.3,43234.16,43395.09,6,6,True,4.0,6.0,0.11976009267409271,1.002187113795605,-0.07717462966432276,3.252787354514086,4.557428040822131,-0.07717462966432276,4.911454268213289,5.1818304789781555,-0.07717462966432276,3.6033339255662433,5.725394278477136,-0.07717462966432276
2024-01-04 05:30:00+00:00,43088.04,43273.08,43072.7,43234.84,5,5,True,4.0,4.0,-1.026325065618372,0.061987045632649895,-1.2374510926835725,-0.1869788346620327,0.061987045632649895,-1.4306980203928066,1.3772457582819975,2.5330266053950945,-1.4306980203928066,0.9417173742287455,3.4572580816767395,-1.8152952572508596
2024-01-04 12:45:00+00:00,43267.1,43383.89,43267.1,43378.12,5,5,True,6.0,6.0,1.551427309436182,2.194355126501546,-0.4860745463381222,1.5464939467178196,2.194355126501546,-0.4860745463381222,1.9202768584714924,3.1155338221204643,-0.4860745463381222,1.1627982033338258,3.1155338221204643,-2.1396040215666434
2024-01-04 17:00:00+00:00,43915.7,44155.0,43841.56,44155.0,5,5,True,1.0,6.0,-0.38503000792662334,0.6397916430755268,-0.7412750537877932,0.17234741252405428,1.3012795832861634,-0.7412750537877932,-1.3483863662099416,1.3012795832861634,-3.861397350243456,-1.8914958668327486,1.3012795832861634,-3.861397350243456
2024-01-11 00:45:00+00:00,46600.01,46721.37,46541.1,46670.01,5,4,True,2.0,6.0,-0.3596528048740444,0.17139486363941803,-1.0070921347563488,-1.634261488266231,0.17139486363941803,-2.25393137905906,1.6704946067078064,1.7031494100815614,-2.25393137905906,-0.8068993342834063,4.9270827240019965,-2.279729530805763
2024-01-11 12:15:00+00:00,47016.52,47152.0,46941.1,47146.99,5,4,True,6.0,5.0,1.3768641433949513,3.8655489989923186,-0.8147497857233232,-1.4737314089404263,3.8655489989923186,-3.2683528683379426,-1.8600975375098083,3.8655489989923186,-3.2683528683379426,-2.402592403035697,3.8655489989923186,-3.414046156499062
2024-01-14 17:00:00+00:00,42929.94,42973.99,42877.77,42938.34,5,5,True,4.0,5.0,-0.6342583341600871,0.1688467695770246,-1.7575434914344545,-2.101525117179648,0.1688467695770246,-2.3856068958417964,-0.34291032210373995,0.1688467695770246,-2.8419589578916993,-0.5848852098148116,0.1688467695770246,-2.8419589578916993
2024-01-15 05:00:00+00:00,42591.76,42824.68,42569.73,42791.1,5,5,True,5.0,5.0,-0.26935507617238397,0.013928129914853038,-0.6495743273718158,-0.40450000116846185,0.013928129914853038,-0.6495743273718158,-0.2428074996903562,0.3901044843437118,-1.4670807714688316,0.11731411438360428,1.4239643290310466,-1.4670807714688316
2024-01-17 20:15:00+00:00,42665.81,42731.46,42626.17,42699.76,5,5,True,3.0,4.0,0.024004818762457525,0.41386649479997484,-0.5849213204008663,-0.022833851993542265,0.41386649479997484,-0.5849213204008663,0.38463916424822386,0.5392067777430176,-0.5849213204008663,-4.294614302281796,0.5392067777430176,-4.374193203896237
2024-01-19 09:00:00+00:00,41290.0,41411.1,41289.99,41394.19,6,6,True,4.0,5.0,-0.06558891477282947,0.2790246650556494,-0.35292392483100565,-1.118731880005397,0.2790246650556494,-1.3361536969318744,0.6123806263632625,1.9390885532486468,-2.691657935570191,0.37560826773030964,1.9390885532486468,-2.691657935570191
2024-01-19 20:00:00+00:00,41814.27,42196.86,41773.5,42162.85,6,6,True,6.0,6.0,-1.1688963151210041,2.3717561781211316e-05,-1.5303756743199282,-1.3749070568047417,2.3717561781211316e-05,-1.6757643280755352,-1.23746378624785,2.3717561781211316e-05,-1.6757643280755352,-1.115318343043703,2.3717561781211316e-05,-1.6757643280755352
2024-01-20 20:00:00+00:00,41632.97,41692.6,41617.58,41692.6,5,5,True,6.0,4.0,0.15182550380643534,0.4316353501580661,-0.05444611273942579,-0.04684284501326186,0.4316353501580661,-0.19682149829944873,0.009498088389792159,0.4316353501580661,-0.3077524548720789,0.09886646551187095,0.4528141684615461,-0.40198980154750874
2024-01-21 15:00:00+00:00,41787.49,41860.0,41787.49,41825.04,5,5,True,1.0,4.0,-0.40655071698676437,0.02142257365445044,-0.7173693079552401,-0.3317868912976585,0.02142257365445044,-0.7173693079552401,-1.3648522511873207,0.02142257365445044,-1.487625594619879,-2.8841096147188328,0.02142257365445044,-3.491712141817449
2024-01-21 23:45:00+00:00,41541.1,41587.53,41541.1,41580.33,5,5,True,0.0,6.0,-0.6309473734335436,0.2629127763055239,-0.7749577745054026,-1.0626899786509658,0.2629127763055239,-2.155658697273455,-1.8382249491526448,0.2629127763055239,-2.9237382194898465,-4.839571980308966,0.2629127763055239,-5.167707904194119
2024-01-24 09:00:00+00:00,39954.53,40102.0,39936.0,40100.01,5,5,True,0.0,6.0,0.34970066092252505,1.1346381210378675,-0.47289265015146853,-0.2077306215135688,1.1346381210378675,-0.8329424356752102,-1.0177304195186032,1.1346381210378675,-1.535710340221863,0.0071820430967317606,1.1346381210378675,-1.535710340221863
2024-01-26 04:30:00+00:00,40159.51,40220.0,40153.85,40180.07,6,6,True,2.0,5.0,-0.5725973100594417,0.01682426138132076,-0.7049017087327192,1.1496246771098173,1.2845174236879142,-0.7049017087327192,4.073611618894635,4.262287248379626,-0.7049017087327192,4.202780134529394,5.14371926181314,-0.7049017087327192
2024-01-26 12:15:00+00:00,41330.44,41499.0,41292.0,41467.66,5,5,True,5.0,6.0,-0.3970081745630294,0.29020205142995525,-1.333955183388702,1.3537778596621974,1.6622351007990144,-1.333955183388702,0.7629077695727071,1.8789582050204867,-1.333955183388702,0.7576506607799738,1.8789582050204867,-1.333955183388702
2024-01-26 20:00:00+00:00,42064.48,42246.82,42020.47,42209.59,5,5,True,0.0,6.0,-0.7779037891626039,0.0,-0.9214730586106112,-0.8762463696046163,0.0,-1.1883318459146253,-1.4691211167888518,0.0,-1.5084960550434068,-0.6206883317274481,0.0,-1.9314331174503208
2024-01-27 20:45:00+00:00,42028.31,42076.7,42016.04,42059.93,5,4,True,6.0,5.0,0.14431788165125692,0.33302480531944845,-0.08799348929017237,0.10054700518997706,0.4376374378178838,-0.3208041477957724,1.0251324716898047,1.8610349565489015,-0.3208041477957724,-0.2730389708209269,1.8610349565489015,-0.899216903118949
2024-01-28 04:15:00+00:00,42298.91,42438.0,42274.79,42407.02,5,5,True,6.0,5.0,0.10137472522240287,1.0273299090575172,-0.2673142324077338,0.28254755934276066,1.0273299090575172,-0.2673142324077338,-0.29266380896368904,1.0273299090575172,-0.5929914433978056,-0.4032587057520076,1.0273299090575172,-1.8539619147961761
2024-01-29 12:00:00+00:00,42246.95,42371.1,42231.1,42320.5,5,5,True,0.0,4.0,-0.6911780342859886,2.362921043275179e-05,-1.2183693481882418,1.8147942486501867,2.3470894720053037,-1.2183693481882418,2.0498340047967245,2.3924575560307693,-1.2183693481882418,3.128365685660617,3.4660507319147937,-1.2183693481882418
2024-01-29 21:00:00+00:00,43147.61,43173.83,43061.66,43173.82,6,6,True,6.0,5.0,0.032843978133034746,0.36869565861903375,-0.2216852713056161,0.8522062675945685,1.4210695277832697,-0.2216852713056161,0.5887364147995289,1.4210695277832697,-0.2216852713056161,0.8800935381673369,1.6411334461486238,-0.2216852713056161
2024-01-30 02:00:00+00:00,43439.51,43574.82,43439.51,43574.4,5,5,True,4.0,6.0,-0.32663674083865946,0.4887043768818211,-0.39032092237644145,-0.49662186972166955,0.4887043768818211,-0.823052067268859,-0.8946537416464784,0.7067452449144529,-1.0562853418521034,-1.9009326577072772,0.7067452449144529,-2.0434245795696637
2024-02-01 17:00:00+00:00,42658.15,42932.99,42628.0,42932.98,6,6,True,4.0,5.0,0.32732412238796194,0.820231905635227,-0.37537576008002116,0.0008618083347400329,0.820231905635227,-0.37537576008002116,0.1034868765224406,1.1637906336806614,-0.37537576008002116,0.8085625549402842,1.2927590863713645,-0.8995182724329975
2024-02-04 15:45:00+00:00,42919.22,42954.59,42897.49,42943.21,6,6,True,0.0,4.0,-0.3474356015770508,0.061895698994085535,-0.43361919148567907,-0.38012994370937303,0.0990144891357847,-0.9356776077056095,-0.5237149248973227,0.0990144891357847,-1.6794506046473923,-0.6966875554948015,1.459019947507434,-1.6794506046473923
2024-02-05 10:30:00+00:00,43174.82,43213.19,43160.47,43183.38,5,5,True,4.0,6.0,0.6210259595242462,0.894742375423152,-0.23939765715420558,-1.3946800829393036,0.894742375423152,-1.580191268029496,-1.7273543664252267,0.894742375423152,-1.9749727788792804,-0.7730057258139578,0.894742375423152,-1.9749727788792804
2024-02-06 08:30:00+00:00,42927.83,43068.21,42927.83,43053.82,5,4,True,4.0,6.0,-0.6223373442821201,0.15348231585490257,-0.8900720075477597,-0.070748658307207,0.15348231585490257,-0.919360930110269,0.18172603499526652,0.8040169257919505,-0.919360930110269,-0.2066483299275168,0.8040169257919505,-0.919360930110269
2024-02-06 16:15:00+00:00,43189.99,43378.46,43178.26,43355.99,5,5,True,6.0,6.0,-0.3262755619235058,0.10146233542356331,-0.8210860829149458,-0.424162843473308,0.10146233542356331,-0.8210860829149458,-1.0730697188554572,0.10146233542356331,-1.3100611933898776,-0.7008489484382707,0.10146233542356331,-1.3100611933898776
2024-02-06 21:00:00+00:00,43095.67,43189.08,43060.28,43179.99,5,5,True,0.0,6.0,-0.2193145482432879,0.2155396515839847,-0.3410839141000266,-0.43735535835001116,0.2155396515839847,-0.4657481393580687,-0.550023286249024,0.2155396515839847,-0.9078047493758068,2.255697604376472,2.5151001656091188,-0.9078047493758068
2024-02-07 18:15:00+00:00,43498.3,43648.0,43498.29,43605.4,6,6,True,5.0,5.0,1.6762832126296257,1.7030000871451678,-0.39972113545571064,2.0459621973425435,2.4873066179876835,-0.39972113545571064,2.1776890018208706,2.693703073472542,-0.39972113545571064,3.6568177335834617,4.340288129451864,-0.39972113545571064
2024-02-08 00:45:00+00:00,44573.99,44698.46,44500.0,44676.01,6,6,True,5.0,6.0,-0.3022203639044818,0.2327647433152613,-0.44563066397380613,-0.47457237116744766,0.2327647433152613,-0.5058867163831415,0.02952367501036779,0.4677902077647511,-0.5573461014087844,1.3723024952317697,2.100209933698194,-0.5573461014087844
2024-02-09 10:45:00+00:00,46599.29,46806.24,46592.68,46779.52,5,5,True,0.0,5.0,1.467394278521894,1.9655609976331645,-0.21755246740453593,1.061062618855435,2.009255332247961,-0.2725979231937292,1.0540723803921015,3.036542486968674,-0.2725979231937292,0.22381589208269048,3.036542486968674,-0.2725979231937292
2024-02-10 20:30:00+00:00,47596.17,47903.84,47588.0,47903.65,6,6,True,4.0,4.0,-0.16468473696680253,0.5560119114096596,-0.6207668935456989,-0.36990918228569925,0.5560119114096596,-0.723306052879058,0.5115685339217357,1.4383246370579306,-0.723306052879058,0.5024460557807142,1.4383246370579306,-0.723306052879058
2024-02-13 00:15:00+00:00,49966.9,50148.93,49949.36,50146.04,6,6,True,0.0,5.0,-0.5304307179589851,0.4438436215501662,-0.6102974432278252,-0.28409022925838245,0.4438436215501662,-0.8409637131865266,-0.4866386259014699,0.4438436215501662,-0.9891907715943282,-1.2109430774593477,0.4438436215501662,-3.679433111767161
2024-02-13 11:30:00+00:00,49817.67,50005.22,49811.1,49979.36,5,5,True,0.0,5.0,-2.1252973227348204,0.10560359316325041,-3.1600244580963,-2.37019841790691,0.10560359316325041,-3.358206267547248,-0.7428066305770975,0.10560359316325041,-3.358206267547248,2.6383491105128165,3.41468958386022,-3.358206267547248
2024-02-18 08:30:00+00:00,51682.75,51756.09,51682.75,51719.91,6,6,True,4.0,5.0,0.05249429088332036,0.6749625047684615,-0.11370862787658531,0.2398689402205001,0.6749625047684615,-0.3575025555922262,-0.010904891365837166,0.6749625047684615,-0.3575025555922262,0.9654502492366879,1.4865841800575375,-0.3575025555922262
2024-02-19 02:00:00+00:00,52092.06,52174.58,52092.06,52157.06,5,5,True,0.0,5.0,-0.23036191073652068,0.12278299428687411,-0.34499643959992055,0.2965849685546029,0.6359829330871092,-0.34499643959992055,0.07463994327900902,0.6359829330871092,-0.34499643959992055,-0.9777008136578114,0.6359829330871092,-1.6221389779255135
2024-02-20 20:30:00+00:00,52064.23,52194.06,52057.61,52159.42,5,5,True,4.0,5.0,0.11685329323065652,0.6861272613844394,-0.49525090578077524,-0.12808808073402345,0.6861272613844394,-0.49525090578077524,-0.974608229922802,0.6861272613844394,-1.3554023415137673,-2.182386230521738,0.6861272613844394,-2.9417888465784303
2024-02-22 08:45:00+00:00,51807.99,51929.44,51790.0,51888.52,5,5,True,6.0,6.0,-0.5135625375323749,0.28060156658931135,-0.7147823834636191,-0.9915873491862848,0.28060156658931135,-1.8264926423031458,0.20632694861986156,0.34161698965398113,-1.8264926423031458,-1.7922654182466524,0.34161698965398113,-2.0399888067726635
2024-02-24 05:15:00+00:00,50960.89,51060.0,50958.11,51032.71,5,5,True,6.0,6.0,0.08375020648521136,0.16730446021775425,-0.18405842056986588,0.17028294205814198,0.27306016082626616,-0.18405842056986588,0.5623060190219187,0.6600668473220273,-0.18405842056986588,1.1376428960954588,1.696970433277012,-0.18405842056986588
2024-02-24 11:45:00+00:00,51098.65,51134.01,51098.65,51119.79,5,5,True,1.0,6.0,0.038165258503619626,0.11858421171135891,-0.17106877786470243,0.8102537197433701,1.1310883710594188,-0.17106877786470243,0.8772140887120194,1.1310883710594188,-0.17106877786470243,1.027410323868705,1.5237347414768232,-0.17106877786470243
2024-02-24 21:45:00+00:00,51502.77,51638.9,51495.59,51562.32,5,5,True,0.0,6.0,-0.14634717755135362,0.20107706557812577,-0.23274747916696148,0.121542242474737,0.6524143987314712,-0.2393996236011109,0.14970234077908984,0.6524143987314712,-0.2393996236011109,0.39664623314077385,0.7684487431907749,-0.547919488494697
2024-02-26 17:00:00+00:00,53391.01,53436.24,53273.94,53398.33,5,4,True,3.0,6.0,2.1522208653341757,2.8309312294972466,-0.3447111548245063,2.1652924351754033,2.8309312294972466,-0.3447111548245063,4.604376204274541,6.8831927889879685,-0.3447111548245063,7.01081850312546,7.5257035191924615,-0.3447111548245063
2024-02-27 15:15:00+00:00,56978.27,57299.0,56893.22,57234.82,6,6,True,0.0,6.0,-0.43365210198965665,0.04249161611760144,-1.7923005610920084,-0.7754545222645959,0.6173339935374944,-1.7923005610920084,-0.5477784327792001,0.6173339935374944,-1.7923005610920084,6.784331635881791,7.207465665131818,-1.7923005610920084
2024-02-28 16:15:00+00:00,61047.37,61556.0,60972.0,61408.89,5,5,True,2.0,6.0,-0.03302453439558706,4.2194379348006406,-4.411234269175035,-0.09593073576154021,4.2194379348006406,-4.411234269175035,0.5162119035208024,4.2194379348006406,-4.411234269175035,1.32596436769985,4.2194379348006406,-4.411234269175035
2024-03-01 20:00:00+00:00,62215.51,62371.99,62215.5,62300.0,5,4,True,3.0,5.0,0.5795826645264901,1.306950240770477,-0.06608346709470192,-0.4483306581059332,1.306950240770477,-0.5633547351524881,-0.6123434991974319,1.306950240770477,-0.8791332263242357,-0.7686837881219932,1.306950240770477,-1.186003210272868
2024-03-03 18:30:00+00:00,62691.99,62863.68,62595.28,62814.61,5,5,True,2.0,5.0,-0.05826669941912943,0.07224433933443741,-0.3734959112219327,2.123327678067266,2.3141590785965116,-0.3734959112219327,1.1388751756955973,2.3141590785965116,-0.8192520816415194,5.756718062883781,7.4988605357893645,-0.8192520816415194
2024-03-04 08:00:00+00:00,64066.62,64881.1,64000.11,64793.99,5,4,True,4.0,5.0,0.3728740890937443,1.1745070800547985,-0.3209865606362494,0.6650462488882125,1.3151219735040298,-0.40176565758645033,3.9261820425011695,4.214897091535819,-0.40176565758645033,2.5004788252737553,6.0079800611136935,-0.40176565758645033
2024-03-04 16:00:00+00:00,66451.65,66800.0,66280.0,66758.65,5,5,True,6.0,4.0,-0.475249274813061,1.1479261488960724,-1.0775232872444196,1.2192876878127645,1.5598727655517397,-1.0775232872444196,1.5501661582431714,2.888239950927729,-1.0775232872444196,-2.0570517828026658,3.357392637508405,-3.3245729205129138
2024-03-04 21:45:00+00:00,67068.84,67412.66,67038.28,67404.86,5,5,True,2.0,4.0,0.9333896695282728,1.6232360693279269,-0.23674850745183385,1.0519716234111298,1.901850994127141,-0.23674850745183385,-1.4790773246914246,1.901850994127141,-3.4357463245231923,-6.142910169978844,2.366505916635675,-12.461801715781329
2024-03-06 13:45:00+00:00,65902.97,66639.06,65902.53,66327.48,6,6,True,0.0,6.0,1.1435983999392274,1.3452795131067896,-1.577762339229527,0.6211603395756882,1.7150056055197593,-1.577762339229527,0.12441298840240034,1.7150056055197593,-1.577762339229527,0.8717502911312236,1.7150056055197593,-1.577762339229527
2024-03-07 15:30:00+00:00,66921.09,67309.99,66905.5,67207.99,5,5,True,4.0,6.0,0.5692924308553282,1.1486878271467438,-0.2916171127867462,0.16143913841195623,1.1486878271467438,-0.2916171127867462,-0.14420904419251146,1.1486878271467438,-0.671036286013027,1.5117250195995968,4.139403663165631,-0.671036286013027
2024-03-08 14:15:00+00:00,67752.77,68000.0,67663.12,67910.62,6,6,True,5.0,6.0,0.5050756420718949,3.061936409945898,-2.691714491783448,1.6165218341402499,3.061936409945898,-2.691714491783448,0.24108158635571808,3.061936409945898,-2.691714491783448,0.5733123920824257,3.061936409945898,-2.691714491783448
2024-03-10 04:00:00+00:00,69136.78,69529.9,69024.62,69479.08,6,6,True,6.0,6.0,-0.24470675201802017,0.2596321079668895,-0.5863491571851509,0.5585710115908249,0.5661848141915504,-0.5863491571851509,-0.08696142781394745,0.5879899388420151,-1.2060896603697024,-1.2709581071021714,0.5879899388420151,-3.532171122588257
2024-03-10 09:45:00+00:00,69735.33,69844.0,69537.26,69776.31,5,5,True,5.0,6.0,0.0023360363997637634,0.15950972471889813,-0.5974807208922295,-0.8333487397083617,0.15950972471889813,-1.6269275345744072,-0.9692544647316503,0.15950972471889813,-1.6269275345744072,2.8572591471231368,2.946100187871803,-3.9431004591672925
2024-03-11 08:00:00+00:00,71019.99,71455.0,71019.99,71300.0,5,5,True,6.0,6.0,0.534488078541373,0.7461290322580805,-0.3056381486675974,1.333927068723706,1.5147265077138927,-0.3056381486675974,1.0702103786816242,2.103786816269282,-0.3056381486675974,0.462819074333809,2.103786816269282,-0.3056381486675974
2024-03-11 16:30:00+00:00,72454.64,72600.0,72343.75,72566.0,6,6,True,0.0,6.0,-0.47553950886090046,0.322465066284483,-0.8328831684259796,0.02545269134306416,0.322465066284483,-1.110713006091002,-0.970206432764642,0.322465066284483,-1.7432406361105768,-2.8636000330733435,0.5980762340489942,-3.37852437780779
2024-03-13 05:45:00+00:00,72145.03,72186.54,72109.98,72152.39,5,4,True,5.0,4.0,1.775561419379179,2.0759672687211017,-0.05875065261178314,1.265405068356018,2.0759672687211017,-0.05875065261178314,0.9261231679227766,2.0759672687211017,-0.7177447621624089,1.3742995900759336,2.086708423657213,-0.7177447621624089
2024-03-13 11:00:00+00:00,73256.01,73481.31,73238.68,73459.66,5,5,True,0.0,5.0,-1.0700566814493828,0.0,-2.484547301199047,-0.6877107789499792,0.0,-2.484547301199047,-0.477813265130822,0.0,-2.484547301199047,-1.0204920632630343,0.4319921981669861,-2.484547301199047
2024-03-14 05:45:00+00:00,73012.76,73172.0,73012.75,73143.98,6,6,True,0.0,5.0,0.2421662042453976,0.8654437453362585,-0.0601279831915047,-0.35543594975280257,0.8654437453362585,-0.7067977433002581,-2.8819459920009893,0.8654437453362585,-4.462404151373766,-7.796786557143854,0.8654437453362585,-8.811360825593573
2024-03-15 20:45:00+00:00,67668.0,68000.0,67413.8,67871.99,5,4,True,1.0,6.0,2.3984268031628453,2.7669882671776502,-0.05824199349392378,1.7697285728619283,3.1986832859917547,-0.05824199349392378,1.6943219139441856,3.1986832859917547,-0.05824199349392378,-1.0944131739764829,3.1986832859917547,-1.770966196806678
2024-03-17 16:15:00+00:00,67864.51,68149.99,67769.86,68149.61,5,5,True,4.0,6.0,0.05740311646684759,0.7984491767450974,-0.4367009583767234,0.47146271269931095,0.7984491767450974,-0.4367009583767234,-0.21951703025153702,1.1075485244889771,-1.9803634973112882,-0.5130036694267259,1.1832642916078218,-2.231751583024477
2024-03-17 22:00:00+00:00,68143.36,68517.24,68143.35,68500.01,5,5,True,0.0,6.0,-1.524087368746374,0.5903502787809822,-2.4817660610560455,-1.133269907551826,0.5903502787809822,-2.4817660610560455,-1.0925545850285157,0.6656787349374138,-2.4817660610560455,-1.3648319175427748,0.6656787349374138,-2.824539733643827
2024-03-20 12:15:00+00:00,63787.66,64353.57,63683.87,64014.91,5,5,True,4.0,6.0,-0.12579881780667712,0.5937522992690347,-1.4813892575963994,0.6076396889412194,1.2264174080694579,-3.1131965974801834,5.731617837156988,6.3814664427396695,-3.1131965974801834,5.147066519346821,6.600899696648788,-3.1131965974801834
2024-03-20 17:00:00+00:00,63103.63,63680.0,62841.11,63655.95,6,6,True,0.0,6.0,4.076728098473126,4.467846289309962,-0.023328534096178632,6.53150255396393,6.981358380481328,-0.023328534096178632,4.524384601910758,7.202029032635604,-0.023328534096178632,4.712913718199174,7.202029032635604,-0.023328534096178632
2024-03-20 23:15:00+00:00,67813.64,67958.52,67645.45,67843.0,5,4,True,3.0,6.0,-0.14294768804444802,0.5858673702519024,-0.608758457025782,-1.9323880135017735,0.5858673702519024,-2.6101440089618677,-1.4252907448078722,0.5858673702519024,-2.6101440089618677,-3.602582432970236,0.5858673702519024,-4.884792830505724
2024-03-23 12:15:00+00:00,64601.01,64777.0,64537.75,64702.46,6,6,True,4.0,6.0,0.1800086117282218,1.1007773120218278,-0.6557865033261501,1.2183308022600592,2.003849621791809,-0.6557865033261501,-0.5169200676450325,2.003849621791809,-1.2994869128623465,1.219706329558412,2.003849621791809,-1.4376114911241356
2024-03-24 12:15:00+00:00,65213.99,65544.53,65213.99,65491.64,5,5,True,4.0,6.0,0.3181322074084614,0.66199288947415,-0.34941864335661377,0.3028630829828183,0.66199288947415,-1.3614409411643935,2.138135493324045,3.2630882353839485,-1.3614409411643935,2.4373034481958156,3.4330488593658615,-1.3614409411643935
2024-03-25 04:45:00+00:00,67296.22,67533.33,67291.06,67505.99,6,6,True,5.0,4.0,-1.014428497382236,0.34665071943984493,-1.1791398067045655,-0.757947553987437,0.34665071943984493,-1.1791398067045655,3.9232518477249068,4.098910333734818,-1.1791398067045655,4.584541312556101,5.398054305995648,-1.1791398067045655
2024-03-25 19:45:00+00:00,70749.23,71000.0,70729.73,70960.89,5,5,True,4.0,6.0,-0.9172517424739124,0.26649891228816003,-1.9712266855728577,-0.9536238905684447,0.26649891228816003,-1.9712266855728577,-0.668692289513273,0.8458321196366247,-1.9712266855728577,-2.0901936263764465,0.8458321196366247,-2.3687555215274214
2024-03-28 08:15:00+00:00,70341.34,70598.46,70292.44,70496.01,5,4,True,3.0,6.0,0.3716380544090514,0.6619098017036862,-0.22494890136335322,0.7744977339852355,1.232608767503307,-0.22494890136335322,0.17745685181331794,1.4980280444240712,-0.22494890136335322,-0.9083918366443622,1.4980280444240712,-1.1121338640300293
2024-03-28 12:45:00+00:00,70547.98,70850.7,70374.0,70839.16,6,6,True,0.0,6.0,0.6369781911586658,1.0063642764820857,-0.6228193558478035,-0.4081923049341629,1.0063642764820857,-0.6228193558478035,-0.1459079977797595,1.0063642764820857,-0.6228193558478035,-0.9728376225805135,1.0063642764820857,-1.797254512899371
2024-03-30 10:30:00+00:00,70029.99,70110.95,70029.99,70040.0,5,5,True,4.0,4.0,0.15139920045688093,0.32717018846373236,-0.08566533409479771,-0.10563963449458091,0.32717018846373236,-0.1998857795545428,-0.4629640205596752,0.3427470017133061,-0.5968446601941735,0.3383923472301431,0.6139348943460909,-0.7138777841233623
2024-03-31 08:15:00+00:00,70307.0,70470.0,70306.99,70379.95,6,6,True,4.0,6.0,-0.04126175139367305,0.12090090998928549,-0.32989509086038815,0.40805655587989875,0.5387187686265893,-0.32989509086038815,0.7437487523080044,1.2038513809685902,-0.32989509086038815,-1.4236156746346151,1.4010382218231143,-2.119850895034736
2024-03-31 13:00:00+00:00,70500.0,70705.97,70499.99,70682.92,6,6,True,6.0,6.0,-0.16825847036312513,0.10777709805991353,-0.556287148295509,0.2929562049785339,0.7700587355474298,-0.556287148295509,0.5298592644446654,0.9664003694244583,-0.556287148295509,-1.2412192365567232,0.9664003694244583,-2.539397070749194
2024-04-01 20:45:00+00:00,69547.88,69730.07,69528.01,69730.06,5,5,True,6.0,4.0,-0.1151010052192647,0.2437112487785109,-0.2552127446900143,-3.920920188509802,0.2437112487785109,-5.349285516174795,-5.005072417835288,0.2437112487785109,-5.349285516174795,-5.85060445954012,0.2437112487785109,-7.4287330313497435
2024-04-04 00:00:00+00:00,65963.27,66220.0,65824.0,66220.0,5,5,True,2.0,4.0,-0.827544548474779,0.20360918151616225,-1.1559196617336065,-0.7792358803986654,0.20360918151616225,-1.744910903050445,0.5339172455451457,0.5450921171851419,-1.744910903050445,3.2030806402899348,4.666128057988539,-1.744910903050445
2024-04-04 08:00:00+00:00,66091.59,66350.0,66028.0,66350.0,5,5,True,6.0,6.0,-0.3127807083647349,0.1793368500376813,-0.36345139412207184,1.8665410700828833,2.1209193669932125,-0.36345139412207184,2.1450791258477597,4.461055011303694,-0.36345139412207184,1.4468726450640457,4.461055011303694,-0.36345139412207184
2024-04-04 12:30:00+00:00,66572.01,66725.42,66493.51,66721.74,5,5,True,4.0,6.0,1.4210660573300338,1.8074318805235023,-0.17144337063151882,3.300678309648375,3.879050516368432,-0.17144337063151882,2.371430960883214,3.879050516368432,-0.17144337063151882,-0.4851642058495531,3.879050516368432,-1.1528176573332938
2024-04-04 17:30:00+00:00,67861.01,68247.48,67824.93,68067.48,5,5,True,4.0,6.0,-0.3191098010386084,1.825291607681101,-1.0981455461550715,0.6148751209828829,1.825291607681101,-1.0981455461550715,-1.8012713266305713,1.825291607681101,-2.479128065266989,-0.7467883341648496,1.825291607681101,-3.107093137574657
2024-04-07 01:00:00+00:00,68999.99,69317.43,68998.57,69212.02,5,5,True,4.0,5.0,0.08773042601559755,0.8163032952946514,-1.4448357399388101e-05,0.1593942786238367,0.8163032952946514,-0.2283562884019319,0.3569466690901413,0.8163032952946514,-0.2283562884019319,0.4536784217539003,1.609937117858995,-0.5233917461157755
2024-04-07 05:30:00+00:00,69388.0,69439.86,69332.01,69398.68,5,5,True,0.0,5.0,0.1949892995082969,0.21804449306530582,-0.4148061605782627,-0.019769828475102447,0.2252492410518503,-0.4148061605782627,0.4761473849358655,1.3366392559627904,-0.4148061605782627,0.431333852459459,1.3366392559627904,-0.7909516434606356
2024-04-08 08:00:00+00:00,70698.64,71333.0,70642.0,71333.0,5,4,True,5.0,6.0,1.3518567843775031,1.8462703096743471,-0.396730825844982,0.7544614694461105,2.053733895952803,-0.396730825844982,0.41355333436137176,2.053733895952803,-0.396730825844982,-2.031836597367276,2.053733895952803,-2.4622404777592366
2024-04-10 05:00:00+00:00,69134.34,69294.99,69121.35,69272.0,6,6,True,4.0,4.0,-0.34930419216999686,0.35079108442084284,-0.6813719829079523,-0.3542123801824615,0.35079108442084284,-0.9267958193786785,-0.01553297147476318,0.381106363321404,-2.5320475805520215,2.0325672710474585,2.7429264349231985,-2.5320475805520215
2024-04-10 21:45:00+00:00,69593.88,70036.81,69593.88,70017.0,5,5,True,1.0,5.0,0.7184112429838407,1.6497136409729052,0.0,1.1920962052073047,1.6497136409729052,0.0,0.8383678249567872,1.8408243712241257,0.0,0.14055158033050574,1.8408243712241257,-0.642401131153858
2024-04-11 02:00:00+00:00,70553.28,70900.0,70500.0,70760.02,6,6,True,2.0,6.0,-0.11308645757873714,0.42676641414176597,-0.5397256812533446,0.10390047939499159,0.7714384478692882,-0.5397256812533446,-1.1211981002831828,0.7714384478692882,-1.5407994514416545,-0.3183718715738082,0.7714384478692882,-1.6857117903584462
2024-04-11 20:00:00+00:00,70459.67,70572.0,70383.8,70550.4,5,4,True,6.0,4.0,-0.7016685943665779,0.27737617362906253,-0.7801514945343979,-0.022196897537063442,0.27737617362906253,-1.056733909375429,0.42741075883341306,0.9596827232730254,-1.056733909375429,-4.619888760375545,0.9596827232730254,-7.744165872907871
2024-04-14 10:30:00+00:00,64292.29,64659.8,64292.29,64516.39,6,6,True,1.0,4.0,-0.08073917341003822,0.5147529178244348,-1.0244528560881982,-0.1185280205541539,0.5147529178244348,-1.672195235970264,0.9515876508279453,1.4681075615049055,-3.0112193196178416,3.0850610209281593,3.6435392618836993,-3.0112193196178416
2024-04-14 18:00:00+00:00,63868.57,64363.64,63757.0,64257.74,6,6,True,1.0,5.0,-0.8748051207527641,0.6811008292541887,-1.1070261730337871,2.2643653511623674,2.5050834343069095,-1.449350693006013,2.126701001311271,2.5050834343069095,-1.449350693006013,-0.8023780481541953,4.060724824744866,-1.4733633644756217
2024-04-17 00:45:00+00:00,63806.15,64239.67,63801.68,64022.59,5,5,True,4.0,6.0,-0.28204107331489814,0.42549044017119453,-0.6366346628588371,-0.22128126962686068,0.7441279710802107,-0.6366346628588371,-2.662872589190779,0.7441279710802107,-3.0632156555990497,-3.917211096895634,0.7441279710802107,-6.785776707877633
2024-04-17 05:00:00+00:00,64101.11,64285.0,64021.0,64274.99,6,6,True,5.0,6.0,-1.25924562570916,0.3485181405707083,-1.7007859511141143,-1.9440532001638644,0.3485181405707083,-2.3690085366018687,-6.09529460836945,0.3485181405707083,-7.15181752653714,-4.141657587189041,0.3485181405707083,-7.15181752653714
2024-04-21 01:00:00+00:00,64759.97,64932.76,64737.5,64899.85,5,5,True,0.0,5.0,0.1358400674269733,1.2260583036786565,-0.03337449932472314,0.18272769505631725,1.2260583036786565,-0.08608648556197585,0.2728203532057494,1.2260583036786565,-0.21063222796354752,0.0278428994828106,1.2260583036786565,-1.0205724666543903
2024-04-22 05:00:00+00:00,65738.48,65873.28,65701.99,65825.35,5,4,True,6.0,5.0,0.3351748224657891,0.9942218309511475,-0.027421046754783074,0.15933071377514096,0.9942218309511475,-0.035837257226900565,0.8191828831901393,0.9942218309511475,-0.3015251722930601,0.7105317328354399,2.1374743924643003,-0.3015251722930601
2024-04-22 20:00:00+00:00,66524.77,66696.64,66461.24,66672.58,6,6,True,5.0,5.0,0.7837854782280607,0.8395805292070735,-0.495676033535819,0.31713187040309787,0.8395805292070735,-0.495676033535819,-1.0242891455527814,0.8395805292070735,-1.0636756519696866,-0.6488124503356563,0.8395805292070735,-1.3600343649518343
2024-04-23 00:45:00+00:00,66867.17,67032.83,66827.62,67028.14,5,5,True,0.0,5.0,-0.8848969999764367,0.2310522118023739,-0.9079619395674698,-0.9697121238930295,0.2310522118023739,-1.263708048589729,-1.332619404327784,0.2310522118023739,-1.8832836477336246,-0.4266118677916375,0.2310522118023739,-1.8832836477336246
2024-04-24 06:45:00+00:00,66763.99,66792.0,66704.2,66778.26,6,6,True,1.0,4.0,-0.6173416318424607,0.15786574852354462,-0.7581209812894119,-0.636794070405533,0.15786574852354462,-0.861373147488409,-3.9701843084860133,0.15786574852354462,-4.0553767049336,-3.7291477795318384,0.15786574852354462,-4.75034839182692
2024-04-25 16:45:00+00:00,64190.23,64503.46,64182.44,64445.45,5,5,True,5.0,6.0,0.4680857996957277,0.8217026958458717,-0.10939484478733608,0.2444548063517349,1.3228086699681674,-0.10939484478733608,-0.36402880265402615,1.3228086699681674,-0.8606193299914855,-1.2148879401105872,1.3228086699681674,-1.7813049641208112
2024-04-27 22:00:00+00:00,63289.57,63474.99,63286.72,63375.4,6,6,True,1.0,6.0,0.3792480994202707,0.5887931279329184,-0.2234147634571193,0.8994499443001569,1.5693786548092836,-0.2234147634571193,0.3291497962931933,1.5693786548092836,-0.2234147634571193,0.11865802819390758,1.5693786548092836,-0.2234147634571193
2024-04-28 03:00:00+00:00,63950.01,64367.96,63932.78,64306.56,6,6,True,5.0,6.0,-0.6166711452144202,0.09865245474178774,-0.7721762756396799,-0.7980989808815675,0.09865245474178774,-1.03782568994516,-1.1361826849391354,0.09865245474178774,-1.4944198538998088,-2.731540918997999,0.09865245474178774,-2.898708934205152
2024-04-29 19:45:00+00:00,62750.44,62988.0,62740.57,62987.37,6,6,True,1.0,5.0,1.4330333208069979,1.5059209489140413,-0.26571993718741416,0.9821651546968901,2.772984488795127,-0.26571993718741416,0.25619421798368514,2.772984488795127,-0.26571993718741416,-5.86533459009323,2.772984488795127,-6.0262398636425125
2024-05-02 08:15:00+00:00,57801.39,57981.46,57664.51,57905.86,6,6,True,4.0,6.0,0.6797412213547904,0.9989662531564081,-0.5953110790514193,1.3011981861593913,2.0927415636344815,-0.5953110790514193,2.0817064110609795,2.883007004817828,-0.5953110790514193,2.4612880285345806,3.6147291483107136,-0.5953110790514193
2024-05-02 18:00:00+00:00,59190.24,59443.62,59156.92,59287.92,5,5,True,3.0,6.0,-0.7886429478382806,0.484702448660701,-1.0968507581308184,-0.40831251964987825,0.568547521991003,-1.0968507581308184,0.38132557188717,1.199367425944442,-1.0968507581308184,4.4891606924311045,4.878008876007112,-1.0968507581308184
2024-05-03 19:45:00+00:00,61830.88,62103.0,61814.97,62067.32,6,6,True,3.0,5.0,1.1521522115019556,1.829706840894696,-0.15035287491066418,1.2707331329917304,2.4615530362838367,-0.15035287491066418,1.4366819769244144,2.4615530362838367,-0.15035287491066418,2.9868536292528836,3.9838678389851445,-0.15035287491066418
2024-05-04 14:45:00+00:00,63740.09,63956.0,63685.48,63819.09,6,6,True,0.0,4.0,-0.5574977643836521,0.04216606661111566,-0.8124684949283867,0.0762154396122039,0.6607270645820895,-0.8124684949283867,-1.0614065477900114,0.6607270645820895,-1.562103126196246,0.4401661007701563,0.7221976997791701,-1.562103126196246
2024-05-05 16:00:00+00:00,64428.64,64530.97,64244.84,64530.96,5,5,True,4.0,5.0,-0.8924088530528507,0.03675755017436,-1.1156660306928634,-1.1947133592929648,0.03675755017436,-1.4704259784760643,-1.0696881000995528,0.03675755017436,-1.4704259784760643,-1.296974351536062,1.5016667968367425,-2.5125149230694865
2024-05-07 08:15:00+00:00,63827.22,64333.0,63824.0,64252.13,5,5,True,6.0,5.0,-0.3426034280886836,0.265018451528376,-0.7866509639446906,-1.5160898167889458,0.265018451528376,-1.773575444113673,-1.9092285345248428,0.265018451528376,-2.275784475938769,-3.054404577715941,0.265018451528376,-3.473877052791874
2024-05-08 12:00:00+00:00,62243.4,62450.14,62226.0,62420.02,6,6,True,1.0,4.0,-0.2607336556444517,0.6536044044843425,-1.055783064471938,0.3487663092706539,0.6536044044843425,-1.055783064471938,-1.837871887897502,0.6536044044843425,-2.4543728117997987,-1.9312393683949436,0.6536044044843425,-2.8677017405633554
2024-05-09 16:00:00+00:00,62159.06,62509.53,62100.0,62450.89,5,5,True,5.0,6.0,-0.3859032273198948,0.34872201180800033,-1.122305863054951,0.28809837618006817,0.5952677375774762,-1.122305863054951,0.696163017052287,1.5662547002933014,-1.122305863054951,-2.20992847339726,1.6304651542996318,-3.516186879002048
2024-05-09 22:00:00+00:00,62543.34,62660.17,62493.0,62630.81,5,5,True,0.0,6.0,0.16876677788455474,1.2744845548061656,-0.06849663927385174,0.406892390502378,1.2744845548061656,-0.06849663927385174,0.4936707668318663,1.2744845548061656,-0.06849663927385174,-2.8803395645050633,1.3385105509572615,-3.901737818814721
2024-05-10 08:45:00+00:00,62934.0,63040.0,62878.01,63039.99,5,5,True,1.0,4.0,0.4118655475675137,0.444178369952164,-0.3806948573437219,-3.134708619084481,0.6807424937726125,-3.7277766065635487,-4.0023324876796496,0.6807424937726125,-4.525492469145376,-3.5691471397758745,0.6807424937726125,-4.525492469145376
2024-05-10 13:45:00+00:00,62915.99,63107.17,62915.99,63004.0,5,5,True,0.0,4.0,-3.067202082407461,0.13702304615579308,-4.363215033966094,-3.629975874547642,0.13702304615579308,-4.470954225128554,-3.3764681607517,0.13702304615579308,-4.470954225128554,-3.225192051298331,0.13702304615579308,-4.470954225128554
2024-05-11 11:30:00+00:00,60644.82,60790.0,60644.81,60710.0,5,5,True,0.0,5.0,0.14437489705156903,0.47769724921760126,-0.10881238675670701,0.6720309668917679,1.3259759512436187,-0.10881238675670701,0.170499094053711,1.3259759512436187,-0.10881238675670701,0.7642892439466253,1.3259759512436187,-0.16471750947125718
2024-05-12 13:45:00+00:00,61182.01,61245.94,61145.43,61191.29,5,5,True,4.0,6.0,0.2540884495162654,1.1385770752667668,-0.10870828184861292,0.35104669308327896,1.1385770752667668,-0.13338499645946245,0.3670130177023667,1.1385770752667668,-0.45874175883527935,2.595745244135239,3.4387083521200568,-0.7224557612692917
2024-05-12 19:30:00+00:00,61338.73,61442.67,61338.73,61398.01,5,5,True,0.0,6.0,-0.07387861593559641,0.05536010043321049,-0.7938856650239967,-0.25409618324763183,0.6742726677949396,-0.7938856650239967,0.5732759091051864,0.6742726677949396,-1.056711772906005,2.7117654138953284,3.34211157658042,-1.056711772906005
2024-05-13 16:15:00+00:00,62974.2,63450.0,62917.55,63210.99,5,5,True,4.0,6.0,-0.3559191210262602,0.36039619059913264,-1.0198068405509852,-0.7367389752952702,0.36039619059913264,-1.0198068405509852,-0.9443769192667206,0.36039619059913264,-1.2812961796674904,-2.692237536542297,0.36039619059913264,-3.271931036042941
2024-05-15 05:00:00+00:00,61900.0,62082.64,61899.99,62032.55,5,5,True,2.0,4.0,0.12960937443324827,0.3989195994683392,-0.32658660654769633,0.9838705647277068,1.5586816921116409,-0.32658660654769633,4.7582760985966255,5.0255067702359435,-0.32658660654769633,6.128153687056237,7.46938502447505,-0.32658660654769633
2024-05-15 13:15:00+00:00,63731.21,64332.31,63666.66,64310.03,5,4,True,6.0,6.0,0.7948371350472216,1.30612596510995,-0.5992844351028981,2.454935878586917,2.606405252804289,-0.5992844351028981,2.685288748893444,3.6634565401384434,-0.5992844351028981,2.5518414468163053,3.797199286021158,-0.5992844351028981
2024-05-15 19:30:00+00:00,65888.79,66419.15,65834.87,66401.96,5,4,True,5.0,6.0,-0.3951841180591664,1.5059796409921944e-05,-0.9999102436133,-0.645417695501771,0.3976388648768703,-0.9999102436133,-0.3634832465788662,0.3976388648768703,-1.1280389916201394,-1.7818901731214032,0.5271681739514644,-2.7095435134746215
2024-05-17 10:15:00+00:00,66263.88,66425.13,66250.0,66421.19,5,5,True,5.0,5.0,-0.132533006409552,0.21535296190868802,-0.4534546881800883,1.1941369915233535,1.5507250020663443,-0.8930282640223774,0.44368370997267537,1.5507250020663443,-0.8930282640223774,1.3049751141164467,1.5507250020663443,-0.8930282640223774
2024-05-19 04:45:00+00:00,67088.56,67160.0,67072.4,67151.75,5,5,True,2.0,5.0,0.25716381181428716,0.26462452579418816,-0.32962655478078196,0.17607880658361275,0.8164344190583206,-0.32962655478078196,-0.7293034060914305,0.8164344190583206,-0.9387246050921894,-0.02877065750335195,0.8164344190583206,-1.9277234025918855
2024-05-19 09:45:00+00:00,67059.99,67186.67,67059.99,67180.01,5,5,True,0.0,5.0,-0.5165524685095901,0.7740248922261328,-0.5809168530936382,-0.4318695397633743,0.7740248922261328,-0.7487495164111957,-1.3396991158530547,0.7740248922261328,-1.9689785696667683,-0.4257218776835603,0.7740248922261328,-1.9689785696667683
2024-05-20 10:00:00+00:00,66894.01,67140.0,66860.26,67045.17,6,6,True,6.0,5.0,-0.009202750921499803,0.453172092784615,-0.38184704431355465,0.6992450015415042,1.349582676872929,-0.43515438919761174,3.9487408265203916,5.035515608357777,-0.43515438919761174,6.299096564301365,7.3589641132985495,-0.43515438919761174
2024-05-20 17:00:00+00:00,68190.06,68450.0,68030.77,68399.8,5,5,True,6.0,5.0,1.860020058538181,2.9553302787435065,-0.43853929397454916,2.4327702712581,2.9553302787435065,-0.43853929397454916,3.6577592332141196,5.2327638384907615,-0.43853929397454916,1.7468764528551173,5.2327638384907615,-0.43853929397454916
2024-05-23 08:00:00+00:00,69734.05,69819.3,69696.95,69770.75,6,6,True,5.0,4.0,-0.07143394617371568,0.11350028486150077,-0.35936262688877063,-2.205723745265742,0.46634155430462787,-2.967919937796293,-4.303909589620281,0.46634155430462787,-4.957077285252054,-3.9697867659441832,0.46634155430462787,-4.957077285252054
2024-05-24 16:45:00+00:00,68246.27,68396.51,68183.97,68394.33,5,5,True,6.0,6.0,1.0551313244825833,1.2510832403797245,-1.4621095045797006e-05,0.5755740278470478,1.2510832403797245,-1.4621095045797006e-05,0.570281191437938,1.2510832403797245,-1.4621095045797006e-05,0.7928873636162459,1.7774426622791717,-1.4621095045797006e-05
2024-05-25 04:00:00+00:00,68757.84,68810.0,68694.99,68761.83,6,6,True,0.0,5.0,-0.14535680623973812,0.10187337946068187,-0.21271976036706386,0.506312877362336,0.5736467455854433,-0.21271976036706386,0.22999678746187247,1.2334895682677427,-0.21271976036706386,0.2736547296661618,1.2334895682677427,-0.21271976036706386
2024-05-25 20:00:00+00:00,69155.32,69221.39,69151.47,69188.71,5,4,True,3.0,5.0,0.15359442313636062,0.23976455118184248,-0.20046623213528791,-0.10798004472117873,0.24265519620181308,-0.20046623213528791,0.4022477077546327,0.4369932608947247,-0.5497139634486725,-0.477187679897495,0.5398568639305212,-0.7517266906696185
2024-05-26 10:00:00+00:00,69086.54,69151.63,69086.54,69130.0,5,5,True,0.0,4.0,-0.23632286995515228,0.14453927383191179,-0.2589324461160114,-0.2979892955301655,0.38912194416316215,-0.6674381599884205,-0.7684218139736854,0.38912194416316215,-1.4494286127585743,-0.8017647909735248,0.38912194416316215,-1.4494286127585743
2024-05-27 16:00:00+00:00,70373.86,70635.23,70373.85,70568.01,6,6,True,3.0,6.0,-0.9707089657197243,0.16941104049839062,-0.9719701604168685,-1.2980244164459087,0.16941104049839062,-2.124206138163731,-3.802927133696976,0.16941104049839062,-3.9890738027046457,-3.157237960940096,0.16941104049839062,-4.366511114597116
2024-05-28 22:15:00+00:00,68572.52,68661.28,68532.0,68611.18,6,6,True,5.0,6.0,-0.218200590632589,0.03308498702399021,-0.5030375516060226,0.43406919980097936,0.472954990717267,-0.5030375516060226,-0.878122195245723,0.472954990717267,-1.470372612743287,-1.2456716237790988,0.472954990717267,-2.166600253777884
2024-05-30 03:45:00+00:00,68023.27,68182.42,68023.27,68118.2,5,5,True,5.0,4.0,-0.42125305718588857,0.44729602367650223,-0.5725342125892929,-0.5464912460986904,0.44729602367650223,-1.4536496853997827,0.605653114732907,1.0395312853246352,-1.4536496853997827,0.613066698767728,2.0285327562971522,-1.4536496853997827
2024-05-30 12:30:00+00:00,68022.59,68275.1,67868.65,68228.0,6,6,True,1.0,5.0,0.2814093920384675,0.8769273612006856,-0.260889957202326,1.5633757401653403,1.864337222254786,-0.260889957202326,0.1436800140704575,1.864337222254786,-0.260889957202326,0.9196517558773598,1.864337222254786,-0.5159172187371719
2024-05-30 16:45:00+00:00,68455.38,68691.64,68448.99,68676.0,6,6,True,4.0,6.0,-0.03346147125632415,1.1998369153707333,-0.35092317549071383,-0.5257586347486853,1.1998369153707333,-0.9115120274914124,-0.23211893529034855,1.1998369153707333,-0.9115120274914124,-2.1492078746578214,1.1998369153707333,-2.9209621993127155
2024-06-01 14:15:00+00:00,67755.01,67820.0,67755.0,67800.0,5,5,True,5.0,5.0,-0.18296460176991935,0.10324483775812077,-0.27728613569321103,-0.08513274336283683,0.1474926253687281,-0.3588200589970447,-0.06486725663715776,0.16305309734514495,-0.3588200589970447,0.8048230088495645,0.8318584070796442,-0.6383480825958743
2024-06-01 20:45:00+00:00,67772.0,67796.54,67731.54,67796.54,6,6,True,5.0,6.0,-0.04379279532552571,0.1304786350454057,-0.1276466321142533,-0.09333809660493353,0.1681649240507177,-0.225984983894445,-0.06765832002635364,0.1681649240507177,-0.225984983894445,0.05112355291287951,0.9786045128556742,-0.795129072958578
2024-06-02 06:30:00+00:00,67782.4,67823.48,67782.4,67794.0,6,6,True,0.0,6.0,-0.5581909903531246,0.08604006254240293,-0.6139333864353835,0.4033395285718555,0.7759978759182218,-0.6295542378381591,-0.05808773637785425,0.982387821931141,-0.6295542378381591,2.024102427943486,2.1049060388824925,-0.7914122193704465
2024-06-02 13:45:00+00:00,68064.99,68214.66,68058.0,68165.98,5,5,True,2.0,6.0,-0.09146791405330035,0.4313295283072449,-0.27283404419623514,-0.6293902031482501,0.4313295283072449,-1.3327909317815023,0.4548163174651121,0.5687441154663908,-1.3327909317815023,2.390283246863034,3.113019133591277,-1.3327909317815023
2024-06-03 06:00:00+00:00,68699.99,68864.0,68632.01,68827.99,5,5,True,5.0,6.0,0.38353582604984116,0.7337276593432307,-0.11767015134396264,0.6042018661303272,0.7337276593432307,-0.11767015134396264,0.486720591433798,2.1212445692515347,-0.47653578144589703,0.07937177883590163,2.1212445692515347,-0.47653578144589703
2024-06-03 13:30:00+00:00,69687.16,69994.0,69682.09,69987.99,6,6,True,6.0,6.0,-1.1873322837246847,0.42865925996731225,-2.126064771970171,-1.3259132031081533,0.42865925996731225,-2.126064771970171,-1.305924059256458,0.42865925996731225,-2.126064771970171,-0.6286650038099473,0.42865925996731225,-2.126064771970171
2024-06-05 03:45:00+00:00,70818.0,70991.73,70817.99,70947.58,5,5,True,0.0,6.0,0.2416854810269875,0.4403532861867898,-0.17115453409405346,-0.07525274294063466,0.6083787494936432,-0.17277544914147125,0.891390516773094,1.1047170319269606,-0.7948403596007014,0.1443601036145159,1.1422799762867086,-0.7948403596007014
2024-06-05 19:30:00+00:00,70943.55,71159.99,70907.5,71159.98,5,5,True,0.0,5.0,0.1124367938271087,0.33551161762552795,-0.17379150471936722,-0.01968803251489737,0.33551161762552795,-0.646402654975442,-0.30422998994658057,0.33551161762552795,-0.646402654975442,-0.6025718388341206,0.7588816073304194,-0.8206719563439879
2024-06-07 11:15:00+00:00,71346.97,71410.0,71303.4,71401.28,6,6,True,6.0,5.0,-0.08581078658534969,0.8343547902782689,-1.0757090068973407,-1.3490514455763325,0.8343547902782689,-1.4621726669325708,-2.8938696897310434,0.8343547902782689,-4.175387331991809,-2.663761770097106,0.8343547902782689,-4.175387331991809
2024-06-08 17:00:00+00:00,69387.16,69442.54,69370.79,69442.53,6,6,True,0.0,4.0,0.025157493541794196,0.06835868451222638,-0.15339302873902394,-0.16823983803585518,0.06835868451222638,-0.21924604417494775,-0.28998079419052525,0.06835868451222638,-0.4497099976052077,0.34954083614175957,0.48165007812934757,-0.4497099976052077
2024-06-09 14:45:00+00:00,69460.0,69495.71,69430.18,69490.12,5,5,True,0.0,6.0,0.2452003248807122,0.299841186056371,-0.10030202854736103,0.28310499391857036,0.528161413449868,-0.10030202854736103,0.3250534032751773,0.528161413449868,-0.10030202854736103,0.24747402940159535,0.528161413449868,-0.4573743720690082
2024-06-10 18:00:00+00:00,70043.01,70141.1,69862.72,70090.01,5,5,True,4.0,6.0,-0.5760878048098439,0.04069053492787855,-1.0779710261134001,-0.79262365635272,0.04069053492787855,-1.0779710261134001,-3.096018961903413,0.04069053492787855,-3.5283344944593287,-4.671164977719345,0.04069053492787855,-5.762604399685478
2024-06-11 23:00:00+00:00,67360.22,67588.22,67360.22,67482.4,5,5,True,1.0,4.0,-0.13653930506324352,0.008283641364292826,-0.8556305051391044,-0.11245895226014158,0.21115135205624913,-0.8556305051391044,0.6072249949616637,0.854459829525922,-0.8556305051391044,1.0837788816046912,3.7292686685713727,-0.8556305051391044
2024-06-12 04:00:00+00:00,67407.01,67550.0,67350.01,67517.7,6,6,True,2.0,6.0,-0.2736911950495857,0.158758370027412,-0.47651208497919706,0.5774633910811566,0.7424719740157126,-0.47651208497919706,3.1877566919489286,3.675036323808434,-0.47651208497919706,0.17521331443459687,3.675036323808434,-0.8112243159941745
2024-06-12 14:00:00+00:00,69320.01,69623.9,69300.01,69570.01,5,4,True,1.0,5.0,0.0609889232443761,0.6166306430026358,-0.4032053466716423,-2.556633238948791,0.6166306430026358,-3.334784629181442,-2.388974789568088,0.6166306430026358,-3.334784629181442,-3.0568344032148365,0.6166306430026358,-3.737285649376787
2024-06-14 08:00:00+00:00,66904.98,67207.31,66863.46,67188.9,6,6,True,1.0,5.0,-0.4121067616823626,0.10034395562363851,-0.6585909279657853,-0.3026988088806193,0.2698957714741823,-0.6585909279657853,-2.296465636436973,0.2698957714741823,-3.14173918608579,-1.5726258355174605,0.2698957714741823,-3.14173918608579
2024-06-14 13:15:00+00:00,67029.71,67331.18,67029.7,67331.18,6,6,True,6.0,6.0,-2.9812636582338126,0.0580117562175575,-3.018482670287359,-2.466405608813016,0.0580117562175575,-3.346413949673821,-1.8211919054440973,0.0580117562175575,-3.346413949673821,-1.4801760491944371,0.0580117562175575,-3.346413949673821
2024-06-15 05:00:00+00:00,66246.84,66311.77,66246.84,66309.73,5,5,True,3.0,4.0,-0.267622866206807,0.16125838545868465,-0.36786456527569955,-0.01238129004595967,0.16125838545868465,-0.36786456527569955,-0.12025384509933845,0.2544875390082302,-0.36786456527569955,-0.1895951016540165,0.2544875390082302,-0.682599672778017
2024-06-16 10:30:00+00:00,66417.87,66628.42,66408.17,66600.01,6,6,True,6.0,6.0,0.06906905869834556,0.25524020191589614,-0.2475375003697433,-0.04052551944060401,0.29085581218382117,-0.2475375003697433,0.10510508932355389,0.5986335437487167,-0.2475375003697433,-1.126140972050893,0.5986335437487167,-1.5675823472098505
2024-06-17 00:30:00+00:00,66753.28,66913.69,66753.28,66812.88,5,5,True,3.0,4.0,-0.7377020718161043,-1.4967174011282225e-05,-0.8967881641982811,-0.9160359499545634,-1.4967174011282225e-05,-0.9852740968507967,-1.7246075906322433,-1.4967174011282225e-05,-1.8811941649574226,-1.1491945864330333,0.7272998858902646,-2.518795777101668
2024-06-19 03:15:00+00:00,65330.0,65571.58,65282.0,65477.16,6,6,True,5.0,4.0,0.0043373903205301545,0.3823928832588086,-0.21711387604471666,-0.48268739817060036,0.3823928832588086,-0.6187806557278908,-0.8040513669194005,0.3823928832588086,-0.9844501502508707,-0.49547048161527885,0.3823928832588086,-1.238844201550593
2024-06-20 06:00:00+00:00,65513.93,65635.83,65472.65,65594.59,5,5,True,5.0,6.0,0.06997528302259415,0.5683395536125735,-0.3179987861803846,0.7843939568796809,1.3543037619413445,-0.3179987861803846,-0.9217071102967433,1.3543037619413445,-1.5785448159672866,-1.308949411834115,1.3543037619413445,-1.9461818421305677
2024-06-22 04:45:00+00:00,64294.65,64364.12,64290.0,64364.11,5,5,True,6.0,6.0,0.2422001951087438,0.2736773646058399,-0.16518522512002365,-0.08141183028864685,0.28385384339191244,-0.23255196102299758,-0.06654329563479111,0.28385384339191244,-0.23255196102299758,0.021611422887679588,0.28385384339191244,-0.23255196102299758
2024-06-25 01:45:00+00:00,60382.0,60492.0,60319.67,60492.0,5,4,True,5.0,4.0,1.453531045427492,1.8297791443496747,-0.13224889241552074,0.31931495073729277,1.8297791443496747,-0.13224889241552074,1.170402697877404,1.8297791443496747,-0.13224889241552074,2.641688157111677,3.1871983072141674,-0.13224889241552074
2024-06-27 12:00:00+00:00,61196.01,61499.7,61191.22,61391.67,6,6,True,5.0,5.0,0.6293361949593512,1.6248947129146485,-0.38615988129985235,0.7563566848727277,1.6248947129146485,-0.38615988129985235,0.46792993251365544,1.6248947129146485,-0.38615988129985235,0.6097407026067314,1.6248947129146485,-0.38615988129985235
2024-06-28 01:00:00+00:00,61559.99,61628.0,61500.0,61628.0,5,5,True,0.0,5.0,0.1720159667683463,0.9692185370286266,-0.07016291296163546,-0.0698221587590031,0.9692185370286266,-0.20769779970143398,-0.40239826053092287,0.9692185370286266,-0.674839358733037,-1.1249918868046938,0.9692185370286266,-2.539430129162068
2024-06-28 06:00:00+00:00,61604.0,61669.41,61504.48,61666.67,6,6,True,0.0,5.0,-0.3395189005665378,0.0,-0.7371242844797621,0.16107566696887954,0.20378917817356346,-0.7371242844797621,-1.3567620888236709,0.3378324141712241,-1.6486539649376186,-1.44108640858992,0.3378324141712241,-2.600545805375898
2024-06-28 12:00:00+00:00,61690.0,61766.0,61654.35,61766.0,6,6,True,6.0,5.0,-1.5431143347472753,0.1764724929572914,-1.6432989023087097,-1.5153968202570978,0.1764724929572914,-1.8068192856911525,-2.0852896415503697,0.1764724929572914,-2.7571803257455563,-1.1041511511187374,0.1764724929572914,-2.7571803257455563
2024-06-29 07:15:00+00:00,60952.01,61131.0,60901.89,61116.0,6,6,True,5.0,4.0,-0.2702401989659098,0.0501341710845038,-0.3697395117481572,-0.09051639505203157,0.17671313567642066,-0.3697395117481572,-0.11852869952222456,0.17671313567642066,-0.3697395117481572,0.8762353557169922,1.0897310033379126,-0.6606944171739015
2024-06-29 13:30:00+00:00,61060.68,61182.7,61060.67,61154.16,5,5,True,0.0,6.0,-0.2847557713163029,0.04225387120024848,-0.3908810128370632,-0.1808544177534399,0.04225387120024848,-0.3908810128370632,-0.30220348051548385,0.04225387120024848,-0.5145193720263674,0.7330000117735214,1.0266513349214357,-0.7226818257335288
2024-06-30 08:45:00+00:00,61453.67,61586.34,61432.61,61556.01,5,4,True,5.0,6.0,0.006481901604726836,0.2560919721729782,-0.08380985057349077,0.050523092708565365,0.4938429245170406,-0.34116896140604647,0.7050489464798027,1.3912695121077512,-0.34116896140604647,2.2222038108058007,3.6752219645165507,-0.34116896140604647
2024-06-30 17:15:00+00:00,61620.01,61864.01,61620.0,61797.71,6,6,True,0.0,5.0,0.7642678021564375,0.7709994431832401,-0.22283997254913812,1.7772341402294778,2.040609595404108,-0.22283997254913812,2.57294323689341,3.2697328104876355,-0.22283997254913812,2.4953351831321857,3.2697328104876355,-0.22283997254913812
2024-07-04 21:00:00+00:00,58358.99,58486.95,58288.33,58478.48,6,6,True,5.0,6.0,-2.7265927568568826,0.5722617961342324,-2.9937508635655474,-5.321102737280459,0.5722617961342324,-5.9483078219543355,-7.816345431687011,0.5722617961342324,-8.537414105154584,-3.4037820408464814,0.5722617961342324,-8.537414105154584
2024-07-05 14:45:00+00:00,55686.28,55841.43,55638.0,55753.98,5,5,True,5.0,4.0,1.254080874585095,2.306633535399616,-0.16158487698995083,1.0709908063962326,2.306633535399616,-0.16158487698995083,1.2304413066116515,2.306633535399616,-0.16158487698995083,2.3405145247029857,2.7711384909202774,-0.16158487698995083
2024-07-06 08:15:00+00:00,56537.99,56657.75,56521.1,56642.67,5,5,True,5.0,4.0,0.10313779346913243,0.4125158648065286,-0.3634892211119234,0.35030128346704714,1.158720095645216,-0.3634892211119234,2.5763616015982205,2.7937772001213945,-0.3634892211119234,1.487306301062441,3.2348934116276595,-0.3634892211119234
2024-07-06 15:15:00+00:00,56972.0,57299.0,56956.0,57239.08,5,5,True,5.0,5.0,1.0146564200542718,1.5267890399356387,-0.09315313942851455,1.1736387097766032,1.8151759252594601,-0.09315313942851455,1.3433654069911594,2.159224082567368,-0.09315313942851455,-0.5958691159955731,2.159224082567368,-1.1803474129912672
2024-07-06 19:30:00+00:00,57820.01,57914.13,57802.8,57855.99,5,4,True,0.0,6.0,0.25604954646873956,0.7295355243251311,-0.08481403567720536,0.13830892877297885,1.0699151462104428,-0.08481403567720536,-1.0430899203349497,1.0699151462104428,-1.3527207813745723,-1.2837564442333416,1.0699151462104428,-2.234046984590532
2024-07-08 15:00:00+00:00,56185.24,56785.59,56076.95,56491.1,6,6,True,0.0,5.0,-0.2745565230629188,0.30958859006109396,-1.8858899897505998,-0.23913501418807437,0.30958859006109396,-1.8858899897505998,1.0338796730812616,1.5428271001980853,-1.8858899897505998,1.3858997257975236,2.903094469748324,-1.8858899897505998
2024-07-08 22:15:00+00:00,56740.01,56971.94,56690.65,56863.16,6,6,True,6.0,5.0,-0.13919381195136582,0.7254433274548777,-1.0089309141454783,0.6434570291204311,0.878424625012042,-1.0089309141454783,0.9827804152987563,1.8233949713663433,-1.0089309141454783,1.7002924213145976,2.519803683087596,-1.0089309141454783
2024-07-09 04:00:00+00:00,57168.36,57329.82,57109.21,57262.0,6,6,True,2.0,6.0,0.32484020816598846,0.8592085501728963,-0.25877545318011563,0.548374139918284,1.114176941077849,-0.4374628898746069,0.5763158813873126,1.5177430058328278,-0.6269428242115183,2.5585204847892173,3.0351716670741435,-0.6269428242115183
2024-07-09 20:30:00+00:00,57901.98,58096.68,57898.0,58023.41,5,5,True,2.0,5.0,0.0251622577852606,0.40774921708324197,-0.5229096325086724,-0.46774224403564046,0.40774921708324197,-1.2310893137787104,1.090215139027495,2.493114417094744,-1.2310893137787104,-1.2640932340929334,2.493114417094744,-1.4918461358958468
2024-07-10 01:00:00+00:00,57486.38,57607.46,57309.09,57586.62,5,4,True,0.0,5.0,1.9803905837848967,2.454354848400553,-0.08095630547513277,2.6453888073305842,3.270516658209832,-0.08095630547513277,1.090965227686569,3.270516658209832,-0.08095630547513277,-0.03130935623588682,3.270516658209832,-0.7446695082989785
2024-07-11 10:45:00+00:00,58391.51,58467.53,58368.0,58462.29,6,6,True,6.0,5.0,0.17767008442537424,2.0315830939910073,-0.3854450450025193,-1.4050937792549734,2.0315830939910073,-2.196783601873964,-1.9221108170754175,2.0315830939910073,-2.244677723024535,-2.2056098042002925,2.0315830939910073,-3.2838604166891217
2024-07-12 14:00:00+00:00,57850.2,57984.63,57688.9,57875.76,5,4,True,5.0,4.0,0.40474630484335083,0.955754187936364,-0.2991235017907323,-0.6798528434011075,1.1246850149354337,-0.6966474392733679,-0.1044478724771869,1.1246850149354337,-1.2538928214506417,1.0958646590558674,1.7687888677401231,-1.2538928214506417
2024-07-13 01:00:00+00:00,57835.57,57940.0,57807.94,57928.32,5,5,True,1.0,5.0,-0.18353717145603854,0.10906582479863758,-0.27886187619458047,0.27155974832344665,0.49675184780086923,-0.2963835305425766,1.3217887209572066,1.6764511727597187,-0.2963835305425766,2.906799299548135,3.317341155414133,-0.2963835305425766
2024-07-13 09:15:00+00:00,57987.22,58224.0,57980.32,58206.01,5,5,True,0.0,6.0,0.7336012209048448,1.1149535932801546,-0.006305190821365159,0.9981787104115236,1.1913718188207634,-0.006305190821365159,0.8186268050326628,1.3037828911481864,-0.006305190821365159,3.544582423705034,3.7693530272904674,-0.006305190821365159
2024-07-14 00:30:00+00:00,59390.0,59538.96,59280.0,59496.01,5,4,True,1.0,4.0,-0.16137216596542325,0.5748116554370686,-0.3630831714597438,0.8669825085749538,1.3926984347353732,-0.3630831714597438,0.4235241993538752,1.5194128144055297,-0.3630831714597438,2.540590537079712,3.2349732360203554,-0.3630831714597438
2024-07-14 07:45:00+00:00,60000.0,60124.01,59999.99,60062.01,5,5,True,0.0,4.0,-0.23558985122209553,0.5627350799615183,-0.2602310512085815,-0.5995137358872915,0.5627350799615183,-0.8062334244225311,-0.24311540689364586,0.5627350799615183,-0.9912089189156426,4.625402979354165,5.031449996428683,-0.9912089189156426
2024-07-16 01:00:00+00:00,64611.44,64660.0,64467.23,64660.0,5,4,True,2.0,6.0,0.1825239715434579,0.5164707701824867,-0.18349829879369395,-2.2146303742653917,0.5164707701824867,-2.991030003093098,-1.450262913702438,0.5164707701824867,-3.536591401175382,1.7538045159294802,1.9024899474172408,-3.536591401175382
2024-07-19 06:00:00+00:00,64164.0,64486.0,64130.7,64408.01,6,6,True,4.0,5.0,-0.6272667017658273,0.051127181231036545,-1.551049318244735,-0.30261764025935056,0.051127181231036545,-1.551049318244735,3.518195951093639,3.76010685627457,-1.551049318244735,3.3849206022666944,4.623632992231874,-1.551049318244735
2024-07-19 12:30:00+00:00,64188.0,64259.62,64139.16,64258.32,5,4,True,6.0,4.0,2.2622440175840364,2.5361385109352375,-0.39333427951431243,3.5507931113045066,4.001816418480919,-0.39333427951431243,3.3267131789315396,4.867354141844982,-0.39333427951431243,3.476187986240542,4.867354141844982,-0.39333427951431243
2024-07-21 21:30:00+00:00,67812.94,68298.02,67812.94,68086.44,5,5,True,5.0,5.0,0.3870814805414957,0.4115650634693102,-0.29032212581535655,-0.2718602999363884,0.5700253971275382,-0.4886729281190272,-1.1256573261871239,0.5700253971275382,-1.6777790115036106,-0.32984541415295165,0.5700253971275382,-2.241958898130081
2024-07-24 08:30:00+00:00,66181.96,66400.0,66174.31,66358.0,5,5,True,6.0,6.0,0.03316857048132338,0.36468850779107775,-0.08589770638054439,0.7814732210132957,1.1212061846348487,-0.31842430452997394,-0.5997769673588671,1.1212061846348487,-1.2042406341360556,-3.1399228427619774,1.1212061846348487,-3.8548479459899365
2024-07-25 16:00:00+00:00,64790.89,64940.01,64630.0,64863.63,5,5,True,3.0,6.0,-0.26151789531358993,0.49980243165546057,-0.7325676962575134,1.5700323894916046,2.022489336474087,-0.7325676962575134,3.222715102438767,4.033647207225388,-0.7325676962575134,4.076984282254936,4.835329135911759,-0.7325676962575134
2024-07-26 02:00:00+00:00,66430.01,66561.06,66393.18,66512.0,5,4,True,5.0,6.0,0.6284580226124659,1.455376473418335,-0.007517440461868308,0.8052982920375262,1.455376473418335,-0.007517440461868308,1.854943468847714,2.237190281452972,-0.007517440461868308,1.7801299013711747,2.5378878999278376,-0.007517440461868308
2024-07-26 15:00:00+00:00,67328.0,67664.01,67286.0,67545.46,5,5,True,0.0,5.0,0.013709285568563878,0.304313568965231,-0.35885461435898325,0.21838625423529212,0.8861439392077397,-0.35885461435898325,0.49402284032116217,0.9690362609122705,-0.35885461435898325,1.8987360512460638,2.7456027392514626,-0.35885461435898325
2024-07-26 21:15:00+00:00,67692.97,68000.0,67692.97,67925.83,6,6,True,0.0,5.0,-0.002679393096860494,0.40363143151875835,-0.16791844869616934,-0.16757984407405058,0.40363143151875835,-0.4355191537593339,0.33592522903289623,0.5440640180620404,-0.4355191537593339,1.4341672380006276,2.170249520690448,-1.8782692828339442
2024-07-27 12:30:00+00:00,68298.01,68398.0,68286.54,68398.0,5,5,True,6.0,4.0,0.45953098043802765,1.46494049533612,-0.08411064651012712,0.8404485511272375,1.46494049533612,-0.08411064651012712,-0.6432790432468916,1.46494049533612,-2.5556302815871845,-0.47954618556098616,1.46494049533612,-2.5556302815871845
2024-07-29 05:00:00+00:00,69367.99,69457.61,69367.99,69450.0,5,4,True,5.0,6.0,0.3599712023038215,0.630669546436291,-0.005759539236860345,0.40316774658026855,0.630669546436291,-0.10799136069113979,-3.426925845932327,0.9071130309575404,-4.351331893448529,-4.010554355651552,0.9071130309575404,-5.166306695464362
2024-07-29 11:00:00+00:00,69620.0,69805.08,69598.09,69730.0,5,5,True,5.0,6.0,-1.4598594579090851,0.501921697977914,-1.45987379893876,-3.8147138964577665,0.501921697977914,-4.735408002294561,-4.308059658683483,0.501921697977914,-4.735408002294561,-4.648329270041584,0.501921697977914,-5.547110282518286
2024-07-31 16:00:00+00:00,66379.99,66645.99,66330.0,66645.32,6,6,True,0.0,6.0,-0.5781501236696185,0.2865617570745993,-0.7612237438427871,-2.6398102672475776,0.2865617570745993,-3.1739963136196314,-3.903214809381972,0.2865617570745993,-4.34437106761586,-5.384204022127892,0.2865617570745993,-5.9707868459480835
2024-08-01 20:15:00+00:00,63534.0,63577.19,63336.61,63569.99,5,5,True,6.0,4.0,2.416234452766153,3.2873845032852733,-0.09318862563922892,0.6292749141536769,3.2873845032852733,-0.09318862563922892,1.1986945412450156,3.2873845032852733,-0.09318862563922892,-1.6170837843454078,3.2873845032852733,-2.3312729795930354
2024-08-03 12:00:00+00:00,61919.38,61992.0,61847.04,61985.92,6,6,True,5.0,6.0,0.00012906156752201525,0.3424971348332084,-0.22816471869741006,-2.2552056983263236,0.3424971348332084,-2.5794890194418274,-2.002616077973829,0.3424971348332084,-3.445814791488133,-1.8393693277441114,0.3424971348332084,-3.445814791488133
2024-08-04 06:45:00+00:00,60771.01,60871.5,60771.01,60819.61,6,6,True,5.0,5.0,-0.1835098909710231,0.017083305861387288,-1.2134901884441551,0.39853922114923,0.4569907633409809,-1.2134901884441551,-3.3689956249308484,0.4569907633409809,-6.078368473589368,-15.178673457458869,0.4569907633409809,-19.433879960756084
2024-08-04 12:45:00+00:00,60969.99,61097.55,60942.97,61062.0,6,6,True,5.0,6.0,-3.236038780256134,0.04480691755919253,-3.4424028037077115,-3.7525793455831846,0.04480691755919253,-6.451197143886544,-8.004945792800767,0.04480691755919253,-8.779601061216468,-18.436998460581044,0.04480691755919253,-19.753692967803214
2024-08-05 16:00:00+00:00,54321.08,55052.0,54250.0,54948.02,5,4,True,6.0,4.0,-3.993956470133042,1.1865395695786818,-4.000162335239732,-1.1756929549053718,1.1865395695786818,-4.355061383467495,1.3560816204114534,2.416793180172827,-4.355061383467495,3.2066305573886122,3.268525417294388,-4.355061383467495
2024-08-06 00:15:00+00:00,54995.49,55760.0,54878.0,55625.55,6,6,True,0.0,6.0,0.22730561765231805,1.1693367526253606,-0.45941118784443846,0.3727783365737425,1.1693367526253606,-0.6661507167120218,-0.29579932243366525,1.1693367526253606,-1.8436491863900728,0.5796976389446984,2.5445860760028305,-2.2536586155103233
2024-08-06 09:15:00+00:00,54808.0,54973.98,54630.28,54931.99,5,5,True,0.0,5.0,0.9630453948600959,0.9630635991887404,-0.4524685888859903,1.6816066557938436,3.0466036275037744,-1.019533426697261,2.6360049945396202,3.8392929147478494,-1.019533426697261,4.576586429874463,4.98254295902989,-1.019533426697261
2024-08-06 16:00:00+00:00,56405.99,56744.01,56234.8,56710.0,6,6,True,6.0,5.0,-0.49021336624933687,0.5836536766002487,-0.7784870393228727,0.0387938635161289,0.5836536766002487,-1.0920648915535125,0.34619996473286285,1.0192029624404908,-2.0315993651913278,-1.0359724916240487,1.8092928936695563,-2.0315993651913278
2024-08-07 04:15:00+00:00,56906.32,57148.79,56904.0,57045.99,5,5,True,4.0,4.0,-0.5708201400308699,0.3576237348146716,-0.8787471301663796,0.8418996672684642,1.0921188325419662,-0.8787471301663796,-1.6342778870171215,1.2096555778942752,-2.4471308149792814,-0.0837920421750904,1.2096555778942752,-4.360288952825597
2024-08-08 08:30:00+00:00,57227.02,57349.87,57200.98,57346.88,5,5,True,1.0,6.0,-0.041780825739778926,0.5635180152782526,-0.6423366013983633,1.6610668270008677,2.036919881255961,-1.1280125440128574,3.9291065180878215,4.387544710366109,-1.1280125440128574,6.349290493222992,9.413345590902257,-1.1280125440128574
2024-08-08 15:45:00+00:00,59148.69,59505.0,59088.69,59428.03,6,6,True,6.0,6.0,-0.1681698013546895,0.7319273413572747,-0.262199504173366,2.937435415577472,3.2436377244879244,-0.3204548426054221,3.2482315163400166,5.581726333516346,-0.3204548426054221,0.6431308592931728,5.581726333516346,-0.3204548426054221
2024-08-13 08:00:00+00:00,59238.05,59279.6,59059.66,59279.6,6,6,True,0.0,6.0,-0.9507317863143405,0.08837778932382356,-1.49582655753413,0.4730295076215141,0.49153503060075376,-1.49582655753413,2.5962388410178283,3.877387836625079,-1.49582655753413,2.4968791962159065,3.877387836625079,-1.49582655753413
2024-08-13 23:45:00+00:00,60434.0,60610.98,60389.75,60587.15,5,5,True,0.0,6.0,0.36037344552433126,0.44253608232107666,-0.2676145024151144,0.40848595783098407,1.1813231023410031,-0.2676145024151144,1.171403507179325,1.42909841443275,-0.2676145024151144,-3.1421844400999266,2.001827120107147,-3.555159798736207
2024-08-14 12:15:00+00:00,61221.93,61776.3,61146.0,61688.0,5,5,True,6.0,5.0,-4.250405265205548,0.18155881208663516,-4.6434963039813315,-3.9571391518609778,0.18155881208663516,-4.981422642977574,-4.522759693943712,0.18155881208663516,-5.276261185319675,-4.843389313967061,0.18155881208663516,-6.442290234729608
2024-08-15 12:30:00+00:00,58700.21,59387.11,58682.94,59181.08,5,5,True,5.0,4.0,0.7213623002486624,1.0244659272862222,-1.0960597542322703,-2.0183815503198033,1.1292460360642131,-2.799070243395363,-2.9844335385565857,1.1292460360642131,-5.242452486504135,-2.4671060413226753,1.1292460360642131,-5.242452486504135
2024-08-16 10:45:00+00:00,58416.95,58448.0,58369.27,58433.95,5,4,True,4.0,6.0,-0.1545163385326398,0.823545216436683,-1.5532751080493457,0.2211556809012638,0.823545216436683,-1.5532751080493457,0.9114735526179585,2.368160974912703,-1.5532751080493457,1.1507864862806638,2.368160974912703,-1.5532751080493457
2024-08-17 16:00:00+00:00,59388.11,59497.95,59388.11,59495.36,5,5,True,0.0,5.0,-0.05277722498023829,0.3439595961769015,-0.33792551217439737,-0.32836174115090655,0.3439595961769015,-0.641529020078202,-0.07622443161954262,1.2835454731259688,-0.641529020078202,0.5415044131172664,1.3272127439854176,-0.641529020078202
2024-08-18 00:15:00+00:00,59448.0,59571.4,59424.16,59553.65,5,5,True,5.0,5.0,0.11747390798044766,1.184411031061905,-0.2695888497178611,0.050928868339727984,1.184411031061905,-0.498861110947868,0.9389348931593489,1.184411031061905,-0.498861110947868,-1.8823867218885848,1.2280355612124483,-2.2561505466079823
2024-08-18 12:15:00+00:00,59986.47,60112.83,59892.98,60112.82,6,6,True,5.0,6.0,-0.4401556939102158,0.28641145100163357,-0.736897719987184,-0.9046988645683207,0.28641145100163357,-1.223832121001811,-2.7950776556481594,0.28641145100163357,-3.1653647258604756,-2.7796566522748423,0.28641145100163357,-3.868592423379902
2024-08-19 23:15:00+00:00,59120.08,59525.76,59101.71,59346.48,6,6,True,6.0,5.0,1.7285439675613246,2.6354890803970132,-0.05995300816493687,3.0086367380171453,3.4602220721431154,-0.05995300816493687,2.176472808496799,3.4602220721431154,-0.05995300816493687,-0.368143148506872,3.4602220721431154,-1.3450671379330315
2024-08-20 04:00:00+00:00,60619.19,60981.39,60576.06,60945.51,6,6,True,4.0,6.0,-0.1895299588107524,0.745731720023346,-0.34670314515377054,-0.2639242825271282,0.745731720023346,-0.4367015716170042,-3.298569492650072,0.745731720023346,-3.933480907781395,-2.814825899397677,0.745731720023346,-3.933480907781395
2024-08-21 04:15:00+00:00,59229.99,59389.69,59225.72,59331.02,5,5,True,2.0,4.0,0.601675143963476,0.6885099902209646,-0.06468791536029528,-0.00426421120014453,0.9996625711137241,-0.4131734124914743,0.4475904847076606,1.4679673465920695,-0.8107394748986252,2.1725060516404326,4.196641149941471,-0.8107394748986252
2024-08-21 18:15:00+00:00,60032.01,60470.35,60011.24,60449.99,5,5,True,6.0,5.0,1.3113649812018124,2.267891194026661,-0.16711334443562098,0.9793715433203509,2.267891194026661,-0.16711334443562098,0.5359802375484168,2.267891194026661,-1.1995370057133137,0.09594707956113169,2.267891194026661,-1.1995370057133137
2024-08-23 06:45:00+00:00,60921.09,61367.74,60921.09,61189.58,6,6,True,6.0,4.0,-0.27365770446537985,0.24185490405392862,-0.41119746205154906,-0.07027340275910232,0.24185490405392862,-0.8146321644959875,3.208095234515418,3.630765238133682,-0.8146321644959875,4.671416277085072,6.153694795747899,-0.8146321644959875
2024-08-23 17:30:00+00:00,61800.97,62288.0,61755.64,62272.39,6,6,True,4.0,6.0,2.1682321812283023,2.4838776864032353,-0.05805140930033037,2.899535412082299,4.307864207556511,-0.05805140930033037,2.7223782482092007,4.307864207556511,-0.05805140930033037,2.9653751847327436,4.307864207556511,-0.05805140930033037
2024-08-24 09:45:00+00:00,64251.88,64375.0,64206.48,64328.66,5,4,True,4.0,4.0,-0.37568014008064754,0.08347756660871397,-0.7161038330349201,-0.5482159895760397,0.08347756660871397,-0.7161038330349201,-1.113485031399697,0.17929799874580876,-1.2399760853094133,-0.7265035522269647,0.2772947547796001,-1.2399760853094133
2024-08-25 20:00:00+00:00,64187.42,64264.0,64183.99,64223.0,6,6,True,6.0,5.0,0.9420456845678382,0.9980847982809848,-0.15650156485994549,-0.3799261946654586,1.2098469395699363,-0.541628388583526,-0.6771094467714067,1.2098469395699363,-1.2503308783457623,-1.5661523130342747,1.2098469395699363,-1.809320648365853
2024-08-28 12:15:00+00:00,60055.89,60117.0,59953.41,60076.0,5,4,True,4.0,5.0,-2.22732871695851,0.13982289100473722,-2.7181070643851113,-1.7511318995938496,0.13982289100473722,-3.6886610293628053,-1.6660563286503782,0.13982289100473722,-3.6886610293628053,0.28031160529995436,0.6674878487249458,-3.6886610293628053
2024-08-29 04:30:00+00:00,59193.52,59226.22,59049.79,59197.39,5,5,True,2.0,5.0,0.7285963114252114,0.9571536853229423,-0.08625380274366323,0.8620481409737701,1.088341901560197,-0.08625380274366323,2.1599094149252096,3.327173714922216,-0.08625380274366323,-0.23377719862310853,3.327173714922216,-0.8181103930426703
2024-08-29 11:15:00+00:00,59818.99,60027.99,59777.92,59961.1,5,5,True,3.0,6.0,1.138905056778472,1.4690524356624657,-0.0009839712747039542,0.6752878115978689,2.011120543152134,-0.0009839712747039542,-1.1025648295311496,2.011120543152134,-2.081366085678882,-0.7091264169603262,2.011120543152134,-2.128213124842604
2024-08-30 08:30:00+00:00,59450.57,59587.12,59300.0,59463.79,5,4,True,3.0,5.0,-0.1379999492127859,0.35421556547270416,-0.21122098002834822,-1.0151556098257464,0.8076848112103185,-1.0961124408652712,-1.0927490494635483,0.8076848112103185,-2.964308194953602,-0.63870802718764,0.8076848112103185,-2.964308194953602
2024-08-30 15:30:00+00:00,58094.0,58278.1,57946.01,58212.54,5,4,True,0.0,5.0,1.7535568796688938,1.8910014921183604,-0.8785735856913335,1.3607033810927982,1.9900523151884508,-0.8785735856913335,1.7890646929338505,2.1470288016980366,-0.8785735856913335,1.411122070948978,2.1470288016980366,-0.8785735856913335
2024-08-31 14:30:00+00:00,59088.52,59170.11,59082.0,59108.59,5,5,True,0.0,4.0,-0.3393415407134448,0.07851650665327004,-0.4499007673842259,-0.28012848893873565,0.07851650665327004,-0.616813901329738,-1.0634494918589588,0.07851650665327004,-1.4085600756167493,-1.9538446104026441,0.07851650665327004,-3.2272635838547226
2024-09-01 20:00:00+00:00,58514.01,58615.0,58494.02,58577.98,5,5,True,1.0,4.0,-2.1968664675702465,0.1345044673783491,-2.318243135048359,-1.7310088193549955,0.1345044673783491,-2.4752987385362246,-1.2717577492429744,0.1345044673783491,-2.4752987385362246,-0.0699409573358456,0.39267315124214,-2.4752987385362246
2024-09-02 07:00:00+00:00,57688.0,57792.0,57673.0,57757.04,5,4,True,2.0,4.0,1.050884879142,1.2826488338045117,-0.6838646855863884,1.1287801452428914,1.5993201867685825,-0.6838646855863884,1.2898341050718631,1.8196223352166196,-0.6838646855863884,2.0187322619026116,3.553869796651621,-0.6838646855863884
2024-09-02 15:30:00+00:00,58548.08,58741.1,58543.0,58658.99,5,4,True,5.0,6.0,-0.33921484157840576,0.040931492342433096,-0.6237236611131514,0.7510698701085783,1.0489952179538076,-0.6237236611131514,0.8387461154718112,1.9616089537170645,-0.6237236611131514,-1.6519036553476307,1.9616089537170645,-1.8598854156882005
2024-09-03 01:00:00+00:00,59258.0,59406.57,59219.7,59270.0,6,6,True,4.0,5.0,-0.2766829762105627,0.9104943478994487,-0.3849164838872987,-0.5854563860300366,0.9104943478994487,-0.6715032900286855,0.05736460266576593,0.9104943478994487,-0.93301839041674,-5.176294921545466,0.9104943478994487,-6.1818795343344
2024-09-06 06:45:00+00:00,56311.1,56476.05,56300.64,56430.01,5,5,True,0.0,6.0,-0.9572034454716549,0.015931239423849775,-2.037940450480169,0.786779942091087,0.9118906766098389,-2.037940450480169,-5.45337489750578,1.0242599638029537,-5.458106422451459,-3.73875531831378,1.0242599638029537,-6.875791799434383
2024-09-06 12:30:00+00:00,55896.4,56843.03,55653.42,56500.0,6,6,True,2.0,5.0,-3.7079469026548684,0.899115044247778,-4.764601769911502,-5.021805309734518,0.899115044247778,-5.486725663716818,-4.3327433628318595,0.899115044247778,-6.991150442477878,-3.585858407079645,0.899115044247778,-6.991150442477878
2024-09-07 10:00:00+00:00,54251.11,54330.12,54247.0,54302.0,5,5,True,0.0,6.0,0.5969393392508682,0.6648005598320461,-0.06898456778755557,0.7548524916209276,1.0091709329306475,-0.06898456778755557,-0.5561305292622665,1.0091709329306475,-0.801075466833634,0.5174579205185825,1.0091709329306475,-0.8986593495635464
2024-09-07 14:15:00+00:00,54616.0,54660.0,54558.69,54622.0,6,6,True,0.0,6.0,-0.38810369448207815,0.4174142286990534,-0.5354252865145903,-0.5675002746146296,0.4174142286990534,-1.138735308117611,-0.2654424956976986,0.4174142286990534,-1.4792391344147005,-0.7872102815715265,0.4174142286990534,-1.4792391344147005
2024-09-08 10:15:00+00:00,54582.99,54643.2,54553.0,54616.61,5,5,True,1.0,6.0,-0.6712426860619902,0.09702176682149233,-0.9971325572934675,-1.4072825098445318,0.09702176682149233,-1.8082411193224845,1.0846151015231342,1.284206398017007,-1.8082411193224845,1.5075816679211762,1.7181403239783677,-1.8082411193224845
2024-09-08 22:00:00+00:00,54463.99,54630.13,54367.5,54542.07,6,6,True,5.0,5.0,1.1439609827789798,1.5183875492807752,-0.21510001362251563,1.0190115630008156,1.5183875492807752,-0.21510001362251563,1.338306375243925,1.8571535697123442,-0.21510001362251563,5.217843767205754,6.501275070784818,-0.21510001362251563
2024-09-09 12:45:00+00:00,55215.99,55356.0,55184.01,55341.1,5,5,True,0.0,5.0,0.08113319034135369,0.8274139834589578,-0.9705264261100632,2.14831291752422,2.5914555366626235,-0.9705264261100632,2.9650838165486526,4.963580413110691,-0.9705264261100632,3.3647506103059,4.963580413110691,-0.9705264261100632
2024-09-15 02:45:00+00:00,60217.98,60267.86,60217.98,60238.01,5,4,True,6.0,5.0,-0.12950295004765522,0.0009296455842466855,-0.34049929604248463,-0.2789268769004871,0.0009296455842466855,-0.34049929604248463,0.06890997893189699,0.18753939580673507,-0.6092664747723298,-3.2770338860795722,0.2619442441740727,-3.5293496581311423
2024-09-17 01:30:00+00:00,57823.99,57948.0,57792.0,57935.99,5,5,True,0.0,4.0,0.5848523517074655,0.58486961213573,-0.1705675522244432,1.2723352099446306,1.4552094475299482,-0.1705675522244432,1.8261533116116668,2.605927679841158,-0.1705675522244432,4.0068185595862005,5.840946189061413,-0.1705675522244432
2024-09-17 08:00:00+00:00,58695.39,58848.0,58687.82,58762.41,6,6,True,6.0,6.0,0.6059656164544514,0.9148535602947483,-0.21450788012269406,1.6624743607350334,1.7317022906310209,-0.21450788012269406,2.048231173636328,4.352425300459939,-0.21450788012269406,2.4328307841696706,4.352425300459939,-0.21450788012269406
2024-09-17 14:00:00+00:00,58966.0,59780.0,58940.0,59739.32,6,6,True,0.0,6.0,1.839106973430571,2.6459624917056335,-1.6739393760012433e-05,0.37944857758676065,2.6459624917056335,-0.2026471007704811,0.8060687667686972,2.6459624917056335,-0.2026471007704811,-0.43408595879564915,2.6459624917056335,-0.720982428323591
2024-09-18 00:45:00+00:00,60105.29,60280.01,60105.29,60240.0,6,6,True,4.0,4.0,0.44819057104912297,0.8781540504648078,-0.4176460823373085,0.35522908366534267,0.8781540504648078,-0.4176460823373085,-0.4345285524568476,0.8781540504648078,-1.4792828685258996,3.2968127490039745,3.900265604249653,-1.7682602921646695
2024-09-19 13:00:00+00:00,62924.06,63278.73,62858.01,63220.0,6,6,True,5.0,4.0,-0.23413476747864426,0.4442265105979004,-0.8383422967415344,0.3245017399557071,0.9965200885795555,-0.8383422967415344,-0.8078139829167941,0.9965200885795555,-0.9712116418854833,-0.5030211958241049,1.4446694084150558,-0.9712116418854833
2024-09-22 20:00:00+00:00,63160.0,63265.46,63106.54,63261.99,6,6,True,5.0,4.0,0.5311246136898262,1.1665930837774896,-1.4290729709893646,0.8940281518175386,1.1665930837774896,-1.4290729709893646,0.23461165227336434,2.3456264970482366,-1.4290729709893646,0.21077427377798053,2.3456264970482366,-1.4290729709893646
2024-09-23 00:45:00+00:00,63332.0,63762.7,63330.0,63577.88,5,5,True,1.0,6.0,1.2207390369103344,1.8371169343803118,-0.1445156711736839,0.1471266421591899,1.8371169343803118,-0.1445156711736839,-0.4122188408924532,1.8371169343803118,-0.5361927764813701,-1.056782642013221,1.8371169343803118,-1.2227365870016382
2024-09-24 22:00:00+00:00,64030.0,64463.98,64030.0,64458.0,5,5,True,0.0,5.0,-0.39715783921313585,0.35682149616804715,-0.7254181017096295,-0.13058115361941347,0.5584876974153774,-0.7254181017096295,-1.2522107418784345,0.5584876974153774,-1.629433119240442,-1.7934158676967904,0.5584876974153774,-2.261938006143538
2024-09-26 06:00:00+00:00,63593.99,63724.45,63590.23,63722.0,5,4,True,4.0,4.0,-0.12556103072722813,0.26770973917955576,-0.1982517811744744,1.082828536455227,1.22092840777126,-0.1982517811744744,2.3979002542293015,3.3222434951821977,-0.1982517811744744,2.7808449201217833,3.3222434951821977,-0.1982517811744744
2024-09-26 12:15:00+00:00,64412.01,64565.43,64379.9,64522.56,5,4,True,4.0,6.0,0.7384238939062593,1.0499273432424294,-0.5774104437269667,0.8702072577405628,2.0402786250266702,-0.5774104437269667,0.9817186422857338,2.0402786250266702,-0.5774104437269667,1.4466877941606837,2.2681059152023675,-0.5774104437269667
2024-09-27 00:15:00+00:00,65108.0,65195.63,65066.0,65155.99,5,5,True,5.0,4.0,-0.22157594413038106,0.29722516686494505,-0.5158236410804262,0.5065075367590932,0.5586593036188914,-0.5158236410804262,0.4604488397766726,1.2738813422986883,-0.5158236410804262,0.8994107832603015,2.059687835301105,-0.5158236410804262
2024-09-27 09:00:00+00:00,65726.0,65850.0,65723.19,65805.27,5,4,True,6.0,5.0,-0.506433603266121,0.27464365695937243,-0.7028160510548886,0.7579028245002117,1.0526968432771344,-0.7460800631925224,-0.05464607925779186,1.0526968432771344,-0.7460800631925224,-0.44004074445710417,1.0526968432771344,-0.7460800631925224
2024-09-27 16:30:00+00:00,66082.0,66267.45,66039.9,66182.0,5,4,True,1.0,4.0,-0.6483938230938846,0.2689553050678528,-0.9942280378350654,-0.38064730591399476,0.2689553050678528,-0.9942280378350654,-0.1903840923513922,0.2689553050678528,-0.9942280378350654,-0.992384636305943,0.2689553050678528,-1.1480009670303049
2024-10-01 04:45:00+00:00,63808.0,63879.81,63774.1,63868.94,6,6,True,5.0,5.0,0.27709869617376093,0.409729674549153,-0.30445158476092304,0.06447578431707512,0.409729674549153,-0.30445158476092304,-2.2247746713817462,0.409729674549153,-3.21741679132298,-3.715655841477883,0.409729674549153,-5.800847798632636
2024-10-01 09:00:00+00:00,63955.99,64118.0,63932.86,64086.78,5,5,True,1.0,6.0,-0.4917238781539601,0.0030895607487257948,-0.6684998060442426,-2.997123587735262,0.0030895607487257948,-3.5463944357947086,-4.914726562951055,0.0030895607487257948,-6.12104399690544,-3.7726501471910368,0.0030895607487257948,-6.12104399690544
2024-10-03 00:30:00+00:00,60772.0,61105.0,60750.0,60893.22,5,4,True,0.0,4.0,0.6355223126646825,0.8043588432341098,-0.07097670315349136,0.848748021536716,0.9590066020486399,-0.07097670315349136,-0.671651129633144,0.9590066020486399,-1.259023582592611,-0.4519879224649359,0.9590066020486399,-1.7491438291487915
2024-10-03 22:15:00+00:00,60830.88,60898.0,60714.0,60896.0,5,5,True,4.0,5.0,0.2955694955333543,0.5719259064634663,-0.7161389910667393,0.4435595112979529,0.6186449027850704,-0.7161389910667393,0.6272825801366233,1.2320513662637866,-0.7161389910667393,2.3416808985811777,2.609120467682602,-0.7161389910667393
2024-10-04 04:00:00+00:00,60951.99,61026.9,60948.0,61006.44,5,5,True,1.0,6.0,0.2976079246715502,0.5529088404437221,-0.1143813669507665,0.4877517848935309,1.0487909145329377,-0.1143813669507665,1.2155929767414753,1.635958433240825,-0.413841555088279,1.3444646171781205,2.4233671068169205,-0.413841555088279
2024-10-04 14:45:00+00:00,61152.0,61275.99,61092.0,61239.99,5,5,True,0.0,6.0,1.2137983693335075,1.7962282488942272,-0.026110389632649778,1.9067605987525438,2.0327567003195046,-0.026110389632649778,0.9340465274406462,2.0327567003195046,-0.026110389632649778,1.5611041086061705,2.0327567003195046,-0.026110389632649778
2024-10-05 14:30:00+00:00,62166.91,62189.3,62132.32,62185.0,5,5,True,0.0,4.0,-0.26535338104044515,0.08698239125191076,-0.4454450430168011,-0.6512985446651132,0.08698239125191076,-0.7336013508080774,-0.3652488542252863,0.08698239125191076,-0.7799308514915171,0.5796413926187904,0.6054836375331663,-0.7799308514915171
2024-10-07 00:30:00+00:00,62764.0,63382.0,62710.28,63309.99,6,6,True,4.0,5.0,0.26220190526013987,1.042805408751457,-0.10486496680855995,0.5528353424159471,1.042805408751457,-0.10486496680855995,-0.5784553117130553,1.042805408751457,-1.04255268402349,-1.2162061627240761,1.845206420029455,-1.8669881325206306
2024-10-07 08:00:00+00:00,63532.0,63676.0,63531.99,63613.39,5,5,True,0.0,4.0,-1.0920813998436474,0.14558255738297277,-1.5145239076238548,0.46597107935923976,0.4819739994991634,-1.5145239076238548,-0.5083520937966046,1.3594622138515255,-1.5145239076238548,-2.1626736132125624,1.3594622138515255,-2.5283827823041616
2024-10-08 13:15:00+00:00,62399.45,62689.08,62326.52,62610.0,5,5,True,2.0,5.0,-0.40520683596868556,0.9423414789969664,-1.190081456636316,-0.8074748442740698,0.9423414789969664,-1.197396582015653,-0.38014694138316374,0.9423414789969664,-1.197396582015653,-1.0413831656284955,0.9423414789969664,-1.348027471649893
2024-10-09 05:00:00+00:00,62347.78,62447.02,62347.78,62395.12,5,4,True,2.0,4.0,-0.27425221716057546,0.23820773163027997,-0.42883161375441015,-0.3608134738742441,0.23820773163027997,-0.5584250819615333,-0.822372006015859,0.23820773163027997,-1.2188613468489207,-2.4410883415241447,0.23820773163027997,-3.3562240123907183
2024-10-09 17:00:00+00:00,61814.01,61889.06,61711.14,61882.0,5,4,True,0.0,4.0,-1.428525257748614,0.03923596522412698,-1.691929801880998,-1.8454639475130152,0.03923596522412698,-2.5548624802042563,-1.632138586341747,0.03923596522412698,-2.5548624802042563,-2.718205617142311,0.03923596522412698,-3.0412720985100727
2024-10-10 11:15:00+00:00,61132.41,61205.38,61114.04,61194.03,5,4,True,6.0,5.0,-0.7235182909182458,0.2085987799790301,-0.9428697537978703,-1.538548776735249,0.2085987799790301,-1.9512197513384844,-1.5132521914310915,0.2085987799790301,-3.673609991039972,-0.16540829227948972,0.2085987799790301,-3.673609991039972
2024-10-11 09:00:00+00:00,60669.39,60916.75,60654.05,60910.52,6,6,True,0.0,6.0,0.4943809378084474,0.6441908557011322,-0.1487756138020102,2.145589957202798,2.163796992703393,-0.1487756138020102,3.50592968176926,4.115939249902967,-0.1487756138020102,2.914898772822827,4.115939249902967,-0.1487756138020102
2024-10-12 13:00:00+00:00,63056.26,63151.52,62986.0,63098.0,6,6,True,5.0,5.0,0.38261117626547936,0.6054074614092464,-0.19493486322862408,-0.14501252020666655,0.6054074614092464,-0.25674347839867995,-0.11244413452089486,0.6054074614092464,-0.29636438555896705,-0.6053440679577804,0.6054074614092464,-0.9157501030143567
2024-10-14 09:15:00+00:00,64479.26,64693.01,64468.0,64596.26,5,5,True,1.0,6.0,0.2652475545797728,0.9169416309860567,-0.02515625517638398,2.191674874056182,2.637412754236834,-0.02515625517638398,1.8820439449590554,2.637412754236834,-0.02515625517638398,1.6591053413928192,2.947136567968478,-0.02515625517638398
2024-10-16 01:00:00+00:00,66874.04,66954.47,66750.49,66909.99,5,4,True,1.0,6.0,0.4521297940710989,0.9730236097778455,1.4945451343173488e-05,-0.1584217842507507,0.9730236097778455,-0.16289047420273706,1.2963236132601308,2.262756278995104,-0.20074730245813743,1.1996115976104393,2.262756278995104,-0.20074730245813743
2024-10-18 01:00:00+00:00,67214.41,67600.0,67194.0,67483.13,5,5,True,0.0,5.0,0.2766469190151666,1.1525695384905665,0.0,0.6918321660539295,1.3274725105370644,0.0,0.5140099458931457,1.3274725105370644,0.0,1.4144423947140439,2.2477765924609594,0.0
2024-10-18 09:00:00+00:00,67922.44,68045.55,67870.0,68011.48,5,5,True,0.0,6.0,-0.28451079141345037,0.04191939360826957,-0.4947694124580182,0.5712564996380065,0.8653245010989297,-0.5422172844937179,0.577476037868907,1.4534605040207982,-0.5422172844937179,0.6153666998571561,1.4534605040207982,-0.5422172844937179
2024-10-18 17:00:00+00:00,68787.87,68900.0,68743.32,68869.99,5,4,True,5.0,6.0,-0.3180340232371126,0.18877598210773616,-0.46462907864515124,-0.7782199474691498,0.18877598210773616,-0.9668797686771868,-0.6605199158588704,0.18877598210773616,-0.9668797686771868,-1.1369102855975477,0.18877598210773616,-1.2487151515485961
2024-10-20 00:00:00+00:00,68377.99,68443.99,68377.99,68439.99,6,6,True,6.0,5.0,-0.4354033365580601,0.008781415660630287,-0.4967709667988096,-0.3272794166100934,0.008781415660630287,-0.4967709667988096,-0.024883112928564266,0.08768265454157653,-0.4967709667988096,0.9900644345506082,1.402703302557451,-0.4967709667988096
2024-10-20 08:15:00+00:00,68386.01,68500.0,68386.0,68484.01,5,5,True,2.0,4.0,-0.07122830570230887,1.4601948694625833e-05,-0.1883797400298204,0.2511535174415158,0.41030015619705207,-0.41730909156749707,0.2335727712206248,0.4215436566871622,-0.41730909156749707,0.058407794753834175,1.5120463886387547,-0.41730909156749707
2024-10-21 00:15:00+00:00,69117.59,69500.0,69117.58,69393.89,6,6,True,1.0,6.0,-0.7952285136342607,0.18103899349064534,-1.1605920924738555,-0.48322698151090915,0.18103899349064534,-1.1605920924738555,-1.587819907487542,0.18103899349064534,-1.8371646264534358,-3.5246330764855616,0.18103899349064534,-3.6793152826567366
2024-10-22 04:45:00+00:00,67433.43,67493.35,67392.01,67493.34,6,6,True,5.0,4.0,-0.1353318712631446,0.4543559408972886,-0.15897864885632274,-0.45749699155501755,0.4543559408972886,-1.116169387972199,-0.7812178208990495,0.4543559408972886,-1.2581389511913343,-0.4087218086999411,0.5077093532487753,-1.2581389511913343
2024-10-24 00:45:00+00:00,66769.91,67476.11,66769.91,67432.01,6,6,True,5.0,6.0,-0.32454912733580477,0.2670986672353326,-0.5546030735254615,-0.46271792877001783,0.2670986672353326,-0.5546030735254615,0.12715029553471702,0.26763253831525446,-1.085552692259939,0.8264027722145739,2.1028440350510103,-1.085552692259939
2024-10-24 05:00:00+00:00,67382.2,67464.99,67354.31,67459.88,6,6,True,4.0,6.0,-0.3496596792048945,0.02915807143446525,-0.604492625839248,-0.6838731405985454,0.02915807143446525,-1.1264176574283913,0.16918203827220868,0.7976889374840201,-1.1264176574283913,0.33333886748685426,2.0606618333741444,-1.1264176574283913
2024-10-24 12:45:00+00:00,67388.01,67612.48,67388.0,67517.75,5,5,True,5.0,5.0,0.2717359509166073,0.7112944373886876,-0.10034398361912222,0.4654331638717313,0.7112944373886876,-0.24843837361286925,0.6983645041489073,1.9731848291745457,-0.24843837361286925,0.805936216772607,1.9731848291745457,-0.3965623854467859
2024-10-24 21:00:00+00:00,68196.0,68555.0,68196.0,68525.99,6,6,True,1.0,5.0,-0.4888510184238193,0.47282790077165515,-0.6862213884104462,-0.5443336170699697,0.47282790077165515,-1.0069026365033262,-1.2287162870613155,0.47282790077165515,-1.8620526314176655,-2.168520294270826,0.47282790077165515,-3.676546664995284
2024-10-26 13:15:00+00:00,67005.41,67094.89,66867.96,67067.99,6,6,True,1.0,5.0,-0.16030001793703175,0.07456612312370936,-0.48307694922720135,0.08018728457495072,0.1431532389743584,-0.48307694922720135,-0.12861575246255752,0.5763703370266438,-0.48307694922720135,0.8890381238501277,1.0571361986545291,-0.48307694922720135
2024-10-26 20:00:00+00:00,67178.0,67223.68,67144.0,67219.99,5,5,True,5.0,6.0,-0.17534962441977386,0.34894381864680746,-0.19437670252554495,-0.18146387704016664,0.34894381864680746,-0.45560851764483434,0.04465933422481694,0.34894381864680746,-0.45560851764483434,0.889898972017078,1.160383986965785,-0.45560851764483434
2024-10-27 07:00:00+00:00,67186.0,67221.2,67185.43,67221.2,6,6,True,2.0,6.0,-0.06697291925762405,0.06737457825807258,-0.17875313145258032,0.5725425907303183,0.626989699678071,-0.2742438397410174,0.5605225732358443,1.1585630723640827,-0.2742438397410174,1.8279947397547236,1.8428709990300662,-0.2742438397410174
2024-10-28 10:00:00+00:00,68573.99,68657.1,68548.0,68589.12,6,6,True,5.0,5.0,0.645700076047051,0.691800682090693,-0.144512715719336,0.27526231565588866,1.0072734567814878,-0.23684514395285738,2.0986710428709587,2.4506510653584668,-0.23684514395285738,3.7728870118176383,4.372063674238724,-0.23684514395285738
2024-10-28 21:00:00+00:00,69644.57,69790.0,69632.0,69679.99,5,4,True,3.0,5.0,0.25182265382071023,0.846742371805731,-0.23197477496768037,2.38668231726209,2.7380744457626838,-0.23197477496768037,2.2645812664439102,2.7380744457626838,-0.23197477496768037,4.029851324605538,5.654607585334026,-0.23197477496768037
2024-10-29 07:45:00+00:00,70934.0,71031.43,70837.83,71017.97,5,5,True,4.0,4.0,0.21593126359427117,0.4590809903465276,-0.0619139071420971,1.1068043764134616,1.1374304278198855,-0.12527815143125176,2.13775471194122,3.664072628378423,-0.12527815143125176,1.703822286105905,3.664072628378423,-0.12527815143125176
2024-10-29 13:30:00+00:00,71228.55,71543.53,70929.0,71516.61,6,6,True,0.0,5.0,1.654622611446488,1.7064427410639293,-0.2641903747954477,1.618533093221286,2.941288743971504,-0.2641903747954477,1.1106231125888044,2.941288743971504,-0.2641903747954477,-0.0494570422171825,2.941288743971504,-0.2641903747954477
2024-10-29 19:00:00+00:00,73170.0,73620.12,73170.0,73554.3,6,6,True,4.0,6.0,-1.5840678247227014,0.024063854866396284,-2.2971464618655957,-1.947255293028427,0.024063854866396284,-2.2971464618655957,-1.5530023397680393,0.024063854866396284,-2.2971464618655957,-2.0762212406344793,0.024063854866396284,-2.8799132069777023
2024-10-31 01:00:00+00:00,72165.99,72338.0,72165.99,72304.99,5,5,True,0.0,4.0,0.043620779146769095,0.40799397109383406,-0.380208890147149,-0.07606667257681332,0.40799397109383406,-0.380208890147149,-0.33054426810652515,0.5463108424466956,-0.46883347885119386,-2.717640926303988,0.5463108424466956,-3.622474742061388
2024-11-02 06:45:00+00:00,69660.0,69744.86,69659.99,69744.86,6,6,True,5.0,5.0,-0.26668631924990915,0.13443284566059255,-0.33543690531459003,-0.4097936392732038,0.13443284566059255,-0.5086683090338218,-0.46158240191465083,0.13443284566059255,-1.0677776111386539,-1.6845255693394345,0.13443284566059255,-2.6965427989962265
2024-11-03 20:45:00+00:00,68789.01,68979.76,68780.0,68970.07,6,6,True,5.0,5.0,-0.28139742354909014,0.56246136911271,-0.6919668198103857,0.48642838842991587,0.56246136911271,-1.0576471794214615,-0.39159014917630186,0.7683477775214609,-1.0576471794214615,-2.3518462428702813,0.7683477775214609,-2.4917620063311663
2024-11-04 02:15:00+00:00,68892.0,69173.21,68882.0,69173.21,5,5,True,4.0,6.0,-0.28798721354699186,0.4724227775463774,-0.28798721354699186,-0.7708186449638665,0.4724227775463774,-0.8810058113538632,-0.7616821598997681,0.4724227775463774,-1.0165929844805577,-1.6844816078363412,0.4724227775463774,-3.3802248009019764
2024-11-05 11:00:00+00:00,68764.29,68906.33,68758.47,68900.01,6,6,True,0.0,6.0,0.008505078591425352,0.09287371656405696,-0.3396371060033099,2.2264002574165165,2.4352681516301766,-0.3396371060033099,1.044978077651959,2.4352681516301766,-0.3396371060033099,7.155267466579485,9.44425116919434,-0.3396371060033099
2024-11-05 16:00:00+00:00,69640.0,69960.0,69530.0,69818.02,5,4,True,1.0,5.0,0.26106440715447654,1.0883866371461215,-0.11189088433044558,-0.8867624719234524,1.0883866371461215,-1.5543981338915103,6.541420109020568,7.422123973151917,-1.5543981338915103,6.763268279449908,8.005211262078182,-1.5543981338915103
2024-11-07 17:00:00+00:00,75893.98,76150.0,75739.9,76093.99,5,5,True,2.0,4.0,0.6754015658792412,0.8213526455900233,-0.5557600541120422,-0.3627093282925542,0.9935081601056828,-0.7884853981240947,-0.19081664662348174,0.9935081601056828,-0.7884853981240947,-0.2954635444928022,0.9935081601056828,-0.7884853981240947
2024-11-08 17:30:00+00:00,75942.0,76281.44,75869.83,76261.99,6,6,True,0.0,4.0,0.45633480059987797,1.2299705266017869,-0.07232961007180849,0.2415882407474479,1.2299705266017869,-0.07232961007180849,0.43010941623735643,1.2299705266017869,-0.1652068087916514,-0.3097480147056242,1.2299705266017869,-0.717696981156668
2024-11-10 04:30:00+00:00,77288.23,77997.0,77288.22,77867.39,6,6,True,5.0,5.0,1.2746285704452243,2.4677467679345755,0.0,2.0341120975032156,2.4677467679345755,0.0,2.445978990691744,2.84151041918832,0.0,4.44935935312587,5.110380609906162,0.0
2024-11-10 11:00:00+00:00,79540.75,79918.49,79540.74,79756.03,6,6,True,5.0,5.0,0.06581320559713166,0.4062012615221766,-0.6117155028905086,-0.09778570974509071,0.4062012615221766,-0.6971635875055449,0.74764252934858,2.186630904271447,-1.6085304145655122,2.7302763189190893,3.291174347569714,-1.6085304145655122
2024-11-11 17:30:00+00:00,84354.0,84880.03,84252.19,84848.25,5,4,True,4.0,6.0,2.505944436096197,2.8895704979183368,-0.7536749432074275,4.26613395090647,5.51842848850741,-0.7536749432074275,4.2412778106796445,5.51842848850741,-0.7536749432074275,3.214562468878257,6.001007681360537,-0.7536749432074275
2024-11-14 09:45:00+00:00,90627.65,90918.18,90500.0,90909.01,5,5,True,2.0,4.0,0.36757632714292665,0.8236367330366923,-0.4807114278331692,-3.257124898841146,0.9690898624899802,-3.3873870147744345,-2.9499716254747343,0.9690898624899802,-4.2672997978968175,-1.884323677048061,0.9690898624899802,-4.664884151746884
2024-11-15 20:00:00+00:00,90377.89,90936.0,90324.85,90925.27,6,6,True,6.0,6.0,0.5590525054256057,1.0170220005945474,-0.3892867186426896,0.508912428855024,1.0170220005945474,-0.3892867186426896,0.1657734972906777,1.0170220005945474,-0.3892867186426896,0.09776160136780732,1.0170220005945474,-0.9558398891749254
2024-11-16 04:45:00+00:00,91134.33,91356.53,91100.37,91269.69,6,6,True,0.0,6.0,-0.16671471109412916,0.558750665198926,-0.22077427895285107,0.13612405169776132,0.558750665198926,-0.26797505283517875,-0.7198884974847664,0.558750665198926,-1.3295980297511778,-0.7600442162124188,0.558750665198926,-2.0879768518990316
2024-11-18 08:00:00+00:00,91719.9,92041.71,91555.54,92028.01,5,5,True,2.0,6.0,-0.970671863924899,0.19991739471494352,-1.012974202093475,-1.967031559195942,0.19991739471494352,-2.8807642368883113,-1.553690012421216,0.6150192751098293,-2.8807642368883113,-0.5179727346054652,0.6150192751098293,-2.8807642368883113
2024-11-18 19:45:00+00:00,90326.45,90640.0,90190.47,90608.26,6,6,True,0.0,5.0,0.5957072787845297,1.5139237857564103,-0.21660276888663121,0.11698712678072098,1.5139237857564103,-0.4240672980586835,1.1166200520791314,1.5359968285452164,-0.4240672980586835,2.8911381810002856,3.6390170167708735,-0.4240672980586835
2024-11-19 12:00:00+00:00,91652.01,92020.01,91652.01,92020.01,6,6,True,0.0,5.0,0.015692239111908535,0.8345902157585128,-1.1347640583825092,1.3768527084489612,1.3768635756505665,-1.1347640583825092,0.173320998335047,2.0490108618766767,-1.1347640583825092,1.7362745342018648,2.0490108618766767,-1.1347640583825092
2024-11-19 18:00:00+00:00,92853.75,93287.0,92711.5,93286.99,5,5,True,5.0,5.0,-1.1694985549431935,0.6630292176861952,-1.2670469912256843,-1.187185908774635,0.6630292176861952,-2.1085362492669235,-0.8423146678867011,0.6630292176861952,-2.1085362492669235,0.9619669366542904,1.656158055908974,-2.1085362492669235
2024-11-20 13:00:00+00:00,93531.95,93912.01,93531.94,93912.01,6,6,True,3.0,6.0,0.43048807069510087,0.9795978171482034,-0.08945607702358638,-0.3530964782885504,0.9795978171482034,-0.824186384680714,1.0202954872332137,1.0803304071545394,-0.824186384680714,3.767111363072728,4.762809357397435,-0.824186384680714
2024-11-21 05:15:00+00:00,97400.95,97719.99,97311.0,97656.92,5,5,True,6.0,4.0,-0.7955196620987093,0.19976054948283029,-0.9880713010404163,0.3717811292840434,0.7454054459223203,-0.9880713010404163,-0.04349922156053898,0.7454054459223203,-2.1062716292916006,1.3194456675471589,1.6824921367579515,-2.1062716292916006
2024-11-21 10:45:00+00:00,97614.99,97787.49,97487.99,97756.0,6,6,True,5.0,4.0,-0.24959081795491445,0.643295552191181,-0.75295634027579,-0.6219669380907566,0.643295552191181,-2.2054912230451307,0.6137730676377906,1.2602806988829318,-2.2054912230451307,0.6587830925979032,1.7021870780310255,-2.2054912230451307
2024-11-22 04:15:00+00:00,98773.96,98933.31,98669.97,98871.01,6,6,True,5.0,5.0,0.36590098553661576,0.3910549715229861,-0.3578399775626684,-0.5059824917334144,0.5552487023243735,-0.6216180051159537,-0.36681126247217755,0.5552487023243735,-1.7688703695855734,-0.3179597335963291,0.7251872920080338,-1.7688703695855734
2024-11-22 09:45:00+00:00,98559.93,98750.43,98456.0,98702.0,5,5,True,0.0,5.0,-0.08202468035096722,0.25024822192052376,-0.4885007396000063,-0.038499726449314764,0.25024822192052376,-1.6006666531579894,0.5782253652408365,0.8976616481935373,-1.6006666531579894,-0.2562562055480111,0.8976616481935373,-1.6006666531579894
2024-11-25 08:00:00+00:00,98047.34,98248.0,97850.0,98208.0,5,5,True,0.0,5.0,0.14389866405997154,0.6759123492994457,-0.13033561420657813,-0.672063375692411,0.6759123492994457,-1.0037675138481528,-3.2853637178233974,0.6759123492994457,-3.8774845226458132,-5.068813131313132,0.6759123492994457,-5.710135630498536
2024-11-27 00:00:00+00:00,91965.16,92428.58,91812.0,92427.99,6,6,True,6.0,6.0,0.5277622070976484,0.6593132664683088,-0.6879409581448281,0.7530835626740284,0.8473731820847652,-0.6879409581448281,0.8287316428713831,1.5770222851324567,-0.6879409581448281,3.6785501880977733,5.171831606421384,-0.6879409581448281
2024-11-27 07:15:00+00:00,93280.0,93524.0,93200.01,93434.98,6,6,True,5.0,6.0,0.18516619792716682,0.24725215331560246,-0.3487558942057878,0.4206240532186323,0.4822819034156156,-0.6283942052537461,3.1893943788504187,3.322470877609218,-0.6283942052537461,2.320522784935597,4.038348378733536,-0.6283942052537461
2024-11-27 19:15:00+00:00,96225.08,96415.0,96004.31,96414.99,5,4,True,0.0,6.0,0.009345019897843976,0.8227143932701741,-0.3760825987743299,-0.20037340666633208,0.8227143932701741,-0.718529349015129,-0.8420163711057804,0.8227143932701741,-1.6516622570826534,-1.3763523701034508,0.8227143932701741,-1.8409896635367629
2024-11-29 02:30:00+00:00,96422.37,96800.0,96334.6,96680.0,5,5,True,4.0,5.0,-0.23995655771618107,0.1851468762929187,-0.4916425320645512,-0.7888187836160632,0.1851468762929187,-1.1170562681009577,0.8996172941663216,0.9350434422838338,-1.1170562681009577,-0.1448179561439722,2.0066094331816275,-1.1170562681009577
2024-11-29 14:15:00+00:00,97052.02,97250.06,96916.66,97246.56,5,5,True,4.0,6.0,-0.21241882489210218,1.4123173097331243,-0.30290017456658935,0.24004962232082594,1.4123173097331243,-0.40386004399537434,-0.7089299611215072,1.4123173097331243,-0.9632320156106156,-0.6293795893654308,1.4123173097331243,-1.1872399393870636
2024-11-30 20:00:00+00:00,97019.69,97040.0,96956.14,97040.0,5,5,True,4.0,5.0,-0.6081718878812814,0.0,-0.7172300082440186,-0.9151174773289306,0.0,-1.0341096455070087,-0.33263602638087253,0.0,-1.3871805441055152,-0.03678895300907037,0.4981553998351318,-1.3871805441055152
2024-12-01 14:30:00+00:00,97119.59,97243.44,96968.25,97201.47,6,6,True,5.0,5.0,-0.0008538965511561969,0.13531688358210392,-0.247897485501003,-0.2623417114988036,0.3312089827448128,-0.4130184450914287,0.30713527274843777,0.9552633308940628,-0.4130184450914287,-0.49736902127097693,0.9552633308940628,-2.505589678839215
2024-12-01 22:45:00+00:00,97465.57,97681.25,97452.89,97562.56,5,5,True,6.0,6.0,0.4124225522577518,0.5816165545471597,-0.5060547816703509,-0.8759097752252476,0.5816165545471597,-1.5226742717698194,-2.655270628404993,0.5816165545471597,-2.810658104912367,-2.245287536530405,0.5816165545471597,-3.2466962736525162
2024-12-04 00:00:00+00:00,95849.69,96000.0,95827.0,95934.61,5,4,True,0.0,6.0,-0.11946679097356583,0.7083470709893014,-0.7405460865479108,0.41631482110575657,0.7083470709893014,-0.7405460865479108,0.07944995033597468,1.0584188542591688,-0.7405460865479108,2.840882972266212,3.1952910425132375,-1.4038520613155137
2024-12-04 08:00:00+00:00,96588.81,96797.41,96588.81,96724.01,5,5,True,5.0,6.0,-0.3546689182964857,0.23364415929405524,-0.37996770398579516,-1.2572162795980057,0.23364415929405524,-1.418055351509917,1.3517016095589973,1.5135745509310405,-2.2085312633336796,6.091548520372569,7.6134043656792105,-2.2085312633336796
2024-12-04 20:30:00+00:00,98031.61,98806.32,98031.61,98806.32,6,6,True,6.0,4.0,-0.040554086013933066,0.1960198497424015,-1.4065193400584208,2.5359713832070696,2.843846426018093,-1.4065193400584208,3.7739893561464344,5.345488021414013,-1.4065193400584208,0.1555264885889862,5.345488021414013,-1.4065193400584208
2024-12-06 19:30:00+00:00,101344.26,101700.0,101214.89,101668.25,5,4,True,5.0,5.0,-1.1707391442264514,0.22695384252213735,-1.3547493932471566,-1.532700720234692,0.22695384252213735,-2.57230748045727,-2.3473306563258522,0.22695384252213735,-2.7779075571773837,-1.4611051139367448,0.22695384252213735,-2.7779075571773837
2024-12-07 18:00:00+00:00,99631.98,99720.0,99582.35,99712.47,6,6,True,4.0,4.0,0.5450973183193542,0.7288055345535005,-0.08872511131255978,0.07375205929609496,0.7288055345535005,-0.11769841826202443,-0.21710423982075344,0.7288055345535005,-0.37755558557520663,0.2121399660443668,0.7898009145696605,-1.057811525479213
2024-12-08 21:30:00+00:00,99991.99,100058.83,99973.09,100004.38,6,6,True,0.0,4.0,-0.38618308518088007,1.3465610206272904,-0.6563712509392139,-1.0122956614500356,1.3465610206272904,-1.0123056610120584,-1.3463410302628875,1.3465610206272904,-1.6763065777719022,-3.01225806309684,1.3465610206272904,-5.854073591576691
2024-12-10 08:15:00+00:00,97017.41,97464.54,96938.19,97302.11,5,5,True,1.0,5.0,0.4253556269232073,0.5758559603691982,-0.13951393243167853,0.7336531551062953,0.7773623819668396,-0.4502163416600147,-0.883619070542252,0.9947266302858138,-3.1300143439849437,0.6702835118375106,0.9947266302858138,-3.1300143439849437
2024-12-11 04:45:00+00:00,97296.01,97600.0,97184.71,97546.96,5,4,True,6.0,6.0,-0.21770027482148624,0.24952084616476355,-0.30558615050639837,0.6841115294623057,0.9488865670442159,-0.30558615050639837,3.105201843296812,3.633060425460699,-0.30558615050639837,3.2074192778534405,4.450205316495759,-0.30558615050639837
2024-12-11 12:15:00+00:00,98272.0,98396.5,98228.15,98348.91,5,4,True,3.0,6.0,2.173059162526547,2.4922391107333963,-0.28122324894094275,2.1021890329033566,2.788022765071818,-0.28122324894094275,2.553195556514032,3.5985045487540113,-0.28122324894094275,2.4035548538362095,3.5985045487540113,-0.28122324894094275
2024-12-11 21:45:00+00:00,101355.99,101536.7,101353.93,101520.12,5,5,True,4.0,4.0,-0.7364648505143512,0.36237151807938517,-0.9460292206116327,-0.48684930632469925,0.36237151807938517,-1.1707137462012351,-0.6954779013263468,0.36237151807938517,-1.1707137462012351,-1.733754845837454,1.004608741597246,-2.1754111401759535
2024-12-14 05:15:00+00:00,101735.3,101816.71,101683.42,101787.99,5,5,True,0.0,6.0,-0.04146854653481746,0.2082858694822498,-0.1881950905995966,-0.15913468769744865,0.2082858694822498,-0.45878693547245497,-0.5469702270375909,0.2082858694822498,-0.9447185272054237,0.6519629673402472,1.0433549183946011,-1.1578772701966167
2024-12-15 05:15:00+00:00,102262.69,102511.81,102262.69,102451.61,5,5,True,4.0,5.0,-0.670472626052443,0.04723205423515786,-0.8956423427606497,0.0032112721312982373,0.11392695536946995,-0.8956423427606497,0.5625973081340607,1.0135419052955896,-0.8956423427606497,2.295639863541421,4.095972723122654,-0.8956423427606497
2024-12-20 19:15:00+00:00,97094.48,97727.27,97068.0,97584.33,6,6,True,1.0,6.0,-0.43405534474644236,0.16772160038398543,-2.244714904534373,-0.10852152184680497,0.23785581148121349,-2.244714904534373,1.3790841213953131,1.3815640277491381,-2.244714904534373,-0.6633954447399448,2.004707108200665,-2.244714904534373
2024-12-20 23:45:00+00:00,97528.01,97816.44,97476.75,97805.44,5,4,True,5.0,6.0,-0.418627021155471,0.00833286982808712,-0.6312021090033482,0.9064321984543877,0.9064526472147172,-0.6312021090033482,0.46688609549734306,1.7741037717329489,-0.6312021090033482,-0.5249707991702657,1.7741037717329489,-1.4386214100156391
2024-12-23 14:15:00+00:00,95213.68,95580.0,95213.68,95521.74,5,5,True,0.0,6.0,-1.81374418012068,0.1044788338235847,-2.714481541060698,-2.6991551870809705,0.1044788338235847,-3.142467882180544,-1.7844210124313142,0.1044788338235847,-3.142467882180544,1.3736349442545759,1.4480368552750367,-3.142467882180544
2024-12-25 19:30:00+00:00,98946.2,99299.99,98946.2,99206.66,6,6,True,6.0,5.0,-0.36037903100457624,0.3511256199936641,-0.8286238040873473,-0.4684866923248987,0.7630939293793215,-0.8286238040873473,-1.2292118291251874,0.7630939293793215,-1.4380687748181464,-3.4395573845546257,0.7630939293793215,-4.039567504842923
2024-12-26 01:45:00+00:00,98741.9,99250.0,98741.89,99057.01,5,5,True,1.0,5.0,-0.7642164850321986,0.13850609865977415,-0.8096448701611303,-1.3497479885572816,0.13850609865977415,-1.3586519520425666,-3.3844853584819368,0.13850609865977415,-3.894595647496324,-3.1698715719362003,0.13850609865977415,-3.894595647496324
2024-12-27 20:45:00+00:00,94367.47,94667.61,94340.0,94588.12,5,5,True,5.0,4.0,-0.30563034765888064,0.24841386000693522,-0.5154135635637824,-0.26443067057468905,0.24841386000693522,-0.5154135635637824,-0.10583781557346184,0.24841386000693522,-0.5154135635637824,0.5232475283365456,0.7952795763358056,-0.5154135635637824
2024-12-28 05:15:00+00:00,94638.6,94751.36,94632.0,94685.6,5,5,True,3.0,5.0,-0.2925154405738595,0.12082090624128128,-0.39984960754329,0.057411053000677725,0.12082090624128128,-0.39984960754329,0.4468578115362831,0.6915095854068465,-0.39984960754329,0.5095706210870299,1.1072327787963632,-0.39984960754329
2024-12-28 14:00:00+00:00,94665.29,94884.0,94584.78,94881.74,6,6,True,4.0,6.0,0.12729530466031314,0.4833596011202923,-0.5332322109607213,0.03704611656574208,0.4833596011202923,-0.5332322109607213,0.12990908471957052,0.8982234094779384,-0.5332322109607213,0.09511840739850896,0.8982234094779384,-0.5332322109607213
2024-12-28 20:45:00+00:00,94964.04,95151.13,94964.04,95083.05,5,5,True,5.0,6.0,0.22816895335182608,0.6846015141499961,-0.12009501167663528,0.07514483391097837,0.6846015141499961,-0.2892734299120625,0.042362965849318535,0.6846015141499961,-0.2892734299120625,-1.2878215412736593,0.6846015141499961,-1.8279283216093734
2024-12-29 09:15:00+00:00,95057.23,95183.45,95048.3,95183.45,5,5,True,0.0,5.0,-0.1927330854260889,0.10022750803844183,-0.1927330854260889,-0.5601183819245903,0.10022750803844183,-1.2328298669569082,-1.3775398979549491,0.10022750803844183,-1.9314807353589258,-1.3458221991323072,0.10022750803844183,-2.2839369659326203
2024-12-30 08:00:00+00:00,93731.66,93872.72,93723.29,93787.61,5,5,True,2.0,5.0,-0.2622947743310622,0.299559824586626,-0.3160865278473368,-0.9675798327732243,0.5220519000324275,-1.2811926863260603,1.052452450808783,1.0728496013492572,-2.406671840768737,-0.8726099321648029,1.318820257814446,-2.406671840768737
2024-12-30 20:00:00+00:00,94417.04,94793.81,94409.0,94774.68,5,4,True,2.0,5.0,-2.384096680674619,0.26359360960122036,-3.0315164345582457,-2.4017807287769255,0.26359360960122036,-3.0315164345582457,-1.90501302668602,0.26359360960122036,-3.0315164345582457,-0.8741153227845078,1.556660492021722,-3.0315164345582457
2025-01-01 20:45:00+00:00,94724.02,94852.7,94716.43,94786.23,5,5,True,4.0,6.0,-0.20513528178091045,0.3849926302586404,-0.2576640087911475,0.472779643203447,0.7699114101278326,-0.4159148433269255,1.4387849374323691,1.5037099798145714,-0.4159148433269255,2.6588566714806694,3.2212168370870042,-0.4159148433269255
2025-01-02 04:15:00+00:00,95157.15,95206.78,95045.83,95173.88,6,6,True,0.0,5.0,0.6298156595065718,0.8680112652757144,-1.0507084513555753e-05,1.601353228427782,1.71737245555188,-1.0507084513555753e-05,2.325501492636417,2.3819875789449885,-1.0507084513555753e-05,1.834936224098449,2.8007894603014893,-1.0507084513555753e-05
2025-01-02 09:45:00+00:00,96350.0,96799.86,96287.87,96755.51,5,4,True,6.0,5.0,0.09766885627495725,0.14416750012480328,-0.2956420776449753,-0.3105766276256472,0.708383429532855,-0.8587727975388537,0.472500222467942,1.1203392964390435,-0.8587727975388537,-0.2079364782429316,1.1203392964390435,-0.8587727975388537
2025-01-02 14:30:00+00:00,96474.83,97440.91,96267.45,96812.44,6,6,True,0.0,6.0,-0.15745910339621805,0.8651367530866816,-0.7978313530781933,0.670946832865682,1.0608760609690293,-0.7978313530781933,0.2803978496978221,1.0608760609690293,-0.7978313530781933,0.4540119017762523,1.0608760609690293,-0.7978313530781933
2025-01-02 20:00:00+00:00,97317.74,97769.23,97317.74,97769.23,5,5,True,1.0,4.0,-0.9417482371498531,0.07187332865361551,-1.1277269954974467,-0.6844996119944824,0.07187332865361551,-1.1447671215166544,-1.3350826226206425,0.07187332865361551,-1.5225444651655762,0.7265373778641893,1.2352352575549563,-1.7073060716546462
2025-01-03 05:45:00+00:00,96750.36,96813.77,96712.91,96765.34,5,5,True,0.0,4.0,-0.6566090709752004,0.1583418194985864,-0.6875705702062307,-0.00801940033486881,0.1583418194985864,-0.6875705702062307,1.3028011889381075,1.7352080817367055,-0.6875705702062307,1.406360996613043,2.2854980926021673,-0.6875705702062307
2025-01-06 03:00:00+00:00,98815.39,99027.24,98759.55,98961.91,6,6,True,4.0,4.0,0.5653993541555602,0.93984645203391,-0.06255942311542695,0.2203676141659061,0.93984645203391,-0.06255942311542695,2.3159617675123645,2.3577960449631563,-0.25528003653123577,2.733193003247414,3.8019375333398386,-0.25528003653123577
2025-01-09 01:15:00+00:00,95133.37,95382.32,95133.37,95261.84,5,5,True,5.0,6.0,-1.1451699862190412,0.0,-1.9304162086308585,-1.59621103266534,0.0,-1.9304162086308585,-2.508696031905322,0.0,-2.7060363310219437,-2.595016010608231,0.0,-4.260016392712962
2025-01-10 00:00:00+00:00,92552.49,92764.54,92524.08,92637.77,6,6,True,6.0,6.0,0.8581488954235494,1.175654379417801,-0.2224146803188498,1.4458465483355054,1.7404348140072967,-0.2224146803188498,2.4254901645408777,2.866681700131579,-0.2224146803188498,2.1850051010511073,3.4524039168904785,-0.46606260060017
2025-01-10 09:15:00+00:00,94822.13,94958.64,94767.73,94941.24,5,5,True,4.0,6.0,-0.1731281369402926,0.3709241631981941,-0.3589062034580537,-1.7607627623148825,0.3709241631981941,-2.880960897498286,-0.07292931922945334,0.9424355527692718,-2.880960897498286,-0.7474939236100209,0.9424355527692718,-2.880960897498286
2025-01-12 04:15:00+00:00,94584.01,94650.0,94575.75,94632.42,6,6,True,2.0,5.0,-0.2538453523644457,0.009182899475668194,-0.37873912555549394,-0.7363121433436759,0.009182899475668194,-0.9734824492494187,0.2637362544464228,0.8640590613660848,-0.9734824492494187,0.18467244100910385,1.3817463402077346,-0.9734824492494187
2025-01-13 18:45:00+00:00,91813.61,92244.17,91725.07,92077.65,5,5,True,5.0,4.0,2.2978866206946114,2.600359587804424,-0.5187469489067009,2.599023758751451,3.043463859036377,-0.5187469489067009,3.208476758475065,3.6784822375462545,-0.5187469489067009,5.104550344193193,5.7487892012882735,-0.5187469489067009
2025-01-14 01:00:00+00:00,94470.76,95024.5,94462.59,94991.59,5,5,True,1.0,6.0,0.14781308534788096,0.30445853153948654,-0.4243323014174183,0.08252309493923526,0.4980651445038564,-0.4243323014174183,1.0635467834573475,2.5048638516315114,-0.4243323014174183,2.121556234609834,2.5048638516315114,-0.4243323014174183
2025-01-14 09:00:00+00:00,95488.51,95861.45,95469.51,95861.45,6,6,True,5.0,5.0,0.48043295819122367,1.5747205993650315,-0.0577813083361467,0.9849318991106415,1.5747205993650315,-0.11737773630589032,0.7306691062987314,1.5747205993650315,-0.5316944402572688,1.5267451097391138,1.9439618324154306,-0.5316944402572688
2025-01-15 05:45:00+00:00,96989.97,97077.72,96987.88,97029.97,5,5,True,0.0,5.0,0.1775636950109183,0.5877977701116421,-0.18393286115619967,-0.2759868935340415,0.5877977701116421,-0.5245492707047106,1.6651350093172201,2.854798367968159,-0.5245492707047106,2.4241376143886217,3.954128811953672,-0.5245492707047106
2025-01-15 19:45:00+00:00,99434.32,99990.0,99416.1,99844.9,6,6,True,5.0,5.0,-0.1316441801233581,0.8383402657521799,-0.3846966645266736,0.23781885704730055,1.023347211525083,-0.3846966645266736,-0.044979763613350876,1.023347211525083,-0.6759483959621337,0.5731890161640774,1.023347211525083,-2.513668700153926
2025-01-16 20:15:00+00:00,100413.92,100615.65,100259.14,100615.64,5,5,True,5.0,4.0,-0.7199775303322609,0.02618877144746623,-1.2310610954718415,1.234907415984221,1.52311310647133,-1.2310610954718415,1.2764914082939782,1.52311310647133,-1.2310610954718415,4.665646414414293,5.217459233971966,-1.2310610954718415
2025-01-17 10:15:00+00:00,102057.61,102250.0,102000.52,102232.64,6,6,True,0.0,4.0,0.312385555141681,0.7310385411156473,-0.14672417732731757,2.317567070555948,2.488794185496923,-0.14672417732731757,2.3022588480547945,3.553248747171156,-0.14672417732731757,0.9142676937619942,3.553248747171156,-0.14672417732731757
2025-01-17 14:45:00+00:00,102546.34,103395.47,102537.27,103378.95,5,5,True,0.0,6.0,0.722110255521069,1.828505706432515,-0.09011505727229974,1.270809966632469,2.405006048136493,-0.09011505727229974,0.9180108716523083,2.405006048136493,-0.09011505727229974,0.594008741624874,2.405006048136493,-1.0654006449088427
2025-01-18 17:15:00+00:00,103876.94,104091.32,103815.78,103894.74,5,5,True,0.0,5.0,0.02533333256331538,0.5710202460682767,-0.11435612621005786,0.5488728303280732,0.8231985565390509,-0.12445288375523278,0.8127360441924303,1.5051868843408256,-0.12445288375523278,0.6364711052744276,1.7438226420317227,-0.42740373574254864
2025-01-19 20:45:00+00:00,106180.09,106422.43,105803.26,106275.49,6,6,True,6.0,5.0,-4.651985137871395,0.08735786586351324,-6.232754137383889,-4.0922605955521885,0.08735786586351324,-6.328354731650732,1.9237925884886486,3.1169087058549483,-6.328354731650732,-2.473129034737931,3.1169087058549483,-6.328354731650732
2025-01-21 17:15:00+00:00,105490.18,105815.5,105400.0,105685.88,6,6,True,4.0,6.0,1.2698763543436575,1.471275065316191,-0.16449690346526102,0.03621108136677709,1.471275065316191,-0.25157570718056244,-0.05475660513969416,1.471275065316191,-0.3866552466611384,-1.3435096533236157,1.471275065316191,-2.220504763739495
2025-01-24 08:15:00+00:00,105230.0,105560.67,105175.27,105546.62,6,6,True,4.0,6.0,-0.1626958778973675,0.20121913899280308,-0.46913866119066006,-0.26585408419520506,0.23401033590655373,-0.63158820244551,-0.3235631799483385,1.4906967177158448,-0.8313387960694474,-1.1431725620394073,1.4906967177158448,-1.2599266561070355
2025-01-24 14:15:00+00:00,105010.18,105322.23,105010.18,105266.02,6,6,True,0.0,6.0,1.1515681888609297,1.170738667615634,-0.5669920834852515,-0.05786292670703075,1.7612331120716807,-0.5669920834852515,-0.5678945589469464,1.7612331120716807,-0.8589001465050261,-0.6265459642152416,1.7612331120716807,-1.1019035392427767
2025-01-30 02:45:00+00:00,104393.81,104668.35,104325.92,104663.19,6,6,True,6.0,5.0,0.680764650876764,0.891067814768487,-0.1624544407637485,0.3791399822611785,0.891067814768487,-0.1624544407637485,1.2013583763307745,1.489434824220437,-0.1624544407637485,-0.3071471450468932,1.714308535789888,-0.38999384597393494
2025-01-30 16:15:00+00:00,105638.29,106004.48,105544.0,105948.73,5,5,True,1.0,4.0,-0.5077550245293105,0.060670854667166374,-1.1195414989872976,-0.8131857739115844,0.060670854667166374,-1.1195414989872976,-1.3670480052002443,0.060670854667166374,-1.9052989120303732,-1.0804471181485642,0.060670854667166374,-1.9052989120303732
2025-02-03 18:15:00+00:00,99070.0,99620.0,98962.0,99469.98,5,5,True,5.0,6.0,1.7527599784377124,2.495064340014963,-0.2286820606579032,1.8532727160496032,3.0461753385292667,-0.2286820606579032,-0.4255856892702692,3.0461753385292667,-1.2467681203916836,-0.403770062083042,3.0461753385292667,-1.6185586847408562
2025-02-07 04:00:00+00:00,97444.04,97707.24,97383.63,97671.46,5,5,True,2.0,5.0,-0.7808524619167256,0.2167060879401106,-1.1318147593985084,-0.40306554238055403,0.2167060879401106,-1.1318147593985084,0.2289000287289511,2.5253333983130677,-1.1318147593985084,-1.0683161693292975,2.5253333983130677,-2.1000198010759807
2025-02-07 13:45:00+00:00,98337.99,98862.38,98165.25,98828.01,6,6,True,5.0,6.0,-1.0122130355553982,1.3255149021011547,-1.2261098852440644,-1.9523311255584264,1.3255149021011547,-1.9946065897714638,-2.346308501000882,1.3255149021011547,-3.2457093894736944,-2.6119214582991157,1.3255149021011547,-3.2457093894736944
2025-02-09 04:45:00+00:00,97136.9,97312.66,97092.98,97220.59,5,5,True,5.0,6.0,-0.16741309634100698,0.006994403140314631,-0.4554796468525746,-0.4716902047189775,0.0759818470552398,-0.5799183074285064,-0.8006842994884078,0.0759818470552398,-1.5640616869327717,-0.2932814952058882,0.0759818470552398,-2.5792787309766307
2025-02-10 05:00:00+00:00,96935.46,97166.67,96764.75,97136.27,5,5,True,6.0,5.0,0.6441569148166737,0.7621972719356052,-0.34618376843171816,0.5503196694705226,0.8425483086801577,-0.34618376843171816,-0.16654952882172447,1.2443652612973422,-0.34618376843171816,1.0576893677304966,1.2443652612973422,-0.34618376843171816
2025-02-11 06:45:00+00:00,98346.58,98476.0,98288.04,98424.33,5,4,True,6.0,5.0,-0.43113323707664186,0.04033555524329824,-0.5187030483214894,-0.668737089701299,0.04033555524329824,-0.7557480960246332,-3.002357242360709,0.04033555524329824,-3.0626675335255094,-2.6481866831097656,0.04033555524329824,-3.604240943270831
2025-02-14 00:15:00+00:00,96594.62,96873.75,96531.36,96861.17,6,6,True,5.0,5.0,-0.22109995161115892,0.10772118486694904,-0.521116975977054,-0.1175909809885578,0.39998484428798164,-0.521116975977054,-0.13733057323177533,0.39998484428798164,-0.521116975977054,0.5071072339927429,2.028501204352584,-0.6280638567549679
2025-02-15 12:15:00+00:00,97565.6,97660.38,97535.88,97656.14,5,5,True,2.0,4.0,-0.05408774092442448,0.31372323337783836,-0.2350799447940366,-0.19997718525429642,0.31372323337783836,-0.3602026457322549,0.019281941719184736,0.31372323337783836,-0.3602026457322549,-0.4229943964608851,0.31372323337783836,-0.6088301257862527
2025-02-18 12:00:00+00:00,95640.35,95822.05,95600.17,95812.46,5,5,True,2.0,4.0,-0.2446967753463536,0.9825966267852815,-0.4628416805079527,-1.8382055945542097,0.9825966267852815,-2.1526845255825933,-0.238444978868102,0.9825966267852815,-2.5303285188586266,0.59958798678168,0.9825966267852815,-2.5303285188586266
2025-02-19 02:00:00+00:00,95480.0,95727.27,95458.03,95609.56,6,6,True,4.0,5.0,-0.3666055988543304,0.36814310200778966,-0.5096770657662342,0.1333757837605365,0.36814310200778966,-0.6061841514593214,0.5882779922844472,0.9260998586333891,-0.6061841514593214,1.390509484616409,1.4542897174717684,-0.6061841514593214
2025-02-19 12:15:00+00:00,96386.94,96457.94,96324.79,96436.83,5,4,True,6.0,5.0,-0.45891180786427066,0.2728936652106828,-0.9337407710311552,-0.4330503190534074,0.2728936652106828,-0.9337407710311552,0.0784762419088203,0.48027294136483434,-1.0674552450552377,1.0164788701577887,1.101788600890341,-1.0674552450552377
2025-02-19 20:00:00+00:00,96206.54,96435.12,96101.89,96401.68,6,6,True,2.0,4.0,0.20693622766740916,0.516910078745525,-0.3561141258119016,0.5573969250328492,0.6206530840541458,-0.3561141258119016,0.49193126094899675,0.9970261929045376,-0.3561141258119016,2.104050468830021,2.1953144385035595,-0.3561141258119016
2025-02-20 02:00:00+00:00,96767.67,96952.24,96756.38,96939.02,6,6,True,0.0,5.0,0.1920485682648687,0.4371923710390302,-0.2058407440058807,-0.06510278317235496,0.4371923710390302,-0.2058407440058807,0.8188240401027391,0.8365774690109351,-0.2058407440058807,1.4614754718997425,1.8283040204037482,-0.2058407440058807
2025-02-20 12:00:00+00:00,97207.93,97472.24,97207.92,97436.51,5,5,True,0.0,4.0,-0.3846504765000258,0.6421001737439092,-0.6538514156551711,0.7950202649910088,0.9310986200142146,-0.6538514156551711,1.0662943490073795,1.3083904585662998,-0.6538514156551711,1.2235352025642188,1.498719525155412,-0.6538514156551711
2025-02-21 12:45:00+00:00,98787.98,98957.93,98787.98,98904.0,6,6,True,5.0,5.0,-0.8088247189193654,0.5773275095041663,-1.7458242336002572,-2.38663754752082,0.5773275095041663,-2.414978160640613,-2.7482204966432167,0.5773275095041663,-4.076730971447063,-2.1031100865485652,0.5773275095041663,-4.076730971447063
2025-02-22 21:00:00+00:00,96578.01,96599.52,96528.01,96582.74,6,6,True,1.0,6.0,-0.08784178208239846,0.12140885628217912,-0.11443038373109005,-0.14009749568091312,0.12140885628217912,-0.23562180985962078,-0.2745935764506213,0.12140885628217912,-0.45427371391617566,-0.8932548403576157,0.12140885628217912,-1.4027351056720927
2025-02-24 00:00:00+00:00,96258.0,96500.0,96194.88,96465.82,6,6,True,6.0,5.0,-0.749685225295349,0.03439560250459994,-0.8198447906211825,-0.8302111566563242,0.03439560250459994,-1.438654644722881,-0.7030780436013573,0.03439560250459994,-1.438654644722881,-5.659206545904039,0.03439560250459994,-5.75728273496251
2025-02-24 09:00:00+00:00,95509.5,95757.89,95499.94,95730.0,5,5,True,0.0,6.0,0.06015877990179774,0.4671262926982056,-0.39172673143215153,-0.9136634283923528,0.4671262926982056,-1.6107803196490078,-1.9517392666875577,0.4671262926982056,-2.206204951425883,-6.667115846652038,0.4671262926982056,-7.865872767157633
2025-02-25 20:15:00+00:00,87834.61,88818.33,87734.82,88680.59,5,5,True,5.0,4.0,0.4150851950804668,0.8790875207302928,-1.0359538654400091,0.1894326593902873,0.8790875207302928,-1.0359538654400091,-0.29387490543308914,0.8790875207302928,-1.0359538654400091,-5.818330707993702,0.8790875207302928,-7.244629292610705
2025-02-26 03:00:00+00:00,89018.86,89347.83,89018.86,89271.31,6,6,True,6.0,5.0,-0.7063299507983012,0.1600066135469369,-0.9844820245160535,-0.7174645471204499,0.1600066135469369,-1.2695120078331956,-1.041454415757992,0.1600066135469369,-4.315597026637108,-5.091422989087979,0.1600066135469369,-7.858403780565116
2025-02-27 04:45:00+00:00,85028.74,85300.0,84914.46,85161.93,5,5,True,6.0,5.0,1.303493239291309,1.8495001228835628,-0.12242559556834287,2.1741287450860014,2.2445357919906206,-0.12242559556834287,-0.8105030029262994,2.250453929355545,-0.9474773528500346,-5.579288773751367,2.250453929355545,-6.765851830741731
2025-03-01 04:00:00+00:00,85330.83,85934.42,85304.0,85886.8,6,6,True,5.0,5.0,-1.0325102344015735,0.781493780185083,-1.231784162409122,-0.7997736555559243,0.781493780185083,-1.3350712798707254,-1.0890381292585127,0.781493780185083,-1.8075070907287327,-0.14034752721024946,0.781493780185083,-1.8075070907287327
2025-03-02 03:30:00+00:00,85946.43,85955.89,85826.28,85949.29,5,5,True,0.0,6.0,0.4662167657231375,0.49519897139349567,-0.48565846210014696,0.12811042418150453,0.7454162797621899,-0.48565846210014696,2.4804160685911514,3.1690779528254387,-1.0456049142465118,7.680075076827286,10.530290593441794,-1.0456049142465118
2025-03-02 16:30:00+00:00,88960.01,91806.79,88867.92,91584.99,6,6,True,6.0,4.0,1.8769669571400138,3.728787872335837,-1.0361850779259885,2.9682156431965367,3.728787872335837,-1.0361850779259885,1.3206967648301315,3.728787872335837,-1.0361850779259885,-1.6845991903258528,3.728787872335837,-2.694753801905758
2025-03-05 12:00:00+00:00,89814.26,90530.97,89814.26,90243.48,5,4,True,1.0,6.0,-1.7711418043719007,0.7649749322610422,-2.311779200004249,-1.1003232588104983,0.7649749322610422,-2.9292753337969657,0.29359461758344807,0.8383098701424174,-2.9292753337969657,0.8795095224607863,2.844704127101494,-2.9292753337969657
2025-03-05 20:00:00+00:00,89750.0,90268.01,89749.99,90099.66,5,5,True,3.0,5.0,0.3018657340105424,0.6663066209128932,-0.46821486340792307,1.697930935588432,2.0015058880355374,-0.46821486340792307,1.4381963261570485,3.0088681799687045,-0.46821486340792307,-0.980170180442419,3.0088681799687045,-2.512395718252436
2025-03-06 04:00:00+00:00,91605.02,91886.8,91566.57,91799.98,5,4,True,2.0,5.0,-0.10891069910907714,1.1009370590276957,-0.2980610671156958,-0.8714380983525172,1.1009370590276957,-1.2928216324230135,-1.1386276990474231,1.1009370590276957,-2.9218960614152634,-4.9964607835426555,1.1009370590276957,-7.770099732047864
2025-03-09 00:00:00+00:00,86222.46,86322.0,86116.6,86321.99,5,5,True,0.0,4.0,-0.31969837581362626,0.206216283938776,-0.44269136983519086,-0.5191724611538717,0.206216283938776,-0.581149716312146,-2.205092815863041,0.206216283938776,-2.4114712832732477,-6.261069745959292,0.206216283938776,-7.323730604449697
2025-03-10 07:45:00+00:00,82250.45,82383.52,82191.77,82318.77,5,5,True,5.0,4.0,-0.037148271287335,2.1923189571467105,-1.4185950543235792,-0.9594774071575718,2.1923189571467105,-1.4185950543235792,-3.95770004823931,2.1923189571467105,-5.902493441046309,-2.300593169698728,2.1923189571467105,-6.93981457691849
2025-03-11 04:00:00+00:00,79522.29,79860.0,79439.9,79801.53,5,4,True,6.0,4.0,0.8188063562189818,0.9351449777967868,-0.102328865123269,2.1756099162509868,2.6296738922173546,-0.102328865123269,1.0869967029454308,3.037134751677084,-0.9317239907555619,2.802252037022357,4.989540927348135,-0.9317239907555619
2025-03-11 09:15:00+00:00,81341.23,81699.99,81251.65,81699.32,5,4,True,3.0,6.0,0.02947392952596939,0.4810566354774837,-0.5256714498970139,-1.005455124963106,0.643689568040462,-3.2329767248980845,1.8552296396102008,2.3477306787865304,-3.2329767248980845,0.6962236650194908,2.5507433844002447,-3.2329767248980845
2025-03-11 21:00:00+00:00,82799.68,83166.02,82799.67,83064.03,5,4,True,0.0,4.0,-0.3402194668378211,0.2923527789345126,-0.6182098316202533,-0.7015912904779653,0.8658741936792502,-1.0197193658915915,-0.6080730732664907,0.8658741936792502,-2.128514592899,0.2695029364696122,1.7767257379638357,-2.9572126466775095
2025-03-12 12:15:00+00:00,82948.15,83511.0,82948.15,83361.05,5,4,True,4.0,5.0,-2.528998854980835,1.414089673774499,-3.3029814283769277,-0.9881593382041198,1.414089673774499,-3.3029814283769277,0.4133345249369924,1.414089673774499,-3.3029814283769277,-0.10033462870249199,1.414089673774499,-3.3029814283769277
2025-03-12 20:30:00+00:00,82868.01,83189.23,82863.76,83149.0,5,5,True,6.0,5.0,0.6585527186135698,0.7085112268337523,-0.35684133302866794,0.9780875296155234,1.4279546356540607,-0.35684133302866794,-0.5861645960865469,1.4279546356540607,-0.9007444467161396,-3.326053229744197,1.4279546356540607,-3.859457119147558
2025-03-14 05:30:00+00:00,81976.1,82127.53,81940.0,82091.24,5,5,True,4.0,4.0,0.5044265380812929,0.6141824633176363,-0.37904166144889784,1.4528346751736088,1.531491057998391,-0.37904166144889784,2.6049064431235225,3.920601028806492,-0.37904166144889784,2.7432646893870816,3.920601028806492,-0.37904166144889784
2025-03-14 14:45:00+00:00,83135.55,83524.8,83009.43,83524.8,5,5,True,4.0,6.0,1.0061442828956046,2.136982069995974,0.0,0.7212229182230745,2.136982069995974,0.0,1.236938011225397,2.136982069995974,0.0,0.7266704020841619,2.136982069995974,0.0
2025-03-19 07:15:00+00:00,83141.3,83300.0,83141.3,83300.0,5,5,True,0.0,6.0,0.2867106842737055,0.4358343337334869,-0.20648259303721606,0.758691476590645,1.252773109243699,-0.20648259303721606,2.0492677070828247,3.1812725090035965,-0.20648259303721606,3.0578631452581106,4.986398559423777,-0.20648259303721606
2025-03-19 14:45:00+00:00,84198.12,84350.01,84120.6,84318.59,6,6,True,6.0,5.0,-0.1039153999135789,0.6753077820679909,-0.6703148143250459,1.2279617104603124,1.9348165096214398,-0.8779439978775616,2.071808838359379,3.718136178510578,-0.8779439978775616,2.197937607827649,3.718136178510578,-0.8779439978775616
2025-03-21 20:15:00+00:00,83906.92,84090.9,83854.04,84090.9,5,5,True,1.0,4.0,0.04488000485189936,0.5863892525826309,-0.018349191172872814,0.1060756871433366,0.5863892525826309,-0.12048866167444494,0.12974055456655975,0.5863892525826309,-0.12048866167444494,0.0869416310207205,0.5863892525826309,-0.13732758241379317
2025-03-22 04:45:00+00:00,84292.14,84392.16,84282.98,84367.4,5,5,True,4.0,6.0,-0.1098528578574065,0.07312066034985687,-0.2538776826119915,0.05478419389479683,0.20359759812440537,-0.3062794396887836,-0.2683500973124642,0.20359759812440537,-0.464610738270943,-0.3169470672321206,0.20359759812440537,-0.8798422139356998
2025-03-23 07:30:00+00:00,84264.17,84311.33,84264.16,84311.32,6,6,True,5.0,6.0,0.2237777797809315,0.2237896405844264,-0.057252098531968,0.654206339077601,0.8781501701076388,-0.057252098531968,0.82407676691576,1.3067403048605986,-0.057252098531968,2.9619984599932536,3.5448146227576416,-0.057252098531968
2025-03-23 12:30:00+00:00,84700.0,84811.48,84699.99,84731.5,5,4,True,4.0,6.0,0.48480199217528774,0.6168544165983114,-0.10298413222944447,0.2620513032343341,0.8043643745242468,-0.10298413222944447,1.786077196792224,2.2537427048972436,-0.10298413222944447,3.137841298690569,3.7512495352967967,-0.10298413222944447
2025-03-24 00:15:00+00:00,85967.4,86425.57,85967.39,86410.66,6,6,True,6.0,5.0,-0.036233955393927264,0.26671477801465393,-1.031782421289229,0.7057231133288377,1.0292017211765314,-1.031782421289229,1.072992614568613,1.7351215694915378,-1.031782421289229,1.2480404616745266,2.7250920198966133,-1.031782421289229
2025-03-25 20:00:00+00:00,88116.23,88539.63,87966.19,88380.0,6,6,True,6.0,5.0,-1.2898845892735933,0.0980199140077076,-1.4113487214301945,-0.9438108169269044,0.0980199140077076,-1.4113487214301945,-0.3690540846345347,0.0980199140077076,-1.5268612808327697,-1.6519574564381134,0.0980199140077076,-2.851323828920571
2025-03-29 23:30:00+00:00,82454.0,82500.0,82404.34,82488.0,6,6,True,1.0,4.0,0.9712564251769917,1.0145960624575734,-0.021797109882648602,0.763808069052474,1.2311245272039528,-0.021797109882648602,0.6750921346135197,1.2688391038696567,-0.021797109882648602,-0.2027446416448475,1.2688391038696567,-1.1189506352439094
2025-03-31 15:15:00+00:00,83440.04,83943.08,83438.45,83635.24,5,5,True,5.0,6.0,-0.34105240805192283,0.13721488693043682,-1.2671572413733845,-1.2657583095355585,0.13721488693043682,-1.5357162841883487,-0.6573544835884904,0.13721488693043682,-1.6382328788678069,1.3334690018226736,1.9035397040768842,-1.6382328788678069
2025-04-01 02:45:00+00:00,82950.0,83120.0,82882.6,83100.0,5,4,True,4.0,4.0,-0.11231046931408084,0.2767629362214308,-0.25647412755716026,1.2297713598074633,1.3327918170878528,-0.25647412755716026,1.3187966305655774,1.6904211793020485,-0.669073405535503,1.9426714801443978,2.9837063778580086,-0.669073405535503
2025-04-01 08:00:00+00:00,83445.5,83700.0,83410.0,83696.52,6,6,True,2.0,6.0,0.47866984194802065,0.9656554418272068,0.0,-1.075815338558872,0.9656554418272068,-1.2538992063230392,1.5341378590173038,2.15424727336333,-1.3770226050019763,0.7600315998801399,2.2497231665068007,-1.3770226050019763
2025-04-01 15:30:00+00:00,84750.49,85331.57,84750.46,85331.24,5,5,True,5.0,6.0,-0.2284743547615209,0.19724311987028287,-0.7163144470887839,0.03457116057379306,0.19724311987028287,-0.7163144470887839,-0.8569546159179264,0.29088994839405746,-0.9691995569266254,2.1649632655051043,2.3458700471245875,-1.6717441349733186
2025-04-04 16:00:00+00:00,82860.0,83555.0,82855.55,83427.99,5,5,True,3.0,5.0,1.0182673704592249,1.4288010534593942,-0.8294458490489931,0.8576018671910823,1.4288010534593942,-0.8294458490489931,0.448938060236137,1.4288010534593942,-0.8294458490489931,-0.8431103278408125,1.4288010534593942,-1.2562210835955767
2025-04-04 20:45:00+00:00,84045.7,84282.0,84018.86,84164.02,5,5,True,4.0,6.0,-0.32573301512928143,0.3397889026688583,-0.6106053394312694,-0.22267234858791563,0.3397889026688583,-0.9131693091655957,-0.7652438654902616,0.3397889026688583,-1.0293709829924946,-1.2933674033155818,0.3397889026688583,-2.1197537855249915
2025-04-07 13:45:00+00:00,76059.99,78498.93,75789.01,78365.47,5,5,True,5.0,4.0,-1.18861023866762,3.672676243758888,-1.3427725246846656,-0.2999152560432483,3.672676243758888,-1.3427725246846656,2.851408917728704,3.672676243758888,-1.3427725246846656,1.958043510745222,3.672676243758888,-1.3427725246846656
2025-04-09 10:00:00+00:00,77478.27,77547.53,77246.94,77519.87,5,5,True,4.0,4.0,-0.7246658179380305,0.07002075725874857,-2.2742685198001378,0.3110428332761872,1.0301745862061118,-2.2742685198001378,7.4470971120049745,7.827838204579041,-2.2742685198001378,5.87191387188859,7.827838204579041,-2.2742685198001378
2025-04-09 16:00:00+00:00,77258.01,77850.4,77136.0,77760.99,5,5,True,5.0,6.0,5.838081536770567,6.724464284726817,-0.3100397770141705,7.113926918883107,7.493487415733768,-0.3100397770141705,5.054886775489864,7.493487415733768,-0.3100397770141705,1.4451333502827124,7.493487415733768,-0.3100397770141705
2025-04-11 06:00:00+00:00,80815.99,81200.01,80815.99,81109.41,5,5,True,2.0,5.0,0.4810662535949861,1.019980295751144,-0.40313448217661474,1.105420443817784,2.313295091161427,-0.40313448217661474,3.55633211978732,3.83505440367522,-0.40313448217661474,2.9942025222474244,3.933686609235587,-0.40313448217661474
2025-04-12 18:00:00+00:00,84760.71,84925.03,84755.5,84842.85,5,5,True,1.0,5.0,0.5518909371856173,1.2519027826151552,-0.009547062598680434,0.7143088663334574,1.2519027826151552,-0.009547062598680434,-0.24850650349441672,1.4817394748054769,-0.5226486380408124,-0.06169052548330445,1.4817394748054769,-1.6055330531683065
2025-04-14 04:30:00+00:00,84814.91,85015.67,84742.33,84997.6,5,5,True,1.0,4.0,-0.6677717959095442,0.1322390279254959,-0.9253673044886113,-0.24108916016454263,0.1322390279254959,-0.9253673044886113,-0.39270520579405277,0.9440148898321787,-1.5157486799627362,0.38695210217698506,0.9440148898321787,-1.5157486799627362
2025-04-14 10:15:00+00:00,84398.88,84660.01,84391.3,84628.9,5,5,True,0.0,4.0,0.3728277219720466,0.7693471142836694,-0.15231203525036818,-0.48990356722111716,1.3837944248359824,-1.086685517595043,-0.15998081033783418,1.3837944248359824,-1.086685517595043,1.345391467926449,1.6201321298043636,-1.086685517595043
2025-04-14 21:00:00+00:00,84861.82,84934.0,84707.54,84934.0,5,5,True,0.0,4.0,-0.5591282642993356,0.0432571172910734,-0.5998540042856715,0.25027668542634274,0.45536534250123495,-0.6899828101820216,1.1084960086655604,1.2433183413003146,-0.6899828101820216,-1.0996891704146639,1.8395695481197238,-1.3351425812984208
2025-04-16 12:15:00+00:00,84008.86,84262.0,84008.86,84180.65,6,6,True,5.0,5.0,1.0990649276288789,1.2943829728090828,-0.7940660947616807,0.24490188659744838,1.5672841680362426,-1.075841063237215,-0.2046075909368561,1.5672841680362426,-1.075841063237215,0.7636553055838879,1.5672841680362426,-1.075841063237215
2025-04-16 17:00:00+00:00,85048.54,85272.67,85022.01,85154.77,5,4,True,6.0,6.0,-0.9039775458262622,0.40541475245601255,-2.2074746957804092,-0.9897038063751418,0.40541475245601255,-2.2074746957804092,-1.090696387295742,0.40541475245601255,-2.2074746957804092,-0.2052498057360741,0.40541475245601255,-2.2074746957804092
2025-04-19 04:00:00+00:00,84883.72,84990.57,84883.71,84969.54,5,5,True,5.0,6.0,0.0042603502384608305,0.3889158397232695,-0.0936570917060231,0.36128240778992016,0.5498205592262995,-0.0936570917060231,0.3052152571380473,0.833769371942017,-0.0936570917060231,0.22411560660444696,0.833769371942017,-0.32370423565902806
2025-04-19 09:00:00+00:00,85311.63,85436.72,85273.66,85416.09,5,5,True,6.0,6.0,-0.18297489384024868,0.01678840602514775,-0.34889211154478517,0.009881042318848898,0.09823676077891363,-0.34889211154478517,-0.11161831453534443,0.3066167041830381,-0.8448057034687428,-0.9343438689361716,0.3066167041830381,-0.955428889334542
2025-04-19 15:15:00+00:00,85424.52,85537.62,85312.96,85520.0,6,6,True,1.0,6.0,-0.32254443405050903,0.1847404115996376,-0.9652829747427427,-0.2797006548175829,0.1847404115996376,-0.9652829747427427,-0.3612254443405072,0.1847404115996376,-0.9652829747427427,-1.331723573433119,0.1847404115996376,-1.8363891487371276
2025-04-21 01:30:00+00:00,87102.01,87420.58,87080.09,87275.46,5,5,True,5.0,6.0,-0.027648092602439167,0.41768900444636436,-0.2720810637950266,0.303934233059322,0.5299771550903332,-0.2720810637950266,0.19407517302112431,0.5955855173951363,-0.7231929800198267,1.364553105764199,1.8350404569623446,-1.014809890431978
2025-04-22 09:15:00+00:00,88344.6,88528.83,88321.1,88528.83,5,5,True,0.0,5.0,0.29626506980833245,0.3053016740422354,-0.3247529646556946,2.7105633272234586,3.2877764226636685,-0.3247529646556946,3.2605988354302173,3.8541342972679082,-0.3247529646556946,6.346644364327414,6.76950096369735,-0.3247529646556946
2025-04-22 13:30:00+00:00,89617.14,90191.53,89396.0,90165.79,5,4,True,5.0,5.0,0.7034042512132466,1.4125867471465714,-0.31101596292784084,1.1570907325272772,1.6959980054519708,-0.31101596292784084,3.1538680024874255,4.1515301978721775,-0.31101596292784084,3.639728548931931,5.024366780349854,-0.31101596292784084
2025-04-24 19:15:00+00:00,93232.06,93515.62,93212.07,93490.41,6,6,True,5.0,5.0,0.04368362487661148,0.1878160551440411,-0.49888539369974394,0.20426694032040782,1.0199869697865127,-0.49888539369974394,0.01750981731709622,1.0199869697865127,-0.6786257542351071,1.6784502282105818,2.425521505360817,-0.6786257542351071
2025-04-25 16:30:00+00:00,95100.31,95381.52,95029.99,95363.97,5,5,True,1.0,4.0,-0.24651867995847399,0.2003062582231152,-1.0419239048038764,-0.43933783377516633,0.2003062582231152,-1.0419239048038764,-0.7147248588748933,0.2003062582231152,-1.0419239048038764,-1.282203331090337,0.2003062582231152,-1.565874407284007
2025-04-29 14:00:00+00:00,94800.0,95067.4,94531.85,94890.83,5,5,True,0.0,5.0,0.16373552639386002,0.5998050601939031,-0.24432287081902482,0.2731243893640656,0.5998050601939031,-0.24432287081902482,-0.34333138407579566,0.5998050601939031,-1.2101169312145443,-1.5251421027722034,0.5998050601939031,-2.0874830581627313
2025-04-30 04:45:00+00:00,94902.34,95067.31,94892.69,95054.75,5,5,True,6.0,4.0,-0.45632648552543786,0.06149087762579164,-0.5836110241729142,-0.1138606960725208,0.06149087762579164,-0.5836110241729142,-1.1727662215723078,0.18273679116509456,-2.256331219639207,-0.20434539041973565,0.18273679116509456,-2.256331219639207
2025-04-30 13:15:00+00:00,94282.01,94649.5,94226.27,94545.98,5,5,True,0.0,6.0,-0.8630509726590185,0.01452203467562363,-1.7303538447642097,-0.7912340641029969,0.01452203467562363,-1.7303538447642097,0.09243121706496993,0.2518562925679202,-1.7303538447642097,2.2169319097438134,2.315180402170469,-1.7303538447642097
2025-05-01 07:15:00+00:00,94982.65,95016.72,94936.72,94988.21,5,4,True,0.0,6.0,1.400763315784137,1.482394499275208,-0.07913613700059052,1.7410476521243945,1.8388387358809988,-0.07913613700059052,1.5571511453895237,2.5643287730129805,-0.07913613700059052,1.7158129414166057,2.5643287730129805,-0.07913613700059052
2025-05-01 12:00:00+00:00,96180.01,96334.02,96126.6,96265.62,5,4,True,3.0,6.0,1.162782725546263,1.2002000298756865,-0.5151995073630511,0.3500522824244179,1.2033371830981965,-0.5151995073630511,0.36713003043038483,1.2033371830981965,-0.5151995073630511,0.5472774184594797,1.2033371830981965,-0.5151995073630511
2025-05-06 16:00:00+00:00,94558.94,94850.0,94388.02,94818.01,5,4,True,6.0,5.0,0.24698894229060464,0.29764387588391283,-0.6349110258694446,0.3647408335188729,0.7510703926395523,-0.6349110258694446,1.9971205892213906,3.07324526216064,-0.6349110258694446,2.0839184454514603,3.07324526216064,-0.6349110258694446
2025-05-06 23:30:00+00:00,96628.24,96875.0,96465.95,96870.02,5,5,True,6.0,6.0,-0.1546505306801782,0.8898315495341036,-0.15466085379151062,-0.5324660818692983,0.8898315495341036,-0.683307384472509,0.1647775028847942,0.8898315495341036,-0.683307384472509,0.16984615054276286,0.8898315495341036,-1.1204808257498033
2025-05-11 01:00:00+00:00,104428.58,104536.76,104124.18,104492.06,5,4,True,1.0,5.0,-0.150910987877928,0.0075986634773927975,-0.9819023569829111,-0.7494732135628235,0.0075986634773927975,-0.9819023569829111,0.10147182474917749,0.3789187427255314,-1.0976910590144384,0.24493727083187977,0.5688087688193733,-1.0976910590144384
2025-05-13 08:00:00+00:00,102665.5,102926.16,102665.5,102901.34,5,5,True,3.0,5.0,0.5370678360456793,0.6909822554302947,-0.35097696492581987,0.1757022794844021,1.0346415313930768,-0.35097696492581987,1.6333509359547804,2.016407172151502,-0.35097696492581987,0.6488642421954793,2.016407172151502,-0.35097696492581987
2025-05-15 16:30:00+00:00,103168.09,103611.74,103026.33,103596.18,5,4,True,5.0,5.0,-0.51171771005456,0.5758127374966948,-1.0075950676945666,0.06852569274273801,0.5758127374966948,-1.0075950676945666,0.22619559910412868,0.8396352066263546,-1.0075950676945666,0.3686622421792185,0.9210281691854005,-1.0075950676945666
2025-05-16 00:00:00+00:00,103763.71,103936.89,103655.16,103930.0,6,6,True,4.0,6.0,0.16356201289329242,0.5157413643798625,-0.4446165688444137,-0.0020783219474629355,0.5157413643798625,-0.4446165688444137,-0.20149138843452707,0.5157413643798625,-0.7981429808524898,-0.3781487539690098,0.5968728952179259,-0.7981429808524898
2025-05-16 17:15:00+00:00,104130.26,104396.28,104130.26,104273.24,6,6,True,1.0,4.0,-0.3771149721635281,0.033901315428574996,-0.6581170777852585,-0.6273805244758845,0.033901315428574996,-0.8398511449342227,-0.6997672653117903,0.033901315428574996,-1.5926809217782112,-1.0007745036022753,0.033901315428574996,-1.5926809217782112
2025-05-18 04:00:00+00:00,103295.7,103318.3,103295.69,103307.63,6,6,True,0.0,5.0,0.2144662499759198,0.3653166760286597,0.0,0.592666775919648,0.7555782665810806,0.0,2.052268549767322,2.29641314973541,0.0,0.3508743739450759,3.679292613720775,-0.3717440812455064
2025-05-18 08:15:00+00:00,103902.07,104005.88,103819.43,103979.4,5,5,True,6.0,6.0,-0.0698119050504209,0.040969653604472356,-0.17253417503850788,0.7891851655231763,0.8949849681763933,-0.2673606502826553,-0.046374570347584854,1.9240349530772471,-0.6671417607718388,-0.7005714593467549,3.009461489487353,-1.9036462991707914
2025-05-19 22:45:00+00:00,105389.99,105644.41,105389.99,105549.92,6,6,True,4.0,6.0,0.8527528964493714,1.174477441574573,-0.08938898295706155,0.6348370515107948,1.234818557891848,-0.08938898295706155,-0.4919662658200097,1.234818557891848,-0.6658081787271786,1.16145043027982,1.6770074292808523,-1.2934164232431433
2025-05-20 20:45:00+00:00,106730.61,107320.0,106730.61,106909.09,5,4,True,6.0,6.0,-0.055280612714958544,0.29613010455893374,-0.9103622526391297,-0.04681547658856866,0.29613010455893374,-0.9103622526391297,-0.501959187941825,1.0064251786260803,-0.9103622526391297,1.243112255468648,2.7461743430797103,-0.9103622526391297
2025-05-21 16:00:00+00:00,108973.34,109130.44,108701.54,109099.99,5,4,True,3.0,6.0,-1.9110634198958198,0.682868990180463,-2.733565786761305,-0.7199359046687448,0.682868990180463,-2.733565786761305,2.1001926764612877,2.548130389379488,-2.733565786761305,2.209541907382384,2.548130389379488,-2.733565786761305
2025-05-22 00:00:00+00:00,109643.99,110178.49,109488.04,109967.68,5,4,True,6.0,5.0,0.48406040756703295,0.9223437286300928,-0.7186747960855389,0.9460234134247569,1.738983672293548,-0.7186747960855389,0.7759097945869264,1.738983672293548,-0.7186747960855389,1.651112399570498,1.829919481796849,-0.7186747960855389
2025-05-23 02:00:00+00:00,111327.69,111491.15,111298.35,111477.49,5,5,True,0.0,5.0,-0.5328250573277238,0.12687763242604788,-0.8338095879266816,-0.5843421842382734,0.12687763242604788,-0.9594762135387236,-1.4084278359693947,0.12687763242604788,-3.7330316640606154,-3.4643316780813893,0.12687763242604788,-4.1959053796421175
2025-05-26 00:45:00+00:00,109188.0,109600.0,109147.47,109540.46,5,5,True,1.0,6.0,0.07583499284191664,0.277933833763333,-0.336040217468514,0.35412485943548955,0.37496647357513346,-0.336040217468514,0.2615106783374843,0.6277589120951221,-0.336040217468514,-0.3688956573671631,0.8049628420402799,-0.6227653234247899
2025-05-26 06:45:00+00:00,109560.5,109951.2,109560.49,109928.37,6,6,True,5.0,6.0,-0.19631874829035834,0.2726684658382661,-0.2987126980960375,-0.09228736858374331,0.2726684658382661,-0.33811108087929975,-0.7517622611888042,0.44924708698947935,-0.9616807744897815,-1.0008153491223304,0.44924708698947935,-2.1939741306088556
2025-05-27 08:45:00+00:00,109612.89,109698.22,109576.47,109695.65,5,4,True,5.0,4.0,-0.10042330757873419,0.18537653954373567,-0.2430998859116129,-0.2925366685005204,0.9319877315098646,-0.9347316871726408,-0.13123583296146268,0.9319877315098646,-0.9347316871726408,-0.5972889535729053,0.9319877315098646,-1.1811316127850024
2025-05-27 16:30:00+00:00,110094.4,110476.0,110082.47,110434.78,5,5,True,5.0,6.0,-0.472441743443508,0.058731497450348336,-0.7790299396621125,-1.2460386121111444,0.058731497450348336,-1.661414999875943,-1.3073689285205248,0.058731497450348336,-1.8425173663586758,-2.911012273488478,0.058731497450348336,-3.069078418954607
2025-05-31 20:45:00+00:00,104715.94,104807.94,104715.94,104781.83,6,6,True,5.0,6.0,-0.18128143018688592,0.11277718665536618,-0.2945453424510802,-0.5599348665699111,0.11277718665536618,-0.8181857484260369,-0.3771932595565408,0.11277718665536618,-0.8181857484260369,0.15945512690511698,0.4945227622002779,-0.9823649768285203
2025-06-01 19:15:00+00:00,104859.7,105040.0,104840.67,105019.03,6,6,True,0.0,5.0,0.4353115811486674,0.6844569027156355,-0.11932123159011931,0.42846520292560974,0.8073584377993326,-0.11932123159011931,0.24200375874734448,0.8073584377993326,-0.4262179911583619,-0.5952159337217267,0.8727941973945219,-1.2941940141705688
2025-06-06 09:00:00+00:00,103510.25,103600.0,103510.24,103600.0,5,5,True,4.0,4.0,0.36575289575289105,0.4217471042470944,-0.045067567567569355,1.5123359073359044,1.5227316602316687,-0.08330115830116336,0.6763223938223817,1.6727799227799212,-0.08330115830116336,1.2394498069498106,1.6727799227799212,-0.08330115830116336
2025-06-07 02:45:00+00:00,104478.88,104611.68,104475.94,104531.57,5,4,True,1.0,4.0,0.3307995852353418,0.4481229928910313,-0.04501032558872353,0.20555512559505829,0.7534183213740997,-0.04501032558872353,0.8610221773192483,1.2134420252178257,-0.04501032558872353,0.8708373939088299,1.3091069042586723,-0.04501032558872353
2025-06-07 12:00:00+00:00,105150.01,105286.57,105150.0,105278.68,5,5,True,6.0,5.0,0.1097563153337422,0.4951809806126084,-0.06589178359758252,0.3947047968306583,0.4951809806126084,-0.06589178359758252,0.15969045204595744,0.5901669739780235,-0.06589178359758252,0.46239181570286725,0.5901669739780235,-0.2987689435315799
2025-06-07 20:15:00+00:00,105870.06,105900.0,105845.84,105878.69,5,5,True,5.0,4.0,-0.18813039715546154,0.020126807386833256,-0.25916452120819944,-0.3484553879538943,0.020126807386833256,-0.4515733997086602,-0.4178366770499431,0.020126807386833256,-0.45775028006107554,0.40170500787268804,0.4545862817154189,-0.8637715483635122
2025-06-08 13:15:00+00:00,105690.43,105749.26,105622.07,105749.25,5,4,True,6.0,4.0,0.32029541580673726,0.5404482774109542,-0.16254488802520672,0.5208074761759551,0.5775454672255265,-0.16254488802520672,-0.0552533469504457,0.6987189034437513,-0.1924741783038586,1.6459218386891683,2.1189275574058364,-0.4074544263907298
2025-06-08 18:30:00+00:00,106278.78,106319.51,106255.81,106291.7,5,4,True,1.0,5.0,-0.005005094471155491,0.041583679628787173,-0.16274083489115077,-0.4932181910723088,0.18481217254029403,-0.7018327865675245,-0.6753114307137875,0.18481217254029403,-0.9157159025587114,1.9646783333035378,2.126920540362054,-0.9157159025587114
2025-06-09 21:15:00+00:00,109222.69,110495.0,109222.69,110471.04,6,6,True,4.0,6.0,-0.17516808024981012,0.053525340215876405,-0.6773720967956698,-0.9063008730613942,0.053525340215876405,-0.9865028879966986,-1.0673204488705679,0.053525340215876405,-1.2801001963953618,-0.6135635185474886,0.053525340215876405,-1.937168329364869
2025-06-13 13:30:00+00:00,104851.14,105300.0,104683.06,105227.3,6,6,True,1.0,4.0,0.3655990413134136,0.7162589936261732,-1.0541941112239939,-0.12599391982879293,0.7162589936261732,-1.0541941112239939,0.27244830951664856,0.9737967238539813,-1.0541941112239939,-0.2321735899334043,0.9737967238539813,-1.0541941112239939
2025-06-15 02:00:00+00:00,105421.03,105624.0,105421.03,105600.01,5,5,True,0.0,5.0,-0.056174237104700264,0.016704543872680944,-0.12923294230748894,-0.3012783805607544,0.5005302556316149,-0.3787973126138877,-0.18514202792214718,0.5005302556316149,-0.6935321312943055,0.3030208046381766,0.5005302556316149,-1.0468559614719708
2025-06-15 17:30:00+00:00,105536.5,105721.59,105502.53,105718.0,6,6,True,5.0,4.0,-0.9572731228362219,0.055893982103327744,-0.96293913997616,-0.10443822244083911,0.055893982103327744,-1.157295824741289,0.76574471707751,1.009960460848669,-1.157295824741289,1.9977676460016358,2.1755803174483113,-1.157295824741289
2025-06-16 03:00:00+00:00,105785.51,105878.27,105708.93,105873.96,5,4,True,1.0,6.0,0.6862782878811702,0.8611654839395744,-0.08388276021791263,1.072709474548783,1.311323388678387,-0.08388276021791263,1.6302686704077196,1.8043152442772437,-0.08388276021791263,1.6064573385183634,2.9076271445783286,-0.08388276021791263
2025-06-16 16:00:00+00:00,107424.96,107677.31,107309.15,107677.31,5,5,True,1.0,4.0,0.8676572622402956,0.9921031645385714,-0.15083029098702516,1.0275702466935766,1.1841584824137996,-0.15083029098702516,-0.022660298627441566,1.1841584824137996,-1.450593444431325,-3.0535495361093234,1.1841584824137996,-3.2935072393617593
2025-06-16 20:45:00+00:00,108737.31,108849.77,108558.13,108782.68,5,4,True,3.0,5.0,-1.8276346933169818,0.15599909838588388,-1.9145327178922145,-1.195309768062336,0.15599909838588388,-2.451980407175103,-2.0358204081752707,0.15599909838588388,-2.451980407175103,-4.063413403677862,0.15599909838588388,-4.974744141254828
2025-06-18 04:00:00+00:00,105184.84,105250.0,105074.25,105249.99,5,5,True,5.0,5.0,-0.379886021841902,0.28530168981488746,-0.509976295484682,-0.5415677474173597,0.28530168981488746,-0.6844751244156955,-0.554859910200467,0.28530168981488746,-1.3643231700069647,-0.21471736006816178,0.28530168981488746,-1.6626984952682666
2025-06-19 00:15:00+00:00,104738.0,105097.5,104680.41,105063.91,5,5,True,5.0,5.0,-0.06525551923586281,0.1544393312603587,-0.5775437064925559,-0.39896668608658814,0.1544393312603587,-0.5775437064925559,-0.19880280488324686,0.1544393312603587,-0.5775437064925559,-0.46353690815429394,0.1544393312603587,-1.0799521929081068
2025-06-19 04:45:00+00:00,104935.54,105073.53,104935.53,105073.52,5,5,True,5.0,5.0,-0.4098749142505187,0.13940715034577167,-0.4338200528544167,-0.15258839715277528,0.13940715034577167,-0.4338200528544167,-1.0206091886899804,0.13940715034577167,-1.0851354365971622,-0.7755807552654592,0.13940715034577167,-1.0889993977550194
2025-06-19 23:00:00+00:00,104596.29,104745.53,104463.56,104725.31,6,6,True,6.0,4.0,-0.022162741747899783,0.16519406817703253,-0.3188627467419214,-0.34882684997542546,0.16519406817703253,-0.4653029912253248,1.1590894311986233,1.7181519921019905,-0.4653029912253248,-1.6079207595565914,1.7181519921019905,-2.2729080486846964
2025-06-22 11:00:00+00:00,102495.68,102647.26,102428.69,102605.14,5,5,True,5.0,5.0,-2.0990079054519106,0.22012542451577133,-2.2770691604728555,-2.5599887101172447,0.22012542451577133,-3.8316598954009518,-1.8177841772839098,0.22012542451577133,-4.293293688795707,-1.2037895957259015,0.22012542451577133,-4.293293688795707
2025-06-23 05:00:00+00:00,101168.0,101499.4,101167.99,101424.21,5,5,True,4.0,6.0,0.5855209520488236,0.7027809238050686,-9.85957889776401e-06,-0.053458636749548205,0.7027809238050686,-0.2223630827393297,-0.14478791602123842,1.172185615249055,-1.7854514222984896,3.6020098159995406,4.5846943249545635,-1.7854514222984896
2025-06-23 20:00:00+00:00,103161.3,103372.51,102880.0,103324.02,5,4,True,6.0,5.0,1.8755271039589738,2.6617044129719325,-0.021872939128775304,1.5549046581811332,2.6617044129719325,-0.021872939128775304,1.4594573459298266,2.6617044129719325,-0.021872939128775304,2.076090341819836,2.8705619467767507,-0.021872939128775304
2025-06-24 16:30:00+00:00,105415.45,105881.41,105394.11,105823.99,6,6,True,0.0,4.0,-0.35221692170178676,0.4403632862453932,-0.48639254671837273,0.09720858191040183,0.4403632862453932,-0.5230477512707776,0.21359051005354068,0.9139610026044132,-0.5230477512707776,1.2768843813203423,2.1841077812318366,-0.5230477512707776
2025-06-24 23:45:00+00:00,105907.14,106083.0,105868.62,106083.0,6,6,True,4.0,4.0,0.3691260616687009,0.6675716184497027,-0.2592026997728203,0.1232242677903228,0.6675716184497027,-0.2592026997728203,1.0510826428362652,1.0882422254272717,-0.2592026997728203,1.185467982617383,1.9346172336755174,-0.2592026997728203
2025-06-25 12:45:00+00:00,107065.34,107300.0,107049.7,107240.0,5,5,True,5.0,4.0,-0.19768743006340905,0.8348563968668454,-0.45471838866094627,0.15538045505409936,0.8348563968668454,-0.45471838866094627,0.07459903021260761,0.8348563968668454,-0.45471838866094627,-0.10958597538232029,0.9627471092875872,-0.45471838866094627
2025-06-28 17:30:00+00:00,107324.02,107426.08,107314.05,107413.25,6,6,True,1.0,5.0,-0.2101696019811361,0.12032966137789369,-0.24078035065506764,-0.11645676860163601,0.12032966137789369,-0.24078035065506764,-0.15996164346577801,0.12032966137789369,-0.24078035065506764,-0.031085550432552456,1.03827972805961,-0.24078035065506764
2025-06-29 08:15:00+00:00,107449.32,107449.33,107426.65,107449.33,5,4,True,6.0,6.0,0.6535080302501717,0.7897303780302734,-9.306712289713914e-06,0.5929399466706675,1.0043524701363937,-9.306712289713914e-06,0.027585095225823864,1.0043524701363937,-0.12365828618939867,0.15510566701533168,1.2477136897921959,-0.18551069606483894
2025-06-29 14:00:00+00:00,108051.53,108207.6,108051.52,108207.59,5,5,True,0.0,6.0,-0.5970283600253867,0.00695884641732647,-0.8202659351344899,-0.7383493154223264,0.00695884641732647,-0.8235374246852611,0.3362241040577807,0.5382247215745206,-0.8849564064775883,-0.6551481277792037,0.5382247215745206,-0.9943757180064683
2025-07-02 08:00:00+00:00,107080.0,107421.83,107080.0,107373.58,6,6,True,3.0,6.0,0.40301347873470394,0.453230673690852,-0.0007916286296927311,0.5785687689653152,0.5834023602454108,-0.17460533587498883,1.9246168377733186,2.1945994536086033,-0.17460533587498883,1.8815615535963337,2.1945994536086033,-0.17460533587498883
2025-07-02 13:00:00+00:00,107379.92,107657.96,107280.0,107657.91,6,6,True,0.0,6.0,1.6367677953250226,1.8470914027589824,-0.2467259488875495,1.6228905056767218,1.9246983338242263,-0.2467259488875495,1.1799040126266647,1.9246983338242263,-0.2467259488875495,1.5622911498096137,2.4292687829440496,-0.2467259488875495
2025-07-05 04:15:00+00:00,108100.0,108386.0,108064.06,108380.65,6,6,True,5.0,4.0,-0.21835078494176763,0.03682391644634908,-0.35121583050110594,-0.23206171950435062,0.03682391644634908,-0.4707759180259563,-0.3867018697525815,0.03682391644634908,-0.4707759180259563,-0.3465932341243594,0.03682391644634908,-0.476007479194851
2025-07-05 13:15:00+00:00,108126.76,108232.29,108126.75,108200.01,6,6,True,4.0,5.0,-0.22039739183018492,0.02145101465333976,-0.22040663397350224,-0.1481607996154488,0.02145101465333976,-0.30985209705617356,-0.09612753270540342,0.04620147447307321,-0.30985209705617356,0.2417005321903476,0.25962104809418296,-0.36968573293107987
2025-07-05 20:45:00+00:00,108064.0,108123.23,108064.0,108096.75,5,5,True,4.0,6.0,0.0937771024568157,0.14177114483089337,-0.0448672138616546,-0.03397881989976037,0.15874667832289635,-0.0448672138616546,-0.08462789121781444,0.15874667832289635,-0.15384366319987075,0.5261212756165312,0.9531091360285959,-0.2745133410579026
2025-07-08 10:00:00+00:00,108469.99,108518.57,108419.08,108518.57,5,5,True,5.0,4.0,0.29204218227349976,0.4482458624362584,-9.215012697350033e-06,-0.33779472029534796,0.643198670973999,-0.3607216718760742,0.2952490066907343,0.643198670973999,-0.3888919656792389,0.2648947548792746,0.643198670973999,-0.3888919656792389
2025-07-08 23:30:00+00:00,108840.0,108974.0,108840.0,108934.04,5,4,True,5.0,5.0,-0.20292096024345785,0.18539659412246667,-0.2520332487439103,-0.06301978701973576,0.18539659412246667,-0.5595220740918005,0.11580402232398423,0.18539659412246667,-0.5595220740918005,2.230670963823611,2.8143177284162046,-0.5595220740918005
2025-07-09 12:00:00+00:00,109058.27,109413.94,108992.87,109388.01,6,6,True,6.0,6.0,-0.510951794442549,0.34864881443588125,-0.8090557639726659,0.07494422834826153,0.34864881443588125,-0.8090557639726659,1.725088517470974,2.387629137782099,-0.8090557639726659,1.302574203516449,2.387629137782099,-0.8090557639726659
2025-07-11 04:45:00+00:00,116654.0,116929.0,116637.42,116918.16,5,5,True,5.0,5.0,0.5206376836583759,1.2710258184015277,0.0,0.9114238540873343,1.6693899390821665,0.0,0.4064638033988821,1.6693899390821665,-0.267956663019675,0.6228972471000294,1.6693899390821665,-0.267956663019675
2025-07-13 12:15:00+00:00,118025.19,118190.03,118025.19,118190.02,6,6,True,5.0,4.0,0.6075047622464247,1.0034518988997432,-0.10923934186659601,0.7089346460894097,1.0034518988997432,-0.10923934186659601,0.8332344812193027,1.098214553140786,-0.10923934186659601,3.0436664618552323,4.254149377417815,-0.10923934186659601
2025-07-13 22:30:00+00:00,118424.51,118771.84,118424.5,118763.36,5,5,True,0.0,5.0,0.35123627354429754,0.59545300840258,-0.3172779887669064,2.0691061620351503,2.297947784569243,-0.3172779887669064,2.7621902916859176,3.7508537986799872,-0.3172779887669064,1.1633806924963963,3.7508537986799872,-0.3172779887669064
2025-07-14 03:15:00+00:00,119872.13,119964.02,119791.11,119925.49,6,6,True,6.0,6.0,2.0957512869032247,2.2851772379666624,-0.0860617705210176,1.7409559885892323,2.7454630370907784,-0.0860617705210176,0.39342761909915147,2.7454630370907784,-0.0860617705210176,-2.0579361401817153,2.7454630370907784,-2.3560379032014023
2025-07-16 09:00:00+00:00,118700.0,119025.14,118693.71,118997.82,6,6,True,4.0,6.0,-0.1334646298562503,0.2629712040102872,-0.2922910688616054,0.13704452737033357,0.6697433616851045,-0.6862982868089618,0.7591231503232487,0.8958315370819259,-0.6862982868089618,-0.369905936091941,0.8958315370819259,-1.1044656112187634
2025-07-16 16:15:00+00:00,118776.38,119254.21,118749.71,119175.67,5,5,True,3.0,6.0,0.006007937694008092,0.6112489235428731,-0.24786938474941067,0.006385531543484646,0.7452611762115424,-0.29615944261106586,-0.7501782872292639,0.7452611762115424,-1.2520508590385893,-0.5166155138880191,0.7452611762115424,-1.4450097070987655
2025-07-17 17:00:00+00:00,118558.61,118947.55,118544.14,118904.99,5,5,True,1.0,6.0,-0.10511753964237425,0.8201001488667536,-0.4381817785780062,0.6949329880941102,1.760834427554303,-0.4381817785780062,1.383743440876617,1.760834427554303,-0.4381817785780062,-1.1082125317028346,1.760834427554303,-1.336613375098894
2025-07-19 07:00:00+00:00,118164.42,118254.28,118164.42,118254.27,6,6,True,1.0,5.0,-0.024362756626039594,0.062348699966596755,-0.2630095302266877,-0.013394865149485291,0.20771342971377393,-0.2630095302266877,-0.4297942053170689,0.20771342971377393,-0.5488258478953956,-0.3412054380784735,0.20771342971377393,-0.8261266168232306
2025-07-20 08:00:00+00:00,118029.49,118255.14,118029.49,118255.14,5,4,True,4.0,6.0,-0.3002829306193444,0.018629211381426813,-0.332459121861417,0.2537394991879438,0.4281420663829083,-0.44979863031746614,-0.16417045381705853,0.5087812673512548,-0.44979863031746614,0.9512229235870917,1.2021380212310362,-1.51208649366108
2025-07-22 14:30:00+00:00,118438.13,118788.0,118312.34,118742.13,5,5,True,0.0,6.0,0.3296218452540689,0.5119328750461172,-0.31491771286231707,0.7771967708512628,1.2142531046057448,-0.31491771286231707,0.23208274939989781,1.268016667715166,-0.31491771286231707,-0.6986905153208878,1.268016667715166,-1.2136635918523653
2025-07-24 00:15:00+00:00,118747.99,119066.61,118680.0,119015.21,5,4,True,6.0,5.0,0.19726890369726746,0.19727730598466664,-0.19147972767514787,-1.018483267810899,0.21690504936300314,-1.2731229899102914,-0.372154113747325,0.21690504936300314,-1.6066097770192522,-0.8826602919072224,0.3653230540869412,-1.6066097770192522
2025-07-25 20:30:00+00:00,116737.24,117237.02,116732.3,117227.34,5,5,True,5.0,6.0,0.260237927432283,0.3164108304428037,-0.23146477604968352,0.21044578849951368,0.44585162471484363,-0.23146477604968352,0.2223969254953717,0.44585162471484363,-0.23146477604968352,0.649140379710067,0.9127648891461781,-0.23146477604968352
2025-07-26 12:15:00+00:00,117809.15,117990.0,117809.15,117950.0,5,5,True,0.0,4.0,-0.06284018651970813,0.228910555320061,-0.11174226367104412,0.08168715557439477,0.228910555320061,-0.11174226367104412,-0.08939381093684418,0.2944891903349012,-0.11174226367104412,0.02524798643492865,0.4144383213225966,-0.11174226367104412
2025-07-26 21:45:00+00:00,117952.33,118068.0,117952.32,118028.56,6,6,True,0.0,6.0,-0.06486565624455043,0.21020336094925707,-0.17204310549920887,0.13070565293689107,0.27927138990766487,-0.17204310549920887,-0.07171145695583636,0.3476023091360192,-0.17204310549920887,1.0482208712874197,1.2805798867663976,-0.17204310549920887
2025-07-27 05:45:00+00:00,118272.65,118274.73,118192.62,118274.73,5,5,True,5.0,4.0,-0.27415830921786455,0.13874476821889026,-0.27415830921786455,-0.17080571648735443,0.13874476821889026,-0.3506666216866461,0.7795071694520095,1.0697805017183315,-0.3506666216866461,1.058045112425976,1.2895992237733411,-0.3506666216866461
2025-07-27 16:15:00+00:00,119157.63,119360.0,119082.61,119360.0,5,5,True,6.0,4.0,-0.3508964477211829,0.1508126675603183,-0.4226038873994642,0.27034182305629706,0.32060154155495457,-0.5414376675603183,-0.17404490616622637,0.3686327077748075,-0.5414376675603183,-0.8933646112600613,0.3686327077748075,-1.2267677613941097
2025-07-28 00:15:00+00:00,119457.66,119690.32,119422.35,119645.44,6,6,True,1.0,5.0,-0.3047086458121684,0.12918168882993797,-0.5724748055588313,-0.1299171953398348,0.12918168882993797,-0.5724748055588313,-0.5978581381789416,0.12918168882993797,-0.9778642629422407,-1.1728152782086831,0.12918168882993797,-1.8537605779209043
2025-07-29 06:00:00+00:00,118799.99,118862.0,118731.74,118861.99,5,5,True,5.0,4.0,-0.03682421941615388,0.3460904533063802,-0.09348657211611933,-0.31583687939265026,0.3460904533063802,-0.5898605601336593,-1.0677761662916896,0.3460904533063802,-1.6079488489129323,-0.6703404511400168,0.3460904533063802,-1.6079488489129323
2025-07-31 06:15:00+00:00,118296.01,118425.78,118296.0,118425.78,5,5,True,1.0,5.0,0.09092614800596532,0.4193934800345023,-0.020324966405116385,0.09783342782290205,0.4193934800345023,-0.1240186047328562,-0.41859973394305916,0.4193934800345023,-0.8661796443308223,-2.674907439917218,0.4193934800345023,-3.4727658116332383
2025-08-01 16:00:00+00:00,115357.82,115695.52,115305.64,115620.01,6,6,True,2.0,4.0,-1.6773653626219187,0.06459089564168075,-1.7289481293073727,-1.707334223548318,0.06459089564168075,-2.1205585434562746,-1.5270194147189553,0.06459089564168075,-2.505993555959729,-2.468076243895845,0.06459089564168075,-2.5254625042845036
2025-08-03 06:45:00+00:00,113477.99,113559.34,113477.99,113559.34,5,5,True,4.0,6.0,0.0841938672767828,0.20311847532752392,-0.007344177942558705,0.3968409819923302,0.6172719918942748,-0.007344177942558705,0.7230228706859299,0.7932504715155941,-0.007344177942558705,0.7612055512122629,1.2686406948120732,-0.007344177942558705
2025-08-03 18:00:00+00:00,114117.42,114119.99,114060.36,114119.99,5,5,True,5.0,5.0,0.35005260690961215,0.5958465296044935,-0.03767087606649788,0.03417455609662223,0.5958465296044935,-0.04681914185237224,0.12756748401396845,0.771126951553347,-0.04681914185237224,0.837250336246953,1.4020418333369866,-0.04681914185237224
2025-08-04 16:00:00+00:00,114826.01,115200.0,114826.0,115015.81,5,5,True,3.0,4.0,-0.038551221784199896,0.6122549586878634,-0.1119150488963272,0.1889740201803658,0.6122549586878634,-0.3473261632465974,-0.5344482641125525,0.6122549586878634,-0.6941393535375706,-1.6414525968212468,0.6122549586878634,-2.056943301968661
2025-08-06 09:00:00+00:00,113948.23,114181.85,113906.96,114168.57,5,5,True,0.0,6.0,-0.1862333915542691,0.2064140770090983,-0.2359405920561275,0.7545246471949207,0.9910170548689479,-0.5156147615758111,0.9206649430749447,1.3553905422481805,-0.5156147615758111,0.6495658130779791,1.3553905422481805,-0.5156147615758111
2025-08-06 18:00:00+00:00,115500.0,115692.52,115500.0,115692.37,5,5,True,4.0,6.0,-0.40857491293505577,0.020424856021183935,-0.6091067198294997,-0.6488759803261024,0.020424856021183935,-0.7773719217611386,-0.8768858309324945,0.020424856021183935,-1.2389494657253475,0.4536081333626374,0.9823984070859604,-1.2389494657253475
2025-08-09 08:15:00+00:00,116769.23,116868.51,116757.04,116868.5,5,5,True,6.0,5.0,0.3419484292174646,0.9203078673894138,-0.06431159807818165,0.05836474327984842,0.9203078673894138,-0.10293620607777498,-0.11222014486366172,0.9203078673894138,-0.3153116536962486,1.0755507258157548,1.6028870054805244,-0.4351985351056964
2025-08-10 14:15:00+00:00,118595.44,118818.0,118560.0,118802.0,5,5,True,1.0,6.0,-0.29335364724498714,0.26257133718288195,-0.293362064611713,-0.4359017524957487,0.26257133718288195,-0.6119509772562703,2.261603340011109,2.476010504873649,-0.6119509772562703,0.9283513745559802,2.9739903368630083,-0.6119509772562703
2025-08-13 20:00:00+00:00,122744.22,122842.72,122464.34,122802.28,5,4,True,6.0,6.0,0.16100678261021795,0.6802805289934266,-0.4104809780404728,0.4609442104820838,1.3613102297449275,-0.4104809780404728,-0.8042358822653695,1.3613102297449275,-1.2120459001249806,-4.057164085227072,1.3613102297449275,-4.578318904176692
2025-08-15 06:15:00+00:00,118913.82,119144.5,118866.01,119092.09,6,6,True,4.0,5.0,-0.31768692614261296,0.10473407595752438,-0.3339096660407992,-0.35095529854248797,0.10473407595752438,-0.41320124619527165,-1.485094434063583,0.10473407595752438,-1.9212862919779083,-1.379747387085073,0.10473407595752438,-1.9212862919779083
2025-08-15 12:00:00+00:00,119006.01,119113.29,118944.0,119091.99,6,6,True,5.0,5.0,-1.4610554412601506,0.03256306322532154,-1.8108270757756229,-1.4375274105336677,0.03256306322532154,-1.9212039365535838,-1.34396108420054,0.03256306322532154,-1.9212039365535838,-1.390672873969112,0.03256306322532154,-1.9212039365535838
2025-08-16 07:00:00+00:00,117394.64,117536.69,117344.69,117476.02,5,5,True,0.0,6.0,-0.14145014446352855,0.19399703871478824,-0.21534607658653115,0.1881149872118515,0.2757754305942717,-0.28264491766064603,0.1668170235934019,0.2970648818371613,-0.28264491766064603,0.4509856564769654,0.6425141062831319,-0.28264491766064603
2025-08-16 16:15:00+00:00,117771.4,117800.0,117734.14,117799.86,5,5,True,0.0,6.0,-0.08630740308179785,0.015101885520052427,-0.14424465360145522,-0.3085572427675154,0.015101885520052427,-0.4928019439072395,-0.024185088165640245,0.015101885520052427,-0.5328104804199207,0.23095103848169707,0.6580143643634129,-0.5328104804199207
2025-08-17 04:15:00+00:00,117711.78,117771.4,117711.78,117771.37,5,4,True,6.0,5.0,0.15743215010575184,0.39012028135532173,0.0,0.3809499711177722,0.6050961282016099,0.0,0.2551978464715221,0.6823644829808906,0.0,-1.9795727943047625,0.6823644829808906,-2.3531780262044943
2025-08-17 10:45:00+00:00,118291.99,118393.35,118280.16,118393.34,5,5,True,2.0,6.0,0.030956133174386835,0.15343768492384058,-0.282296284571415,-0.4719691158303285,0.15343768492384058,-0.5850329081010797,-0.37024886703930227,0.15343768492384058,-0.9052958553242951,-2.8166787084476175,0.15343768492384058,-3.1701107511621807
2025-08-18 17:00:00+00:00,115962.24,116243.96,115962.23,116243.96,5,5,True,1.0,4.0,0.18824203855407617,0.4783388315401371,-0.034375979620793196,0.14596887442581696,0.6331855865887581,-0.22679888056119646,-0.889706441521787,0.6331855865887581,-1.6155334006171196,-2.5305916969793563,0.6331855865887581,-2.698540208024569
2025-08-18 22:15:00+00:00,116889.66,116980.0,116871.37,116926.19,5,5,True,6.0,6.0,-0.6153198013208128,0.01284571061452855,-1.2053501443945014,-1.7397214430744712,0.01284571061452855,-2.18957788669929,-1.210455929505616,0.01284571061452855,-2.18957788669929,-3.1061561143829297,0.01284571061452855,-3.5570559512800415
2025-08-20 10:45:00+00:00,113779.81,113869.5,113740.0,113792.2,5,5,True,0.0,4.0,-0.9658394863619857,0.13340105912356126,-1.0476992271878038,0.04199760616281356,0.4694082722717541,-1.241034095482818,0.7056634813282558,0.7234063494685916,-1.241034095482818,-0.4064074690532271,0.9047720318264396,-1.241034095482818
2025-08-20 20:45:00+00:00,114228.58,114375.27,114199.12,114370.0,6,6,True,5.0,6.0,-0.08635131590452039,0.21454926991344436,-0.32351141033487574,-0.29028591413832183,0.39499868846724073,-0.40569205211157255,-0.6833522776952039,0.39499868846724073,-0.6886158957768673,-1.6784996065401736,0.39499868846724073,-2.0585205910640947
2025-08-22 07:15:00+00:00,113138.01,113250.0,112950.0,113162.33,6,6,True,0.0,5.0,-0.39541426904166066,0.1387122375440697,-0.46357299288553033,-0.7700619101780548,0.1387122375440697,-1.3056818466003706,3.161175631502111,3.770441983653039,-1.3056818466003706,2.2568199152491752,3.770441983653039,-1.3056818466003706
2025-08-22 18:00:00+00:00,117024.01,117429.05,117024.0,117410.0,5,5,True,5.0,5.0,-0.4499957414189515,0.004462992930753806,-0.7580274252618979,-0.5820287880078379,0.004462992930753806,-0.7580274252618979,-1.336036112767225,0.004462992930753806,-1.662379695085603,-1.9253555915169085,0.004462992930753806,-2.4273911932544023
2025-08-24 02:00:00+00:00,115473.99,115666.68,115419.54,115623.67,5,5,True,4.0,4.0,-0.42010429179423214,0.001833534604123166,-0.5962965887521099,-0.6402408780139979,0.001833534604123166,-0.7498378143506512,-1.0583213627451848,0.001833534604123166,-1.101072124764757,-1.942569371824987,0.001833534604123166,-4.275655668082489
2025-08-26 09:00:00+00:00,110102.02,110332.15,110102.02,110265.86,5,5,True,2.0,4.0,-0.5803065427504084,0.13393084677342237,-0.630766404034766,-0.015489835203752467,0.5012793624427303,-0.7907524595554882,0.7688871242649276,1.0104396773398472,-0.7907524595554882,0.529619956711902,1.9091493958329542,-0.7907524595554882
2025-08-27 17:15:00+00:00,111974.57,112400.0,111897.43,112309.16,6,6,True,5.0,6.0,-0.20066039136967806,0.25896373902181136,-1.2353133083712886,-0.8557538850793578,0.25896373902181136,-1.2353133083712886,0.4936640964993355,0.757587359748757,-1.2881763161615711,0.1906166870093262,1.04776849902537,-1.2881763161615711
2025-08-30 10:00:00+00:00,108517.63,108627.41,108486.0,108592.67,5,5,True,2.0,6.0,-0.2924046346774567,0.11205176187307764,-0.35040118269492604,0.0792502845726073,0.3070925505377131,-0.37032886289654066,-0.06943378406663037,0.3070925505377131,-0.37032886289654066,-0.14281811101982678,0.8171361842378655,-0.37032886289654066
2025-08-30 17:00:00+00:00,108815.72,108898.17,108800.53,108880.12,5,5,True,0.0,6.0,-0.13718757841192364,0.018258613234456433,-0.23389026389757372,-0.24715255640790357,0.018258613234456433,-0.37780083269561837,-0.16822171026261712,0.5509729416169007,-0.37780083269561837,0.043644331031233996,0.5509729416169007,-0.6326499272778174
2025-08-31 22:00:00+00:00,109037.3,109070.8,108876.0,109070.79,5,5,True,0.0,5.0,-0.8500351010568452,0.14596942041036343,-1.3194275020837365,-1.229311715813186,0.14596942041036343,-1.5382578598724717,0.13403221889196626,0.7716181390086119,-1.6647811939383583,-1.0586519085448942,0.7716181390086119,-1.6647811939383583
2025-09-01 16:00:00+00:00,108784.33,109018.47,108653.09,109018.46,5,5,True,0.0,5.0,0.17350272605207717,0.2582498413571388,-0.5752787188518349,-1.011159027562858,0.2854470701567413,-1.4300055238351428,1.2305622368908864,1.4726955416541232,-1.4300055238351428,1.7882659505555232,2.5253154374039077,-1.4300055238351428
2025-09-02 01:30:00+00:00,109208.0,109540.98,108993.0,109484.94,6,6,True,3.0,5.0,0.6755175643335054,1.0403531298459834,-0.28603020652886446,0.7152307888189879,1.0403531298459834,-0.28603020652886446,0.8993748363930187,1.1199348513138085,-0.9969864348466584,1.3195148118088085,2.0982520518347147,-0.9969864348466584
2025-09-03 02:15:00+00:00,111098.3,111393.11,111091.86,111374.54,6,6,True,0.0,6.0,-0.5351222999439464,0.098325883096817,-0.5970305242113616,-0.23292576561931844,0.098325883096817,-0.7594464587687533,0.06224941535111217,0.49038137441466123,-0.7594464587687533,0.05020896158136612,1.0781009735259195,-0.7594464587687533
2025-09-03 17:00:00+00:00,111858.65,112400.0,111858.65,112380.33,5,5,True,0.0,5.0,-0.23726572078939245,0.17346451999207257,-0.5327444758348676,-0.4588525411875932,0.17346451999207257,-0.552436534044709,-1.4240303441002578,0.17346451999207257,-1.5071676689328073,-2.408624356237432,0.17346451999207257,-2.71507478221501
2025-09-05 04:45:00+00:00,111390.1,111468.2,111344.0,111445.0,6,6,True,2.0,6.0,1.3543182735878734,1.3944097985553405,-0.03358607384807977,0.7280362510655447,1.3944097985553405,-0.03358607384807977,-0.5649423482435356,1.7404280138184625,-1.0391583292206907,-0.5104580734891728,1.7404280138184625,-1.1108977522544694
2025-09-07 08:15:00+00:00,110831.26,111303.42,110831.26,111235.81,5,4,True,6.0,5.0,0.029594786067543843,0.12709935766188618,-0.3226748652255029,-0.08261727945343411,0.15839323685420403,-0.3226748652255029,-0.020011541247366704,0.15839323685420403,-0.3367710452236605,0.32285466343977554,0.34905126325777136,-0.5520074875168368
2025-09-08 13:00:00+00:00,112034.5,112370.3,112034.5,112328.0,6,6,True,0.0,6.0,0.07973969090522282,0.5309183818816177,-0.400932981981339,-0.08849975073000893,0.5309183818816177,-0.400932981981339,-0.6786375614272533,0.5309183818816177,-0.7728527170429489,0.3874011822519785,0.8593494053130035,-1.0834342283313148
2025-09-11 01:00:00+00:00,113885.7,114057.86,113835.78,114057.85,6,6,True,1.0,5.0,0.1350455054167643,0.32999043906227765,-0.2997163281615478,0.04175074315357907,0.35227737503380485,-0.2997163281615478,-0.4986680004927413,0.3876541597092942,-0.5215335901913032,1.4923567295017426,1.9936900441311023,-0.5504662765430046
2025-09-11 05:30:00+00:00,114117.47,114348.52,114117.46,114292.52,5,5,True,0.0,5.0,-0.1599842229395243,0.14623004200098322,-0.2933875287726706,-0.27150508187236966,0.14623004200098322,-0.451928087682385,0.25153002138722513,0.36966548642027863,-0.7546600599934283,1.0774720865372567,1.7842724965728252,-0.7546600599934283
2025-09-11 22:00:00+00:00,114482.7,114562.6,114435.63,114560.24,5,4,True,5.0,4.0,1.04727434230234,1.546409120651271,-0.007725193313146139,0.6351330967881985,1.546409120651271,-0.007725193313146139,0.3650743050119365,1.546409120651271,-0.007725193313146139,1.2839183996122827,1.837801666616623,-0.007725193313146139
2025-09-15 05:00:00+00:00,116058.01,116217.6,116019.05,116171.7,5,4,True,6.0,5.0,-0.5781958945250798,0.5046754071774906,-0.6345090930062969,-0.950506879041968,0.5046754071774906,-1.3306424886611823,-1.1578034925889824,0.5046754071774906,-1.538842936790974,-0.29725828235276364,0.5046754071774906,-1.538842936790974
2025-09-16 16:45:00+00:00,115849.22,116068.92,115828.12,116068.06,6,6,True,6.0,6.0,0.6307161505068715,0.6915769937052341,-0.009537507562362713,0.6784984602999256,0.7721417933581387,-0.009537507562362713,0.21145352132190265,0.8694036929711713,-0.009537507562362713,-0.3681374531460224,1.04996154842254,-0.5874570489073361
2025-09-16 21:45:00+00:00,116664.39,116854.0,116652.8,116800.51,5,5,True,4.0,6.0,-0.2059066351679406,0.140204867256144,-0.20591519677439774,-0.36683915164411607,0.2368568424915285,-0.3670360685925078,-0.21446824161983624,0.4162824289037692,-0.548191099508033,-0.652497150911413,0.4162824289037692,-1.7805572937994896
2025-09-21 11:00:00+00:00,115522.31,115691.18,115522.31,115680.97,6,6,True,0.0,5.0,-0.0056016127803926175,0.057278219572332034,-0.06702053068884384,-0.2662235629594112,0.057278219572332034,-0.40797548637429015,-0.3293195069163146,0.057278219572332034,-0.42614615005389656,-2.3994006965882053,0.057278219572332034,-3.3548906099248654
2025-09-24 10:00:00+00:00,112735.05,112864.15,112735.05,112817.41,6,6,True,4.0,6.0,0.17162244728008424,0.3055911317233706,-0.13198317529183878,0.4134645530330827,0.9507309199883185,-0.13198317529183878,0.7282563923422636,0.995050320690738,-0.13198317529183878,-1.0094895814396043,0.995050320690738,-1.2116835513242163
2025-09-24 14:30:00+00:00,113149.17,113384.6,113115.67,113382.5,6,6,True,0.0,6.0,0.4122858465812618,0.49169845434700044,-0.19340727184529172,0.1393248517187473,0.49169845434700044,-0.19340727184529172,-0.41298260313540336,0.49169845434700044,-0.825832910722557,-1.6699755253235748,0.49169845434700044,-2.427632130178814
2025-09-27 16:45:00+00:00,109370.73,109405.0,109310.64,109389.04,5,5,True,4.0,4.0,0.032142159762993394,0.04658601995228828,-0.13269153838446623,0.1979905847971697,0.284251511851652,-0.13269153838446623,-0.02115385599873454,0.3644880693714825,-0.13269153838446623,0.7614839658525385,0.9183643992122237,-0.18196521333397886
2025-09-28 00:15:00+00:00,109567.81,109787.75,109556.85,109787.74,6,6,True,5.0,5.0,-0.30339453203063194,-9.108485166109404e-06,-0.4214404996404908,-0.4624651167789873,-9.108485166109404e-06,-0.4624742252641423,-0.32633880613627264,-9.108485166109404e-06,-0.48979968072938584,2.1961741811972635,2.3338307173460304,-0.544459700145028
2025-09-28 09:30:00+00:00,109449.49,109559.89,109441.57,109559.89,5,5,True,3.0,5.0,-0.2895676510810685,0.0,-0.315352634983479,0.3378061076914296,0.3378152351193542,-0.33762355913281583,1.0261237027529013,1.2642491700201708,-0.33762355913281583,2.274682824161278,2.612361147861697,-0.33762355913281583
2025-09-28 19:15:00+00:00,110119.71,110341.67,110119.71,110338.01,5,5,True,4.0,6.0,1.2582518028012357,1.346417250048293,-0.043221732927745116,1.5452154701720788,1.8234785999856395,-0.043221732927745116,1.1508726684485326,1.8234785999856395,-0.043221732927745116,3.3230071849220444,3.5287477089717356,-0.043221732927745116
2025-09-29 20:00:00+00:00,114265.56,114400.0,114122.12,114369.0,5,5,True,5.0,6.0,-0.11629025347777988,0.02710524705120676,-0.30515262002815957,0.0346160235728199,0.36985546782781764,-0.30515262002815957,-0.5820283468422449,0.36985546782781764,-0.6855004415532218,-0.17600048964316883,0.36985546782781764,-1.4975474123232635
2025-09-30 20:45:00+00:00,114307.52,114723.57,114307.51,114626.36,5,5,True,6.0,4.0,-0.5037497483126985,0.11211208311945331,-0.7510837821248062,-0.30901269132161957,0.11211208311945331,-0.7510837821248062,1.295443735629398,1.7146492307703154,-0.7510837821248062,2.5384736983709466,3.11676999950099,-0.7510837821248062
2025-10-01 07:15:00+00:00,114360.05,114580.98,114360.05,114569.08,5,5,True,0.0,4.0,1.458988760318225,1.7655025247649725,-0.10837129878323859,1.804841236396415,2.0231636668462283,-0.10837129878323859,2.5327863329268174,3.1683242983185256,-0.10837129878323859,3.4499098709704246,4.266281967176488,-0.10837129878323859
2025-10-01 13:15:00+00:00,116534.47,116650.0,116531.21,116636.87,5,4,True,0.0,6.0,1.0501139133791915,1.0570156760894012,-0.20351197695891443,0.7150397640128814,1.3393106313638325,-0.20351197695891443,1.5845161139869557,2.4178032212284206,-0.20351197695891443,2.1675650246787415,2.4178032212284206,-0.20351197695891443
2025-10-02 17:45:00+00:00,119579.38,119956.84,119550.59,119917.52,5,5,True,1.0,5.0,0.6124959889097115,0.9210914301763351,-0.008764357368307163,0.5102090169976758,0.9210914301763351,-0.008764357368307163,0.0024016507345958615,0.9210914301763351,-0.1423561794807071,1.7976772701770338,3.3168381067253616,-0.558066911323718
2025-10-05 02:00:00+00:00,122377.71,122398.83,122342.0,122398.83,6,6,True,5.0,5.0,2.2871378754192317,2.7039392451708943,-0.01660146588002842,1.8369456636145864,2.7039392451708943,-0.01660146588002842,0.7081113438747844,2.7039392451708943,-0.01660146588002842,1.1979771375265624,2.7039392451708943,-0.07941252379618513
2025-10-06 13:00:00+00:00,124556.65,124814.0,124556.64,124693.89,6,6,True,6.0,5.0,0.12669425903706344,0.5729230197245361,-0.28430422693525026,0.7651778286811073,1.2075491429451857,-0.28430422693525026,0.15950260273378536,1.2075491429451857,-0.28430422693525026,0.039232074642958636,1.2075491429451857,-1.0994845056161218
2025-10-08 08:15:00+00:00,121563.03,122000.0,121524.01,121916.41,6,6,True,1.0,4.0,0.9057681406465345,1.052844321777524,8.202341250651557e-06,0.5531002758365267,1.1758794406757866,-0.21878104842490975,1.350892796137937,1.870822803919503,-0.21878104842490975,-0.6040286127191652,1.870822803919503,-0.6040696244254629
2025-10-12 11:00:00+00:00,111651.64,111906.15,111477.61,111863.78,6,6,True,0.0,6.0,-0.3998523919002128,0.3452592072250793,-0.575539285370108,2.1931763793427983,2.5354229939306583,-0.6132726786096443,2.707248047580735,3.4919435048592185,-0.6132726786096443,2.401331333520118,3.665198869553654,-0.6132726786096443
2025-10-12 16:00:00+00:00,113198.2,114312.3,113198.2,113900.01,6,6,True,6.0,6.0,0.3926953123182253,0.7023616591429693,-0.46328354141496053,1.2946091927472203,1.6417821210024552,-0.46328354141496053,0.7270236411744069,1.811940139425805,-0.46328354141496053,0.8891834162262136,1.811940139425805,-0.46328354141496053
2025-10-12 20:15:00+00:00,114602.15,115357.1,114562.0,115230.89,6,6,True,5.0,6.0,0.012461936204788415,0.46785197962109226,-0.8792260478071467,-0.017530021680811636,0.6360447272428349,-0.8792260478071467,0.05190448498662015,0.6360447272428349,-0.8792260478071467,0.22761257853687322,0.6360447272428349,-1.401004539668138
2025-10-13 09:45:00+00:00,115113.08,115199.58,115088.67,115127.04,5,5,True,2.0,4.0,-0.6208619625763023,0.03036645430996021,-1.3120636125101393,-0.7078615067320326,0.3500133417831286,-1.3120636125101393,0.49767630610497715,0.6638405712506845,-1.3120636125101393,-3.334707467507192,0.6638405712506845,-3.5362066114094426
2025-10-15 00:45:00+00:00,112937.73,113112.41,112807.19,112993.86,5,5,True,0.0,6.0,-0.8580731731795077,0.5473660250211898,-1.03362253488819,-0.47205219823448497,0.5473660250211898,-1.1036882889034927,-1.135114775263013,0.5473660250211898,-1.410572220472861,-2.267901990426735,0.5473660250211898,-2.5044369667519994
2025-10-16 14:30:00+00:00,110343.42,111420.02,110343.42,111352.01,5,5,True,0.0,6.0,-2.5310544461658036,0.047578844782414365,-3.389646940365054,-3.1931529570054407,0.047578844782414365,-3.524866771601154,-2.352144339379225,0.047578844782414365,-3.524866771601154,-5.519110072642608,0.047578844782414365,-7.026168634046215
2025-10-17 21:00:00+00:00,107021.38,107402.93,107016.87,107393.0,5,4,True,6.0,4.0,-0.9598856536273348,0.043783114355688824,-0.9694672837149532,-0.5598037116013144,0.043783114355688824,-0.997085471120096,-0.6168930935908312,0.09870289497453388,-0.997085471120096,-0.42388237594629397,0.09870289497453388,-0.997085471120096
2025-10-18 05:15:00+00:00,106589.1,106686.55,106589.09,106592.11,6,6,True,0.0,4.0,0.10000740204880731,0.8508040604506384,-0.08284853353591748,0.28107146016718154,0.8508040604506384,-0.08284853353591748,0.32094307918288933,0.8508040604506384,-0.10142401721853211,0.3572497063807134,0.8508040604506384,-0.10142401721853211
2025-10-18 20:15:00+00:00,107040.0,107243.31,107000.0,107235.4,6,6,True,5.0,6.0,-0.16825600501326754,0.09663786398894647,-0.3576803928553418,-0.3230556327481371,0.09663786398894647,-0.46741094825029084,-0.49358700578352455,0.12286987319487519,-0.8902563892147497,1.572027520762731,2.065241515395111,-1.055658858921582
2025-10-19 14:15:00+00:00,107973.07,108508.0,107940.0,108396.57,5,5,True,4.0,5.0,0.6088753546352965,0.9602333357964898,-0.24219401038244603,0.48396365309344436,0.9718942213762016,-0.24219401038244603,0.041523454109282376,0.9718942213762016,-0.9170493125382095,2.6555083800160695,3.028398407809396,-0.9170493125382095
2025-10-20 05:00:00+00:00,110422.1,110590.66,110291.27,110544.51,5,4,True,6.0,4.0,0.5610862086231183,0.8152010443576163,-0.09208055651066527,0.1344616752111838,1.0265005471551625,-0.09208055651066527,0.017621861094685443,1.0503009149888998,-0.3930633913886816,-2.5582274506440905,1.0503009149888998,-2.7332972030904013
2025-10-23 06:00:00+00:00,108940.58,109100.0,108849.07,109079.0,5,5,True,5.0,4.0,0.054098405742619704,1.1178045269941927,-0.00936935615470924,-0.13726748503377628,1.1178045269941927,-0.360546026274533,1.5569724694945775,2.030280805654616,-0.360546026274533,1.9748164174589133,2.1922826575234478,-0.360546026274533
2025-10-23 11:15:00+00:00,109395.93,109655.89,109289.08,109537.59,6,6,True,4.0,6.0,-0.2199427612018856,0.10263143456050727,-0.777696496700353,0.6106214314191227,0.9484506642879476,-0.777696496700353,0.4847285758249775,1.6031209012358216,-0.777696496700353,1.4425184998136276,1.8118985455130021,-0.777696496700353
2025-10-23 16:00:00+00:00,109908.29,110069.33,109771.04,110018.04,6,6,True,5.0,5.0,0.3107944842500432,1.1594189462019289,-0.33694474106246153,-0.14546705249429692,1.1594189462019289,-0.6151354814174059,0.5413384932143828,1.1594189462019289,-0.6151354814174059,0.010316489913830829,1.8969070890555884,-0.6151354814174059
2025-10-24 06:15:00+00:00,111233.11,111339.31,111138.0,111310.52,5,4,True,6.0,5.0,0.10421297106508742,0.19026054320832042,-0.5664424171228477,-0.27294814542238033,0.19026054320832042,-0.6383224155273037,-0.7135533999841237,0.7137330775204287,-1.4468623450865303,0.008337037685213211,0.7137330775204287,-1.4468623450865303
2025-10-25 04:00:00+00:00,111029.99,111200.0,111029.99,111199.99,6,6,True,5.0,4.0,0.2226618905271316,0.2671852758260096,-0.09532374957947898,0.1826978581562777,0.584658325958487,-0.09532374957947898,0.039865111498671446,0.6683453838440157,-0.09532374957947898,0.15288670439628227,0.6683453838440157,-0.09532374957947898
2025-10-25 10:30:00+00:00,111514.94,111710.0,111460.98,111675.9,5,5,True,0.0,6.0,-0.09640396898523695,0.2393443885386315,-0.17480942620565765,-0.36165367818838945,0.2393443885386315,-0.4580307837232511,-0.0680093019174155,0.2393443885386315,-0.4580307837232511,0.6613871032156382,0.9884943841957039,-0.4580307837232511
2025-10-26 00:15:00+00:00,111576.23,111769.0,111576.23,111742.26,6,6,True,6.0,4.0,-0.22091910437466167,0.14077037640012335,-0.3279421769346702,-0.10002482498563392,0.14077037640012335,-0.43117975240521966,1.702632468682852,1.8656862676663222,-0.43117975240521966,2.796972246668372,3.33315256018627,-0.43117975240521966
2025-10-26 12:00:00+00:00,113286.09,113824.89,113279.85,113728.0,5,5,True,5.0,6.0,-0.17075830050646834,0.23916713562184277,-0.39058103545300815,-0.14396630557118595,0.23916713562184277,-0.39058103545300815,1.0060143500281393,1.528911086100182,-0.7271736072031465,1.3575021102982587,2.349465391108607,-0.7271736072031465
2025-10-27 06:45:00+00:00,115689.68,116129.5,115688.9,116053.49,6,6,True,5.0,5.0,-0.6888892354723786,0.2985778368233438,-1.0674388163596005,-0.8511764704361768,0.2985778368233438,-1.0674388163596005,-0.6129070310595619,0.2985778368233438,-1.335160192080398,-1.6698937705363237,0.2985778368233438,-2.2146598090242664
2025-10-31 10:30:00+00:00,109846.5,110117.32,109710.08,110086.7,5,5,True,0.0,6.0,-0.4285803825530232,0.5398472295018442,-0.6538392012840677,-0.33666192192153277,1.0022100762399067,-0.6538392012840677,-0.414854837141998,1.0022100762399067,-1.3186879068951995,-0.006086112127978716,1.0022100762399067,-1.3186879068951995
2025-11-01 12:30:00+00:00,110078.89,110156.11,110078.89,110152.53,5,5,True,0.0,5.0,-0.06872288816244243,0.17745393591959147,-0.4084064160850387,0.08059733171812411,0.3426702954530514,-0.4084064160850387,-0.13972443483595276,0.3426702954530514,-0.4084064160850387,0.6059415975284477,0.9963275469024646,-0.4084064160850387
2025-11-02 09:00:00+00:00,110850.17,110989.91,110850.16,110978.65,5,5,True,1.0,6.0,0.10493910315183541,0.24451549915232018,-0.5699294413835432,-0.528570134886297,0.24451549915232018,-0.7251935394780862,-0.8787005428521621,0.24451549915232018,-1.120089314476247,-2.8741203826141204,0.24451549915232018,-3.685979240151138
2025-11-03 21:30:00+00:00,106625.06,107032.0,106553.17,107020.48,6,6,True,0.0,5.0,-0.26805149818053264,0.017155594891749004,-1.1819139663735378,0.13589922227970064,0.2600063090728133,-1.1819139663735378,-2.9308035247085362,0.2602492532270517,-3.134428101985709,-7.210040545510543,0.2602492532270517,-7.54633131901482
2025-11-05 05:00:00+00:00,101998.3,102370.0,101960.0,102263.77,5,4,True,1.0,5.0,-0.5448557196747195,0.060392844895118536,-0.7468627452322574,-0.6853942505737898,0.060392844895118536,-1.0632308979025562,1.1922306404311245,1.7365778711267987,-1.0632308979025562,1.2231213459077406,2.2206984937089613,-1.0632308979025562
2025-11-05 20:00:00+00:00,104008.09,104534.74,103940.0,104520.0,5,5,True,0.0,6.0,-0.7095484117872086,0.009567546880973055,-1.1624091083046295,-1.5075583620359767,0.009567546880973055,-1.7257367011098368,-1.192690394182938,0.009567546880973055,-1.7257367011098368,-3.0735744355147365,0.009567546880973055,-4.036595866819748
2025-11-09 13:15:00+00:00,102358.4,102510.34,102314.01,102510.33,6,6,True,2.0,4.0,0.9591813820129191,1.617076054676625,-0.016730021257382877,2.1716738205798336,2.174424762850724,-0.016730021257382877,3.474440088135511,4.057912992768631,-0.016730021257382877,3.7005538856425435,4.057912992768631,-0.016730021257382877
2025-11-09 19:15:00+00:00,104231.46,104739.34,104153.84,104736.52,5,5,True,6.0,6.0,-0.386675058518271,0.3098823600402145,-0.6472718398510935,1.2750757806350599,1.8461468836276085,-0.6472718398510935,1.525695144348882,1.8461468836276085,-0.6472718398510935,0.9448948657068135,1.8461468836276085,-0.6472718398510935
2025-11-16 08:45:00+00:00,96046.09,96179.6,95893.38,96116.94,6,6,True,6.0,5.0,-0.5095979959411912,0.5391037209465877,-0.641863962793654,-0.6094763316435103,0.5391037209465877,-1.0398375145942107,-2.108827018421522,0.5391037209465877,-2.44125541241742,-0.517994018536172,0.5391037209465877,-3.237088072092187
2025-11-17 09:30:00+00:00,95726.56,95868.99,95566.23,95745.16,5,4,True,2.0,6.0,-0.25880159373069533,0.2017856568415466,-0.481883366219249,-1.5777612152927722,0.31107577657187857,-2.270464637585856,-4.061469007937324,0.31107577657187857,-4.651054946276134,-4.778476530824117,0.31107577657187857,-6.779851848385865
2025-11-18 14:15:00+00:00,91238.79,91904.95,91238.79,91785.82,6,6,True,1.0,4.0,1.2831611680322652,2.233667466281819,-0.8452503883497497,1.467993639976184,2.233667466281819,-0.8452503883497497,0.9004767838866501,2.233667466281819,-0.8452503883497497,-0.7233034470902067,2.233667466281819,-1.9183355337458519
2025-11-20 00:15:00+00:00,91492.91,91898.24,91431.14,91855.18,5,4,True,5.0,4.0,0.5719546790937668,1.0265724807245524,-0.03828853201310878,0.6445036632664713,1.420518690399386,-0.03828853201310878,-0.13230609313487074,1.420518690399386,-0.4513953377479507,-4.979370787798787,1.420518690399386,-6.265493138220391
2025-11-21 23:15:00+00:00,84446.1,85041.98,84443.14,85032.63,5,5,True,0.0,5.0,-0.39931729737161525,0.6907583594674138,-0.5427328309144386,-1.1164184854684733,0.6907583594674138,-1.4108936769332003,-0.947130530950302,0.6907583594674138,-1.8024022072468004,-0.20381587632888332,0.6907583594674138,-1.8024022072468004
2025-11-22 16:00:00+00:00,84284.01,84592.93,84219.62,84592.93,5,5,True,3.0,6.0,0.13652441167364415,0.36181510677075757,-0.19972118237303604,0.003168113458196231,0.36181510677075757,-0.41992871035440027,2.209416318834223,2.263711636421628,-0.41992871035440027,3.074760503034968,3.4365401458490874,-0.41992871035440027
2025-11-23 01:00:00+00:00,84971.74,85344.29,84950.97,85334.88,5,5,True,5.0,6.0,1.320749498915319,1.374572742119029,-0.050917045878562384,0.6234262004001234,1.7872176066808798,-0.050917045878562384,1.1912479398810794,1.8247169270056984,-0.050917045878562384,1.6861335013302892,3.272706307198181,-0.050917045878562384
2025-11-23 13:30:00+00:00,86478.51,86735.1,86410.43,86709.83,5,5,True,3.0,4.0,0.7313818975311026,0.9112807625156094,-0.29746339025230606,1.0627514781196057,1.1297911666993121,-0.29746339025230606,-0.20577828373092855,1.6351202626045946,-0.8801539571695716,-0.19659824036099005,1.6351202626045946,-1.1685756966655414
2025-11-24 05:00:00+00:00,86738.36,87697.15,86675.82,87575.93,6,6,True,0.0,4.0,-0.7448051079788631,0.2987578892967635,-1.000194916571251,-1.692805317625501,0.2987578892967635,-2.1459892004572434,-0.6618028492532013,0.2987578892967635,-2.6307799414747812,0.6950311575338208,1.8864429986641396,-2.6307799414747812
2025-11-27 00:45:00+00:00,90361.68,90597.32,90352.0,90485.85,6,6,True,4.0,6.0,0.6695300977997976,1.6180982993473592,-0.11090131771984701,0.8385067941562019,1.6180982993473592,-0.11090131771984701,0.5533572376233309,1.6180982993473592,-0.11090131771984701,0.7973511880586814,1.6180982993473592,-0.11090131771984701
2025-11-28 18:00:00+00:00,90661.57,90907.33,90421.88,90893.68,5,5,True,0.0,4.0,0.28140570389494357,0.3888939252982171,-0.32310277238196683,-0.027152602909241708,0.3888939252982171,-0.32310277238196683,-0.07573683890892413,0.3888939252982171,-0.3821167764359368,-0.57602464769827,0.3888939252982171,-0.812168678834424
2025-11-30 09:00:00+00:00,91184.45,91586.24,91138.65,91488.33,5,4,True,4.0,6.0,-0.2664383533943604,0.15703642202233858,-0.5355765046755168,-0.0774962227423015,0.5592844464425095,-0.5355765046755168,-0.3515093127178015,0.5592844464425095,-0.5355765046755168,-5.296741125343541,0.5592844464425095,-6.431782064444724
2025-11-30 15:15:00+00:00,91417.44,91612.83,91354.85,91576.62,5,5,True,1.0,6.0,-0.19862056494331926,0.2985259774820337,-0.4555747962744161,-0.5479236949343491,0.2985259774820337,-0.7514363382269407,-5.6724631243214585,0.2985259774820337,-5.744730478150428,-7.229650974233381,0.2985259774820337,-7.4479927300221345
2025-12-02 01:00:00+00:00,86513.33,87350.0,86449.16,86771.05,5,5,True,4.0,5.0,0.37126437907573084,0.5404452291403627,-0.6408358548156246,0.1923106842662392,0.596316398153518,-0.6408358548156246,0.450726365533205,0.9884978918660137,-0.6408358548156246,5.710694984098952,6.380699553595348,-0.6408358548156246
2025-12-02 21:00:00+00:00,91026.66,91280.01,90965.02,91231.49,5,5,True,0.0,6.0,0.07786785023460308,0.8423736146367933,-0.06560234848735913,1.6797489551030997,2.03394683129694,-0.26444816367683366,1.9129030995766794,2.989198137616733,-0.26444816367683366,1.9957363405990636,2.989198137616733,-0.26444816367683366
2025-12-03 04:45:00+00:00,92955.79,93482.87,92900.0,93362.21,6,6,True,0.0,4.0,-0.38797282112323916,0.6387702261975159,-0.5261015136638347,-0.4528705993570803,0.6387702261975159,-0.72846390418565,-1.1995967104891814,0.6387702261975159,-1.7836017377909186,-0.0017458884060350677,0.8437996487015376,-1.7836017377909186
2025-12-03 12:45:00+00:00,92863.35,92985.5,92802.68,92937.39,6,6,True,4.0,5.0,-0.6069570062167573,0.8205631769947486,-1.3346512098091012,-0.3373561491236132,0.8205631769947486,-1.3346512098091012,0.12639692162648153,1.3047601186131796,-1.3346512098091012,0.05680168121784401,1.3047601186131796,-1.3346512098091012
2025-12-06 13:15:00+00:00,89611.43,89703.0,89590.0,89688.18,6,6,True,1.0,6.0,0.21661717296528327,0.6709802785606955,-0.21987289740966753,-0.14960722806505178,0.6709802785606955,-0.3956485681836708,-0.2655756867850245,0.6709802785606955,-0.8698693629416887,-0.8493984380104513,0.6709802785606955,-1.1553138886305825
2025-12-07 16:45:00+00:00,89465.38,89908.17,89383.43,89893.38,6,6,True,4.0,6.0,1.7043969199956654,2.076482161422777,-0.2996661155693636,-0.3296683248532939,2.076482161422777,-0.999016835277533,1.5551200766952933,2.076482161422777,-0.999016835277533,0.09466770523034462,2.662899092235693,-0.999016835277533
2025-12-08 05:15:00+00:00,91113.38,91375.0,91069.3,91285.41,5,5,True,5.0,5.0,0.4626807284975776,0.639039688817733,-0.048353838800740956,0.8268572162846155,1.0973714200330553,-0.048353838800740956,-1.4465509877208294,1.0973714200330553,-1.8331626050647087,-1.558781408770582,1.0973714200330553,-1.9558547198287202
2025-12-09 16:30:00+00:00,93376.78,94263.26,93376.78,94228.67,5,5,True,5.0,6.0,-0.5249782258414437,0.38238892685209525,-0.7319852864314025,-1.3566677742559596,0.38238892685209525,-2.0946385001507473,-1.765725866660317,0.38238892685209525,-2.3906418290738918,-1.9799069646212808,0.38238892685209525,-2.828778120289721
2025-12-13 04:30:00+00:00,90326.25,90395.48,90284.91,90384.34,5,5,True,6.0,4.0,-0.03349031480451847,0.028943066907394233,-0.12761060157101545,0.24198882239998554,0.2768289285511205,-0.12761060157101545,-0.3698981482854191,0.2768289285511205,-0.49936747892388444,-0.24291818693370493,0.2768289285511205,-0.6836914447790332
2025-12-15 06:45:00+00:00,89604.5,89918.48,89604.49,89735.88,5,5,True,1.0,4.0,0.1440226584951132,0.27948686746035456,-0.24503019305098794,-0.044720127556563405,0.27948686746035456,-0.3391731378797447,-3.9566001915844695,0.27948686746035456,-5.114163921945158,-3.5970895922567525,0.27948686746035456,-5.114163921945158
2025-12-17 01:00:00+00:00,87537.22,87680.81,87537.21,87593.83,5,5,True,0.0,5.0,-0.3073047496610304,0.4066153974543685,-0.5066795229755394,-1.063453898522304,0.4066153974543685,-1.5808419382963401,-0.7920877532127668,0.4066153974543685,-1.5808419382963401,-1.8629622657212241,3.16462928952872,-2.602728982166902
2025-12-18 08:15:00+00:00,86749.96,87038.68,86749.96,86945.13,6,6,True,5.0,6.0,0.27702529169832957,0.5848516184862707,-0.16340190646676467,1.8094630487066832,2.9127335826629963,-0.16340190646676467,-2.2610467084240526,2.9127335826629963,-2.8697639534267294,0.9172106591823992,2.9127335826629963,-2.8697639534267294
2025-12-18 15:30:00+00:00,88599.94,89362.79,88314.54,89077.12,6,6,True,1.0,6.0,-2.907738822269945,1.1226227347727047e-05,-4.036839089543975,-4.2224759848544675,1.1226227347727047e-05,-5.194498879173459,-2.28475056220947,1.1226227347727047e-05,-5.194498879173459,-1.1646425030355623,0.36243874970363077,-5.194498879173459
2025-12-22 07:00:00+00:00,88909.26,89196.23,88891.63,89148.08,6,6,True,5.0,4.0,0.6050607034946642,0.8532208433428945,-0.13931876042646563,1.1266535409399703,1.6154582353315794,-0.13931876042646563,-0.4848001213262232,1.6154582353315794,-0.5463718343681645,-1.9105627401061254,1.6154582353315794,-2.351772466664448
2025-12-23 20:30:00+00:00,87770.58,88250.0,87691.39,88198.44,6,6,True,1.0,5.0,-0.8045267013793045,0.1971803582920595,-1.1547143010692706,-1.2494665438527175,0.1971803582920595,-1.3587995433932853,-1.4240387925228526,0.1971803582920595,-1.5893591768743387,-0.630362623193792,0.1971803582920595,-2.0164075464373266
2025-12-24 22:30:00+00:00,87786.28,88049.89,87747.15,87984.13,6,6,True,4.0,6.0,-0.27864115949092216,0.04632653638785289,-0.5405633947849431,-0.22848438690022954,0.04632653638785289,-0.5405633947849431,-0.7440660037213553,0.04632653638785289,-0.8325706010845368,-0.31177213436104356,0.6917270194067848,-0.8325706010845368
2025-12-25 18:00:00+00:00,88139.07,88314.2,88139.07,88313.53,5,5,True,4.0,5.0,-0.37540114181824347,0.0009511566347653044,-0.7513344784202403,-1.2652421435311312,0.0009511566347653044,-1.5612669995186401,0.8804426682978317,1.275535017114593,-1.6099798071711136,-1.106885887134168,1.4201900886534613,-1.877911572552926
2025-12-26 06:30:00+00:00,89081.26,89250.0,89049.56,89249.99,5,5,True,1.0,4.0,-0.5387115449536739,0.3560336533370956,-1.0112494130251504,-0.5745546862246265,0.3560336533370956,-1.0112494130251504,-2.2759778460479496,0.3560336533370956,-2.9074625106400576,-2.0085380401723363,0.3560336533370956,-2.9074625106400576
2025-12-26 15:30:00+00:00,87007.97,87165.8,86892.61,87039.15,5,4,True,0.0,5.0,0.20626350326260479,0.4878494332722694,-0.25387426232907906,0.5273144326432444,0.8657598333623451,-0.25387426232907906,0.5345065984674768,0.8657598333623451,-0.25387426232907906,0.6305783087265926,0.8657598333623451,-0.25387426232907906
2025-12-27 07:00:00+00:00,87469.02,87552.43,87469.01,87548.11,5,5,True,2.0,5.0,-0.0057682570189121485,0.17577763814662362,-0.03412980588616277,-0.11863191564044362,0.17577763814662362,-0.20260860000290704,0.011616470075703766,0.17577763814662362,-0.27420352078416643,0.18466418064306822,0.4978862479155799,-0.27420352078416643
2025-12-28 12:45:00+00:00,87811.87,87890.45,87811.86,87850.6,5,5,True,6.0,5.0,-0.016311783869438212,0.2710852287861387,-0.03483186227527524,-0.28697584307905144,0.2710852287861387,-0.3987906741672931,0.506644234643816,0.6756812133326351,-0.4730758810981395,-0.5163311349040356,2.908893052523265,-1.1884950131245575
2025-12-29 00:15:00+00:00,87888.6,88041.75,87813.17,88011.62,5,5,True,6.0,5.0,1.6700067559261011,1.7060360893254911,-0.18429384665342718,2.2074130665928005,2.7206180274832015,-0.18429384665342718,-0.8445362101049736,2.7206180274832015,-1.369273739081267,-0.8085523252497784,2.7206180274832015,-1.369273739081267
2025-12-30 08:00:00+00:00,87502.85,88028.0,87502.84,87886.52,6,6,True,6.0,5.0,0.14986371061227466,0.38485993073793523,-0.26065430739549145,0.1587046568688688,0.38485993073793523,-0.26065430739549145,0.2784272263823828,1.72208434239971,-0.26065430739549145,0.9199590562921189,1.72208434239971,-0.26065430739549145
2025-12-30 13:15:00+00:00,87961.13,88129.27,87918.6,88095.99,6,6,True,4.0,6.0,1.274257772686349,1.4802149337330706,-0.29738016452282023,0.2825213724256814,1.4802149337330706,-0.29738016452282023,0.5591400925286205,1.4802149337330706,-0.29738016452282023,0.8492214004292231,1.4802149337330706,-0.29738016452282023
2025-12-31 03:00:00+00:00,88673.61,88819.8,88673.11,88753.94,5,5,True,6.0,5.0,-0.2511325131030806,1.1267105426426838e-05,-0.4832236180162819,-0.22735892062933916,1.1267105426426838e-05,-0.4832236180162819,-0.6248060649476583,0.502580505158412,-0.8975263520695442,-0.8672178384418805,0.502580505158412,-1.6945050552122032
2025-12-31 09:15:00+00:00,88552.14,88600.01,88552.14,88597.0,5,5,True,0.0,6.0,0.3832409675271098,0.507466392767264,-0.018634942492401496,-0.6923823605765378,0.6806099529329535,-0.7617526552817777,-0.9455512037653602,0.6806099529329535,-1.5203675068004574,-0.8589229883630312,0.6806099529329535,-1.5203675068004574
2026-01-01 13:30:00+00:00,87987.11,87989.0,87951.28,87989.0,5,4,True,1.0,5.0,-0.05501824091648233,0.14143813431224395,-0.20268442646239615,0.3883212674311576,0.5807544124833752,-0.20268442646239615,0.7364784234392907,1.0574617281705612,-0.20268442646239615,1.6569912148109545,2.2200956937799,-0.20268442646239615
2026-01-01 22:00:00+00:00,88377.67,88594.62,88377.67,88516.19,6,6,True,6.0,6.0,0.2752716762888241,0.45557767454744713,-0.09838878062871093,0.33532848623509803,0.6821576934117779,-0.1539944274601024,1.4911396434934554,1.5035554512683014,-0.1539944274601024,1.816402174562648,2.7629069891055957,-0.1539944274601024
2026-01-02 22:30:00+00:00,90130.87,90339.34,90056.67,90307.61,5,4,True,5.0,4.0,-0.15681956371118577,0.10230588540656171,-0.4489654858544023,-0.25647893903957275,0.19157853917293188,-0.4489654858544023,-0.527829271530933,0.19157853917293188,-1.1002395036254442,0.3481323445499118,0.4800813574847185,-1.1002395036254442
2026-01-03 20:30:00+00:00,90123.76,90312.5,90123.76,90261.97,6,6,True,1.0,5.0,0.4432099144301871,0.5308880362349777,0.0,0.99881489402458,1.493652310048188,0.0,1.2608078463166805,1.7150412294347106,0.0,1.1451555954296033,1.7150412294347106,0.0
2026-01-04 06:00:00+00:00,91480.04,91810.0,91451.15,91670.01,6,6,True,5.0,5.0,-0.3668375295257431,0.1262244871578,-0.5405802835627305,-0.4520453308557548,0.1262244871578,-0.5405802835627305,-0.47285911717475093,0.1262244871578,-0.7155120851410235,0.8358567867506661,1.8741025554595225,-0.8798297283920786
2026-01-05 00:30:00+00:00,91847.37,92062.74,91710.36,92043.61,5,4,True,6.0,4.0,0.9711809434679974,1.4606011215770431,-0.07583361843369607,0.4174651559190279,1.4606011215770431,-0.07583361843369607,0.8401452311572744,1.4606011215770431,-0.07583361843369607,1.7459441236605144,2.9827926131971605,-0.07583361843369607
2026-01-05 17:45:00+00:00,93794.68,94477.69,93794.67,94317.84,6,6,True,2.0,5.0,-0.14827523615892346,0.49962976251365365,-0.4218077937323428,-0.4857299531032422,0.49962976251365365,-0.5490371704865105,-0.7610967341915242,0.49962976251365365,-0.836172668924573,-2.892983978428676,0.49962976251365365,-2.945529711028161
2026-01-08 16:45:00+00:00,90712.08,90926.84,90694.59,90926.84,5,5,True,6.0,5.0,0.011624730387649329,0.5962595862783804,-0.12522155174423677,0.3355004968829789,0.6226544329485106,-0.3945259727490713,0.09453754249020285,0.7756345651075192,-0.3945259727490713,0.7666053279757667,1.271032843547637,-1.3551334237503432
2026-01-09 17:45:00+00:00,91163.36,91532.76,91150.07,91422.23,5,4,True,6.0,6.0,-1.2238489478981207,0.09362055596326968,-1.3478450481901327,-0.8542233108949526,0.09362055596326968,-1.431118011450827,-0.8955261756358301,0.09362055596326968,-1.431118011450827,-0.9595806184119482,0.09362055596326968,-1.431118011450827
2026-01-10 01:15:00+00:00,90647.78,90697.84,90608.75,90666.43,5,5,True,1.0,5.0,-0.15543790573864236,0.12772092162447457,-0.16995264950875333,-0.06591193675541396,0.12772092162447457,-0.28478015512466426,0.0674229701114415,0.182614447265661,-0.28478015512466426,-0.08682375604729398,0.182614447265661,-0.28944560847933287
2026-01-10 09:15:00+00:00,90645.24,90693.57,90645.24,90683.02,5,4,True,4.0,5.0,0.0400295446711052,0.16428654449311964,-0.058368148744947224,-0.09622529112948142,0.16428654449311964,-0.15941242362682573,-0.1265507037591096,0.16428654449311964,-0.2014048495517673,0.079430526244062,0.1841359054870484,-0.30768715025151216
2026-01-11 14:00:00+00:00,90849.45,90969.94,90849.45,90936.07,5,5,True,0.0,6.0,0.13479799599871445,0.38248848889115283,-0.25052765090904927,-0.41482989093327705,0.38248848889115283,-0.6215575403687446,0.8748893590849072,0.9489413826658577,-0.7698485320511539,-0.31334100978852586,1.741751100525879,-0.7698485320511539
2026-01-12 00:15:00+00:00,90917.71,91250.67,90884.0,91150.08,5,5,True,6.0,6.0,1.3514195489460867,1.5028730638524834,-0.4934608943843011,0.8940420019379003,1.5028730638524834,-0.4934608943843011,-0.4060007407563515,1.5028730638524834,-0.8558193256659852,0.3230167214334889,1.5028730638524834,-1.1208328067292994
2026-01-13 15:30:00+00:00,92397.13,93163.21,92371.74,92931.98,6,6,True,5.0,5.0,0.7532713711684513,0.8909957584030792,-0.1130827084497632,1.3154137036572422,1.6958747677602526,-0.1130827084497632,2.816845180744032,3.8340084866372193,-0.1130827084497632,3.762741308212747,4.46853709562629,-0.1130827084497632
2026-01-16 08:00:00+00:00,95653.16,95712.26,95570.68,95712.25,5,5,True,3.0,4.0,-0.4185044234149782,0.16635279183176976,-0.47101598802661293,-0.26413546855287295,0.16635279183176976,-0.47101598802661293,-0.8689692280768768,0.16635279183176976,-1.4823494380290847,-0.5643478238156474,0.16635279183176976,-1.4823494380290847
2026-01-21 20:45:00+00:00,89904.0,90228.92,89896.22,90214.01,5,4,True,6.0,6.0,-0.8416431106432309,0.1806703858968195,-0.9632982726297201,-0.30561771946506777,0.1806703858968195,-0.9632982726297201,-0.3257254610453453,0.1806703858968195,-0.9632982726297201,-0.8915355829986815,0.1806703858968195,-1.8829004497195045
2026-01-22 06:00:00+00:00,90026.3,90130.0,89900.0,90037.83,5,4,True,4.0,4.0,0.006508375423974755,0.1976502543430847,-0.30857029761823807,-0.032619622218788,0.1976502543430847,-0.30857029761823807,-0.6261812395967348,0.335603379157412,-1.6909114757652444,-0.33800237078126516,0.335603379157412,-1.6909114757652444
2026-01-22 12:00:00+00:00,89941.26,90049.7,89873.09,90008.46,5,5,True,1.0,5.0,-0.8328328248255912,0.3683431535213444,-1.112062132826197,-0.5937552981130967,0.3683431535213444,-1.6588329585907946,-0.5237952076949326,0.3683431535213444,-1.6588329585907946,-0.9426336146624581,0.3683431535213444,-1.6588329585907946
2026-01-22 20:00:00+00:00,89777.89,89924.0,89697.99,89924.0,5,5,True,6.0,5.0,-0.6912503892175681,0.024609670388331395,-0.8717027712290326,0.029291401628039893,0.0622414483341549,-0.8717027712290326,-0.4134491348249614,0.18342155598061183,-0.8717027712290326,0.21686090476402686,1.4467661580890523,-1.496419198434229
2026-01-23 06:00:00+00:00,89616.04,89799.36,89552.73,89733.5,5,5,True,0.0,6.0,-0.5515554391615107,0.0282837513303269,-0.6688137652047343,-0.6391035677868362,0.0282837513303269,-0.9729476728312147,1.1256777011929842,1.6621328712242311,-1.2873007293820016,0.012247376955110134,1.6621328712242311,-1.2873007293820016
2026-01-23 17:00:00+00:00,90124.86,90200.0,89978.4,90199.99,5,5,True,6.0,4.0,-0.08977828046323744,1.1363637623463152,-0.651862599984776,-0.6915410966231827,1.1363637623463152,-1.1078826061954206,-0.4111862983576797,1.1363637623463152,-1.1078826061954206,-0.9180821416942542,1.1363637623463152,-1.150676402514017
2026-01-26 06:30:00+00:00,87929.36,87981.68,87850.5,87962.51,5,5,True,5.0,4.0,-0.2228222000486335,0.5251555463799296,-0.3287877983472631,-0.22115103354827248,0.5251555463799296,-0.4113343286816118,0.0533409062565493,1.0203096751104646,-1.0538580583932866,0.3674292604883833,1.1908368690252358,-1.0538580583932866
2026-01-27 20:00:00+00:00,88408.78,88739.14,88373.49,88739.13,5,5,True,3.0,5.0,0.6549309194264108,0.8835222973224921,-0.0857344443201069,0.6151739373599918,0.8835222973224921,-0.0857344443201069,0.45851249612205436,0.8835222973224921,-0.0857344443201069,0.953051939995353,2.0970117692161283,-0.0857344443201069
2026-01-28 00:45:00+00:00,89203.57,89468.01,89203.56,89467.72,5,5,True,2.0,6.0,-0.3811989396846127,0.03379990012040146,-0.5395465537738064,-0.16793766511541408,0.03379990012040146,-0.7016161806738808,0.593476619276756,0.7926434249134751,-0.7087137126105425,-0.36192941990698113,1.265573773423534,-0.7087137126105425
2026-01-28 13:30:00+00:00,90140.73,90488.0,90100.59,90415.58,6,6,True,2.0,5.0,-0.9550123994116921,0.05740161153642287,-1.671138978481368,-1.522171289505636,0.20396927166754786,-1.671138978481368,-1.74702191812518,0.20396927166754786,-1.9935612866720631,-2.5809932314762474,0.20396927166754786,-2.9990185319830998
2026-01-30 22:45:00+00:00,83990.0,84229.0,83950.28,84219.99,5,5,True,4.0,6.0,-0.26122064369753506,0.09376633742179674,-0.3704464937599794,-0.2701733875769996,0.09376633742179674,-0.48084783671905607,-1.258596682331603,0.09376633742179674,-1.970126094766822,-7.201164474134947,0.09376633742179674,-10.09272264221358
2026-02-01 13:00:00+00:00,78459.68,78741.78,78459.68,78673.47,6,6,True,0.0,5.0,-1.4000780695195059,0.12101919490774549,-2.429650045943066,-1.1915960996762953,0.12101919490774549,-2.429650045943066,-2.3508178805383806,0.12101919490774549,-3.7795078823903427,-0.8560446107181985,0.12101919490774549,-5.172607741847413
2026-02-02 08:00:00+00:00,76660.78,76972.3,76628.28,76870.09,6,6,True,6.0,5.0,1.1446714840583683,1.3094820104933014,-0.28371242963289856,1.1949251002568273,2.0657059202090267,-0.28371242963289856,2.030945976517007,3.2391141990337324,-0.28371242963289856,2.1055913945202898,3.2391141990337324,-0.28371242963289856
2026-02-02 16:00:00+00:00,78850.06,79185.05,78617.16,79066.1,5,5,True,5.0,6.0,-0.6906879180837322,0.28100538663218266,-0.8815029450042422,-0.38037793694136735,0.28100538663218266,-1.4900191105922889,-0.387157074903155,0.28100538663218266,-1.7985078307896973,-2.153046628074484,0.28100538663218266,-2.5428850038132778
2026-02-03 00:30:00+00:00,78909.49,78960.0,78760.0,78951.48,6,6,True,2.0,4.0,-0.49583617685191594,0.2980691432256988,-1.6559410919212647,-0.6166572178254337,0.2980691432256988,-1.6559410919212647,-0.9044415633500336,0.2980691432256988,-1.6559410919212647,-3.6674170009225904,0.2980691432256988,-7.607178484811172
2026-02-06 16:00:00+00:00,68625.99,69450.26,68428.19,69290.0,6,6,True,4.0,6.0,0.7791456198585678,3.1894934333958735,-0.19545388945012565,1.6569779188916112,3.1894934333958735,-0.19545388945012565,2.785134940106815,3.5522153268870094,-0.19545388945012565,0.24019339009957452,3.5522153268870094,-2.8719872997546525
2026-02-07 22:15:00+00:00,69554.54,69574.38,69413.43,69574.37,5,5,True,1.0,5.0,-0.6078100311939449,0.0,-1.131206793536177,-0.4883694958358942,0.17563939134483952,-1.131206793536177,0.6780657877319074,1.7572850462030942,-1.131206793536177,1.8355322513160965,2.846709212027365,-1.131206793536177
2026-02-08 08:15:00+00:00,69621.99,70398.11,69514.15,70212.08,6,6,True,6.0,4.0,0.7006201781801558,1.0296233924418585,-0.4579838683030024,1.4680807063399914,1.9125911096779857,-0.4579838683030024,1.1587891998072086,1.9125911096779857,-0.4579838683030024,-0.1778611315887635,2.9330138061712585,-0.4579838683030024
2026-02-08 13:15:00+00:00,71116.0,71499.99,71096.0,71454.66,6,6,True,6.0,6.0,-0.42533265150236366,0.1403547368359126,-0.9355303069107146,-0.3543085923297329,0.1403547368359126,-1.684046918703419,-1.0337884191178093,1.1430325188028334,-2.035780451547886,-3.057407312553173,1.1430325188028334,-4.2461611321081065
2026-02-09 22:00:00+00:00,70400.01,70719.7,70271.13,70645.28,5,5,True,0.0,5.0,-0.7492220287045326,-1.4155227345824528e-05,-1.2760654356525958,-1.2064500275177692,-1.4155227345824528e-05,-2.033639048496938,-2.1167160778469585,-1.4155227345824528e-05,-2.7790674762701806,-2.877177357071836,-1.4155227345824528e-05,-4.02755852903407
2026-02-10 17:15:00+00:00,69393.68,69819.4,69350.81,69671.23,5,5,True,6.0,4.0,-1.2321872313722504,0.46277351497885366,-1.5309045067813387,-1.4467664773537003,0.46277351497885366,-1.8791544228514367,-2.9909045670644896,0.46277351497885366,-3.305855228908683,-4.328659046208894,0.46277351497885366,-5.619579272534725
2026-02-11 21:00:00+00:00,67555.98,67763.36,67417.04,67689.5,5,5,True,2.0,4.0,-0.47856757695063923,1.004986002260333,-1.3322598039577804,-0.2924087192252789,1.004986002260333,-1.3322598039577804,-0.7411193759741197,1.004986002260333,-1.505477215816342,-2.9836385259161324,1.065187362884945,-3.798964388863857
2026-02-13 14:45:00+00:00,67331.48,68028.45,67331.48,67733.51,6,6,True,4.0,6.0,1.9406642295667353,2.5828574364446855,-0.061284288973062484,1.5407587765642106,2.5828574364446855,-0.061284288973062484,1.6988636791449574,2.5828574364446855,-0.061284288973062484,2.905725688806049,4.172971399237979,-0.061284288973062484
2026-02-14 08:30:00+00:00,69495.5,69735.61,69470.94,69663.12,5,5,True,5.0,4.0,0.9294300915606346,1.184098558893143,-0.1382941217677236,0.015043828068583842,1.2874674576734524,-0.8591633564502876,0.41821267838708653,1.2874674576734524,-0.8591633564502876,0.9576372691892265,1.8946610487730053,-0.8591633564502876
2026-02-14 14:00:00+00:00,69460.0,69500.0,69208.09,69460.1,5,5,True,0.0,5.0,0.5771370902143635,0.8469466643439727,-0.2549377268388664,0.5296565942173981,0.8469466643439727,-0.2549377268388664,0.12713773806831696,1.1378618804176899,-0.2549377268388664,-0.7228898317163557,2.192481726919482,-0.9903527348794627
2026-02-15 05:15:00+00:00,70205.38,70472.43,70170.0,70331.18,5,5,True,6.0,4.0,0.33674964645837857,0.9267866684449233,-0.2091391044484081,0.07522979139551467,0.9267866684449233,-0.2116699876214101,-1.9126509750013954,0.9267866684449233,-2.3790017457406387,-2.663399078474149,0.9267866684449233,-3.3145754130671445
2026-02-16 08:15:00+00:00,68549.9,68746.76,68542.63,68735.38,6,6,True,3.0,4.0,-0.10089418287932972,0.4733952150988374,-0.576820845392878,-0.608958588720987,2.024124984833131,-0.7425288112177575,-0.7385570575153655,2.024124984833131,-2.096838629538389,-0.6340548346426611,2.024124984833131,-2.096838629538389
2026-02-16 12:45:00+00:00,69436.93,69848.48,69368.58,69763.24,5,5,True,4.0,4.0,-3.187523973943873,0.5209477082773084,-3.539299493544168,-2.727955295654272,0.5209477082773084,-3.539299493544168,-1.2685333995382075,0.5209477082773084,-3.539299493544168,-2.642867504433566,0.5209477082773084,-3.539299493544168
2026-02-17 02:00:00+00:00,68618.12,69241.5,68387.2,69124.74,5,5,True,0.0,4.0,-1.1265575827120844,0.08570014151227934,-1.2104783323597434,-1.0658267937065702,0.08570014151227934,-1.7833557131643585,-1.4858211401590937,0.08570014151227934,-2.0755810437768085,-2.673008245672981,0.08570014151227934,-3.6219738403356128
2026-02-18 05:00:00+00:00,67823.55,67896.17,67748.78,67880.01,5,4,True,6.0,6.0,0.5026369324341529,0.5786534209408778,-0.4030052441064691,-0.7220387857927446,0.8783292754376504,-1.1831318233453403,-1.1726721902368564,0.8783292754376504,-1.7128901424734444,-1.6299791352417214,0.8783292754376504,-2.961122133010874
2026-02-19 20:45:00+00:00,66942.04,67166.98,66942.04,67149.11,5,5,True,6.0,5.0,-0.2165032418151247,0.029412154531915924,-0.7398013168007811,0.13837860248631095,0.5026276595475165,-0.7398013168007811,1.0884433166724161,1.2761003087010447,-0.7398013168007811,0.8954549062526462,1.7413186861300112,-1.294000769332615
2026-02-20 05:15:00+00:00,67257.55,67450.0,67249.13,67407.34,5,5,True,0.0,6.0,0.6863644226281718,0.8881228661448581,0.0,0.6931589349171929,1.3515590438667457,0.0,-0.5572538539571403,1.3515590438667457,-1.6721324413632055,0.6729237498468432,1.3515590438667457,-1.6721324413632055
2026-02-20 17:45:00+00:00,67238.0,67680.79,66971.21,67613.37,5,5,True,6.0,4.0,0.20266701689326538,0.5718247737096949,-0.21779716053199616,0.6014195121467836,0.9178953807508883,-0.21779716053199616,0.3528296252649499,0.9178953807508883,-0.21779716053199616,1.2188121964635146,1.605200273259566,-0.21779716053199616
2026-02-21 13:15:00+00:00,68147.29,68250.0,68106.89,68237.93,5,5,True,5.0,5.0,0.05338673081085599,0.6752402952434178,-0.1995224649985583,0.49202840707507356,0.6752402952434178,-0.1995224649985583,-0.17780433843755938,0.6752402952434178,-0.6274369694391324,-0.45051190738054636,0.6752402952434178,-0.6274369694391324
2026-02-24 17:00:00+00:00,64265.53,64520.0,64166.17,64412.0,5,5,True,6.0,6.0,-0.022620008694029803,0.5140501769856476,-0.8372352977705999,-0.5278830031671067,0.5140501769856476,-0.9183071477364413,1.440414829534875,2.946655902626838,-0.9183071477364413,6.365894553809848,6.575218903309943,-0.9183071477364413
2026-02-24 22:00:00+00:00,64042.66,64227.81,63973.79,64219.6,5,5,True,0.0,6.0,2.1593719051504534,2.680365495892212,-0.5693121726077388,1.899684831422177,3.255081003307403,-0.5693121726077388,2.1005736566406474,3.255081003307403,-0.5693121726077388,7.560433263365085,8.98359690810906,-0.5693121726077388
2026-02-25 13:15:00+00:00,66050.01,66250.0,66025.39,66179.44,5,4,True,5.0,6.0,2.557773229873206,2.9020644478103597,-0.05551573116968633,4.221039041732588,5.093062135309689,-0.05551573116968633,3.3408714247204374,5.756153270562581,-0.05551573116968633,2.990460481382118,5.756153270562581,-0.05551573116968633
2026-02-28 16:30:00+00:00,64942.76,65206.25,64888.77,65162.62,6,6,True,5.0,4.0,1.8635684077773496,2.3042965430180695,-0.5134692251478001,3.3398135311317967,3.9859968798062306,-0.5134692251478001,3.4295735806816774,4.661215279557518,-0.5134692251478001,2.5565270395818906,4.661215279557518,-0.5134692251478001
2026-02-28 22:00:00+00:00,66723.23,66987.22,66608.82,66938.93,5,4,True,1.0,6.0,-0.9498359176042914,1.2265956447167659,-1.126877887053157,0.5180094752037512,1.8838962618613841,-1.3388472149166275,-0.6186086332721441,1.8838962618613841,-1.3388472149166275,-1.389370878799523,1.8838962618613841,-2.7710481777942886
2026-03-01 02:30:00+00:00,67764.51,68101.42,67660.0,68072.53,5,5,True,5.0,6.0,-1.0097758963858228,0.13730942569638582,-1.45898793536835,-1.369891790418254,0.13730942569638582,-1.943779671476864,-1.8307384785022585,0.13730942569638582,-2.8502833668735295,-2.570875505875858,0.13730942569638582,-4.4313469765263624
2026-03-04 08:30:00+00:00,69316.42,69920.0,69305.62,69880.0,5,5,True,6.0,5.0,1.7590440755580916,2.8806525472238054,0.0,2.198898111047498,3.93961076130509,0.0,5.175100171722957,5.967372638809398,0.0,3.289539210074399,5.967372638809398,0.0
2026-03-04 16:45:00+00:00,73140.33,73458.0,73079.14,73294.84,5,4,True,6.0,6.0,0.43149012945524756,1.0303044525371785,-0.5221786417706875,-0.8035763499858906,1.0303044525371785,-0.8957656500785061,-0.6537158686750644,1.0303044525371785,-1.3395213087306068,-2.713588023386093,1.0303044525371785,-3.4228603268661173
2026-03-09 04:15:00+00:00,67177.44,67610.0,67170.22,67575.86,6,6,True,5.0,6.0,-0.5487166571021107,0.7301867856361666,-1.0689912048474137,0.3316864927801033,1.3084998104352596,-1.0689912048474137,2.049992408531698,2.817781379326867,-1.0689912048474137,3.189733730358757,4.443051113222962,-1.0689912048474137
2026-03-09 09:15:00+00:00,67833.03,68050.0,67797.69,68011.2,5,5,True,3.0,6.0,0.20903909944243182,0.6600236431646644,-0.9803532359376144,1.5689033570941202,2.1596442938810023,-0.9803532359376144,1.2188286635142376,2.2135324770037768,-0.9803532359376144,4.729809207895164,4.8135013056673115,-0.9803532359376144
2026-03-09 14:30:00+00:00,69160.18,69480.0,69097.0,69416.37,5,5,True,6.0,6.0,-1.455161080880485,0.014837998587369228,-1.6509506331143453,-0.7690549073654962,0.14446160178067657,-1.7823605584676883,1.3019983614815933,1.4734276655492096,-1.7823605584676883,1.499559830051611,2.7135242018561323,-1.7823605584676883
2026-03-10 06:15:00+00:00,69876.8,70185.24,69750.62,70142.59,5,5,True,0.0,4.0,1.547433592058689,1.6285825772900608,-0.4802930715846143,0.34475487717235964,1.6500816408404617,-0.4802930715846143,0.2501048221914992,2.3301249640197197,-1.249640197204005,-0.482460085947789,2.3301249640197197,-1.249640197204005
2026-03-11 17:00:00+00:00,70570.71,71000.0,70560.08,70872.48,6,6,True,5.0,4.0,-0.6184770167489528,0.6328549530085548,-0.7009773045898782,-0.5835833598598406,0.6328549530085548,-0.8902609306179143,-2.1607540754888133,0.6328549530085548,-2.3224247267768727,-0.624671240515362,0.6328549530085548,-2.351505125825981
2026-03-12 23:00:00+00:00,70175.64,70484.04,70159.35,70470.01,6,6,True,0.0,6.0,1.5272028484173639,2.171122155367944,-0.11919964251460025,1.137817349536352,2.171122155367944,-0.11919964251460025,2.5946072662683006,2.9884627517436257,-0.11919964251460025,0.4811124618827378,4.886802201390372,-0.11919964251460025
2026-03-13 07:00:00+00:00,71342.0,71500.0,71236.08,71423.43,5,5,True,0.0,6.0,1.1625036770146702,1.1661999430718994,-0.05793617024552056,1.918152068585921,2.094312748631655,-0.05793617024552056,-0.278844071196227,3.486684971584264,-0.8151386736817257,-1.0034382274835996,3.486684971584264,-1.5491135051900917
2026-03-14 20:30:00+00:00,70735.78,70856.4,70735.77,70850.0,6,6,True,4.0,4.0,0.4674241354975184,0.5176005645730397,-0.2666760762173648,0.8045165843330926,0.8045165843330926,-0.2666760762173648,1.0206069160197728,1.3418207480592637,-0.2666760762173648,1.4067466478475454,1.6089343683838964,-0.2666760762173648
2026-03-15 02:00:00+00:00,70985.84,71380.0,70985.84,71305.29,6,6,True,3.0,4.0,0.3365809184704194,0.4996263250594879,-0.1961705786485024,0.40563610357662316,0.694745088337756,-0.1961705786485024,0.3843473604833614,0.8908174975517325,-0.1961705786485024,1.9480742592870692,2.6557777129859517,-0.1961705786485024
2026-03-15 07:00:00+00:00,71458.41,71658.33,71428.52,71612.56,5,5,True,0.0,5.0,0.2710418395879266,0.457922464997762,-0.2802301719139644,-0.2374862733576233,0.457922464997762,-0.4834487134658949,-0.1728048822720485,0.5269606337212185,-0.48674422475609713,3.1283339123751475,3.9636482762241743,-0.48674422475609713
2026-03-16 20:45:00+00:00,74041.63,74248.95,74041.63,74236.9,6,6,True,5.0,6.0,0.8725714570516852,0.9054526791932416,-0.11705768963951035,1.2946661296471262,2.3749644718462193,-0.11705768963951035,-0.06535833258122237,2.3749644718462193,-0.6100739659118282,0.36349847582537453,2.3749644718462193,-1.1284280458909168
2026-03-21 00:00:00+00:00,70510.73,70599.44,70467.36,70594.76,5,4,True,1.0,6.0,0.14205020315956052,0.3275597225629756,-0.23102281245802603,0.1748430053448935,0.33954361485188933,-0.23102281245802603,0.19157229233446316,0.40371268349095324,-0.23102281245802603,-2.69766481251581,0.7170220565945851,-3.351891840130905
2026-03-21 07:15:00+00:00,70731.91,70879.76,70731.91,70875.94,5,5,True,4.0,6.0,-0.44610343086808335,1.4109160306752244e-05,-0.5416788828479735,-0.19544008869583074,1.4109160306752244e-05,-0.5416788828479735,-0.6516456783500879,0.31745610710771643,-0.9395854220769495,-2.3905432506433177,0.31745610710771643,-3.7353155386722237
2026-03-23 11:00:00+00:00,68551.02,71499.0,68544.15,70963.07,6,6,True,6.0,6.0,0.7916089312370422,1.2034710448688202,-1.819425230616445,-0.4700191240317064,1.2034710448688202,-1.819425230616445,-0.5781316958243354,1.2034710448688202,-1.819425230616445,0.2205936129876962,1.2034710448688202,-1.819425230616445
2026-03-24 09:30:00+00:00,71014.7,71243.14,70977.9,71242.7,5,5,True,1.0,6.0,-0.48103174079588973,0.17673389694663477,-0.5369251867208935,-1.6627387788503256,0.17673389694663477,-2.435842549482259,-1.357261866829862,0.17673389694663477,-3.255954645177672,0.028522220522253505,0.3666902012416706,-3.255954645177672
2026-03-25 10:00:00+00:00,71345.91,71456.76,71291.69,71420.0,6,6,True,6.0,6.0,0.4038364603752509,0.8486278353402321,-0.4404508541025032,-0.763861663399612,0.8486278353402321,-1.2454914589750787,-0.597619714365738,0.8486278353402321,-1.2454914589750787,-2.5773872864743863,0.8486278353402321,-2.8147997759731203
2026-03-28 00:30:00+00:00,66375.01,66520.46,66375.0,66489.14,5,5,True,5.0,4.0,-0.3872812913507384,0.006843222818053718,-0.8378059935803095,-0.09496287664421121,0.01633349446239496,-0.8378059935803095,-0.18183420630797364,0.1270433036131946,-0.8378059935803095,-0.13283372292075546,1.202903210960482,-0.8378059935803095
2026-03-28 18:00:00+00:00,66846.2,66963.51,66846.2,66939.21,5,5,True,0.0,6.0,-0.15403528066734173,0.10575266723344967,-0.22353117104311204,-0.787176902745057,0.10575266723344967,-0.9797396772385003,-0.18255369311949154,0.28576674269085167,-0.9826975848684416,-0.8017274180558975,0.28576674269085167,-1.1666555371657505
2026-03-29 12:45:00+00:00,66738.0,66870.34,66729.27,66849.88,5,5,True,4.0,5.0,-0.48897619561920624,0.037935744985628794,-0.7711457372848063,-0.6321926082739515,0.037935744985628794,-1.0345867486972415,-0.852103249848768,0.31380759397023894,-2.767215139354029,1.5702496399395027,1.7837279588235555,-2.767215139354029
2026-03-30 04:00:00+00:00,67173.8,67493.46,67167.92,67432.49,5,5,True,5.0,5.0,-0.07336226201939411,0.5450043443449903,-0.3034294002787097,0.011893376620064622,0.7615468448517904,-0.3034294002787097,0.01321321517266938,1.093182233074863,-0.5097839335311605,0.35782454422192966,1.447195558105574,-1.77860850162882
2026-03-31 20:00:00+00:00,67838.79,68198.0,67831.7,68146.88,5,5,True,1.0,5.0,0.11800980470419997,0.3865474105344102,-0.3857550044844338,-0.43969731262825107,0.3865474105344102,-0.637255880239862,0.5597174808296357,1.7067839349358183,-0.8336845355209288,-0.08932177085732018,1.7067839349358183,-0.8336845355209288
2026-04-02 19:00:00+00:00,66981.99,67109.09,66943.09,67055.28,6,6,True,4.0,5.0,-0.23365796101364467,0.06939050884582354,-0.48348168854115414,-0.3344553926253102,0.06939050884582354,-0.5256111077308057,-0.3533204245810273,0.06939050884582354,-1.1531977795037118,-0.40751451638110225,0.4699704482629796,-1.1531977795037118
2026-04-03 08:00:00+00:00,67042.08,67288.0,67033.08,67169.74,5,5,True,6.0,4.0,-0.4729361763198714,0.07869615097513272,-0.7369687600398689,-0.571656224960837,0.2987654857678379,-0.9850268885959634,-0.40159452753576463,0.2987654857678379,-0.9850268885959634,-0.25087189558871126,0.2987654857678379,-0.9850268885959634
2026-04-04 00:15:00+00:00,66911.19,66968.28,66895.93,66918.95,5,5,True,6.0,4.0,-0.09988202146028469,0.06413728846612621,-0.1568315103569251,0.05532065281956822,0.0737160400753556,-0.21375111235306665,0.28957417891344317,0.4688806384439692,-0.21375111235306665,0.5162513757313913,0.9623283090963053,-0.21375111235306665
2026-04-04 08:15:00+00:00,67001.23,67057.42,67000.75,67051.99,6,6,True,6.0,6.0,0.10954186445473191,0.2695371159006532,-0.19983001250224453,0.2024100999836076,0.3206616239130211,-0.19983001250224453,0.32515067785459095,0.7620057212321285,-0.19983001250224453,-0.26385495792145,0.7620057212321285,-0.6566993761109918
2026-04-04 15:00:00+00:00,67215.24,67562.93,67177.39,67383.16,5,5,True,6.0,6.0,-0.07492970053646353,0.2043388882326136,-0.14969615553798166,-0.21889742184842964,0.23810103295838214,-0.2916752494243502,-0.2895085359606142,0.23810103295838214,-0.6343424677619836,-0.6739369302359965,0.23810103295838214,-1.1449448200410939
2026-04-05 21:45:00+00:00,67492.45,67682.42,67473.66,67553.43,5,5,True,5.0,6.0,2.2653920015608398,3.0117937756824587,-0.3055063229209676,2.3244711630482806,3.0117937756824587,-0.3055063229209676,3.2190371384547056,4.0410827399882,-0.3055063229209676,2.888913264655857,4.141951045268932,-0.3055063229209676
2026-04-06 16:30:00+00:00,69907.23,70129.87,69849.88,70129.86,5,5,True,5.0,6.0,-0.5219745198407622,0.31598523082749796,-1.2089572116641856,-1.2741362951530277,0.31598523082749796,-1.325911673002056,-1.8160452623176448,0.31598523082749796,-2.647260382382066,-2.580313150489688,0.31598523082749796,-3.419156975359716
2026-04-09 17:00:00+00:00,72080.86,72524.42,72062.38,72481.24,5,5,True,3.0,5.0,-0.41177551598180484,0.09486592668668248,-1.0120687780727944,-0.9351385268795087,0.915767997346606,-1.0120687780727944,-0.5811158859865162,0.915767997346606,-1.2525861864394194,0.5295163272592829,1.115764575771605,-1.4556732197186673
2026-04-10 17:15:00+00:00,72865.04,73029.51,72803.69,72966.97,6,6,True,4.0,5.0,0.38679144824020906,0.42249253326538394,-0.2244988383099833,-0.10141575016751059,0.6400567270369084,-0.36505558610970823,-0.21491916136849865,0.6400567270369084,-0.4069923692870958,0.15176729964256896,0.6400567270369084,-0.6220348741355242
2026-04-13 19:15:00+00:00,72318.67,72908.0,72318.67,72853.59,6,6,True,6.0,6.0,1.7584033950831968,2.2118470757583886,-0.03240746269332906,1.9819339033258387,2.808935016105596,-0.03240746269332906,2.492862740188917,2.842756273232383,-0.03240746269332906,1.793665898962571,4.370971972692095,-0.03240746269332906
2026-04-20 09:00:00+00:00,74728.92,75085.71,74706.87,75032.24,5,5,True,1.0,5.0,0.4289622700855089,0.49630665431286136,-0.09959718648945293,0.04116896949897253,0.9789125314664693,-0.4401308024390649,1.2961761504121316,2.0342988560650532,-0.4401308024390649,1.9250924669182101,2.526020814519203,-0.4401308024390649
2026-04-20 13:45:00+00:00,75227.03,75321.31,74972.44,75269.38,5,5,True,5.0,6.0,0.0921490252742796,0.668718142756064,-0.7537992208784039,1.3652032207519094,1.6172446219166359,-0.7537992208784039,0.8744724614444754,1.7128346214622558,-0.7537992208784039,0.837790878575051,2.203007384941924,-0.7537992208784039
2026-04-20 18:45:00+00:00,76173.06,76453.19,76097.28,76423.69,5,5,True,6.0,6.0,-0.6136578854017638,0.17655520166586225,-0.8369656058219599,-0.43342581338327024,0.17655520166586225,-1.0547645631871383,-0.5882730865259256,0.17655520166586225,-1.2416568736735911,-1.0644343396661426,0.6593243534825488,-1.7940117782849874
2026-04-22 05:15:00+00:00,77548.62,78452.18,77525.33,78258.53,5,5,True,4.0,6.0,-0.37410618369653204,0.14104532758283383,-0.5539715606720397,0.07169825449060419,0.14104532758283383,-0.5539715606720397,0.7330191354220306,1.551639163168539,-0.5539715606720397,-0.451081818173682,1.551639163168539,-1.0287696433858518
2026-04-22 13:00:00+00:00,78236.05,78445.7,78162.64,78373.95,5,5,True,0.0,5.0,1.055274105745596,1.4020857695701272,-0.11596965573382745,0.6147067998997224,1.4020857695701272,-0.11596965573382745,-0.13885991455069302,1.4020857695701272,-1.0102591486074175,-0.9090520510960487,1.4020857695701272,-1.5310444350450703
2026-04-24 00:00:00+00:00,78257.48,78344.07,78172.01,78295.92,5,4,True,6.0,5.0,-0.20950006079499817,0.365293619386553,-0.43905225202027776,-0.4554260298620938,0.365293619386553,-1.0714734560881345,0.028724357539955392,0.365293619386553,-1.1417070008245656,-1.1093042906961115,0.365293619386553,-1.31787199128639
2026-04-27 00:45:00+00:00,78813.86,79392.4,78773.91,79308.6,6,6,True,6.0,4.0,-0.2561008516100416,0.22325447681588173,-0.7286599435622376,-2.0281280970790183,0.22325447681588173,-2.324527226555506,-2.06943509278944,0.22325447681588173,-2.324527226555506,-2.4322456833180905,0.22325447681588173,-3.59224598593344
2026-04-28 08:15:00+00:00,76844.96,76977.26,76842.81,76976.63,5,5,True,5.0,4.0,-0.8235356627069867,0.04806653655791138,-0.9000264106131972,-1.4907251720424841,0.04806653655791138,-1.5683071602381249,-0.7918377304904078,0.04806653655791138,-1.7018541861341552,0.16807698648275693,0.6223707117342103,-1.7018541861341552
2026-04-29 01:45:00+00:00,76410.46,76668.02,76395.74,76571.0,6,6,True,6.0,5.0,0.9125648091313776,1.155411317600663,-0.2197698867717479,0.6303169607292602,1.155411317600663,-0.2197698867717479,0.27742879157903744,1.7420825116558403,-0.2197698867717479,-0.4416815765759807,1.7420825116558403,-2.1332880594480907
2026-04-29 07:30:00+00:00,77064.19,77182.91,77064.19,77127.55,5,5,True,0.0,6.0,0.565634458763431,1.0079148112444702,-0.2012640100716223,-0.7319693157633034,1.0079148112444702,-0.7319693157633034,-2.1898660076717147,1.0079148112444702,-2.8394912064495736,-1.3643244210402194,1.0079148112444702,-2.8394912064495736
2026-04-30 06:30:00+00:00,75676.0,75867.9,75676.0,75744.04,5,5,True,4.0,4.0,0.4432956045122616,0.7859892342684693,-0.04495403202678938,0.6746009322977864,1.012858569466335,-0.04495403202678938,0.864226413061675,1.2213502210867144,-0.04495403202678938,1.745299036069392,2.2572072997426806,-0.04495403202678938
2026-04-30 11:00:00+00:00,76028.66,76244.36,76028.66,76150.47,5,5,True,1.0,6.0,0.27583546102867285,0.6811120141477778,-0.3600503056645721,0.09688712361197727,0.6811120141477778,-0.3600503056645721,0.19515309623170385,0.6811120141477778,-0.3600503056645721,1.5416976415247197,1.7721886680410526,-0.3600503056645721
2026-04-30 17:45:00+00:00,76160.86,76300.2,76160.86,76250.01,5,5,True,0.0,6.0,0.3179671714141463,0.4182163385945792,-0.05981638559785507,0.12663604896578917,0.4182163385945792,-0.05981638559785507,1.201271973603668,1.5786620880443358,-0.05981638559785507,3.020235669477289,3.493914295880085,-0.05981638559785507
2026-05-01 05:00:00+00:00,77042.44,77184.96,77033.91,77140.27,5,4,True,1.0,6.0,0.14224736314767394,0.14224736314767394,-0.33480567283470375,0.23879874934322753,0.4663323060704716,-0.33480567283470375,1.5422943165741998,2.299512304014484,-0.33480567283470375,1.23031718711899,2.299512304014484,-0.33480567283470375
2026-05-01 15:00:00+00:00,78358.74,78474.22,78176.06,78460.94,5,4,True,1.0,6.0,0.08465358686755575,0.3504673790551083,-0.4204894817727123,-0.6446264854843675,0.3504673790551083,-0.9035578722355386,-0.23404002042290983,0.3504673790551083,-0.9035578722355386,-0.03272966140860367,0.3504673790551083,-0.9035578722355386
2026-05-03 16:30:00+00:00,78662.03,78784.56,78662.03,78720.89,5,5,True,0.0,4.0,0.10204406987777137,0.16822726470699934,-0.20609523088471748,0.6949997643573402,0.9223854049414282,-0.20609523088471748,2.0705939681322283,2.432162542877747,-0.5487869865292372,1.9750411866532591,2.432162542877747,-0.6591515924172064
2026-05-04 04:00:00+00:00,80316.3,80484.07,80316.3,80450.0,5,4,True,6.0,6.0,-0.687308887507776,0.2305904288377736,-1.1808576755748867,-2.1070851460534445,0.2305904288377736,-2.2990428837787458,-0.9014418893722898,0.2305904288377736,-2.794282162834061,0.44529521441889486,0.7880422622746908,-2.794282162834061
2026-05-05 12:15:00+00:00,81105.02,81245.73,81063.6,81222.9,5,5,True,5.0,6.0,0.4765774184374294,0.6025640552110412,-0.34846084047724935,0.29114941722101495,0.6025640552110412,-0.34846084047724935,-0.3702650360920212,0.7000242542435808,-0.5329777685849635,1.4350509523792132,2.0032527772340103,-0.6054450161222968
2026-05-08 12:15:00+00:00,80268.0,80327.5,80248.95,80318.38,5,4,True,3.0,6.0,-0.7532771452810727,0.22612507871797582,-0.9572404224288511,-0.09829630527907751,0.22612507871797582,-0.9572404224288511,-0.20254392581126046,0.22612507871797582,-0.9572404224288511,0.12179030503354227,0.43362428375672835,-0.9572404224288511
2026-05-08 20:00:00+00:00,80180.0,80230.0,80142.0,80229.99,6,6,True,6.0,6.0,-0.020528483176929235,0.2232332323611086,-0.17478501493021215,0.2567867701341875,0.29407955803060215,-0.17478501493021215,0.21189084032042782,0.5442727837807304,-0.17478501493021215,0.7497321138890678,1.0594666657692375,-0.17478501493021215
2026-05-09 04:00:00+00:00,80383.96,80666.66,80383.95,80572.94,5,5,True,0.0,6.0,-0.47528363740977353,0.0,-0.543532357141252,-0.44091726080742744,0.0,-0.543532357141252,0.006230379579053036,0.060727584223685405,-0.543532357141252,0.259652930624088,0.6293179819428119,-0.543532357141252
2026-05-09 17:00:00+00:00,80625.0,80817.99,80625.0,80741.34,5,5,True,5.0,6.0,0.11166522626451236,0.419438171325881,-0.06429172466050348,-0.010948542592925659,0.419438171325881,-0.08834383972324833,0.03074013881860793,0.419438171325881,-0.20877780824543057,0.7422220141503733,0.9396177967816888,-0.20877780824543057
2026-05-10 12:00:00+00:00,80821.21,80865.05,80784.2,80865.03,5,5,True,0.0,5.0,0.2222221397803148,0.3029368813688649,-0.06035983663148503,0.7258267263364759,0.8879981866079856,-0.06035983663148503,1.2523213062556326,1.9962770062658786,-0.7237491904720672,0.28469661113093014,1.9962770062658786,-0.7237491904720672
2026-05-11 17:30:00+00:00,81637.93,82024.41,81596.31,81978.0,5,5,True,4.0,5.0,-0.19101466247041232,0.19427163385297153,-0.2914318475688682,-0.23538022396253355,0.19427163385297153,-0.46560052697065535,-0.885005733245503,0.19427163385297153,-1.5415355339237324,-1.7838810412549755,0.19427163385297153,-2.6036375612969342
2026-05-11 21:45:00+00:00,81740.13,81906.35,81666.35,81821.18,5,5,True,0.0,6.0,-0.33729652884496586,0.18187222428227567,-0.4185102194810608,-0.931763633817051,0.18187222428227567,-1.3528282041397999,-1.2026592625527965,0.18187222428227567,-1.3528282041397999,-1.507849190148558,0.18187222428227567,-2.416965876072674
2026-05-14 16:45:00+00:00,81505.91,81904.44,81080.25,81888.4,5,5,True,5.0,6.0,-0.5723154927926188,0.19505815231461998,-0.7539529408316592,-0.5280357169025085,0.19505815231461998,-0.8819075717684033,-1.4210681854816887,0.19505815231461998,-1.4401429262264176,-3.167835737418234,0.19505815231461998,-3.943659907874608
2026-05-16 21:00:00+00:00,78261.0,78308.33,78222.64,78302.55,5,5,True,5.0,5.0,-0.13695594843335934,1.2770976165477066e-05,-0.22634001063821518,-0.4392960382516242,1.2770976165477066e-05,-0.7424534705447017,-0.22257257266844466,0.027342659977236394,-0.7424534705447017,-0.009476064317193167,0.379859915162406,-0.7424534705447017
2026-05-17 09:00:00+00:00,78089.8,78137.68,78073.52,78128.27,5,5,True,0.0,4.0,0.3354355600091896,0.6037763283380126,-0.04587327992801038,-0.049661921350618865,0.6037763283380126,-0.35617069211951735,0.21357186073620582,0.6037763283380126,-0.35617069211951735,-1.5592051379097582,0.6037763283380126,-1.9774404322532746
2026-05-18 12:00:00+00:00,77285.83,77483.52,77275.96,77425.79,5,5,True,5.0,5.0,-1.477259708941947,0.4833144098368436,-1.7068472920973687,-1.2757893719908986,0.4833144098368436,-1.775622825417722,-0.4000088342656749,0.4833144098368436,-1.775622825417722,-0.8251901595062727,0.4833144098368436,-1.775622825417722
2026-05-18 20:00:00+00:00,76928.0,77074.66,76874.73,77057.01,5,4,True,6.0,5.0,0.03502601515423809,0.21513941431154926,-0.33353227694663534,-0.4365728698790483,0.4640849677401304,-0.7386479179506078,0.06672981471769202,0.4640849677401304,-0.7386479179506078,-0.13996130916575922,0.4640849677401304,-1.183928626350783
2026-05-20 03:15:00+00:00,76650.15,76829.61,76628.44,76815.64,5,5,True,0.0,5.0,0.6123362377765673,0.7117430773212252,-0.16095680515061384,0.8905868648624082,1.0673347250638177,-0.16095680515061384,0.9605075216453374,1.3505062250343647,-0.16095680515061384,1.5872548871557868,1.7672312565513826,-0.16095680515061384
2026-05-20 12:15:00+00:00,77445.75,77533.69,77376.28,77501.54,5,5,True,0.0,5.0,0.06699221718693416,0.45353937483048057,-0.7869908133438241,0.01886414128029479,0.45353937483048057,-0.7869908133438241,0.29302643534567796,0.45353937483048057,-0.7869908133438241,-0.4986481558946987,0.9012208015479528,-0.7869908133438241
2026-05-20 19:15:00+00:00,77404.36,77562.72,77372.21,77562.71,5,5,True,0.0,5.0,-0.16593025179240106,0.2628711657960414,-0.433326788091859,0.40520760556199686,0.7870276837928847,-0.433326788091859,0.06350990056949168,0.7958721401044144,-0.433326788091859,-0.02771950593268846,0.8216448342250882,-1.0871719154733062
2026-05-21 04:45:00+00:00,77982.14,78052.21,77982.13,78035.8,5,4,True,5.0,6.0,-0.18810597187445266,0.14258840173357878,-0.659697215893218,-1.073507287680786,0.21041624485171884,-1.0837461780362379,-1.060884875915935,0.21041624485171884,-1.6868283531404793,-0.48744294285444356,0.21041624485171884,-1.6868283531404793
2026-05-23 13:00:00+00:00,74753.94,75000.0,74753.93,74929.99,6,6,True,2.0,4.0,0.8074870956208402,1.0627386978164566,-0.05948219130952337,1.1548913859457333,1.4096491938675015,-0.05948219130952337,2.4828643377638127,3.3020023090887696,-0.05948219130952337,2.826224853359771,3.4874687691803796,-0.05948219130952337
2026-05-23 20:30:00+00:00,76000.01,76940.0,75968.75,76830.63,5,5,True,6.0,6.0,-0.15961082188185038,0.7465121657859397,-0.5656207686960402,-0.006312586529622077,0.7465121657859397,-0.5656207686960402,-0.030027086853257057,0.7465121657859397,-0.5656207686960402,-0.1764140161287342,0.9273905472335642,-0.8268447102412257
2026-05-24 03:00:00+00:00,76830.01,77011.62,76804.22,76924.99,6,6,True,0.0,6.0,-0.09546962567040795,1.2999676690661488e-05,-0.3554111609244348,-0.03304517816641317,0.18323044305887937,-0.3554111609244348,-0.5405135574278352,0.8035880147660546,-0.9484954109191368,0.21938254395612589,0.8035880147660546,-1.0620605865532151
2026-05-24 08:45:00+00:00,76807.56,76830.69,76794.74,76830.69,6,6,True,0.0,4.0,0.6369459912438646,0.9273117292061261,-0.011492803201429425,-0.4757604025162343,0.9273117292061261,-0.8269221583198094,-0.21123069440091014,0.9273117292061261,-0.8269221583198094,0.8151039643142566,1.0663837588859248,-0.94062672091062
2026-05-25 16:30:00+00:00,77590.01,77683.61,77580.15,77683.61,5,5,True,2.0,5.0,-0.3582866450207445,0.15920990283535552,-0.43767276005839406,-0.6402508843242449,0.15920990283535552,-0.8544788276445892,-1.1774298336547417,0.15920990283535552,-1.555051316487488,-1.457373054625033,0.5102620745869091,-1.8974787603202259
2026-05-27 08:15:00+00:00,75919.0,76071.41,75896.78,76048.53,6,6,True,6.0,4.0,-0.17412565371085487,0.0,-0.44415059699379755,-1.5418706975663943,0.165183995009488,-1.6965482436018142,-1.0079484771105984,0.165183995009488,-1.8213106814819469,-3.662477105080131,0.165183995009488,-4.365212582018341
2026-05-28 12:45:00+00:00,73487.27,73580.75,73485.46,73518.01,5,5,True,6.0,4.0,-0.8015450907879584,0.07697433594844316,-1.272055650037296,0.18345164674615777,0.3151336658867798,-1.272055650037296,0.2698114380408345,0.586536550703709,-1.272055650037296,-0.30234768324115535,0.586536550703709,-1.272055650037296
2026-05-28 21:30:00+00:00,73693.61,73926.22,73686.05,73908.0,6,6,True,4.0,5.0,-0.07922011148996377,0.05577204091573584,-0.6216512420847531,-0.7340071440168905,0.05577204091573584,-0.9726822536126001,-0.10316880445959686,0.05577204091573584,-0.9726822536126001,-0.41673431834172714,0.8200736050224755,-1.8881717811332965
2026-05-29 16:30:00+00:00,73649.23,74095.0,73642.6,74065.0,5,5,True,4.0,6.0,-0.5158576925673453,0.6063592790116923,-1.1851076756902668,-0.8086680618375808,0.6063592790116923,-1.1851076756902668,-1.0193748734219965,0.6063592790116923,-1.1851076756902668,-0.14510227502869677,0.6063592790116923,-1.1851076756902668
2026-05-30 10:45:00+00:00,73641.16,73658.19,73616.22,73655.85,5,4,True,4.0,4.0,0.2355006425151407,0.2460225494648416,-0.1238598156154791,0.3789787233464903,0.6030070931229314,-0.1238598156154791,0.3088009981556006,0.6624185315898146,-0.1238598156154791,0.33147401055040326,0.8414945995464107,-0.1238598156154791
2026-05-31 04:30:00+00:00,74182.49,74209.89,74150.0,74197.92,5,5,True,4.0,4.0,-0.4642448198008631,0.03155074967060578,-0.48777647675298796,-0.48114556311013024,0.03155074967060578,-0.6721482219447683,-0.9487462721326945,0.03155074967060578,-1.075394027218013,-0.9514148105499332,0.03155074967060578,-1.315292935435386
2026-06-01 05:00:00+00:00,73536.01,73540.1,73457.57,73540.0,5,5,True,1.0,4.0,-0.9772504759314682,0.002012510198534656,-1.13679630133261,-1.1650122382376948,0.002012510198534656,-1.2887272232798397,-2.6557519717160694,0.002012510198534656,-3.8799564862659897,-3.712251835735658,0.002012510198534656,-4.6627685613271685
2026-06-03 09:45:00+00:00,66733.42,67322.0,66656.48,67075.17,5,5,True,1.0,5.0,0.005292569515669143,0.598611975191421,-0.43610772809073994,-1.4896123259918737,0.598611975191421,-1.489627234638391,-1.9475015866527001,0.598611975191421,-3.442659929151126,-5.6789569076008295,0.598611975191421,-8.485420163676071
2026-06-05 00:15:00+00:00,63662.77,63909.97,63592.27,63909.52,5,4,True,5.0,6.0,-2.050304868507846,0.10715148541251551,-2.457411665742437,-3.486663645729149,0.10715148541251551,-4.355391810171627,-2.645114530667725,0.10715148541251551,-4.355391810171627,-4.066890191007532,0.10715148541251551,-7.477148944320023
2026-06-06 08:00:00+00:00,61004.95,61166.0,60884.0,61144.52,5,5,True,6.0,6.0,-0.8153142750977449,0.581376712091286,-1.548004629032984,-0.39545653478021414,0.581376712091286,-1.548004629032984,-0.929780788204726,0.581376712091286,-1.548004629032984,2.026444888274548,2.12550527831441,-1.548004629032984
2026-06-07 01:00:00+00:00,60782.0,61400.0,60758.0,61316.0,5,5,True,2.0,5.0,0.38489138234718556,0.7540120033922681,-0.21527823080436104,1.3297018722682408,1.5591362776436801,-0.21527823080436104,0.7492824058973113,2.6811925109269996,-0.21527823080436104,2.8540837628025395,4.760062626394412,-0.21527823080436104
2026-06-07 07:30:00+00:00,62231.99,62267.94,62191.38,62234.19,5,5,True,4.0,6.0,0.20536942796234303,1.1662560402891042,-0.08116117523181421,-0.794836407447419,1.1662560402891042,-1.0558022848855209,-1.6328323707595405,1.1662560402891042,-1.6617714474953416,1.4141422905961987,3.2144549483169804,-1.6874807882933829
2026-06-08 00:30:00+00:00,63504.0,63863.06,63408.66,63719.01,5,5,True,6.0,5.0,-0.8961532829841579,0.10827224089011711,-1.5664869871644282,-1.071909309325425,0.10827224089011711,-2.0574864549841587,-0.1259906580469483,0.24179597266185127,-2.0574864549841587,-1.577253005029433,0.7548610689337432,-2.0574864549841587
2026-06-08 09:00:00+00:00,63132.84,63339.51,63128.47,63337.2,5,5,True,1.0,6.0,-0.9731879527355214,0.846074660704943,-0.977150868683796,1.3369710059806916,1.3590749196364937,-0.977150868683796,0.621498897962014,1.3622326215873226,-0.977150868683796,-0.7629955223786289,1.3622326215873226,-1.443275042155312
2026-06-11 04:45:00+00:00,62665.61,62854.0,62664.85,62726.86,5,4,True,6.0,4.0,-0.011908774008462242,0.4315057377334064,-0.2900990102166823,0.6713870262276878,0.7781514968228986,-0.2900990102166823,-0.23022035536292007,0.845491070332538,-0.36166324920456905,1.5513928164107016,1.9228764200854176,-0.6039836841825075
2026-06-11 10:45:00+00:00,62919.7,63214.97,62919.69,63148.0,6,6,True,0.0,6.0,-0.11153163995692994,0.17294292772533915,-1.0261607651865456,-0.8955944764679868,0.17294292772533915,-1.0261607651865456,0.5574364983847557,1.2431430924177977,-1.2668651422056088,0.877319946791677,1.276113257743705,-1.2668651422056088
2026-06-11 22:00:00+00:00,63519.99,63659.39,63506.13,63631.53,6,6,True,2.0,4.0,-0.22798445990532823,0.28048987663820135,-0.4235793167318147,-0.20101669722540905,0.28048987663820135,-0.5186108207676288,0.22072390841458844,0.5065256170957877,-1.2599414158358302,-0.18992156875686783,1.1989496402176725,-1.2599414158358302
2026-06-12 13:00:00+00:00,63465.52,63507.76,63368.97,63487.96,5,4,True,0.0,4.0,0.5881115096468603,1.4277982786027543,-0.697250313287745,0.35334258653136885,1.4277982786027543,-0.697250313287745,0.2646801062752724,1.4277982786027543,-0.697250313287745,1.0777949078849103,1.4277982786027543,-0.697250313287745
2026-06-13 13:00:00+00:00,64133.12,64175.93,64078.01,64172.23,6,6,True,4.0,4.0,-0.11670157013400351,0.27702013783843515,-0.2641485265511334,0.050270966117271776,0.27702013783843515,-0.39297372087583327,0.7258123957979867,0.9202422917202524,-0.39297372087583327,0.29261878541544384,0.9202422917202524,-0.39297372087583327
2026-06-14 13:30:00+00:00,64277.57,64380.0,64244.0,64368.0,5,5,True,0.0,4.0,-0.3230176485210068,0.030962590106886623,-0.778865274670637,-0.9430928411633177,0.030962590106886623,-1.070671762366393,2.097330971911493,2.4157966691523702,-1.070671762366393,3.4265162813820638,4.010098185433764,-1.070671762366393
2026-06-15 05:15:00+00:00,65686.0,65872.0,65685.99,65828.03,6,6,True,0.0,5.0,-0.23161865849548047,0.26124129796987194,-0.3160203943517681,0.6546299501899222,0.8462808320407023,-0.4800842437484465,1.5038882372752083,2.224158918320951,-0.4800842437484465,0.3767088275313579,2.224158918320951,-0.4800842437484465
2026-06-16 12:00:00+00:00,66481.73,66569.8,66406.15,66556.52,5,5,True,0.0,4.0,-1.049438882922371,0.39286909832425554,-1.7963679591420978,-0.6302613177492034,0.39286909832425554,-1.7963679591420978,-1.21014440057865,0.39286909832425554,-1.7963679591420978,-2.563745820845209,0.39286909832425554,-2.9922237520832007
2026-06-19 16:00:00+00:00,63214.01,63387.8,63094.0,63387.32,5,5,True,4.0,5.0,-0.5278973775827756,1.5776025863445398e-05,-0.8208739539706023,-0.45644775642825763,1.5776025863445398e-05,-0.8208739539706023,0.0572511978736534,0.6147601760099652,-0.8208739539706023,0.9586459878726528,1.5786753565224076,-0.8208739539706023
2026-06-20 00:15:00+00:00,63523.99,63640.26,63472.0,63618.01,5,4,True,5.0,6.0,-0.27361748662053653,0.24991350719709704,-0.46821646888987045,0.1288785990005037,0.4543681891338691,-0.46821646888987045,0.1897418671222173,0.4543681891338691,-0.46821646888987045,1.0259673322067009,1.2103333631466873,-0.6818823789049744
2026-06-22 12:15:00+00:00,64756.0,64985.0,64691.8,64945.83,5,5,True,6.0,6.0,0.15422083296185995,1.0424071876516061,-0.17064990931673352,-0.5386489017077833,1.0424071876516061,-0.8586694480615553,-1.6781523925400554,1.0424071876516061,-1.7572182848383133,-3.907610388534566,1.0424071876516061,-4.631290415412359
2026-06-26 06:15:00+00:00,59719.27,60093.38,59715.76,60045.49,5,5,True,6.0,6.0,0.14740490917801718,1.189931167186753,-0.15185153789235573,-0.5320799280678634,1.189931167186753,-1.341832667199483,-0.360343466261992,1.189931167186753,-2.5736987074299833,0.2623177860652026,1.189931167186753,-2.5736987074299833
2026-06-27 10:00:00+00:00,60414.62,60472.0,60402.51,60472.0,6,6,True,0.0,6.0,-0.05622436830268196,0.025317502315114204,-0.4515478237862136,0.4596342108744489,0.775846672840319,-0.4515478237862136,-0.5820214314062655,0.775846672840319,-0.7088239185077394,-0.34996361952638333,0.775846672840319,-1.1881862680248712
2026-06-29 21:30:00+00:00,60350.0,60492.0,60349.99,60464.06,5,5,True,0.0,5.0,-1.1339794251328694,0.20165698433085577,-1.2636597674717809,-1.1966282118666793,0.20165698433085577,-1.2636597674717809,-1.8255141980211054,0.20165698433085577,-2.1087899158607537,-3.1046376971708423,0.20165698433085577,-3.7428184610824977
2026-07-01 19:00:00+00:00,60171.16,60299.98,60163.06,60280.02,5,5,True,1.0,6.0,0.8827634761899628,0.9404940476131163,-0.6702386628272494,-0.5840243583197124,1.7484732088675514,-1.1480089090879497,-0.0661413184667059,1.7484732088675514,-1.1480089090879497,2.295901693463276,3.185101796582024,-1.1480089090879497
2026-07-03 10:15:00+00:00,61724.0,61766.0,61663.98,61746.0,6,6,True,5.0,5.0,0.5729278009911631,0.693923493019799,-0.02915168593916606,0.5324879344410949,1.0591779224565112,-0.074498752955654,1.4413889158811921,1.9982832896058067,-0.074498752955654,1.2209697794189012,1.9982832896058067,-0.074498752955654
2026-07-03 20:00:00+00:00,62210.0,62492.62,62186.01,62438.01,6,6,True,4.0,4.0,0.19869307173627782,0.8678207393220783,-0.07154295916863562,0.13453343564280296,0.8678207393220783,-0.07154295916863562,0.18136388395466607,0.8678207393220783,-0.17580637179180902,1.4421343665501185,1.6399946122562126,-0.17580637179180902
2026-07-04 06:45:00+00:00,62460.01,62535.5,62460.0,62500.01,6,6,True,0.0,4.0,-0.00961599846144301,0.2791359553382389,-0.13462397846015772,0.2623999580160019,0.31483194962689254,-0.13462397846015772,1.0764318277709073,1.5033757594598685,-0.13462397846015772,0.45147192776449074,1.5391677537331505,-0.13462397846015772
2026-07-04 18:00:00+00:00,63280.38,63342.0,63180.01,63328.01,5,5,True,4.0,4.0,0.04220881091951956,0.2115651510287364,-0.3726471114440577,-0.42322504686315154,0.2115651510287364,-0.6316794101062007,-0.9679918885813765,0.2115651510287364,-1.1557760933905925,-1.0550623649787871,0.2115651510287364,-1.4076235776238732
2026-07-06 01:00:00+00:00,63761.98,63854.0,63692.07,63806.0,5,5,True,4.0,5.0,-0.7224869134564105,0.1786665830799672,-1.0500423157696726,-1.32589411654076,0.1786665830799672,-1.4356016675547756,-3.3946337335046928,0.1786665830799672,-3.474594865686609,0.2601636209760727,1.4011221515217942,-3.9168103313168112
2026-07-09 19:30:00+00:00,63264.73,63374.44,63222.0,63364.0,5,5,True,4.0,6.0,-0.005365822864722425,0.08522189255728563,-0.2945521116091143,0.04734549586515868,0.15166340508805387,-0.6912284577993755,0.9221008774698447,1.3193611514424664,-0.6912284577993755,0.9816457294362868,2.097137175683361,-0.6912284577993755
2026-07-10 07:15:00+00:00,63915.99,64011.9,63864.2,63964.87,5,5,True,0.0,6.0,0.7388743227336958,0.8053483107211878,-0.09261333603899358,0.3079659194179518,1.005442518682509,-0.09261333603899358,-0.16224530746330457,1.1380621894486742,-0.36302739300494435,0.3753935558690191,1.1380621894486742,-0.4828744277913799
2026-07-10 12:00:00+00:00,64425.18,64608.0,63999.0,64542.48,5,5,True,3.0,4.0,-0.8559943776563994,0.23294735498233798,-1.1605534835351872,-1.010652209211671,0.23294735498233798,-1.1605534835351872,-0.7339662188375784,0.23294735498233798,-1.3734830145975208,-0.5085487883328965,0.23294735498233798,-1.3734830145975208
2026-07-11 11:00:00+00:00,64196.0,64215.32,64178.0,64210.0,5,5,True,2.0,4.0,0.08411462389035229,0.10311477962934301,-0.12357888179410637,-0.005186108082855245,0.4580439183927698,-0.48874007163992594,-0.11041893786014612,0.4580439183927698,-0.48874007163992594,-0.5637595390126093,0.4580439183927698,-0.8864195608160652
2026-07-12 15:15:00+00:00,64190.91,64241.51,64136.0,64223.36,5,5,True,5.0,4.0,-0.24501988061664814,0.03836610230296689,-0.31868466551734365,-0.1827372470079469,0.07262155078775479,-0.31868466551734365,-1.7927277551345822,0.3139667560214887,-2.203808707610444,-2.194466312569132,0.3139667560214887,-3.3046542566443127
2026-07-14 12:30:00+00:00,62957.96,63672.52,62949.69,63554.22,6,6,True,4.0,6.0,1.9315161133281133,2.2220554355005806,-1.5734596381378196e-05,1.6120093992184836,2.2220554355005806,-1.5734596381378196e-05,1.9315161133281133,2.4322224393596548,-1.5734596381378196e-05,1.9412872976806161,2.711306975366856,-1.5734596381378196e-05
2026-07-17 16:30:00+00:00,63480.0,63536.0,63376.0,63527.98,5,5,True,6.0,5.0,1.0309315674762454,1.353749953957295,-0.06597093123377196,0.6597250534331467,1.353749953957295,-0.06597093123377196,0.6597407945286404,1.353749953957295,-0.06597093123377196,0.9695412950325277,1.353749953957295,-0.06597093123377196
2026-07-18 12:30:00+00:00,64100.0,64204.0,64071.89,64188.34,6,6,True,4.0,4.0,-0.2219250412146434,0.1341832488579664,-0.351060644347545,0.4474956043418521,0.7496065484790648,-0.351060644347545,0.917487506297876,1.1186766942407278,-0.351060644347545,0.3552981740920558,1.2134758431204151,-0.351060644347545
2026-07-18 17:30:00+00:00,64299.88,64460.28,64294.9,64450.0,5,4,True,6.0,4.0,0.2431031807602846,0.4494026377036553,-0.06294802172226444,0.5855546935608968,0.6439100077579418,-0.06294802172226444,0.3878820791310966,0.8025601241272273,-0.06294802172226444,0.26761830876649295,0.8025601241272273,-0.2556400310318119
2026-07-18 23:45:00+00:00,64827.4,64843.3,64807.3,64834.22,5,5,True,6.0,6.0,-0.012663065893292469,0.2051848545413293,-0.20572469291679774,-0.16998739246033567,0.2051848545413293,-0.34446315541392103,-0.5654112905191133,0.2051848545413293,-0.60033112143556,-0.17225471363733202,0.2051848545413293,-0.8548263555881452
2026-07-20 00:00:00+00:00,64722.55,65057.08,64572.0,65020.0,6,6,True,6.0,4.0,-0.27074746231928737,0.1353275915102925,-0.9289449400184613,-1.2710396800984292,0.1353275915102925,-1.4418794217163966,-0.41525684404798424,0.1353275915102925,-2.952937557674562,0.25532143955706577,1.1980928944939961,-2.952937557674562
2026-07-20 06:00:00+00:00,64128.01,64200.0,64082.49,64193.57,5,5,True,0.0,4.0,-0.13781754153882053,0.25303157309992663,-1.703550682724142,0.8668002106753114,1.3621769283122864,-1.703550682724142,2.4293398855991466,2.5009202635092542,-1.703550682724142,2.395193163427445,2.7100377810425735,-1.703550682724142
2026-07-20 18:00:00+00:00,65587.99,65799.0,65566.3,65753.05,5,5,True,5.0,6.0,-0.6494755756577097,0.02577827188243731,-1.0828395032625893,-0.862378247092721,0.02577827188243731,-1.0828395032625893,-0.03333685661729424,0.27404051979338373,-1.0828395032625893,0.8196577953418105,1.829725008953953,-1.0828395032625893
2026-07-21 10:00:00+00:00,66292.0,66401.1,66269.1,66360.01,5,4,True,4.0,6.0,0.3948010254971379,0.42192579536983743,-0.31975582884931075,0.3835743846331674,0.8983422395505869,-0.31975582884931075,-0.07151897656433315,0.8983422395505869,-0.46320065352610795,-0.6510246155779553,0.8983422395505869,-0.9930830329892837
2026-07-24 06:00:00+00:00,65325.01,65380.45,65278.07,65380.45,5,5,True,4.0,6.0,-0.5125538291645304,0.6548440703604719,-0.5125538291645304,-0.47081352300266666,0.6548440703604719,-0.8004074612517953,-1.7912541134238125,0.6548440703604719,-2.5094657500827844,-2.027853892103837,0.6548440703604719,-2.5094657500827844
2026-07-25 15:00:00+00:00,64214.05,64258.45,64188.38,64245.14,6,6,True,5.0,4.0,0.17879951697514773,0.2721762299841002,-0.19011554803989306,0.05113227241779761,0.3582216491395229,-0.19011554803989306,0.5149961537946668,0.5184361027153139,-0.19011554803989306,0.6666340831384288,0.8236109377300682,-0.19011554803989306
2026-07-26 15:15:00+00:00,64673.42,64783.0,64673.42,64757.56,6,6,True,6.0,5.0,-0.10647405492114626,0.28251527698079926,-0.13689521347004519,0.09513947097450348,0.28251527698079926,-0.19455643480081886,0.8685163554648989,1.2653966579346143,-0.19455643480081886,-0.15374266726541075,1.5242081387871975,-0.45977643382486555
2026-07-28 16:45:00+00:00,63912.0,64100.0,63866.18,64043.26,5,5,True,5.0,5.0,-0.21744676957419218,1.5614445603162608e-05,-0.8420245940010007,-0.4052729358249407,0.046905794614460206,-0.8420245940010007,-0.11698342651514926,0.24474082050163215,-0.8420245940010007,-0.3668301707314692,1.0954314318165403,-0.8420245940010007
2026-07-29 09:00:00+00:00,64417.31,64464.0,64386.94,64452.0,5,4,True,0.0,6.0,0.006221684354246193,0.4543070812387473,-0.06479240364922756,-0.49028734562154286,0.4543070812387473,-0.6272730093713208,-1.4863619437721076,0.4543070812387473,-1.8380500217215934,-0.06437348724631642,0.4543070812387473,-1.8380500217215934
2026-08-01 06:15:00+00:00,63027.87,63075.1,63007.8,63060.0,5,5,True,1.0,5.0,0.08395179194418123,0.1427212178877202,-0.04123057405645003,0.05212496035522651,0.1427212178877202,-0.11685696162385684,-0.7853155724706684,0.1427212178877202,-0.8721852204249925,0.6945607358071593,0.9102442118617216,-1.244846178242942
2026-08-01 14:45:00+00:00,63110.0,63126.53,63073.08,63126.52,5,5,True,1.0,5.0,-0.6628751276008815,1.5841202727351344e-05,-0.7295190674220575,-0.7356496128726908,1.5841202727351344e-05,-1.3489100935708098,0.5149341354473647,0.667199775942029,-1.3489100935708098,-0.09053247351508142,0.8039093553707799,-1.3489100935708098
2026-08-03 18:00:00+00:00,63905.99,64000.0,63870.04,63966.13,5,4,True,2.0,6.0,-0.38092034018627485,0.17801608444969474,-0.3969288121698056,-0.7757542937176232,0.17801608444969474,-0.897537493670475,-0.25207090064695015,0.4341047363659589,-1.0069704076204,0.3968662790761357,0.4341047363659589,-1.0069704076204
2026-08-04 17:00:00+00:00,63950.94,64184.0,63950.93,64067.53,5,5,True,1.0,6.0,0.16855652153282552,0.5395556844473237,-0.2739765369446867,0.5595033865048338,0.6358759265418845,-0.2739765369446867,0.39094686497200826,0.7517536574298989,-0.2739765369446867,0.8158266753845567,1.082389160312558,-0.2927067736184008
2026-08-05 17:45:00+00:00,64698.0,64804.0,64676.99,64770.0,5,5,True,5.0,5.0,0.08165817508105633,0.39404045082600536,-0.15437702640110906,-0.1617569862590651,0.39404045082600536,-0.2946580206885874,0.21320055581286468,0.39404045082600536,-0.5105141269106106,-0.22897946580207051,0.39404045082600536,-0.923266944573109
2026-08-07 21:00:00+00:00,64972.0,65020.0,64967.82,65001.01,5,5,True,5.0,4.0,-0.15385914772708675,0.15536681660792695,-0.23847321757001216,-0.1048291403472068,0.15536681660792695,-0.33356404769709913,0.009861385230780506,0.15536681660792695,-0.33356404769709913,0.06998352794824747,0.29465695994570495,-0.33356404769709913
2026-08-08 17:00:00+00:00,65086.46,65132.57,65075.46,65118.13,5,5,True,3.0,4.0,-0.0640067520366494,0.048941823114390104,-0.15470345969701427,-0.279676335914425,0.048941823114390104,-0.279676335914425,-0.5095969432783121,0.048941823114390104,-0.5959169896309957,0.15951010878230143,0.27929241825588313,-0.5959169896309957
2026-08-11 12:00:00+00:00,64389.58,64515.43,64380.0,64475.58,5,5,True,5.0,6.0,-1.0757251039851035,1.5509748019226777e-05,-1.1800281594985251,-1.3735432856904817,1.5509748019226777e-05,-1.5890977638355563,-1.3462616389026683,1.5509748019226777e-05,-1.919455396911518,-0.3255651209341681,1.5509748019226777e-05,-1.919455396911518
2026-08-12 05:15:00+00:00,63816.98,63838.53,63814.76,63838.53,5,5,True,2.0,6.0,-0.022024316662672128,0.048607008964651754,-0.36401214125700854,0.5662411086220231,0.5944215820758991,-0.36401214125700854,-0.6126864136752452,1.0361610770172724,-0.8185182208926167,0.1631146581852816,1.0361610770172724,-0.8273843398336478
2026-08-12 11:15:00+00:00,64136.47,64208.0,64130.0,64200.01,5,4,True,3.0,6.0,-0.8442366286235736,0.46727407051805336,-0.9345948700008044,-1.1722895370265496,0.46727407051805336,-1.3769624023423077,-1.19859794414362,0.46727407051805336,-1.3857786003460215,-1.179703866089743,0.46727407051805336,-1.3857786003460215
2026-08-13 04:30:00+00:00,63595.13,63711.09,63595.12,63696.47,5,4,True,6.0,6.0,0.2810987798852915,0.49222507934898463,-0.038981752049993545,-0.09278379162926953,0.49222507934898463,-0.17343190289823562,-1.0996998734780772,0.49222507934898463,-1.4038454564279657,-0.48115696207341463,0.49222507934898463,-1.4038454564279657
2026-08-14 01:45:00+00:00,63557.99,63585.01,63521.12,63575.86,6,6,True,5.0,5.0,-0.31977546194420503,0.06541791176712941,-0.4716570094372319,-1.030391094984795,0.06541791176712941,-1.0316179757536958,-1.4279948395507391,0.06541791176712941,-1.5270890554999972,-0.8347979877897149,0.06541791176712941,-1.6368162381130258
2026-08-15 02:15:00+00:00,63052.0,63118.41,63052.0,63102.57,5,5,True,5.0,6.0,0.03481633156938724,0.13535106414841458,-0.09917187208065004,-0.0790142144765249,0.13535106414841458,-0.11834700234871764,-0.0991560248655432,0.13535106414841458,-0.2893226060364906,0.01971393558140022,0.13535106414841458,-0.2893226060364906
2026-08-15 18:00:00+00:00,63070.49,63115.58,63070.0,63097.16,5,5,True,0.0,6.0,0.011727944649164712,0.04792608732311354,-0.08366462135538377,-0.04028707472730764,0.12336529885021985,-0.08366462135538377,-0.08425101858784423,0.12336529885021985,-0.1349664549085916,0.0678952903743868,0.46410963663023885,-0.20398699402636167
2026-08-16 04:15:00+00:00,63134.73,63158.8,63134.72,63153.56,6,6,True,5.0,4.0,-0.14653172362729672,0.0,-0.17981567468247084,-0.22158687491250495,0.0,-0.29311095051490765,0.27067357722985186,0.31570666800098124,-0.29311095051490765,0.5770854406307535,0.5872194694962696,-0.6928508859991411
2026-08-17 15:15:00+00:00,63869.02,64115.96,63812.35,64044.83,6,6,True,5.0,6.0,0.6910940352250039,0.8824756034171655,-0.10231895377035283,0.4439858767678828,0.8824756034171655,-0.10231895377035283,0.10487966007559635,0.8824756034171655,-0.10231895377035283,1.1907284319436773,1.583234743538231,-0.10231895377035283
2026-08-20 03:45:00+00:00,69190.36,69340.0,69159.44,69195.64,6,6,True,0.0,6.0,0.948542422615084,1.058347028801232,-0.04283506879912968,3.749268017464691,4.150290394019063,-0.04283506879912968,4.733231746971334,5.252296242942478,-0.04283506879912968,7.681307666205561,9.523981568780936,-0.04283506879912968
2026-08-20 08:00:00+00:00,69816.45,71365.02,69772.36,71300.01,6,6,True,2.0,5.0,0.9592986031839335,1.6689899482482673,-0.39318367557030776,0.7321177093803977,1.6689899482482673,-0.39318367557030776,1.9577276356623319,2.336591537644961,-0.39318367557030776,7.84291615106365,8.274879624841569,-0.39318367557030776
2026-08-21 10:00:00+00:00,77910.71,78110.0,77621.8,78048.89,5,4,True,1.0,5.0,-1.095326275620323,0.2576718259542199,-2.098056743664123,-1.525095360100559,0.2576718259542199,-2.3137420660306662,0.8981165523302082,0.9119796578785255,-2.3137420660306662,-1.7098001009367314,0.9984254740842413,-2.3137420660306662
2026-08-23 20:30:00+00:00,77387.2,77460.0,77385.99,77428.01,6,6,True,1.0,5.0,0.07229941722641797,0.8069947813459377,-0.17795885494150676,0.032326802664828236,0.8069947813459377,-0.7031047291542136,-0.3849253002886077,0.8069947813459377,-0.9789738881316956,1.9069713918774323,3.3217823885697273,-0.9789738881316956
2026-08-24 12:45:00+00:00,78729.25,79326.48,78724.0,79159.99,6,6,True,6.0,5.0,-0.07577060077952336,1.0611547575991365,-1.6524635740858606,-0.2926225736006316,1.0611547575991365,-1.6524635740858606,0.7326933719925988,1.0611547575991365,-1.6524635740858606,-0.22737496556025638,2.6688103421943277,-1.6524635740858606
2026-08-27 03:15:00+00:00,78677.34,78990.0,78643.23,78896.01,5,5,True,0.0,5.0,-0.3094706563741223,0.0405470441407596,-0.37519007615213207,2.025260846524435,2.0302040622840023,-0.37519007615213207,2.1597923646582418,2.41317653452946,-0.37519007615213207,1.285223422578663,3.2737523735357543,-0.37519007615213207
2026-08-27 09:15:00+00:00,79877.27,80497.76,79787.58,80493.86,6,6,True,5.0,5.0,-1.1713440006480003,0.03247452662848982,-1.6413798518297051,0.13186098914874655,0.3802153356790239,-1.955254723776445,-0.5710621903335267,0.4408783477398259,-1.955254723776445,-1.387087164163836,1.2237082430883506,-1.955254723776445
2026-08-27 16:30:00+00:00,80412.0,80624.0,80268.0,80572.0,5,4,True,5.0,6.0,-0.7004914858759759,0.3434691952539426,-1.0205778682420674,-0.35739462840690406,0.3434691952539426,-1.0205778682420674,-1.0757335054361383,1.1255398897880076,-1.2016457330089936,-3.4403638981283846,1.1255398897880076,-4.572307997815617
2026-08-28 00:15:00+00:00,80216.59,80460.52,80216.58,80421.58,5,5,True,1.0,4.0,-0.6361227919172929,1.3146844416635384,-0.8686225761791788,-0.7391424043148742,1.3146844416635384,-1.073679477573064,-1.1136065717684218,1.3146844416635384,-1.766403992560217,-3.1306646798035964,1.3146844416635384,-4.393820663558213
2026-08-29 08:45:00+00:00,77580.0,77634.0,77538.0,77633.99,6,6,True,5.0,5.0,-0.06352887440154165,0.15488061350446003,-0.1391014425511372,0.4899657997740281,0.6646702043782593,-0.16405185409122947,0.6388052449706638,0.8965274102232801,-0.16405185409122947,0.5667878206440102,0.8965274102232801,-0.16405185409122947
2026-08-29 16:00:00+00:00,77865.36,77988.0,77858.29,77987.99,5,5,True,1.0,6.0,0.4118198199491996,0.4118198199491996,-0.12050573428038502,0.19154231311768743,0.43854188317968834,-0.12050573428038502,0.2169821276327255,0.43854188317968834,-0.12050573428038502,1.4566473632670718,1.5380701566997557,-0.12050573428038502
2026-08-31 15:30:00+00:00,78462.94,78777.9,78408.0,78718.0,5,4,True,4.0,6.0,0.5971569399629173,0.6275565944256822,-0.2845600752051647,0.4268401128077359,0.6758301786122578,-0.2845600752051647,0.09516247872152217,0.6758301786122578,-0.6708376737213917,-0.8886785741507697,0.6758301786122578,-1.5345918341421294
2026-09-01 05:15:00+00:00,78858.76,79000.0,78792.0,78993.19,6,6,True,5.0,4.0,-1.3990952891002384,0.2878982352782611,-1.4212490975487935,-1.2457656159980512,0.2878982352782611,-1.562792944556357,-1.8726550984964674,0.2878982352782611,-2.1206764785673293,-1.5804020574431865,0.2878982352782611,-3.257483334955835
2026-09-02 05:00:00+00:00,77561.82,77600.02,77438.0,77600.02,5,5,True,3.0,4.0,-0.2351159187845564,0.21387881085597193,-0.2814045666483245,-1.124432699888478,0.21387881085597193,-1.7216748140013394,-0.6072034517516922,0.21387881085597193,-1.7216748140013394,0.04681699824304886,0.3865720653164706,-1.7216748140013394
2026-09-02 20:00:00+00:00,77341.48,77520.0,77287.02,77364.33,5,5,True,1.0,5.0,-0.18420633901954364,0.15133589342788412,-0.4614141943709682,0.1598540309209584,0.23585804982735326,-0.51229035396545,0.7285915873633142,1.0593771057023416,-0.51229035396545,5.232346741709004,5.72055623050054,-0.51229035396545
2026-09-03 05:45:00+00:00,77486.73,77829.8,77407.43,77809.91,5,5,True,5.0,6.0,0.042963679048080294,0.48065856906915894,-0.2697728348484141,0.17797218888955246,0.48065856906915894,-0.4265652022987898,4.153828220595557,4.575792466538009,-0.4265652022987898,4.094902564467673,5.770588862009984,-0.4265652022987898
2026-09-06 05:30:00+00:00,79845.0,80107.99,79845.0,80020.0,6,6,True,0.0,5.0,-0.30024993751561757,0.012496875781065064,-0.5536115971007227,-0.0825793551612164,0.012496875781065064,-0.5536115971007227,-0.33964008997749984,0.012496875781065064,-0.9835041239690034,-0.1935766058485333,0.6748187953011797,-0.9835041239690034
2026-09-06 21:00:00+00:00,79912.0,80016.0,79912.0,80003.7,5,5,True,5.0,4.0,0.4053562522733367,0.6953303409717337,-0.44580438154735447,-0.2636378067514378,0.6953303409717337,-0.44580438154735447,-0.5941100224114648,0.6953303409717337,-1.253192039868145,-0.9220823536911338,0.6953303409717337,-1.6545484771329333
2026-09-07 21:00:00+00:00,79238.0,79266.0,79207.99,79266.0,5,4,True,1.0,5.0,-0.2677314359246119,0.015138899402011852,-0.611775540584858,-0.4350288900663579,0.27628491408675515,-0.611775540584858,-0.9789695455807101,0.27628491408675515,-1.3700956273812293,-0.8960083768576599,0.27628491408675515,-2.0765397522266915
2026-09-09 00:00:00+00:00,78455.8,78732.12,78455.79,78719.22,6,6,True,0.0,5.0,-0.16104072169415007,0.2660468434519503,-0.19596230755334343,0.5112220370069531,0.8267231306407608,-0.21692288109561586,0.8521171830716767,1.3221421655346566,-0.21692288109561586,-0.5715757854308001,1.3221421655346566,-1.205830037441935
2026-09-09 08:15:00+00:00,79411.45,79708.03,79400.0,79683.38,6,6,True,4.0,6.0,-0.8626642092742665,0.09615555966626665,-1.202371184555684,-0.512829651553437,0.09615555966626665,-1.202371184555684,-1.9777022510842346,0.09615555966626665,-2.2166353887096757,-1.8983255981360303,0.09615555966626665,-2.4012284619452706
2026-09-12 14:15:00+00:00,77368.95,77420.85,77368.94,77420.83,6,6,True,6.0,6.0,-0.17147839928866038,0.10958291198892578,-0.19887412728589737,-0.2929831674499006,0.10958291198892578,-0.46638611340126257,-0.20773479178666232,0.10958291198892578,-0.46638611340126257,-0.4014681836916556,0.10958291198892578,-1.189382753969448
2026-09-14 06:00:00+00:00,77611.79,77895.35,77599.95,77778.27,5,5,True,1.0,5.0,-0.09033371403093238,0.2850667673631735,-0.5128167546025408,0.0682452823905777,0.7659465812237753,-0.5128167546025408,1.3756027229713474,1.633065379314802,-0.5128167546025408,-0.26319690576815935,2.3422094628744006,-0.6149018228356229
2026-09-17 06:30:00+00:00,76448.01,76584.1,76448.01,76561.32,6,6,True,0.0,6.0,0.0466554129421759,0.27256583350443453,-0.21466453295215793,0.4034151971256339,0.8073920355605058,-0.49936443102078787,0.08555233896176961,0.8073920355605058,-0.7331639527636269,,,
2026-09-17 10:45:00+00:00,76325.01,76402.01,76270.0,76402.01,5,5,True,0.0,6.0,0.382267429875216,1.0175910293459545,-0.5261772563313394,0.4600009868850563,1.0175910293459545,-0.5261772563313394,,,,,,
